cik,ticker,company_name,latest_fiscal_year,n_missing,missing_concepts
1086745,,"FABRIC.AI, INC.",2026,9,"equity,goodwill,intangibles,revenue,net_income,operating_income,ocf,capex,sbc"
1640265,,"GPB Holdings II, LP",2024,9,"equity,goodwill,intangibles,revenue,net_income,operating_income,ocf,capex,sbc"
1737927,,Canopy Growth Corp,2026,9,"equity,goodwill,intangibles,revenue,net_income,operating_income,ocf,capex,sbc"
1779476,,36Kr Holdings Inc.,2025,9,"equity,goodwill,intangibles,revenue,net_income,operating_income,ocf,capex,sbc"
354647,,CVB FINANCIAL CORP.,2026,8,"equity,revenue,net_income,operating_income,ocf,capex,sbc,acq_cf_bs_disagreement"
704532,,ONTO INNOVATION INC.,2026,8,"equity,revenue,net_income,operating_income,ocf,capex,sbc,acq_cf_bs_disagreement"
713676,,"PNC Financial Services Group, Inc.",2026,8,"equity,intangibles,revenue,net_income,operating_income,ocf,capex,sbc"
1000697,,Waters Corporation,2026,8,"equity,revenue,net_income,operating_income,ocf,capex,sbc,acq_cf_bs_disagreement"
1009922,,NXT Energy Solutions Inc.,2024,8,"equity,intangibles,revenue,net_income,operating_income,ocf,capex,sbc"
1016281,,"CARRIAGE SERVICES, INC.",2026,8,"equity,intangibles,revenue,net_income,operating_income,ocf,capex,sbc"
1037540,,"BXP, INC.",2026,8,"goodwill,intangibles,revenue,net_income,operating_income,ocf,capex,sbc"
1563190,,"COMPASS, INC.",2026,8,"equity,revenue,net_income,operating_income,ocf,capex,sbc,acq_cf_bs_disagreement"
1578742,,"GPB Automotive Portfolio, LP",2024,8,"equity,goodwill,revenue,net_income,operating_income,ocf,capex,sbc"
1682265,,ONAR Holding Corporation,2026,8,"equity,revenue,net_income,operating_income,ocf,capex,sbc,acq_cf_bs_disagreement"
1722482,,"Avantor, Inc.",2026,8,"equity,revenue,net_income,operating_income,ocf,capex,sbc,acq_cf_bs_disagreement"
1725964,,NUTRIEN LTD.,2025,8,"equity,revenue,net_income,operating_income,ocf,capex,sbc,acq_cf_bs_disagreement"
1810997,,XPeng Inc.,2025,8,"equity,intangibles,revenue,net_income,operating_income,ocf,capex,sbc"
1877322,,ESAB Corporation,2026,8,"equity,revenue,net_income,operating_income,ocf,capex,sbc,acq_cf_bs_disagreement"
1888014,,AKANDA CORP.,2025,8,"equity,goodwill,revenue,net_income,operating_income,ocf,capex,sbc"
7789,,Associated Banc-Corp,2026,7,"equity,revenue,net_income,operating_income,ocf,capex,sbc"
16868,,CANADIAN NATIONAL RAILWAY CO,2025,7,"equity,revenue,net_income,operating_income,ocf,capex,sbc"
16875,,CANADIAN PACIFIC KANSAS CITY  LTD/CN,2025,7,"equity,revenue,net_income,operating_income,ocf,capex,sbc"
24545,,Molson Coors Beverage Company,2026,7,"revenue,net_income,operating_income,ocf,capex,sbc,acq_cf_bs_disagreement"
49938,,IMPERIAL OIL LIMITED,2025,7,"equity,revenue,net_income,operating_income,ocf,capex,sbc"
66496,,MILLS MUSIC TRUST,2025,7,"equity,revenue,net_income,operating_income,ocf,capex,sbc"
67088,,"Mitsubishi UFJ Financial Group, Inc.",2026,7,"equity,revenue,net_income,operating_income,ocf,capex,sbc"
72633,,NORTH EUROPEAN OIL ROYALTY TRUST,2025,7,"equity,revenue,net_income,operating_income,ocf,capex,sbc"
80172,,NATIONAL PRESTO INDUSTRIES INC,2026,7,"revenue,net_income,operating_income,ocf,capex,sbc,acq_cf_bs_disagreement"
104889,,GRAHAM HOLDINGS CO,2026,7,"revenue,net_income,operating_income,ocf,capex,sbc,acq_cf_bs_disagreement"
795800,,NEXMETALS MINING CORP.,2025,7,"equity,revenue,net_income,operating_income,ocf,capex,sbc"
797542,,QUANTUM X LABS INC.,2026,7,"equity,revenue,net_income,operating_income,ocf,capex,sbc"
803649,,EQC LIQUIDATING TRUST,2025,7,"equity,revenue,net_income,operating_income,ocf,capex,sbc"
816956,,CONMED CORPORATION,2026,7,"revenue,net_income,operating_income,ocf,capex,sbc,acq_cf_bs_disagreement"
888491,,"OMEGA HEALTHCARE INVESTORS, INC.",2026,7,"equity,revenue,net_income,operating_income,ocf,capex,sbc"
895728,,ENBRIDGE INC.,2025,7,"equity,revenue,net_income,operating_income,ocf,capex,sbc"
932782,,Mexican Petroleum,2025,7,"equity,revenue,net_income,operating_income,ocf,capex,sbc"
937966,,ASML HOLDING NV,2025,7,"equity,revenue,net_income,operating_income,ocf,capex,sbc"
944148,,"CBIZ, Inc.",2026,7,"intangibles,revenue,net_income,operating_income,ocf,capex,sbc"
1018164,,WILLIS LEASE FINANCE CORP,2025,7,"intangibles,revenue,net_income,operating_income,ocf,capex,sbc"
1036848,,MEGA MATRIX CORP.,2024,7,"equity,revenue,net_income,operating_income,ocf,capex,sbc"
1070304,,ORIX CORP,2026,7,"equity,revenue,net_income,operating_income,ocf,capex,sbc"
1086303,,"Hongchang International Co., Ltd",2025,7,"goodwill,revenue,net_income,operating_income,ocf,capex,sbc"
1117057,,PLANET GREEN HOLDINGS CORP.,2026,7,"equity,revenue,net_income,operating_income,ocf,capex,sbc"
1127248,,EMERA INCORPORATED,2025,7,"equity,revenue,net_income,operating_income,ocf,capex,sbc"
1129137,,AMERICA MOVIL SAB DE CV/,2025,7,"revenue,net_income,operating_income,ocf,capex,sbc,acq_cf_bs_disagreement"
1163653,,"Nomura America Finance, LLC",2026,7,"equity,revenue,net_income,operating_income,ocf,capex,sbc"
1179821,,BIRKS GROUP INC.,2026,7,"equity,revenue,net_income,operating_income,ocf,capex,sbc"
1232384,,TC ENERGY CORPORATION,2025,7,"equity,revenue,net_income,operating_income,ocf,capex,sbc"
1335730,,"Mizuho Financial Group, Inc.",2026,7,"equity,revenue,net_income,operating_income,ocf,capex,sbc"
1338929,,"AUTHENTIC HOLDINGS, INC.",2025,7,"equity,revenue,net_income,operating_income,ocf,capex,sbc"
1368519,,North American Construction Group Ltd.,2025,7,"equity,revenue,net_income,operating_income,ocf,capex,sbc"
1433309,,"Plastec Technologies, Ltd.",2025,7,"equity,revenue,net_income,operating_income,ocf,capex,sbc"
1435064,,"CEMTREX, INC.",2026,7,"equity,revenue,net_income,operating_income,ocf,capex,sbc"
1470683,,Antelope Enterprise Holdings Ltd,2025,7,"goodwill,revenue,net_income,operating_income,ocf,capex,sbc"
1474464,,NEW YORK REIT LIQUIDATING LLC,2024,7,"equity,revenue,net_income,operating_income,ocf,capex,sbc"
1484769,,FuboTV Inc.,2025,7,"revenue,net_income,operating_income,ocf,capex,sbc,acq_cf_bs_disagreement"
1488139,,"Ameresco, Inc.",2025,7,"revenue,net_income,operating_income,ocf,capex,sbc,acq_cf_bs_disagreement"
1526125,,GDS Holdings Limited,2025,7,"equity,revenue,net_income,operating_income,ocf,capex,sbc"
1529274,,"ALKAMI TECHNOLOGY, INC.",2026,7,"revenue,net_income,operating_income,ocf,capex,sbc,acq_cf_bs_disagreement"
1532286,,"Nine Energy Service, Inc.",2026,7,"goodwill,revenue,net_income,operating_income,ocf,capex,sbc"
1563665,,"Harvard Apparatus Regenerative Technology, Inc.",2026,7,"equity,revenue,net_income,operating_income,ocf,capex,sbc"
1580808,,"A10 Networks, Inc.",2026,7,"equity,revenue,net_income,operating_income,ocf,capex,sbc"
1589061,,"Gyrodyne, LLC",2025,7,"equity,revenue,net_income,operating_income,ocf,capex,sbc"
1589526,,BLUE BIRD CORPORATION,2026,7,"equity,revenue,net_income,operating_income,ocf,capex,sbc"
1637866,,"DEEP GREEN WASTE & RECYCLING, INC.",2024,7,"goodwill,revenue,net_income,operating_income,ocf,capex,sbc"
1666175,,FORTIS INC.,2025,7,"equity,revenue,net_income,operating_income,ocf,capex,sbc"
1670592,,"YETI Holdings, Inc.",2026,7,"revenue,net_income,operating_income,ocf,capex,sbc,acq_cf_bs_disagreement"
1679268,,"Mammoth Energy Services, Inc.",2026,7,"equity,revenue,net_income,operating_income,ocf,capex,sbc"
1683825,,trivago N.V.,2025,7,"equity,revenue,net_income,operating_income,ocf,capex,sbc"
1703625,,"NAPC Defense, Inc.",2025,7,"intangibles,revenue,net_income,operating_income,ocf,capex,sbc"
1708055,,RIBBON COMMUNICATIONS INC.,2026,7,"equity,revenue,net_income,operating_income,ocf,capex,sbc"
1712356,,Hydro One Limited,2025,7,"equity,revenue,net_income,operating_income,ocf,capex,sbc"
1718224,,"BT BRANDS, INC.",2025,7,"revenue,net_income,operating_income,ocf,capex,sbc,acq_cf_bs_disagreement"
1722380,,Meta Data Limited,2024,7,"goodwill,intangibles,revenue,operating_income,ocf,capex,sbc"
1729997,,Grayscale CoinDesk Crypto 5 ETF,2025,7,"equity,revenue,net_income,operating_income,ocf,capex,sbc"
1733868,,CNFinance Holdings Limited,2025,7,"equity,revenue,net_income,operating_income,ocf,capex,sbc"
1756770,,"CURALEAF HOLDINGS, INC.",2026,7,"revenue,net_income,operating_income,ocf,capex,sbc,acq_cf_bs_disagreement"
1759186,,Z Squared Inc.,2026,7,"equity,revenue,net_income,operating_income,ocf,capex,sbc"
1788999,,XPERI INC.,2026,7,"equity,revenue,net_income,operating_income,ocf,capex,sbc"
1795579,,Calliditas Therapeutics AB,2024,7,"equity,revenue,net_income,operating_income,ocf,capex,sbc"
1818201,,CCC INTELLIGENT SOLUTIONS HOLDINGS INC.,2026,7,"revenue,net_income,operating_income,ocf,capex,sbc,acq_cf_bs_disagreement"
1819704,,Medirom Healthcare Technologies Inc.,2024,7,"equity,revenue,net_income,operating_income,ocf,capex,sbc"
1835681,,"PowerSchool Holdings, Inc.",2024,7,"revenue,net_income,operating_income,ocf,capex,sbc,acq_cf_bs_disagreement"
1838716,,Genenta Science S.p.A.,2025,7,"equity,revenue,net_income,operating_income,ocf,capex,sbc"
1838987,,SUNPOWER INC.,2026,7,"revenue,net_income,operating_income,ocf,capex,sbc,acq_cf_bs_disagreement"
1853630,,Hold Me Ltd.,2025,7,"equity,revenue,net_income,operating_income,ocf,capex,sbc"
1862044,,ZKH Group Limited,2025,7,"equity,revenue,net_income,operating_income,ocf,capex,sbc"
1865408,,Exscientia plc,2024,7,"revenue,net_income,operating_income,ocf,capex,sbc,acq_cf_bs_disagreement"
1877333,,TH International Limited,2025,7,"equity,revenue,net_income,operating_income,ocf,capex,sbc"
1885998,,ROTH CH ACQUISITION V CO.,2024,7,"equity,revenue,net_income,operating_income,ocf,capex,sbc"
1888980,,"LEAD REAL ESTATE CO., LTD",2025,7,"equity,revenue,net_income,operating_income,ocf,capex,sbc"
1930021,,New Horizon Aircraft Ltd.,2026,7,"equity,revenue,net_income,operating_income,ocf,capex,sbc"
1946216,,"SYLA TECHNOLOGIES CO., LTD.",2024,7,"equity,revenue,net_income,operating_income,ocf,capex,sbc"
1965473,,Cheche Group Inc.,2025,7,"equity,revenue,net_income,operating_income,ocf,capex,sbc"
1983736,,EVA LIVE INC.,2026,7,"goodwill,revenue,net_income,operating_income,ocf,capex,sbc"
1984014,,HARRISON GLOBAL HOLDINGS INC.,2024,7,"equity,revenue,net_income,operating_income,ocf,capex,sbc"
1995520,,Yuanbao Inc.,2025,7,"equity,revenue,net_income,operating_income,ocf,capex,sbc"
2007599,,"Robot Consulting Co., Ltd.",2026,7,"equity,revenue,net_income,operating_income,ocf,capex,sbc"
2018462,,PicoCELA Inc.,2025,7,"equity,revenue,net_income,operating_income,ocf,capex,sbc"
2038439,,VISIONWAVE HOLDINGS INC.,2026,7,"equity,revenue,net_income,operating_income,ocf,capex,sbc"
2040290,,LOGPROSTYLE INC.,2026,7,"equity,revenue,net_income,operating_income,ocf,capex,sbc"
2045872,,Bitwise Solana Staking ETF,2025,7,"equity,revenue,net_income,operating_income,ocf,capex,sbc"
2048271,,WeShop Holdings Ltd,2025,7,"equity,revenue,net_income,operating_income,ocf,capex,sbc"
2053791,,Bitwise Dogecoin ETF,2025,7,"equity,revenue,net_income,operating_income,ocf,capex,sbc"
2073537,,PIMCO Asset-Based Lending Company LLC,2025,7,"equity,revenue,net_income,operating_income,ocf,capex,sbc"
2089975,,HPS Real Assets Lending Company LP,2025,7,"equity,revenue,net_income,operating_income,ocf,capex,sbc"
2094256,,"Beacon Topco, Inc.",2025,7,"equity,revenue,net_income,operating_income,ocf,capex,sbc"
2103612,,Morgan Stanley Bitcoin Trust,2026,7,"equity,revenue,net_income,operating_income,ocf,capex,sbc"
2117580,,HARBOURVEST PRIVATE EQUITY SECONDARIES FUND (TE) L.P.,2026,7,"equity,revenue,net_income,operating_income,ocf,capex,sbc"
2123969,,RRE VENTURES ACQUISITION CORP.,2026,7,"equity,revenue,net_income,operating_income,ocf,capex,sbc"
7323,,ENTERGY CORPORATION,2026,6,"revenue,net_income,operating_income,ocf,capex,sbc"
17797,,"DUKE ENERGY PROGRESS, LLC.",2026,6,"revenue,net_income,operating_income,ocf,capex,sbc"
25598,,OneMain Finance Corporation,2026,6,"revenue,net_income,operating_income,ocf,capex,sbc"
28385,,DTE Electric Co,2026,6,"revenue,net_income,operating_income,ocf,capex,sbc"
29915,,DOW CHEMICAL CO /DE/,2025,6,"revenue,net_income,operating_income,ocf,capex,sbc"
43920,,"GREIF, INC.",2025,6,"revenue,net_income,operating_income,ocf,capex,sbc"
49648,,IDAHO POWER CO,2025,6,"revenue,net_income,operating_income,ocf,capex,sbc"
52485,,INTERSTATE POWER & LIGHT CO,2026,6,"revenue,net_income,operating_income,ocf,capex,sbc"
60549,,PPL Corporation,2026,6,"revenue,net_income,operating_income,ocf,capex,sbc"
81027,,AMERICAN ELECTRIC POWER CO INC.,2026,6,"revenue,net_income,operating_income,ocf,capex,sbc"
92108,,SOUTHERN CALIFORNIA GAS CO,2026,6,"revenue,net_income,operating_income,ocf,capex,sbc"
96664,,"AMERICAN FUSION, INC.",2025,6,"revenue,net_income,operating_income,ocf,capex,sbc"
103682,,VIRGINIA ELECTRIC & POWER CO,2026,6,"revenue,net_income,operating_income,ocf,capex,sbc"
104894,,ELME COMMUNITIES,2025,6,"revenue,net_income,operating_income,ocf,capex,sbc"
105319,,"WW INTERNATIONAL, INC.",2025,6,"revenue,net_income,operating_income,ocf,capex,sbc"
720515,,BASIN ELECTRIC POWER COOPERATIVE,2025,6,"revenue,net_income,operating_income,ocf,capex,sbc"
751364,,"NNN REIT, INC.",2026,6,"revenue,net_income,operating_income,ocf,capex,sbc"
790273,,CONECTISYS CORPORATION,2025,6,"revenue,net_income,operating_income,ocf,capex,sbc"
798528,,"ODYSSEY MARINE EXPLORATION, INC.",2026,6,"revenue,net_income,operating_income,ocf,capex,sbc"
811522,,QUARTZ MOUNTAIN RESOURCES LTD.,2026,6,"revenue,net_income,operating_income,ocf,capex,sbc"
875355,,"BLOOMIA HOLDINGS, INC.",2025,6,"revenue,net_income,operating_income,ocf,capex,sbc"
888471,,NESTOR PARTNERS,2025,6,"revenue,net_income,operating_income,ocf,capex,sbc"
895419,,"WOLFSPEED, INC.",2026,6,"revenue,net_income,operating_income,ocf,capex,sbc"
899715,,TANGER INC,2025,6,"revenue,net_income,operating_income,ocf,capex,sbc"
931755,,AEI INCOME & GROWTH FUND XXI LIMITED PARTNERSHIP,2026,6,"revenue,net_income,operating_income,ocf,capex,sbc"
1003815,,BCTC IV ASSIGNOR CORP,2024,6,"revenue,net_income,operating_income,ocf,capex,sbc"
1004155,,The Southern Company,2026,6,"revenue,net_income,operating_income,ocf,capex,sbc"
1023458,,AEI INCOME & GROWTH FUND XXII LIMITED PARTNERSHIP,2026,6,"revenue,net_income,operating_income,ocf,capex,sbc"
1081834,,KUBER RESOURCES CORPORATION,2024,6,"revenue,net_income,operating_income,ocf,capex,sbc"
1106213,,SEAFARER EXPLORATION CORP.,2025,6,"revenue,net_income,operating_income,ocf,capex,sbc"
1106861,,CS DIAGNOSTICS CORP.,2025,6,"revenue,net_income,operating_income,ocf,capex,sbc"
1115864,,ECOMINAS CORP.,2025,6,"revenue,net_income,operating_income,ocf,capex,sbc"
1133818,,"Bio-Path Holdings, Inc.",2025,6,"revenue,net_income,operating_income,ocf,capex,sbc"
1178670,,"ALNYLAM PHARMACEUTICALS, INC.",2026,6,"revenue,net_income,operating_income,ocf,capex,sbc"
1181412,,SPACE EXPLORATION TECHNOLOGIES CORP.,2026,6,"revenue,net_income,operating_income,ocf,capex,sbc"
1185198,,AEI INCOME & GROWTH FUND 25 LLC,2026,6,"revenue,net_income,operating_income,ocf,capex,sbc"
1289047,,AI TECHNOLOGY GROUP INC.,2025,6,"revenue,net_income,operating_income,ocf,capex,sbc"
1334325,,"CODA OCTOPUS GROUP, INC.",2025,6,"revenue,net_income,operating_income,ocf,capex,sbc"
1357671,,"CREATD, INC.",2026,6,"revenue,net_income,operating_income,ocf,capex,sbc"
1386716,,STAR BULK CARRIERS CORP.,2026,6,"revenue,net_income,operating_income,ocf,capex,sbc"
1409036,,Silver North Resources Ltd.,2025,6,"equity,revenue,operating_income,ocf,capex,sbc"
1409624,,"HIMALAYA TECHNOLOGIES, INC.",2024,6,"revenue,net_income,operating_income,ocf,capex,sbc"
1415921,,NAVIOS MARITIME PARTNERS L.P.,2026,6,"revenue,net_income,operating_income,ocf,capex,sbc"
1456772,,OFFICE PROPERTIES INCOME TRUST,2026,6,"revenue,net_income,operating_income,ocf,capex,sbc"
1465311,,ZICIX CORPORATION,2025,6,"revenue,net_income,operating_income,ocf,capex,sbc"
1468910,,MILLBURN MULTI-MARKETS FUND L.P.,2025,6,"revenue,net_income,operating_income,ocf,capex,sbc"
1471824,,Teucrium Commodity Trust,2025,6,"equity,revenue,operating_income,ocf,capex,sbc"
1481241,,Performance Shipping Inc.,2026,6,"revenue,net_income,operating_income,ocf,capex,sbc"
1482541,,CEA Industries Inc.,2026,6,"revenue,net_income,operating_income,ocf,capex,sbc"
1487712,,SUMISHO AIR LEASE CORPORATION,2026,6,"revenue,net_income,operating_income,ocf,capex,sbc"
1489993,,"MOBIA MEDICAL, INC.",2025,6,"revenue,net_income,operating_income,ocf,capex,sbc"
1496383,,"Ilustrato Pictures International, Inc.",2024,6,"equity,revenue,operating_income,ocf,capex,sbc"
1498710,,"Spirit Aviation Holdings, Inc.",2025,6,"revenue,net_income,operating_income,ocf,capex,sbc"
1499275,,"Groovy Company, Inc.",2024,6,"revenue,net_income,operating_income,ocf,capex,sbc"
1506492,,"NUWELLIS, INC.",2026,6,"equity,revenue,net_income,operating_income,ocf,sbc"
1531193,,"First Carolina Financial Services, Inc.",2026,6,"revenue,net_income,operating_income,ocf,capex,sbc"
1540171,,Avalyn Pharma Inc.,2025,6,"revenue,net_income,operating_income,ocf,capex,sbc"
1560672,,Ellington Credit Company,2025,6,"revenue,net_income,operating_income,ocf,capex,sbc"
1563298,,ENERGY AND WATER DEVELOPMENT CORP.,2024,6,"revenue,net_income,operating_income,ocf,capex,sbc"
1574232,,Addex Therapeutics Ltd,2025,6,"revenue,net_income,operating_income,ocf,capex,sbc"
1575295,,Allied Corp.,2024,6,"revenue,net_income,operating_income,ocf,capex,sbc"
1581804,,NAVIGATOR HOLDINGS LTD,2026,6,"revenue,net_income,operating_income,ocf,capex,sbc"
1595353,,GALMED PHARMACEUTICALS LTD.,2026,6,"revenue,net_income,operating_income,ocf,capex,sbc"
1600222,,"Phoenix Education Partners, Inc.",2025,6,"revenue,net_income,operating_income,ocf,capex,sbc"
1601072,,Atlantica Sustainable Infrastructure plc,2024,6,"revenue,net_income,operating_income,ocf,capex,sbc"
1605331,,AI Era Corp.,2026,6,"revenue,net_income,operating_income,ocf,capex,sbc"
1622244,,"ONE WORLD PRODUCTS, INC.",2025,6,"revenue,net_income,operating_income,ocf,capex,sbc"
1630176,,Healthy Extracts Inc.,2026,6,"equity,revenue,operating_income,ocf,capex,sbc"
1631463,,"BARREL ENERGY, INC.",2025,6,"revenue,net_income,operating_income,ocf,capex,sbc"
1633369,,"FreeCast, Inc.",2025,6,"revenue,net_income,operating_income,ocf,capex,sbc"
1657677,,"Parabilis Medicines, Inc.",2026,6,"revenue,net_income,operating_income,ocf,capex,sbc"
1658678,,"BioStem Technologies, Inc.",2026,6,"revenue,net_income,operating_income,ocf,capex,sbc"
1660734,,TRITON INTERNATIONAL LIMITED,2026,6,"revenue,net_income,operating_income,ocf,capex,sbc"
1660851,,"FIREFLY AUTOMATIX, INC.",2025,6,"revenue,net_income,operating_income,ocf,capex,sbc"
1690437,,GRANITESHARES GOLD TRUST,2026,6,"equity,revenue,operating_income,ocf,capex,sbc"
1690842,,GRANITESHARES PLATINUM TRUST,2026,6,"equity,revenue,operating_income,ocf,capex,sbc"
1696556,,"Once Upon a Farm, PBC",2025,6,"revenue,net_income,operating_income,ocf,capex,sbc"
1699963,,"Neutron Holdings, Inc.",2026,6,"revenue,net_income,operating_income,ocf,capex,sbc"
1701756,,Sadot Group Inc.,2026,6,"revenue,net_income,operating_income,ocf,capex,sbc"
1705181,,Grayscale Ethereum Classic Trust (ETC),2025,6,"equity,revenue,operating_income,ocf,capex,sbc"
1705284,,"PRIVATE BANCORP OF AMERICA, INC.",2026,6,"revenue,net_income,operating_income,ocf,capex,sbc"
1715497,,Borr Drilling Limited,2026,6,"revenue,net_income,operating_income,ocf,capex,sbc"
1720265,,Grayscale Zcash Trust (ZEC),2025,6,"equity,revenue,operating_income,ocf,capex,sbc"
1721781,,AEP TEXAS INC.,2026,6,"revenue,net_income,operating_income,ocf,capex,sbc"
1729637,,Karbon-X Corp.,2025,6,"revenue,net_income,operating_income,ocf,capex,sbc"
1732406,,Grayscale Litecoin Trust (LTC),2026,6,"equity,revenue,operating_income,ocf,capex,sbc"
1732409,,Grayscale Bitcoin Cash Trust (BCH),2026,6,"equity,revenue,operating_income,ocf,capex,sbc"
1734005,,"Niki BioSolutions, Inc.",2025,6,"goodwill,intangibles,revenue,operating_income,capex,sbc"
1740604,,"BITGO HOLDINGS, INC.",2025,6,"revenue,net_income,operating_income,ocf,capex,sbc"
1745648,,"Apnimed, Inc.",2026,6,"revenue,net_income,operating_income,ocf,capex,sbc"
1747079,,Bally’s Corporation,2025,6,"revenue,net_income,operating_income,ocf,sbc,acq_cf_bs_disagreement"
1748945,,Grayscale Horizen Trust (ZEN),2025,6,"equity,revenue,operating_income,ocf,capex,sbc"
1750704,,"HawkEye 360, Inc.",2025,6,"revenue,net_income,operating_income,ocf,capex,sbc"
1751707,,OZ Vision Inc.,2025,6,"revenue,net_income,operating_income,ocf,capex,sbc"
1761325,,Grayscale Stellar Lumens Trust (XLM),2025,6,"equity,revenue,operating_income,ocf,capex,sbc"
1767057,,OSPREY BITCOIN TRUST,2025,6,"equity,revenue,operating_income,ocf,capex,sbc"
1772918,,Adams Street Credit Solutions Fund,2026,6,"revenue,net_income,operating_income,ocf,capex,sbc"
1779977,,"SeeQC, Inc.",2026,6,"revenue,net_income,operating_income,ocf,capex,sbc"
1781446,,GAUZY LTD.,2025,6,"revenue,net_income,operating_income,ocf,capex,sbc"
1781629,,"ANKAM, INC.",2026,6,"revenue,net_income,operating_income,ocf,capex,sbc"
1795851,,"STEWARDS, INC.",2026,6,"revenue,net_income,operating_income,ocf,capex,sbc"
1815779,,Hafnia Limited,2025,6,"revenue,net_income,operating_income,ocf,capex,sbc"
1818274,,Arrive AI Inc.,2025,6,"revenue,net_income,operating_income,ocf,capex,sbc"
1829247,,"BULLFROG AI HOLDINGS, INC.",2026,6,"revenue,net_income,operating_income,ocf,capex,sbc"
1830749,,Achilles Therapeutics plc,2024,6,"revenue,net_income,operating_income,ocf,capex,sbc"
1831114,,NOVUSTERRA INC.,2024,6,"revenue,net_income,operating_income,ocf,capex,sbc"
1833835,,Paysafe Ltd,2026,6,"revenue,net_income,operating_income,ocf,capex,sbc"
1834974,,THE LION ELECTRIC COMPANY,2024,6,"revenue,net_income,operating_income,ocf,capex,sbc"
1838876,,"GEOSOLAR TECHNOLOGIES, INC.",2024,6,"revenue,net_income,operating_income,ocf,capex,sbc"
1839530,,"XBP Global Holdings, Inc.",2025,6,"revenue,net_income,operating_income,ocf,capex,sbc"
1840563,,PMGC HOLDINGS INC.,2026,6,"revenue,net_income,operating_income,ocf,capex,sbc"
1843993,,"THUNDER BRIDGE CAPITAL PARTNERS IV, INC.",2024,6,"revenue,net_income,operating_income,ocf,capex,sbc"
1844450,,ELECTROVAYA INC.,2024,6,"revenue,net_income,operating_income,ocf,capex,sbc"
1849380,,ONEMEDNET CORPORATION,2026,6,"revenue,net_income,operating_income,ocf,capex,sbc"
1850351,,"Liftoff Mobile, Inc.",2026,6,"revenue,net_income,operating_income,ocf,capex,sbc"
1850733,,FORTRESS VALUE ACQUISITION CORP. V,2025,6,"revenue,net_income,operating_income,ocf,capex,sbc"
1851491,,AMASS BRANDS,2025,6,"revenue,net_income,operating_income,ocf,capex,sbc"
1853047,,HUDSON ACQUISITION I CORP.,2026,6,"revenue,net_income,operating_income,ocf,capex,sbc"
1853868,,Fervo Energy Co,2025,6,"revenue,net_income,operating_income,ocf,capex,sbc"
1853921,,SCRIBE THERAPEUTICS INC.,2026,6,"revenue,net_income,operating_income,ocf,capex,sbc"
1854445,,"THE GLIMPSE GROUP, INC.",2026,6,"revenue,net_income,operating_income,ocf,capex,sbc"
1856961,,Blue Ocean Acquisition Corp,2024,6,"revenue,net_income,operating_income,ocf,capex,sbc"
1859836,,"Yesway, Inc.",2025,6,"revenue,net_income,operating_income,ocf,capex,sbc"
1861123,,"EIKON THERAPEUTICS, INC.",2025,6,"revenue,net_income,operating_income,ocf,capex,sbc"
1865187,,"Aris Water Solutions, Inc.",2025,6,"revenue,net_income,operating_income,ocf,capex,sbc"
1865759,,"Pharmaceutical Resource Technology, Inc.",2025,6,"revenue,net_income,operating_income,ocf,capex,sbc"
1869467,,OceanPal Inc.,2025,6,"revenue,net_income,operating_income,ocf,capex,sbc"
1882782,,"Odyssey Therapeutics, Inc.",2025,6,"revenue,net_income,operating_income,ocf,capex,sbc"
1884082,,Polestar Automotive Holding UK PLC,2025,6,"revenue,net_income,operating_income,ocf,capex,sbc"
1890107,,First Eagle Private Credit Fund,2026,6,"revenue,net_income,operating_income,ocf,capex,sbc"
1892704,,First Breach Inc.,2026,6,"revenue,net_income,operating_income,ocf,capex,sbc"
1898718,,GMR Solutions Inc.,2025,6,"revenue,net_income,operating_income,ocf,capex,sbc"
1901203,,CN Healthy Food Tech Group Corp.,2025,6,"revenue,net_income,operating_income,ocf,capex,sbc"
1903382,,"BLUEROCK HOMES TRUST, INC.",2025,6,"revenue,net_income,operating_income,ocf,capex,sbc"
1912847,,United Maritime Corp,2026,6,"revenue,net_income,operating_income,ocf,capex,sbc"
1920406,,"STRIVE, INC.",2025,6,"revenue,net_income,operating_income,ocf,capex,sbc"
1921603,,WhiteHawk Minerals Corp.,2026,6,"revenue,net_income,operating_income,ocf,capex,sbc"
1923780,,NORTHANN CORP.,2025,6,"revenue,net_income,operating_income,ocf,capex,sbc"
1924064,,RoyaLand Co Ltd.,2025,6,"revenue,net_income,operating_income,ocf,capex,sbc"
1925062,,"Forbright, Inc.",2026,6,"revenue,net_income,operating_income,ocf,capex,sbc"
1925283,,"Lincoln International, Inc.",2026,6,"revenue,net_income,operating_income,ocf,capex,sbc"
1926293,,Green Circle Decarbonize Technology Limited,2025,6,"revenue,net_income,operating_income,ocf,capex,sbc"
1934114,,"Suja Life, Inc.",2025,6,"revenue,net_income,operating_income,ocf,capex,sbc"
1935033,,KEEMO FASHION GROUP LIMITED,2026,6,"revenue,net_income,operating_income,ocf,capex,sbc"
1935092,,"Cyber Enviro-Tech, Inc.",2026,6,"revenue,net_income,operating_income,ocf,capex,sbc"
1935799,,"Bally’s Chicago, Inc.",2025,6,"revenue,net_income,operating_income,ocf,capex,sbc"
1936804,,SunCar Technology Group Inc.,2025,6,"revenue,net_income,operating_income,ocf,capex,sbc"
1939365,,"Inspire Veterinary Partners, Inc.",2025,6,"revenue,net_income,operating_income,ocf,capex,sbc"
1943705,,"REVELYST, INC.",2024,6,"revenue,net_income,operating_income,ocf,capex,sbc"
1953520,,Fidelity Core Real Estate Fund,2026,6,"revenue,net_income,operating_income,ocf,capex,sbc"
1958928,,COTWO ADVISORSPHYSICAL EUROPEAN CARBON ALLOWANCE TRUST,2025,6,"revenue,net_income,operating_income,ocf,capex,sbc"
1959455,,Himalaya Shipping Ltd.,2026,6,"revenue,net_income,operating_income,ocf,capex,sbc"
1960355,,"Exyn Technologies, Inc.",2026,6,"revenue,net_income,operating_income,ocf,capex,sbc"
1963088,,"AtlasClear Holdings, Inc.",2025,6,"revenue,net_income,operating_income,ocf,capex,sbc"
1973062,,VIDA GLOBAL INC.,2025,6,"revenue,net_income,operating_income,ocf,capex,sbc"
1975222,,SSHT S&T GROUP LTD,2024,6,"revenue,net_income,operating_income,ocf,capex,sbc"
1984739,,Investcorp US Private Credit BDC II,2025,6,"revenue,net_income,operating_income,ocf,capex,sbc"
1990446,,"TRANS AMERICAN AQUACULTURE, INC.",2025,6,"revenue,net_income,operating_income,ocf,capex,sbc"
1997403,,"ZenaTech, Inc.",2024,6,"equity,revenue,operating_income,ocf,capex,sbc"
1999538,,X1 CAPITAL INC.,2025,6,"revenue,net_income,operating_income,ocf,capex,sbc"
2000756,,K Wave Media Ltd.,2024,6,"revenue,net_income,operating_income,ocf,capex,sbc"
2003397,,Liberty Sirius XM Holdings Inc.,2024,6,"revenue,net_income,operating_income,ocf,capex,sbc"
2006468,,NUSATRIP INCORPORATED,2025,6,"revenue,net_income,operating_income,ocf,capex,sbc"
2007691,,Ionic Digital Inc.,2026,6,"revenue,net_income,operating_income,ocf,capex,sbc"
2009714,,TMD ENERGY LIMITED,2025,6,"revenue,net_income,operating_income,ocf,capex,sbc"
2011134,,Kioni Holdings Limited,2025,6,"revenue,net_income,operating_income,ocf,capex,sbc"
2012964,,AA Mission Acquisition Corp.,2024,6,"revenue,net_income,operating_income,ocf,capex,sbc"
2013223,,Highlander Silver Corp.,2025,6,"revenue,net_income,operating_income,ocf,capex,sbc"
2018545,,FRANKLIN BSP REAL ESTATE DEBT BDC,2024,6,"revenue,net_income,operating_income,ocf,capex,sbc"
2020737,,"CARING BRANDS, INC.",2026,6,"revenue,net_income,operating_income,ocf,capex,sbc"
2021042,,EQV Ventures Acquisition Corp.,2024,6,"revenue,net_income,operating_income,ocf,capex,sbc"
2021728,,Cerebras Systems Inc.,2025,6,"revenue,net_income,operating_income,ocf,capex,sbc"
2021880,,HMH Holding Inc,2025,6,"revenue,net_income,operating_income,ocf,capex,sbc"
2022625,,NUVEEN CHURCHILL PRIVATE CREDIT FUND,2024,6,"revenue,net_income,operating_income,ocf,capex,sbc"
2024283,,Papa Medical Inc.,2025,6,"revenue,net_income,operating_income,ocf,capex,sbc"
2025065,,BLACK SPADE ACQUISITION II CO,2024,6,"revenue,net_income,operating_income,ocf,capex,sbc"
2025369,,Third Point Private Capital Partners,2025,6,"revenue,net_income,operating_income,ocf,capex,sbc"
2026053,,Pershing Square Inc.,2026,6,"revenue,net_income,operating_income,ocf,capex,sbc"
2028541,,VanEck Solana ETF,2025,6,"revenue,net_income,operating_income,ocf,capex,sbc"
2028834,,21Shares Solana ETF,2025,6,"revenue,net_income,operating_income,ocf,capex,sbc"
2029297,,Grayscale Bittensor Trust (TAO),2025,6,"equity,revenue,operating_income,ocf,capex,sbc"
2032260,,RedHawk Acquisition I Corp.,2024,6,"revenue,net_income,operating_income,ocf,capex,sbc"
2033382,,SILVER POINT PRIVATE CREDIT FUND,2025,6,"revenue,net_income,operating_income,ocf,capex,sbc"
2033807,,Franklin Crypto Trust,2025,6,"revenue,net_income,operating_income,ocf,capex,sbc"
2034012,,Grayscale Sui Staking ETF,2025,6,"equity,revenue,operating_income,ocf,capex,sbc"
2034161,,BOUMARANG INC.,2026,6,"revenue,net_income,operating_income,ocf,capex,sbc"
2035832,,"Aktis Oncology, Inc.",2025,6,"revenue,net_income,operating_income,ocf,capex,sbc"
2039458,,Canary HBAR ETF,2025,6,"revenue,net_income,operating_income,ocf,capex,sbc"
2039461,,Canary Litecoin ETF,2025,6,"revenue,net_income,operating_income,ocf,capex,sbc"
2039505,,Canary XRP ETF,2025,6,"revenue,net_income,operating_income,ocf,capex,sbc"
2041610,,Paramount Skydance Corporation,2025,6,"revenue,net_income,operating_income,ocf,capex,sbc"
2041869,,Canary Marinade Solana ETF,2025,6,"revenue,net_income,operating_income,ocf,capex,sbc"
2042347,,"Seaport Therapeutics, Inc.",2025,6,"revenue,net_income,operating_income,ocf,capex,sbc"
2043019,,"Critical Mineral Recovery, Inc.",2024,6,"revenue,net_income,operating_income,ocf,capex,sbc"
2043020,,Evolution Metals LLC,2024,6,"revenue,net_income,operating_income,ocf,capex,sbc"
2043133,,TCW Steel City Senior Lending BDC,2025,6,"revenue,net_income,operating_income,ocf,capex,sbc"
2043759,,LAGO Evergreen Credit,2025,6,"revenue,net_income,operating_income,ocf,capex,sbc"
2044817,,CH4 Natural Solutions Corporation,2025,6,"revenue,net_income,operating_income,ocf,capex,sbc"
2046946,,"ARES SPORTS, MEDIA AND ENTERTAINMENT OPPORTUNITIES LP",2025,6,"revenue,net_income,operating_income,ocf,capex,sbc"
2047497,,Rithm Acquisition Corp.,2025,6,"revenue,net_income,operating_income,ocf,capex,sbc"
2049733,,Blackstone Private Real Estate Credit and Income Fund,2025,6,"revenue,net_income,operating_income,ocf,capex,sbc"
2055879,,VENDOME ACQUISITION CORPORATION I,2025,6,"revenue,net_income,operating_income,ocf,capex,sbc"
2056263,,COLUMBUS CIRCLE CAPITAL CORP I,2025,6,"revenue,net_income,operating_income,ocf,capex,sbc"
2056516,,CIFC Direct Lending Evergreen Fund,2026,6,"revenue,net_income,operating_income,ocf,capex,sbc"
2056611,,"Latigo Biotherapeutics, Inc.",2026,6,"revenue,net_income,operating_income,ocf,capex,sbc"
2057030,,AXIOM INTELLIGENCE ACQUISITION CORP 1,2025,6,"revenue,net_income,operating_income,ocf,capex,sbc"
2057388,,FRANKLIN SOLANA TRUST,2026,6,"revenue,net_income,operating_income,ocf,capex,sbc"
2058707,,"Attovia Therapeutics, Inc.",2026,6,"revenue,net_income,operating_income,ocf,capex,sbc"
2059033,,FIGX Capital Acquisition Corp.,2025,6,"revenue,net_income,operating_income,ocf,capex,sbc"
2059438,,FRANKLIN XRP TRUST,2026,6,"revenue,net_income,operating_income,ocf,capex,sbc"
2059654,,Blue Acquisition Corp/Cayman,2025,6,"revenue,net_income,operating_income,ocf,capex,sbc"
2060337,,Jena Acquisition Corporation II,2025,6,"revenue,net_income,operating_income,ocf,capex,sbc"
2061174,,Sound Point Direct Lending BDC,2025,6,"revenue,net_income,operating_income,ocf,capex,sbc"
2061473,,Perimeter Acquisition Corp. I,2025,6,"revenue,net_income,operating_income,ocf,capex,sbc"
2061626,,21Shares Sui ETF,2025,6,"revenue,net_income,operating_income,ocf,capex,sbc"
2061670,,MONROE CAPITAL ENHANCED CORPORATE LENDING FUND,2025,6,"revenue,net_income,operating_income,ocf,capex,sbc"
2063380,,Fidelity® Solana Fund,2025,6,"revenue,net_income,operating_income,ocf,capex,sbc"
2064307,,ContextLogic Holdings Inc.,2026,6,"revenue,net_income,operating_income,ocf,capex,sbc"
2064314,,21Shares Dogecoin ETF,2025,6,"revenue,net_income,operating_income,ocf,capex,sbc"
2064355,,Bain Capital GSS Investment Corp.,2025,6,"revenue,net_income,operating_income,ocf,capex,sbc"
2064658,,Yorkville Acquisition Corp.,2025,6,"revenue,net_income,operating_income,ocf,capex,sbc"
2065337,,"Carlyle Private Equity Partners Fund, L.P.",2025,6,"revenue,net_income,operating_income,ocf,capex,sbc"
2065397,,ANTARES STRATEGIC CREDIT FUND II LLC,2025,6,"revenue,net_income,operating_income,ocf,capex,sbc"
2065636,,"SOLV Energy, Inc.",2025,6,"revenue,net_income,operating_income,ocf,capex,sbc"
2065661,,Plutonian Acquisition Corp II,2026,6,"revenue,net_income,operating_income,ocf,capex,sbc"
2065779,,D. Boral ARC Acquisition I Corp.,2025,6,"revenue,net_income,operating_income,ocf,capex,sbc"
2065948,,SOLARIUS CAPITAL ACQUISITION CORP.,2025,6,"revenue,net_income,operating_income,ocf,capex,sbc"
2066067,,Orielle Acquisition Corp.,2025,6,"revenue,net_income,operating_income,ocf,capex,sbc"
2066659,,"BEACH ACQUISITION CO PARENT, LLC",2025,6,"revenue,net_income,operating_income,ocf,capex,sbc"
2066811,,TCW SPECIALTY LENDING LLC,2026,6,"revenue,net_income,operating_income,ocf,capex,sbc"
2066836,,CONEXEU SCIENCES INC.,2026,6,"revenue,net_income,operating_income,ocf,capex,sbc"
2067592,,McKinley Acquisition Corporation,2025,6,"revenue,net_income,operating_income,ocf,capex,sbc"
2068074,,"Sonic Lighting,     Inc.",2025,6,"revenue,net_income,operating_income,ocf,capex,sbc"
2068454,,"CSLM DIGITAL ASSET ACQUISITION CORP III, LTD",2026,6,"revenue,net_income,operating_income,ocf,capex,sbc"
2069238,,PYROPHYTE ACQUISITION CORP. II,2025,6,"revenue,net_income,operating_income,ocf,capex,sbc"
2069604,,"Park Dental Partners, Inc.",2025,6,"revenue,net_income,operating_income,ocf,capex,sbc"
2069692,,Blue Owl Digital Infrastructure Trust,2025,6,"revenue,net_income,operating_income,ocf,capex,sbc"
2069856,,HCM III ACQUISITION CORP.,2025,6,"revenue,net_income,operating_income,ocf,capex,sbc"
2070457,,"TWENTY ONE CAPITAL, INC.",2025,6,"revenue,net_income,operating_income,ocf,capex,sbc"
2070542,,AIB Data Centers Inc.,2025,6,"revenue,net_income,operating_income,ocf,capex,sbc"
2070602,,HIGHVIEW MERGER CORP.,2025,6,"revenue,net_income,operating_income,ocf,capex,sbc"
2070887,,CROWN RESERVE ACQUISITION CORP. I,2025,6,"revenue,net_income,operating_income,ocf,capex,sbc"
2071136,,NUVEEN CHURCHILL BDC V,2025,6,"revenue,net_income,operating_income,ocf,capex,sbc"
2071288,,"Lumexa Imaging Holdings, Inc.",2025,6,"revenue,net_income,operating_income,ocf,capex,sbc"
2071607,,BM Acquisition Corp.,2025,6,"revenue,net_income,operating_income,ocf,capex,sbc"
2072184,,CYBRIATECH INC.,2025,6,"revenue,net_income,operating_income,ocf,capex,sbc"
2073340,,TALON CAPITAL CORP.,2025,6,"revenue,net_income,operating_income,ocf,capex,sbc"
2073515,,ARC GROUP ACQUISITION I CORP,2025,6,"revenue,net_income,operating_income,ocf,capex,sbc"
2073553,,AI Infrastructure Acquisition Corp.,2025,6,"revenue,net_income,operating_income,ocf,capex,sbc"
2073653,,FBRED-C Feeder REIT Trust,2025,6,"revenue,net_income,operating_income,ocf,capex,sbc"
2073928,,M3-BRIGADE ACQUISITION VI CORP.,2025,6,"revenue,net_income,operating_income,ocf,capex,sbc"
2074065,,Brookfield Private Equity Fund LP,2025,6,"revenue,net_income,operating_income,ocf,capex,sbc"
2074409,,Invesco Galaxy Solana ETF,2025,6,"revenue,net_income,operating_income,ocf,capex,sbc"
2074450,,"Apollo IG Core Replacement, L.P.",2025,6,"revenue,net_income,operating_income,ocf,capex,sbc"
2074697,,FUTURECREST ACQUISITION CORP.,2025,6,"revenue,net_income,operating_income,ocf,capex,sbc"
2074850,,GENERAL FUSION GROUP LTD.,2025,6,"revenue,net_income,operating_income,ocf,capex,sbc"
2074872,,RICE ACQUISITION CORPORATION 3,2025,6,"revenue,net_income,operating_income,ocf,capex,sbc"
2074878,,NEW AMERICA ACQUISITION I CORP.,2025,6,"revenue,net_income,operating_income,ocf,capex,sbc"
2074973,,Churchill Capital Corp XI,2025,6,"revenue,net_income,operating_income,ocf,capex,sbc"
2075068,,Invest Green Acquisition Corporation,2025,6,"revenue,net_income,operating_income,ocf,capex,sbc"
2075109,,"Matternet, Inc.",2025,6,"revenue,net_income,operating_income,ocf,capex,sbc"
2075239,,Var Acquisition Corp.,2025,6,"revenue,net_income,operating_income,ocf,capex,sbc"
2075310,,Trailblazer Acquisition Corp.,2025,6,"revenue,net_income,operating_income,ocf,capex,sbc"
2075336,,AA Mission Acquisition Corp. II,2025,6,"revenue,net_income,operating_income,ocf,capex,sbc"
2075816,,Emmis Acquisition Corp.,2025,6,"revenue,net_income,operating_income,ocf,capex,sbc"
2076163,,"PROCAP FINANCIAL, INC.",2025,6,"revenue,net_income,operating_income,ocf,capex,sbc"
2076192,,Westin Acquisition Corp.,2025,6,"revenue,net_income,operating_income,ocf,capex,sbc"
2076427,,Galata Acquisition Corp. II,2025,6,"revenue,net_income,operating_income,ocf,capex,sbc"
2076616,,Tailwind 2.0 Acquisition Corp.,2025,6,"revenue,net_income,operating_income,ocf,capex,sbc"
2076739,,SC II Acquisition Corp.,2025,6,"revenue,net_income,operating_income,ocf,capex,sbc"
2077010,,OTG Acquisition Corp. I,2025,6,"revenue,net_income,operating_income,ocf,capex,sbc"
2077033,,Miluna Acquisition Corp*,2025,6,"revenue,net_income,operating_income,ocf,capex,sbc"
2077250,,Stone Point Credit Income Fund - Select,2025,6,"revenue,net_income,operating_income,ocf,capex,sbc"
2077785,,IRIS ACQUISITION CORP II,2025,6,"revenue,net_income,operating_income,ocf,capex,sbc"
2077954,,Evolution Global Acquisition Corp,2026,6,"equity,revenue,operating_income,ocf,capex,sbc"
2078008,,VERSIGENT PLC,2025,6,"revenue,net_income,operating_income,ocf,capex,sbc"
2078653,,Range Capital Acquisition Corp II,2025,6,"revenue,net_income,operating_income,ocf,capex,sbc"
2079013,,HALL CHADWICK ACQUISITION CORP.,2025,6,"revenue,net_income,operating_income,ocf,capex,sbc"
2079173,,AMERICAN EXCEPTIONALISM ACQUISITION CORP. A,2025,6,"revenue,net_income,operating_income,ocf,capex,sbc"
2079253,,APEX TREASURY CORPORATION,2025,6,"revenue,net_income,operating_income,ocf,capex,sbc"
2079272,,LAKEWOOD-AMEDEX BIOTHERAPEUTICS INC.,2025,6,"revenue,net_income,operating_income,ocf,capex,sbc"
2079292,,INSIGHT DIGITAL PARTNERS II,2025,6,"revenue,net_income,operating_income,ocf,capex,sbc"
2079320,,Range Acquisition Corp.,2025,6,"revenue,net_income,operating_income,ocf,capex,sbc"
2079546,,Cibatella Corp.,2025,6,"revenue,net_income,operating_income,ocf,capex,sbc"
2079933,,TGE Value Creative Solutions Corp,2025,6,"revenue,net_income,operating_income,ocf,capex,sbc"
2080019,,GigCapital8 Corp.,2025,6,"revenue,net_income,operating_income,ocf,capex,sbc"
2080023,,Viking Acquisition Corp. I,2025,6,"revenue,net_income,operating_income,ocf,capex,sbc"
2080087,,Maywood Acquisition Corp. 2,2025,6,"revenue,net_income,operating_income,ocf,capex,sbc"
2080126,,"Forgent Power Solutions, Inc.",2025,6,"revenue,net_income,operating_income,ocf,capex,sbc"
2080215,,StablecoinX Inc.,2026,6,"revenue,net_income,operating_income,ocf,capex,sbc"
2080216,,BOA ACQUISITION CORP. II,2026,6,"revenue,net_income,operating_income,ocf,capex,sbc"
2080921,,ARKO Petroleum Corp.,2025,6,"revenue,net_income,operating_income,ocf,capex,sbc"
2080985,,ITHAX ACQUISITION CORP III,2025,6,"revenue,net_income,operating_income,ocf,capex,sbc"
2081125,,Dynamix Corporation III,2025,6,"revenue,net_income,operating_income,ocf,capex,sbc"
2081300,,SPACSPHERE ACQUISITION CORP.,2025,6,"revenue,net_income,operating_income,ocf,capex,sbc"
2081358,,CRANE HARBOR ACQUISITION CORP. II,2025,6,"revenue,net_income,operating_income,ocf,capex,sbc"
2081468,,MESHFLOW ACQUISITION CORP.,2025,6,"revenue,net_income,operating_income,ocf,capex,sbc"
2081515,,BERTO ACQUISITION CORP. II,2026,6,"revenue,net_income,operating_income,ocf,capex,sbc"
2081532,,BLUEROCK ACQUISITION CORP.,2025,6,"revenue,net_income,operating_income,ocf,capex,sbc"
2081536,,WHITE PEARL ACQUISITION CORP.,2025,6,"revenue,net_income,operating_income,ocf,capex,sbc"
2081628,,Rithm Perpetual Life Residential Trust,2025,6,"revenue,net_income,operating_income,ocf,capex,sbc"
2081690,,Vernal Capital Acquisition Corp.,2026,6,"revenue,net_income,operating_income,ocf,capex,sbc"
2081909,,SILVERBOX CORP V,2025,6,"revenue,net_income,operating_income,ocf,capex,sbc"
2082119,,KRAKacquisition Corp,2025,6,"revenue,net_income,operating_income,ocf,capex,sbc"
2082149,,DAEDALUS SPECIAL ACQUISITION CORP.,2025,6,"revenue,net_income,operating_income,ocf,capex,sbc"
2082526,,AEON ACQUISITION I CORP.,2025,6,"revenue,net_income,operating_income,ocf,capex,sbc"
2082542,,BITCOIN INFRASTRUCTURE ACQUISITION CORP LTD.,2025,6,"revenue,net_income,operating_income,ocf,capex,sbc"
2082557,,Golub Capital Private Income Fund S,2025,6,"revenue,net_income,operating_income,ocf,capex,sbc"
2082559,,Golub Capital Private Income Fund I,2025,6,"revenue,net_income,operating_income,ocf,capex,sbc"
2082844,,SAFEGUARD ACQUISITION CORP.,2025,6,"revenue,net_income,operating_income,ocf,capex,sbc"
2082847,,Blue Water Acquisition Corp. IV,2025,6,"revenue,net_income,operating_income,ocf,capex,sbc"
2083002,,American Drive Acquisition Co,2025,6,"revenue,net_income,operating_income,ocf,capex,sbc"
2083143,,SOCIAL COMMERCE PARTNERS CORPORATION,2025,6,"revenue,net_income,operating_income,ocf,capex,sbc"
2083217,,QDRO ACQUISITION CORP.,2025,6,"revenue,net_income,operating_income,ocf,capex,sbc"
2083452,,SHREYA ACQUISITION GROUP,2025,6,"revenue,net_income,operating_income,ocf,capex,sbc"
2083477,,"APS BDC, LLC",2026,6,"revenue,net_income,operating_income,ocf,capex,sbc"
2083493,,X3 Acquisition Corp. Ltd.,2025,6,"revenue,net_income,operating_income,ocf,capex,sbc"
2083632,,Octave Intelligence plc,2025,6,"revenue,net_income,operating_income,ocf,capex,sbc"
2083689,,ACTIVATE ENERGY ACQUISITION CORP.,2025,6,"revenue,net_income,operating_income,ocf,capex,sbc"
2083728,,LAUNCHPAD CADENZA ACQUISITION CORP I,2025,6,"revenue,net_income,operating_income,ocf,capex,sbc"
2083910,,ARCHIMEDES TECH SPAC PARTNERS III CO.,2025,6,"revenue,net_income,operating_income,ocf,capex,sbc"
2083946,,Willow Lane Acquisition Corp. II,2025,6,"revenue,net_income,operating_income,ocf,capex,sbc"
2083989,,"ALDABRA 4 LIQUIDITY OPPORTUNITY VEHICLE, INC.",2025,6,"revenue,net_income,operating_income,ocf,capex,sbc"
2084227,,"ADVASA HOLDINGS, INC.",2026,6,"revenue,net_income,operating_income,ocf,capex,sbc"
2084261,,"URSB Bancorp, Inc.",2025,6,"revenue,net_income,operating_income,ocf,capex,sbc"
2084272,,UNITY FORGE INC,2026,6,"revenue,net_income,operating_income,ocf,capex,sbc"
2084396,,INFINITE EAGLE ACQUISITION CORP.,2025,6,"revenue,net_income,operating_income,ocf,capex,sbc"
2084563,,Leapfrog Acquisition Corporation,2025,6,"revenue,net_income,operating_income,ocf,capex,sbc"
2085177,,QuasarEdge Acquisition Corporation,2026,6,"revenue,net_income,operating_income,ocf,capex,sbc"
2085187,,"Bob's Discount Furniture, Inc.",2025,6,"revenue,net_income,operating_income,ocf,capex,sbc"
2085408,,GENERAL PURPOSE ACQUISITION CORP.,2025,6,"revenue,net_income,operating_income,ocf,capex,sbc"
2085428,,Nuveen Farmland REIT,2025,6,"revenue,net_income,operating_income,ocf,capex,sbc"
2085485,,APEX Tech Acquisition Inc.,2025,6,"revenue,net_income,operating_income,ocf,capex,sbc"
2085659,,SILICON VALLEY ACQUISITION CORP.,2025,6,"revenue,net_income,operating_income,ocf,capex,sbc"
2085932,,Energy Transition Special Opportunities,2025,6,"revenue,net_income,operating_income,ocf,capex,sbc"
2086263,,SOREN ACQUISITION CORP.,2025,6,"revenue,net_income,operating_income,ocf,capex,sbc"
2086264,,VINE HILL CAPITAL INVESTMENT CORP. II,2025,6,"revenue,net_income,operating_income,ocf,capex,sbc"
2086438,,"GORES HOLDINGS XI, INC.",2026,6,"revenue,net_income,operating_income,ocf,capex,sbc"
2086503,,YAN     CHUANG GROUP INC.,2025,6,"revenue,net_income,operating_income,ocf,capex,sbc"
2086524,,K2 CAPITAL ACQUISITION CORP.,2025,6,"revenue,net_income,operating_income,ocf,capex,sbc"
2086545,,ART TECHNOLOGY ACQUISITION CORP.,2025,6,"revenue,net_income,operating_income,ocf,capex,sbc"
2086587,,York Space Systems Inc.,2025,6,"revenue,net_income,operating_income,ocf,capex,sbc"
2086716,,"Standard Nuclear, Inc.",2026,6,"revenue,net_income,operating_income,ocf,capex,sbc"
2087361,,M EVO GLOBAL ACQUISITION CORP II,2025,6,"revenue,net_income,operating_income,ocf,capex,sbc"
2087419,,"PSB Financial, Inc.",2025,6,"revenue,net_income,operating_income,ocf,capex,sbc"
2087447,,LAFAYETTE DIGITAL ACQUISITION CORP. I,2025,6,"revenue,net_income,operating_income,ocf,capex,sbc"
2087587,,COINSHARES PLC,2025,6,"revenue,net_income,operating_income,ocf,capex,sbc"
2087965,,"CANTOR EQUITY PARTNERS VII, INC.",2026,6,"revenue,net_income,operating_income,ocf,capex,sbc"
2088103,,XFLH Capital Corporation,2025,6,"revenue,net_income,operating_income,ocf,capex,sbc"
2088221,,SILTRIUM TECH CORPORATION,2025,6,"revenue,net_income,operating_income,ocf,capex,sbc"
2088281,,"MIDERA FOOD PROCESSING, INC.",2026,6,"revenue,net_income,operating_income,ocf,capex,sbc"
2088295,,BLEICHROEDER ACQUISITION CORP. II,2025,6,"revenue,net_income,operating_income,ocf,capex,sbc"
2088325,,ONEIM ACQUISITION CORP.,2025,6,"revenue,net_income,operating_income,ocf,capex,sbc"
2088626,,Peace Acquisition Corp,2025,6,"revenue,net_income,operating_income,ocf,capex,sbc"
2088749,,Karbon Capital Partners Corp.,2025,6,"revenue,net_income,operating_income,ocf,capex,sbc"
2088805,,COLUMBUS CIRCLE CAPITAL CORP II,2025,6,"revenue,net_income,operating_income,ocf,capex,sbc"
2088807,,XSOLLA SPAC 1,2025,6,"revenue,net_income,operating_income,ocf,capex,sbc"
2088896,,"X-Energy, Inc.",2025,6,"revenue,net_income,operating_income,ocf,capex,sbc"
2089126,,PENNANTPARK PRIVATE INCOME FUND,2025,6,"revenue,net_income,operating_income,ocf,capex,sbc"
2089271,,Honeywell Aerospace Inc,2026,6,"revenue,net_income,operating_income,ocf,capex,sbc"
2089283,,Eagle Nuclear Energy Corp.,2025,6,"revenue,net_income,operating_income,ocf,capex,sbc"
2089982,,HCM IV ACQUISITION CORP.,2025,6,"revenue,net_income,operating_income,ocf,capex,sbc"
2090312,,Mobility Global Inc.,2026,6,"revenue,net_income,operating_income,ocf,capex,sbc"
2090441,,Iron Dome Acquisition I Corp.,2025,6,"revenue,net_income,operating_income,ocf,capex,sbc"
2090452,,FG IMPERII ACQUISITION CORP.,2025,6,"revenue,net_income,operating_income,ocf,capex,sbc"
2090646,,Boost Run Inc.,2025,6,"revenue,net_income,operating_income,ocf,capex,sbc"
2090787,,Oceanhawk Acquisition Corp.,2026,6,"revenue,net_income,operating_income,ocf,capex,sbc"
2091017,,Sunshine Silver Mining & Refining Company,2026,6,"revenue,net_income,operating_income,ocf,capex,sbc"
2091024,,COLOMBIER ACQUISITION CORP. III,2025,6,"revenue,net_income,operating_income,ocf,capex,sbc"
2091176,,IDEA ACQUISITION CORP.,2025,6,"revenue,net_income,operating_income,ocf,capex,sbc"
2091222,,SPACE ASSET ACQUISITION CORP.,2025,6,"revenue,net_income,operating_income,ocf,capex,sbc"
2091349,,"FIRST TRACKS BIOTHERAPEUTICS, INC.",2025,6,"revenue,net_income,operating_income,ocf,capex,sbc"
2091438,,Nex Neo Tech Inc.,2025,6,"revenue,net_income,operating_income,ocf,capex,sbc"
2091484,,GalaxyEdge Acquisition Corporation,2025,6,"revenue,net_income,operating_income,ocf,capex,sbc"
2091712,,RF ACQUISITION CORP III,2025,6,"revenue,net_income,operating_income,ocf,capex,sbc"
2092446,,Avalanche Treasury Corporation,2025,6,"revenue,net_income,operating_income,ocf,capex,sbc"
2092574,,"Swarmer, Inc",2025,6,"revenue,net_income,operating_income,ocf,capex,sbc"
2092897,,ARMADA ACQUISITION CORP. III,2025,6,"revenue,net_income,operating_income,ocf,capex,sbc"
2093096,,Amplara Corporation,2025,6,"revenue,net_income,operating_income,ocf,capex,sbc"
2093101,,"Atrium Therapeutics, Inc.",2025,6,"revenue,net_income,operating_income,ocf,capex,sbc"
2093375,,DentonX Inc.,2025,6,"revenue,net_income,operating_income,ocf,capex,sbc"
2093484,,MUZERO     ACQUISITION CORP,2025,6,"revenue,net_income,operating_income,ocf,capex,sbc"
2093507,,GREENLAND ENERGY COMPANY,2025,6,"revenue,net_income,operating_income,ocf,capex,sbc"
2093524,,Aperture AC,2025,6,"revenue,net_income,operating_income,ocf,capex,sbc"
2093536,,"ARXIS, INC.",2025,6,"revenue,net_income,operating_income,ocf,capex,sbc"
2093809,,"Fundrise eREIT, LLC",2025,6,"revenue,net_income,operating_income,ocf,capex,sbc"
2093912,,PRAETORIAN ACQUISITION CORP.,2025,6,"revenue,net_income,operating_income,ocf,capex,sbc"
2094073,,ClearThink 1 Acquisition Corp.,2025,6,"revenue,net_income,operating_income,ocf,capex,sbc"
2094076,,Starlink AI Acquisition Corporation,2026,6,"revenue,net_income,operating_income,ocf,capex,sbc"
2094107,,"Ballston Spa Bancorp, Inc.",2025,6,"revenue,net_income,operating_income,ocf,capex,sbc"
2094265,,Mountain Lake Acquisition Corp. II,2025,6,"revenue,net_income,operating_income,ocf,capex,sbc"
2094433,,"Suncrete, Inc.",2026,6,"revenue,net_income,operating_income,ocf,capex,sbc"
2094496,,Securitize Corp.,2026,6,"revenue,net_income,operating_income,ocf,capex,sbc"
2094712,,ARC GROUP SECURITIES ACQUISITION I,2026,6,"revenue,net_income,operating_income,ocf,capex,sbc"
2094919,,Tribeca Strategic Acquisition Corp.,2026,6,"revenue,net_income,operating_income,ocf,capex,sbc"
2095161,,D. Boral Acquisition I Corp.,2025,6,"revenue,net_income,operating_income,ocf,capex,sbc"
2095297,,KPET Ultra Paceline Corporation,2025,6,"revenue,net_income,operating_income,ocf,capex,sbc"
2095486,,Blackstone Multi-Strategy Hedge Fund L.P.,2025,6,"revenue,net_income,operating_income,ocf,capex,sbc"
2095743,,"Rare Earths Americas, Inc.",2025,6,"revenue,net_income,operating_income,ocf,capex,sbc"
2096300,,AEVEX Corp.,2025,6,"revenue,net_income,operating_income,ocf,capex,sbc"
2096362,,AIAI HOLDINGS CORPORATION,2026,6,"revenue,net_income,operating_income,ocf,capex,sbc"
2096755,,Texas Ventures Acquisition IV Corp,2026,6,"revenue,net_income,operating_income,ocf,capex,sbc"
2096861,,Sinda Ltd.,2026,6,"revenue,net_income,operating_income,ocf,capex,sbc"
2096900,,AVERIN CAPITAL ACQUISITION CORP.,2025,6,"revenue,net_income,operating_income,ocf,capex,sbc"
2096997,,"Kailera Therapeutics, Inc.",2025,6,"revenue,net_income,operating_income,ocf,capex,sbc"
2097163,,XANADU QUANTUM TECHNOLOGIES LIMITED,2025,6,"revenue,net_income,operating_income,ocf,capex,sbc"
2097288,,BHAV Acquisition Corp,2025,6,"revenue,net_income,operating_income,ocf,capex,sbc"
2097364,,SPARTACUS ACQUISITION CORP. II,2025,6,"revenue,net_income,operating_income,ocf,capex,sbc"
2097376,,MOZAYYX Acquisition Corp.,2025,6,"revenue,net_income,operating_income,ocf,capex,sbc"
2097953,,MIRA QON CORPORATION,2025,6,"revenue,net_income,operating_income,ocf,capex,sbc"
2097986,,Forefront Tech Holdings Acquisition Corp,2025,6,"revenue,net_income,operating_income,ocf,capex,sbc"
2098242,,SPRING VALLEY ACQUISITION CORP. IV,2025,6,"revenue,net_income,operating_income,ocf,capex,sbc"
2098382,,Primus Acquisition Inc.,2025,6,"revenue,net_income,operating_income,ocf,capex,sbc"
2098430,,Madison Air Solutions Corporation,2025,6,"revenue,net_income,operating_income,ocf,capex,sbc"
2098669,,UNITED ACQUISITION CORP. I,2025,6,"revenue,net_income,operating_income,ocf,capex,sbc"
2098707,,Burtech Acquisition Corp II,2025,6,"revenue,net_income,operating_income,ocf,capex,sbc"
2098712,,GigCapital9 Corp.,2025,6,"revenue,net_income,operating_income,ocf,capex,sbc"
2098780,,TRG Latin America Acquisitions Corp.,2025,6,"revenue,net_income,operating_income,ocf,capex,sbc"
2099093,,HENNESSY CAPITAL INVESTMENT CORP. VIII,2025,6,"revenue,net_income,operating_income,ocf,capex,sbc"
2099095,,Patriot Acquisition Corp./CI,2025,6,"revenue,net_income,operating_income,ocf,capex,sbc"
2099232,,Future Money Acquisition Corporation,2026,6,"revenue,net_income,operating_income,ocf,capex,sbc"
2099656,,HELIX ACQUISITION CORP. III,2025,6,"revenue,net_income,operating_income,ocf,capex,sbc"
2099767,,NEWHOLD INVESTMENT CORP IV,2025,6,"revenue,net_income,operating_income,ocf,capex,sbc"
2099906,,Abony Acquisition Corp. I,2025,6,"revenue,net_income,operating_income,ocf,capex,sbc"
2100125,,Cambridge Acquisition Corp.,2025,6,"revenue,net_income,operating_income,ocf,capex,sbc"
2100161,,Blackstone Digital Infrastructure Trust Inc.,2026,6,"revenue,net_income,operating_income,ocf,capex,sbc"
2100704,,East     West Ave Acquisition Corp.,2026,6,"revenue,net_income,operating_income,ocf,capex,sbc"
2100782,,"Generate Biomedicines, Inc.",2025,6,"revenue,net_income,operating_income,ocf,capex,sbc"
2100805,,"Janus Living, Inc.",2025,6,"revenue,net_income,operating_income,ocf,capex,sbc"
2101135,,ILLUMINATION ACQUISITION CORP I,2025,6,"revenue,net_income,operating_income,ocf,capex,sbc"
2101393,,AmperCap Acquisition Company,2026,6,"revenue,net_income,operating_income,ocf,capex,sbc"
2101470,,Wilco 63 Corporation,2026,6,"revenue,net_income,operating_income,ocf,capex,sbc"
2101562,,PALOMA ACQUISITION CORP I,2025,6,"revenue,net_income,operating_income,ocf,capex,sbc"
2101698,,The Elmet Group Co.,2025,6,"revenue,net_income,operating_income,ocf,capex,sbc"
2102041,,INFLECTION POINT ACQUISITION CORP. VI,2025,6,"revenue,net_income,operating_income,ocf,capex,sbc"
2102123,,APOGEE ACQUISITION CORP,2025,6,"revenue,net_income,operating_income,ocf,capex,sbc"
2102155,,Quantum Leap Acquisition Corp.,2025,6,"revenue,net_income,operating_income,ocf,capex,sbc"
2102386,,"Shefford Small Business, Inc.",2025,6,"revenue,net_income,operating_income,ocf,capex,sbc"
2102713,,KENSINGTON CAPITAL ACQUISITION CORP. VI,2025,6,"revenue,net_income,operating_income,ocf,capex,sbc"
2102771,,KEYSTONE ACQUISITION CORP.,2026,6,"revenue,net_income,operating_income,ocf,capex,sbc"
2104177,,LONG TABLE GROWTH CORP.,2026,6,"revenue,net_income,operating_income,ocf,capex,sbc"
2104204,,"Alamar Biosciences, Inc.",2025,6,"revenue,net_income,operating_income,ocf,capex,sbc"
2104260,,West Enclave Merger Corp.,2025,6,"revenue,net_income,operating_income,ocf,capex,sbc"
2104879,,RMG ML SPORTS HOLDINGS,2026,6,"revenue,net_income,operating_income,ocf,capex,sbc"
2105139,,ADI Global Distribution Inc.,2026,6,"revenue,net_income,operating_income,ocf,capex,sbc"
2105274,,"INTERPRIVATE INVESTMENT PARTNERS V, INC.",2026,6,"revenue,net_income,operating_income,ocf,capex,sbc"
2105398,,"CSQUARE, INC.",2026,6,"revenue,net_income,operating_income,ocf,capex,sbc"
2105838,,SUMA Acquisition Corporation,2025,6,"revenue,net_income,operating_income,ocf,capex,sbc"
2106436,,Mercator Acquisition Corp.,2026,6,"revenue,net_income,operating_income,ocf,capex,sbc"
2106607,,DRAVICA CORPORATION,2026,6,"revenue,net_income,operating_income,ocf,capex,sbc"
2107018,,DPC Holdings PLC,2026,6,"revenue,net_income,operating_income,ocf,capex,sbc"
2107057,,TCW SPECIALTY LENDING IX LLC,2026,6,"revenue,net_income,operating_income,ocf,capex,sbc"
2107166,,RWB HEALTH INC.,2025,6,"revenue,net_income,operating_income,ocf,capex,sbc"
2107170,,"OXO, Inc.",2025,6,"revenue,net_income,operating_income,ocf,capex,sbc"
2107724,,METALS ACQUISITION CORP. II,2025,6,"revenue,net_income,operating_income,ocf,capex,sbc"
2108121,,IONETIX CORPORATION,2025,6,"revenue,net_income,operating_income,ocf,capex,sbc"
2108359,,"BIOKEY (CAYMAN), INC.",2026,6,"revenue,net_income,operating_income,ocf,capex,sbc"
2108962,,GENERAL CATALYST GLOBAL RESILIENCE MERGER CORP.,2026,6,"revenue,net_income,operating_income,ocf,capex,sbc"
2109150,,INNIO N.V.,2026,6,"revenue,net_income,operating_income,ocf,capex,sbc"
2110029,,"ERock, Inc.",2025,6,"revenue,net_income,operating_income,ocf,capex,sbc"
2110105,,Quantinuum Inc.,2025,6,"revenue,net_income,operating_income,ocf,capex,sbc"
2110117,,"ITG, Inc./DE/",2026,6,"revenue,net_income,operating_income,ocf,capex,sbc"
2110119,,AMR RESOURCES ACQUISITION CORP,2026,6,"revenue,net_income,operating_income,ocf,capex,sbc"
2111038,,Disciplined Growth Acquisition Corporation,2026,6,"revenue,net_income,operating_income,ocf,capex,sbc"
2111762,,GSR V Acquisition Corp.,2025,6,"revenue,net_income,operating_income,ocf,capex,sbc"
2111846,,"GAME YOUR GAME, INC.",2026,6,"revenue,net_income,operating_income,ocf,capex,sbc"
2112460,,BRAVALO CORPORATION,2026,6,"revenue,net_income,operating_income,ocf,capex,sbc"
2112585,,Lantics Corp.,2026,6,"revenue,net_income,operating_income,ocf,capex,sbc"
2113481,,OSPREY ACQUISITION CORP. III,2026,6,"revenue,net_income,operating_income,ocf,capex,sbc"
2114044,,"Hemab Therapeutics Holdings, Inc.",2025,6,"revenue,net_income,operating_income,ocf,capex,sbc"
2114227,,CHURCHILL CAPITAL CORP XII,2025,6,"revenue,net_income,operating_income,ocf,capex,sbc"
2114521,,CSB Financial Inc.,2025,6,"revenue,net_income,operating_income,ocf,capex,sbc"
2116105,,Futurewave Acquisition Corporation,2026,6,"revenue,net_income,operating_income,ocf,capex,sbc"
2116230,,Southern Cross Acquisition I Corp.,2026,6,"revenue,net_income,operating_income,ocf,capex,sbc"
2118032,,Research Alliance Corporation III,2026,6,"revenue,net_income,operating_income,ocf,capex,sbc"
2118195,,"Applied Aerospace & Defense, Inc.",2026,6,"revenue,net_income,operating_income,ocf,capex,sbc"
2121703,,FortuneX Acquisition Corporation,2026,6,"revenue,net_income,operating_income,ocf,capex,sbc"
2121708,,IMRICOR MEDICAL SYSTEMS INC,2026,6,"revenue,net_income,operating_income,ocf,capex,sbc"
2122505,,IRENIC ACQUISITION CORP.,2026,6,"revenue,net_income,operating_income,ocf,capex,sbc"
2123169,,Luvulis Corporation,2026,6,"revenue,net_income,operating_income,ocf,capex,sbc"
2123471,,Columbus Circle Capital Corp III,2026,6,"revenue,net_income,operating_income,ocf,capex,sbc"
2123613,,"Kardigan, Inc.",2026,6,"revenue,net_income,operating_income,ocf,capex,sbc"
2124122,,"Tric Global, Inc.",2026,6,"revenue,net_income,operating_income,ocf,capex,sbc"
2125551,,Alpex Acquisition Corporation,2026,6,"revenue,net_income,operating_income,ocf,capex,sbc"
2126043,,CARTESIAN GROWTH CORPORATION IV,2026,6,"revenue,net_income,operating_income,ocf,capex,sbc"
2127043,,Jersey Mike’s Subs Inc.,2026,6,"revenue,net_income,operating_income,ocf,capex,sbc"
2128115,,Ares Acquisition Corp III,2026,6,"revenue,net_income,operating_income,ocf,capex,sbc"
2129056,,JONES VENTURES INTL ACQUISITION1 CORP,2026,6,"revenue,net_income,operating_income,ocf,capex,sbc"
2129659,,Freedom Metals Acquisition Corp.,2026,6,"revenue,net_income,operating_income,ocf,capex,sbc"
2129664,,Margaree Acquisition Corp.,2026,6,"revenue,net_income,operating_income,ocf,capex,sbc"
2130386,,YORKVILLE INTERNATIONAL CAPITAL CORP.,2026,6,"revenue,net_income,operating_income,ocf,capex,sbc"
2130606,,"OBSIDIAN THERAPEUTICS, INC.",2026,6,"revenue,net_income,operating_income,ocf,capex,sbc"
2131350,,B&R TECHNOLOGY MERGER CORP.,2026,6,"revenue,net_income,operating_income,ocf,capex,sbc"
2131524,,"Braveheart Bio, Inc.",2026,6,"revenue,net_income,operating_income,ocf,capex,sbc"
2131853,,FUTURECORP SPACE ACQUISITION 1,2026,6,"revenue,net_income,operating_income,ocf,capex,sbc"
2133770,,ARTERIOR SOLUTIONS CORP,2026,6,"revenue,net_income,operating_income,ocf,capex,sbc"
2134183,,"Platinum SpinCo, Inc.",2026,6,"revenue,net_income,operating_income,ocf,capex,sbc"
2136530,,MERIDIAN3 INDUSTRIALS ACQUISITION CORP,2026,6,"revenue,net_income,operating_income,ocf,capex,sbc"
2137777,,Research Alliance Corporation IV,2026,6,"revenue,net_income,operating_income,ocf,capex,sbc"
2139246,,Viking Acquisition Corp. II,2026,6,"revenue,net_income,operating_income,ocf,capex,sbc"
1820878,,Apartment Investment and Management Company,2026,6,"revenue,net_income,operating_income,ocf,capex,sbc"
311337,,SUNCOR ENERGY INC,2025,5,"goodwill,intangibles,operating_income,ocf,capex"
819926,,SHARING ECONOMY INTERNATIONAL INC.,2025,5,"goodwill,intangibles,revenue,capex,sbc"
842717,,"BLUE RIDGE BANKSHARES, INC.",2025,5,"goodwill,intangibles,operating_income,sbc,acq_cf_bs_disagreement"
845698,,GRANT PARK FUTURES FUND LIMITED PARTNERSHIP,2025,5,"revenue,operating_income,ocf,capex,sbc"
864270,,AMERICAN HONDA FINANCE CORPORATION,2026,5,"intangibles,revenue,operating_income,capex,sbc"
917851,,VALE S.A.,2025,5,"goodwill,intangibles,ocf,capex,sbc"
924901,,"VERIS RESIDENTIAL, INC.",2025,5,"goodwill,intangibles,operating_income,capex,sbc"
1066656,,CERES CLASSIC L.P.,2025,5,"revenue,operating_income,ocf,capex,sbc"
1159508,,DEUTSCHE BANK AKTIENGESELLSCHAFT,2025,5,"net_income,operating_income,ocf,capex,sbc"
1209709,,CERES TACTICAL SYSTEMATIC L.P.,2025,5,"revenue,operating_income,ocf,capex,sbc"
1222333,,SPDR® GOLD TRUST,2025,5,"equity,revenue,operating_income,capex,sbc"
1276531,,"SCIENTIFIC ENERGY, INC.",2024,5,"net_income,operating_income,ocf,capex,sbc"
1279495,,BAYTEX ENERGY CORP.,2025,5,"goodwill,intangibles,operating_income,capex,sbc"
1318268,,"MADISON     TECHNOLOGIES, INC.",2025,5,"goodwill,intangibles,revenue,capex,sbc"
1403528,,"Brookfield Oaktree Holdings, LLC",2025,5,"goodwill,intangibles,operating_income,capex,sbc"
1418076,,SLR INVESTMENT CORP.,2025,5,"equity,revenue,operating_income,capex,sbc"
1420924,,"Adapti, Inc.",2025,5,"revenue,operating_income,ocf,capex,sbc"
1450922,,abrdn Silver ETF Trust,2025,5,"revenue,operating_income,ocf,capex,sbc"
1450923,,abrdn Gold ETF Trust,2025,5,"revenue,operating_income,ocf,capex,sbc"
1459862,,abrdn Palladium ETF Trust,2025,5,"revenue,operating_income,ocf,capex,sbc"
1460235,,abrdn Platinum ETF Trust,2025,5,"revenue,operating_income,ocf,capex,sbc"
1461219,,GRAHAM ALTERNATIVE INVESTMENT FUND I LLC,2025,5,"revenue,net_income,operating_income,capex,sbc"
1461237,,GRAHAM ALTERNATIVE INVESTMENT FUND II LLC,2025,5,"revenue,net_income,operating_income,capex,sbc"
1483386,,abrdn Precious Metals Basket ETF Trust,2025,5,"revenue,operating_income,ocf,capex,sbc"
1487918,,OFS CAPITAL CORPORATION,2025,5,"intangibles,revenue,operating_income,capex,sbc"
1492617,,"FLYWHEEL     ADVANCED TECHNOLOGY, INC.",2025,5,"goodwill,intangibles,revenue,capex,sbc"
1495584,,"Firsthand Technology Value Fund, Inc.",2025,5,"equity,revenue,operating_income,capex,sbc"
1514281,,"TPG MORTGAGE INVESTMENT TRUST, INC.",2025,5,"goodwill,intangibles,revenue,operating_income,capex"
1546652,,VANECK MERK GOLD ETF,2026,5,"revenue,operating_income,ocf,capex,sbc"
1588489,,Grayscale Bitcoin Trust ETF,2025,5,"equity,revenue,operating_income,capex,sbc"
1610940,,Amplify Commodity Trust,2025,5,"revenue,operating_income,ocf,capex,sbc"
1618181,,WORLD GOLD TRUST,2025,5,"equity,revenue,operating_income,capex,sbc"
1668438,,Integrated Media Technology Limited,2025,5,"goodwill,intangibles,operating_income,capex,sbc"
1702015,,"AIS HOLDINGS GROUP, INC.",2025,5,"intangibles,revenue,operating_income,capex,sbc"
1708646,,GOLDMAN SACHS PHYSICAL GOLD ETF,2025,5,"equity,revenue,operating_income,capex,sbc"
1721056,,HOOPS SCOUTING USA,2025,5,"intangibles,revenue,operating_income,capex,sbc"
1723788,,Bitwise 10 Crypto Index ETF,2025,5,"equity,revenue,operating_income,capex,sbc"
1725210,,Grayscale Ethereum Staking ETF,2025,5,"equity,revenue,operating_income,capex,sbc"
1737193,,APHOENITY INTERNATIONAL HOLDINGS INC.,2024,5,"revenue,operating_income,ocf,capex,sbc"
1746119,,VANGUARD GREEN INVESTMENT LIMITED,2025,5,"intangibles,revenue,operating_income,capex,sbc"
1763415,,Bitwise Bitcoin ETF,2025,5,"equity,revenue,operating_income,capex,sbc"
1838028,,VanEck Bitcoin ETF,2025,5,"revenue,operating_income,ocf,capex,sbc"
1840416,,Sono Group N.V.,2025,5,"intangibles,revenue,net_income,capex,sbc"
1846416,,HENNESSY CAPITAL INVESTMENT CORP. VII,2026,5,"revenue,operating_income,ocf,capex,sbc"
1852025,,Grayscale Chainlink Trust ETF,2025,5,"equity,revenue,operating_income,capex,sbc"
1860788,,VanEck Ethereum ETF,2025,5,"revenue,operating_income,ocf,capex,sbc"
1872812,,TC BIOPHARM (HOLDINGS) PLC,2024,5,"intangibles,revenue,operating_income,capex,sbc"
1882464,,METAL     SKY STAR ACQUISITION CORPORATION,2025,5,"revenue,operating_income,ocf,capex,sbc"
1889539,,"Corebridge Financial, Inc.",2025,5,"goodwill,intangibles,operating_income,capex,acq_cf_bs_disagreement"
1896677,,Grayscale Solana Staking ETF,2025,5,"equity,revenue,operating_income,capex,sbc"
1930054,,Blackstone Private Equity Strategies Fund L.P.,2025,5,"equity,revenue,operating_income,capex,sbc"
1950572,,BIP Ventures Evergreen BDC,2025,5,"revenue,net_income,operating_income,capex,sbc"
1959604,,Jefferies Credit Partners BDC Inc.,2025,5,"equity,revenue,operating_income,capex,sbc"
1959961,,"IPC Alternative Real Estate Income Trust, Inc.",2025,5,"revenue,operating_income,ocf,capex,sbc"
1970743,,"RMX INDUSTRIES, INC.",2025,5,"revenue,operating_income,ocf,capex,sbc"
1988280,,MANULIFE PRIVATE CREDIT FUND,2025,5,"equity,revenue,operating_income,capex,sbc"
1992508,,21Shares Ethereum ETF,2025,5,"revenue,operating_income,ocf,capex,sbc"
2008748,,Lord Abbett Private Credit Fund,2025,5,"equity,revenue,operating_income,capex,sbc"
2013744,,Bitwise Ethereum ETF,2025,5,"equity,revenue,operating_income,capex,sbc"
2015034,,Grayscale Bitcoin Mini Trust ETF,2025,5,"equity,revenue,operating_income,capex,sbc"
2020455,,Grayscale Ethereum Staking Mini ETF,2025,5,"equity,revenue,operating_income,capex,sbc"
2028835,,21Shares XRP ETF,2025,5,"revenue,operating_income,ocf,capex,sbc"
2032019,,EQT Infrastructure Company LLC,2025,5,"revenue,net_income,ocf,capex,sbc"
2039273,,JAGUAR URANIUM CORP.,2025,5,"goodwill,intangibles,revenue,operating_income,capex"
2044820,,"VistaOne, L.P.",2025,5,"equity,revenue,operating_income,capex,sbc"
2054247,,21Shares Polkadot ETF,2026,5,"revenue,operating_income,ocf,capex,sbc"
2067674,,SILVER BOW MINING CORP.,2025,5,"revenue,net_income,operating_income,ocf,sbc"
2087087,,BLACK SPADE ACQUISITION III CO,2025,5,"revenue,net_income,operating_income,ocf,capex"
2087446,,Proem Acquisition Corp I,2025,5,"revenue,operating_income,ocf,capex,sbc"
2104882,,"EagleRock Land, LLC",2025,5,"revenue,net_income,operating_income,ocf,sbc"
1273813,,ASSURED GUARANTY LTD.,2025,5,"goodwill,intangibles,operating_income,capex,sbc"
40729,,Ally Financial Inc.,2025,4,"operating_income,capex,sbc,acq_cf_bs_disagreement"
81955,,RAND CAPITAL CORPORATION,2025,4,"revenue,operating_income,capex,sbc"
202947,,"CAPITAL PROPERTIES, INC.",2024,4,"revenue,operating_income,capex,sbc"
315131,,PHX MINERALS INC.,2024,4,"goodwill,intangibles,operating_income,capex"
733076,,Brighthouse Life Insurance Company,2025,4,"intangibles,operating_income,capex,sbc"
769218,,AEGON LTD.,2025,4,"intangibles,revenue,operating_income,sbc"
773717,,"AMERICAN CLEAN RESOURCES GROUP, INC.",2025,4,"intangibles,revenue,capex,sbc"
788816,,OGLETHORPE POWER CORP,2025,4,"equity,goodwill,intangibles,sbc"
793628,,"CHINA NATURAL RESOURCES, INC.",2024,4,"intangibles,revenue,operating_income,sbc"
811830,,"SANTANDER HOLDINGS USA, INC.",2025,4,"operating_income,capex,sbc,acq_cf_bs_disagreement"
825313,,ALLIANCEBERNSTEIN HOLDING L.P.,2025,4,"revenue,operating_income,capex,sbc"
834071,,Toyota Motor Credit Corporation,2026,4,"revenue,operating_income,capex,sbc"
837010,,Voya Retirement Insurance and Annuity Company,2025,4,"goodwill,intangibles,operating_income,capex"
845385,,PRINCETON CAPITAL CORPORATION,2025,4,"revenue,operating_income,capex,sbc"
861441,,LOCORR FUTURES PORTFOLIO FUND L.P.,2025,4,"revenue,operating_income,capex,sbc"
879764,,TotalEnergies SE,2025,4,"intangibles,operating_income,capex,sbc"
896159,,Chubb Limited,2025,4,"operating_income,capex,sbc,acq_cf_bs_disagreement"
924396,,Crisp Momentum Inc.,2025,4,"goodwill,intangibles,capex,sbc"
941221,,ICL GROUP LTD.,2025,4,"goodwill,intangibles,capex,sbc"
946155,,TIAA REAL ESTATE ACCOUNT,2025,4,"equity,operating_income,capex,sbc"
1001807,,PERUSAHAAN PERSEROAN PERSERO PT TELEKOMUNIKASI INDONESIA TBK,2024,4,"goodwill,intangibles,revenue,sbc"
1018724,,AMAZON COM INC,2026,4,"equity,revenue,operating_income,acq_cf_bs_disagreement"
1043219,,ANNALY CAPITAL MANAGEMENT INC,2025,4,"revenue,operating_income,capex,sbc"
1043951,,CAMPBELL FUND TRUST,2025,4,"revenue,operating_income,capex,sbc"
1084475,,"VIDEO RIVER NETWORKS, INC.",2024,4,"revenue,operating_income,capex,sbc"
1086888,,MANULIFE FINANCIAL CORPORATION,2025,4,"operating_income,capex,sbc,acq_cf_bs_disagreement"
1094972,,ULTRAPAR HOLDINGS INC.,2024,4,"goodwill,intangibles,operating_income,capex"
1119190,,"TAP REAL ESTATE TECHNOLOGIES, INC.",2025,4,"goodwill,intangibles,capex,sbc"
1143513,,GLADSTONE CAPITAL CORP,2025,4,"revenue,operating_income,capex,sbc"
1145765,,GLOBAL MACRO TRUST,2025,4,"revenue,ocf,capex,sbc"
1145898,,CHINESEWORLDNET COM INC,2024,4,"revenue,operating_income,capex,sbc"
1163165,,ConocoPhillips,2025,4,"goodwill,intangibles,operating_income,capex"
1175596,,AMARC RESOURCES LTD.,2025,4,"revenue,operating_income,capex,sbc"
1198415,,"ALTEGRIS WINTON FUTURES FUND, L.P.",2024,4,"revenue,ocf,capex,sbc"
1227265,,CERES ORION L.P.,2025,4,"operating_income,ocf,capex,sbc"
1230524,,"Leopard Energy, Inc.",2025,4,"goodwill,intangibles,capex,sbc"
1259429,,OXFORD SQUARE CAPITAL CORP.,2025,4,"revenue,operating_income,capex,sbc"
1273441,,GRAN TIERRA ENERGY INC.,2025,4,"goodwill,intangibles,operating_income,capex"
1278680,,ISHARES GOLD TRUST,2025,4,"equity,revenue,capex,sbc"
1278752,,MIDCAP FINANCIAL INVESTMENT CORPORATION,2025,4,"revenue,operating_income,capex,sbc"
1287032,,Prospect Capital Corporation,2026,4,"revenue,operating_income,capex,sbc"
1287750,,ARES CAPITAL CORPORATION,2025,4,"revenue,operating_income,capex,sbc"
1297341,,KENTUCKY FIRST FEDERAL BANCORP,2025,4,"goodwill,revenue,operating_income,sbc"
1303942,,BankFinancial CORP,2024,4,"intangibles,operating_income,capex,sbc"
1310488,,"BIOFORCE NANOSCIENCES HOLDINGS, INC.",2025,4,"revenue,operating_income,capex,sbc"
1316944,,FEDERAL HOME LOAN BANK OF SAN FRANCISCO,2025,4,"net_income,operating_income,capex,sbc"
1319643,,"FINTRADE SHERPA, INC.",2025,4,"revenue,operating_income,capex,sbc"
1321517,,Stratos Renewables Corporation,2024,4,"revenue,operating_income,capex,sbc"
1321741,,GLADSTONE INVESTMENT CORPORATION\DE,2026,4,"revenue,operating_income,capex,sbc"
1325676,,CERES TACTICAL COMMODITY L.P.,2025,4,"operating_income,ocf,capex,sbc"
1328598,,Invesco CurrencyShares Euro Trust,2025,4,"equity,operating_income,capex,sbc"
1330568,,iShares Silver Trust,2025,4,"equity,revenue,capex,sbc"
1333986,,"EQUITABLE HOLDINGS, INC.",2025,4,"goodwill,intangibles,operating_income,capex"
1335105,,"NOMAD POWER SOLUTIONS, INC.",2025,4,"goodwill,intangibles,revenue,capex"
1341335,,FORTUNA MINING CORP.,2025,4,"goodwill,intangibles,ocf,capex"
1346287,,CLUSTER GROUP HOLDINGS LIMITED CO.,2026,4,"revenue,operating_income,capex,sbc"
1347426,,Macro Bank Inc.,2024,4,"goodwill,intangibles,revenue,sbc"
1353611,,Invesco CurrencyShares® British Pound Sterling Trust,2025,4,"equity,operating_income,capex,sbc"
1353612,,Invesco CURRENCYSHARES CANADIAN DOLLAR TRUST,2025,4,"equity,operating_income,capex,sbc"
1353613,,Invesco CurrencyShares Japanese Yen Trust,2025,4,"equity,operating_income,capex,sbc"
1353614,,Invesco CURRENCYSHARES AUSTRALIAN DOLLAR TRUST,2025,4,"equity,operating_income,capex,sbc"
1353615,,Invesco CurrencyShares Swiss Franc Trust,2025,4,"equity,operating_income,capex,sbc"
1362516,,"CLEARTRONIC, INC.",2025,4,"intangibles,operating_income,capex,sbc"
1363829,,Enstar Group LTD,2024,4,"goodwill,intangibles,operating_income,capex"
1370755,,BLACKROCK TCP CAPITAL CORP.,2025,4,"revenue,operating_income,capex,sbc"
1372807,,BCP Investment Corporation,2025,4,"revenue,operating_income,capex,sbc"
1375348,,GOLDEN STAR RESOURCE CORP.,2025,4,"revenue,operating_income,capex,sbc"
1376227,,"United States Natural Gas Fund, LP",2025,4,"revenue,operating_income,capex,sbc"
1377936,,Saratoga Investment Corp.,2026,4,"revenue,operating_income,capex,sbc"
1378789,,AerCap Holdings N.V.,2025,4,"goodwill,intangibles,operating_income,capex"
1379785,,"Barings BDC, Inc.",2025,4,"revenue,operating_income,capex,sbc"
1383414,,PennantPark Investment Corporation,2025,4,"revenue,operating_income,capex,sbc"
1389545,,STABLECOIN DEVELOPMENT CORPORATION,2025,4,"goodwill,intangibles,revenue,capex"
1392449,,"GREEN PLANET BIOENGINEERING CO., LTD.",2025,4,"revenue,operating_income,capex,sbc"
1404281,,"Eledon Pharmaceuticals, Inc.",2025,4,"goodwill,revenue,operating_income,capex"
1404912,,KKR & CO. INC.,2025,4,"goodwill,intangibles,operating_income,capex"
1410738,,VoIP-PAL.COM INC.,2025,4,"intangibles,revenue,operating_income,capex"
1414932,,Oaktree Specialty Lending Corporation,2025,4,"revenue,operating_income,capex,sbc"
1415311,,PROSHARES TRUST II,2025,4,"revenue,operating_income,capex,sbc"
1422183,,FS KKR Capital Corp.,2025,4,"revenue,operating_income,capex,sbc"
1424864,,RISE GOLD CORP.,2025,4,"revenue,operating_income,capex,sbc"
1429937,,B2GOLD CORP,2025,4,"goodwill,intangibles,revenue,capex"
1435617,,"POWERDYNE INTERNATIONAL, INC.",2025,4,"intangibles,operating_income,capex,sbc"
1444839,,BRAVO MULTINATIONAL INCORPORATED,2025,4,"revenue,operating_income,capex,sbc"
1460702,,"AIxCrypto Holdings, Inc.",2025,4,"goodwill,intangibles,revenue,capex"
1463208,,"Transportation and Logistics Systems, Inc.",2025,4,"goodwill,intangibles,revenue,capex"
1465740,,TWO HARBORS INVESTMENT CORP.,2025,4,"goodwill,intangibles,operating_income,capex"
1472494,,"United States Brent Oil Fund, LP",2025,4,"revenue,operating_income,capex,sbc"
1476765,,"Golub Capital BDC, Inc.",2025,4,"revenue,operating_income,capex,sbc"
1477049,,SPROTT PHYSICAL GOLD TRUST,2025,4,"revenue,operating_income,capex,sbc"
1487428,,Horizon Technology Finance Corp,2025,4,"revenue,operating_income,capex,sbc"
1487718,,AMERICAN BATTERY MATERIALS INC.,2025,4,"goodwill,intangibles,revenue,capex"
1490349,,PHENIXFIN CORPORATION,2025,4,"revenue,operating_income,capex,sbc"
1493712,,Stimcell Energetics Inc.,2026,4,"revenue,operating_income,capex,sbc"
1494728,,SPROTT PHYSICAL SILVER TRUST,2025,4,"revenue,operating_income,capex,sbc"
1496099,,New Mountain Finance Corporation,2025,4,"revenue,operating_income,capex,sbc"
1500375,,"HOME FEDERAL BANCORP, INC. OF LOUISIANA",2025,4,"operating_income,capex,sbc,acq_cf_bs_disagreement"
1501729,,FS Specialty Lending Fund,2024,4,"revenue,operating_income,capex,sbc"
1504619,,PENNANTPARK FLOATING RATE CAPITAL LTD.,2025,4,"revenue,operating_income,capex,sbc"
1508655,,"Sixth Street Specialty Lending, Inc.",2025,4,"revenue,operating_income,capex,sbc"
1512931,,MONROE CAPITAL CORP,2025,4,"revenue,operating_income,capex,sbc"
1513363,,FIDUS INVESTMENT Corp,2025,4,"revenue,operating_income,capex,sbc"
1521945,,"Prospect Floating Rate and Alternative Income Fund, Inc.",2025,4,"revenue,operating_income,capex,sbc"
1534254,,CION Investment Corporation,2025,4,"revenue,operating_income,capex,sbc"
1535778,,"MSC Income Fund, Inc",2025,4,"revenue,operating_income,capex,sbc"
1539190,,SPROTT PHYSICAL PLATINUM AND PALLADIUM TRUST,2025,4,"revenue,operating_income,capex,sbc"
1544206,,"Carlyle Secured Lending, Inc.",2025,4,"revenue,operating_income,capex,sbc"
1552198,,"WhiteHorse Finance, Inc.",2025,4,"revenue,operating_income,capex,sbc"
1558740,,Winvest Group Ltd.,2025,4,"goodwill,intangibles,capex,sbc"
1571329,,Logan Ridge Finance Corporation,2024,4,"revenue,operating_income,capex,sbc"
1572694,,"Goldman Sachs BDC, Inc.",2025,4,"revenue,operating_income,capex,sbc"
1578348,,"INVESTCORP CREDIT MANAGEMENT BDC, INC.",2025,4,"revenue,operating_income,capex,sbc"
1580345,,TriplePoint Venture Growth BDC Corp.,2025,4,"revenue,operating_income,capex,sbc"
1588272,,"NexPoint Capital, Inc.",2025,4,"revenue,operating_income,capex,sbc"
1601712,,Synchrony Financial,2025,4,"revenue,operating_income,capex,sbc"
1603480,,TCW DIRECT LENDING LLC,2025,4,"revenue,operating_income,capex,sbc"
1614806,,RITHM PROPERTY TRUST INC.,2025,4,"revenue,operating_income,capex,sbc"
1618694,,GUGGENHEIM CREDIT INCOME FUND 2016 T,2024,4,"revenue,operating_income,capex,sbc"
1618696,,GUGGENHEIM CREDIT INCOME FUND 2019,2024,4,"revenue,operating_income,capex,sbc"
1618697,,GUGGENHEIM CREDIT INCOME FUND,2024,4,"revenue,operating_income,capex,sbc"
1619227,,"Cloudweb, Inc.",2025,4,"revenue,operating_income,capex,sbc"
1625288,,"NEXIEN BIOPHARMA, INC.",2024,4,"revenue,operating_income,capex,sbc"
1633858,,AUDAX CREDIT BDC INC.,2025,4,"revenue,operating_income,capex,sbc"
1633932,,ESSA Pharma Inc.,2024,4,"intangibles,revenue,operating_income,capex"
1634452,,AB Private Credit Investors Corp,2025,4,"revenue,operating_income,capex,sbc"
1641398,,GD CULTURE GROUP LIMITED,2025,4,"goodwill,revenue,capex,sbc"
1645155,,"Webstar Technology Group, Inc.",2025,4,"intangibles,revenue,capex,sbc"
1646614,,SILVER POINT SPECIALTY LENDING FUND,2025,4,"revenue,operating_income,capex,sbc"
1651932,,"XENOUS HOLDINGS, INC.",2025,4,"revenue,operating_income,capex,sbc"
1652539,,SUSGLOBAL ENERGY CORP.,2025,4,"goodwill,intangibles,operating_income,capex"
1653384,,Runway Growth Finance Corp.,2025,4,"revenue,operating_income,capex,sbc"
1655050,,"BAIN CAPITAL SPECIALTY FINANCE, INC.",2025,4,"revenue,operating_income,capex,sbc"
1655887,,BLUE OWL CAPITAL CORPORATION II,2025,4,"revenue,operating_income,capex,sbc"
1655888,,BLUE OWL CAPITAL CORP,2025,4,"revenue,operating_income,capex,sbc"
1657045,,NEXT-CHEMX CORPORATION,2024,4,"goodwill,revenue,capex,sbc"
1661306,,"Hancock Park Corporate Income, Inc.",2025,4,"revenue,operating_income,capex,sbc"
1673504,,ATLANTIS GLORY INC.,2025,4,"revenue,operating_income,capex,sbc"
1674760,,Silver Capital Holdings LLC,2025,4,"revenue,operating_income,capex,sbc"
1675033,,Great Elm Capital Corp.,2025,4,"revenue,operating_income,capex,sbc"
1681769,,BRILLIANT N.E.V. CORP.,2025,4,"revenue,ocf,capex,sbc"
1684682,,"CNL STRATEGIC CAPITAL, LLC",2025,4,"revenue,operating_income,capex,sbc"
1702510,,"Carlyle Credit Solutions, Inc.",2025,4,"revenue,operating_income,capex,sbc"
1710495,,PINEAPPLE EXPRESS CANNABIS COMPANY,2025,4,"goodwill,intangibles,capex,sbc"
1713748,,Skeena Resources Limited,2025,4,"goodwill,intangibles,revenue,operating_income"
1715933,,TCW DIRECT LENDING VII LLC,2025,4,"revenue,operating_income,capex,sbc"
1717310,,"Venture Lending & Leasing IX, Inc.",2025,4,"revenue,operating_income,capex,sbc"
1726122,,SPROTT PHYSICAL GOLD AND SILVER TRUST,2025,4,"revenue,operating_income,capex,sbc"
1726548,,BC Partners Lending Corporation,2025,4,"revenue,operating_income,capex,sbc"
1728328,,INMED PHARMACEUTICALS INC.,2026,4,"goodwill,revenue,operating_income,capex"
1735556,,Bit Origin Ltd,2025,4,"goodwill,intangibles,capex,sbc"
1736035,,Blackstone Secured Lending Fund,2025,4,"revenue,operating_income,capex,sbc"
1737924,,NUVEEN CHURCHILL DIRECT LENDING CORP.,2025,4,"revenue,operating_income,capex,sbc"
1740797,,"AVAI BIO, INC.",2026,4,"goodwill,revenue,capex,sbc"
1742313,,MONROE CAPITAL INCOME PLUS CORPORATION,2025,4,"revenue,operating_income,capex,sbc"
1743415,,SCP Private Credit Income BDC LLC,2025,4,"revenue,operating_income,capex,sbc"
1745431,,StoneCo Ltd.,2024,4,"goodwill,intangibles,revenue,operating_income"
1748232,,"GPODS, INC.",2026,4,"intangibles,revenue,capex,sbc"
1748824,,Acadian Asset Management Inc.,2025,4,"equity,goodwill,intangibles,capex"
1759124,,iShares Gold Trust Micro,2025,4,"equity,revenue,capex,sbc"
1759136,,Blue Hat Interactive Entertainment Technology,2024,4,"goodwill,intangibles,ocf,capex"
1766037,,"NMF SLF I, Inc.",2025,4,"revenue,operating_income,capex,sbc"
1769731,,AMTD IDEA GROUP,2025,4,"goodwill,operating_income,sbc,acq_cf_bs_disagreement"
1772704,,Goldman Sachs Private Middle Market Credit II LLC,2025,4,"revenue,operating_income,capex,sbc"
1779523,,"Muzinich BDC, Inc.",2025,4,"revenue,operating_income,capex,sbc"
1782524,,Morgan Stanley Direct Lending Fund,2025,4,"revenue,operating_income,capex,sbc"
1784700,,VARAGON CAPITAL CORPORATION,2025,4,"revenue,operating_income,capex,sbc"
1788841,,"micromobility.com, Inc",2024,4,"goodwill,intangibles,capex,acq_cf_bs_disagreement"
1789769,,"Instil Bio, Inc.",2025,4,"goodwill,intangibles,revenue,capex"
1792509,,TriplePoint Private Venture Credit Inc.,2025,4,"revenue,operating_income,capex,sbc"
1794776,,Palmer Square Capital BDC Inc.,2025,4,"revenue,operating_income,capex,sbc"
1798458,,"Carriage House Event Center, Inc",2024,4,"revenue,operating_income,capex,sbc"
1800315,,"DAMORA THERAPEUTICS, INC.",2025,4,"goodwill,intangibles,revenue,capex"
1803096,,"Starguide Group, Inc.",2026,4,"goodwill,intangibles,capex,sbc"
1803498,,Blackstone Private Credit Fund,2025,4,"revenue,operating_income,capex,sbc"
1811972,,Barings Capital Investment Corporation,2025,4,"revenue,operating_income,capex,sbc"
1812554,,Blue Owl Credit Income Corp.,2025,4,"revenue,operating_income,capex,sbc"
1817825,,STEELE CREEK CAPITAL CORPORATION,2025,4,"revenue,operating_income,capex,sbc"
1818152,,"ZENTRUM HOLDINGS, Inc.",2024,4,"operating_income,ocf,capex,sbc"
1825248,,FRANKLIN BSP CAPITAL CORPORATION,2025,4,"revenue,operating_income,capex,sbc"
1825265,,TCW DIRECT LENDING VIII LLC,2025,4,"revenue,operating_income,capex,sbc"
1827855,,Medicale Corp.,2025,4,"intangibles,revenue,capex,sbc"
1828937,,FINANCE OF AMERICA COMPANIES INC.,2025,4,"goodwill,operating_income,capex,sbc"
1830696,,GLOBAL LEADERS CORP.,2024,4,"revenue,operating_income,capex,sbc"
1832148,,SLR HC BDC LLC,2025,4,"revenue,operating_income,capex,sbc"
1834543,,BLACKROCK DIRECT LENDING CORP.,2025,4,"revenue,operating_income,capex,sbc"
1837532,,Apollo Debt Solutions BDC,2025,4,"revenue,operating_income,capex,sbc"
1837671,,Copper Property CTL Pass Through Trust,2025,4,"revenue,operating_income,capex,sbc"
1838126,,HPS Corporate Lending Fund,2025,4,"revenue,operating_income,capex,sbc"
1838162,,SLAM CORP.,2024,4,"revenue,operating_income,capex,sbc"
1839140,,REVIUM Rx.,2025,4,"revenue,operating_income,ocf,capex"
1841175,,CoinShares Bitcoin ETF,2025,4,"revenue,ocf,capex,sbc"
1841514,,"Commonwealth Credit Partners BDC I, Inc.",2025,4,"revenue,operating_income,capex,sbc"
1842138,,WarpSpeed Taxi Inc.,2024,4,"revenue,operating_income,capex,sbc"
1843162,,"CHICAGO ATLANTIC BDC, INC.",2025,4,"revenue,operating_income,capex,sbc"
1848756,,PYROPHYTE ACQUISITION CORP.,2024,4,"goodwill,revenue,capex,sbc"
1849089,,"LAFAYETTE SQUARE USA, INC.",2025,4,"revenue,operating_income,capex,sbc"
1849894,,MSD Investment Corp.,2025,4,"revenue,operating_income,capex,sbc"
1850391,,WISDOMTREE BITCOIN FUND,2025,4,"equity,revenue,capex,sbc"
1850787,,"Kayne DL 2021, Inc.",2025,4,"revenue,operating_income,capex,sbc"
1850938,,"WTI Fund X, Inc.",2025,4,"revenue,operating_income,capex,sbc"
1851322,,North Haven Private Income Fund LLC,2025,4,"revenue,operating_income,capex,sbc"
1852016,,ALTENERGY ACQUISITION CORP.,2025,4,"revenue,operating_income,capex,sbc"
1852317,,Fidelity® Wise Origin® Bitcoin Fund,2025,4,"revenue,operating_income,capex,sbc"
1858258,,FRANKLIN TEMPLETON HOLDINGS TRUST,2026,4,"revenue,operating_income,capex,sbc"
1859007,,"ZYVERSA THERAPEUTICS, INC.",2025,4,"goodwill,intangibles,revenue,capex"
1859919,,Barings Private Credit Corporation,2025,4,"revenue,operating_income,capex,sbc"
1860424,,Onex Direct Lending BDC Fund,2025,4,"revenue,operating_income,capex,sbc"
1864163,,"Inter & Co, Inc.",2024,4,"goodwill,intangibles,operating_income,sbc"
1865174,,Goldman Sachs Middle Market Lending Corp. II,2024,4,"revenue,operating_income,capex,sbc"
1865248,,PIERMONT VALLEY ACQUISITION CORP.,2026,4,"revenue,operating_income,capex,sbc"
1865861,,Cactus Acquisition Corp. 1 Ltd.,2025,4,"revenue,operating_income,capex,sbc"
1866226,,EVOLUTION METALS & TECHNOLOGIES CORP.,2025,4,"intangibles,revenue,capex,sbc"
1868878,,Golub Capital Direct Lending Corporation,2025,4,"revenue,operating_income,capex,sbc"
1869453,,Blue Owl Technology Income Corp.,2025,4,"revenue,operating_income,capex,sbc"
1869699,,ARK 21Shares Bitcoin ETF,2025,4,"revenue,ocf,capex,sbc"
1870267,,REDWOOD ENHANCED INCOME CORP.,2024,4,"revenue,operating_income,capex,sbc"
1871890,,GALAXY ENTERPRISES INC.,2025,4,"revenue,operating_income,capex,sbc"
1872371,,Oaktree Strategic Credit Fund,2025,4,"revenue,operating_income,capex,sbc"
1876255,,"AB COMMERCIAL REAL ESTATE PRIVATE DEBT FUND, LLC",2025,4,"revenue,operating_income,capex,sbc"
1879814,,TLGY Acquisition Corporation,2025,4,"revenue,operating_income,capex,sbc"
1882198,,ATHENA TECHNOLOGY ACQUISITION CORP. II,2025,4,"revenue,operating_income,capex,sbc"
1884046,,Spark I Acquisition Corp,2025,4,"revenue,operating_income,capex,sbc"
1885968,,T Series BDC LLC,2025,4,"revenue,operating_income,capex,sbc"
1888734,,GLOBALINK INVESTMENT INC.,2024,4,"revenue,operating_income,capex,sbc"
1888846,,"Ultimate Holdings Group, Inc.",2025,4,"revenue,operating_income,capex,sbc"
1889106,,ALPHATIME ACQUISITION CORP,2024,4,"revenue,operating_income,capex,sbc"
1889450,,FUTURETECH II ACQUISITION CORP.,2024,4,"revenue,operating_income,capex,sbc"
1889983,,KEEN VISION ACQUISITION CORPORATION,2025,4,"revenue,operating_income,capex,sbc"
1895316,,BRIGHTWOOD CAPITAL CORPORATION I,2025,4,"revenue,operating_income,capex,sbc"
1899017,,BAIN CAPITAL PRIVATE CREDIT,2025,4,"revenue,operating_income,capex,sbc"
1899996,,Fidelity Private Credit Company LLC,2025,4,"revenue,operating_income,capex,sbc"
1901037,,STELLUS PRIVATE CREDIT BDC,2025,4,"revenue,operating_income,capex,sbc"
1901606,,Golub Capital Direct Lending Unlevered Corporation,2025,4,"revenue,operating_income,capex,sbc"
1901612,,"Golub Capital BDC 4, Inc.",2025,4,"revenue,operating_income,capex,sbc"
1905824,,PIMCO Capital Solutions BDC Corp.,2025,4,"revenue,operating_income,capex,sbc"
1907425,,JOCOM HOLDINGS CORP.,2025,4,"revenue,operating_income,capex,sbc"
1911066,,Nuveen Churchill Private Capital Income Fund,2025,4,"revenue,operating_income,capex,sbc"
1911321,,Kennedy Lewis Capital Company,2025,4,"revenue,operating_income,capex,sbc"
1912582,,"Thunder Power Holdings, Inc.",2025,4,"revenue,operating_income,capex,sbc"
1913724,,TPG Twin Brook Capital Income Fund,2025,4,"revenue,operating_income,capex,sbc"
1916099,,Diameter Credit Company,2025,4,"revenue,operating_income,capex,sbc"
1916608,,TCW STAR DIRECT LENDING LLC,2025,4,"revenue,operating_income,capex,sbc"
1918414,,NEWBRIDGE ACQUISITION LIMITED,2025,4,"revenue,operating_income,capex,sbc"
1918712,,ARES STRATEGIC INCOME FUND,2025,4,"revenue,operating_income,capex,sbc"
1919369,,VISTA CREDIT STRATEGIC LENDING CORP.,2025,4,"revenue,operating_income,capex,sbc"
1920145,,Goldman Sachs Private Credit Corp.,2025,4,"revenue,operating_income,capex,sbc"
1920453,,Fidelity Private Credit Fund,2025,4,"revenue,operating_income,capex,sbc"
1922331,,GLOBAL STAR ACQUISITION INC.,2024,4,"revenue,operating_income,capex,sbc"
1923622,,PGIM Private Credit Fund,2025,4,"revenue,operating_income,capex,sbc"
1925309,,Sixth Street Lending Partners,2025,4,"revenue,operating_income,capex,sbc"
1925531,,"New Mountain Guardian IV BDC, L.L.C.",2025,4,"revenue,operating_income,capex,sbc"
1930087,,Golub Capital Private Credit Fund,2025,4,"revenue,operating_income,capex,sbc"
1930179,,ARB IOT Group Limited,2025,4,"goodwill,operating_income,capex,sbc"
1930679,,KKR FS Income Trust,2025,4,"revenue,operating_income,capex,sbc"
1932591,,SLR Private Credit BDC II LLC,2025,4,"revenue,operating_income,capex,sbc"
1937891,,AMC Robotics Corporation,2025,4,"goodwill,intangibles,capex,sbc"
1938649,,"PARTNERS GROUP LENDING FUND, LLC",2025,4,"revenue,operating_income,capex,sbc"
1942722,,"BGO Industrial Real Estate Income Trust, Inc.",2025,4,"revenue,operating_income,capex,sbc"
1944212,,DT Cloud Acquisition Corporation,2024,4,"revenue,operating_income,capex,sbc"
1944831,,Willow Tree Capital Corp,2025,4,"revenue,operating_income,capex,sbc"
1945422,,OAK WOODS ACQUISITION CORPORATION,2024,4,"revenue,operating_income,capex,sbc"
1948056,,KKR Infrastructure Conglomerate LLC,2025,4,"revenue,operating_income,capex,sbc"
1948368,,Phillip Street BDC LLC,2025,4,"revenue,operating_income,capex,sbc"
1950803,,StepStone Private Credit Fund LLC,2025,4,"revenue,operating_income,capex,sbc"
1950976,,"26North BDC, Inc.",2025,4,"revenue,operating_income,capex,sbc"
1951089,,Critical Metals Corp.,2025,4,"goodwill,intangibles,revenue,operating_income"
1955010,,OHA SENIOR PRIVATE LENDING FUND (U) LLC,2025,4,"revenue,operating_income,capex,sbc"
1957845,,KKR Private Equity Conglomerate LLC,2025,4,"revenue,operating_income,capex,sbc"
1959568,,"Senior Credit Investments, LLC",2025,4,"revenue,operating_income,capex,sbc"
1959585,,Protopia Global Holdings Inc.,2025,4,"revenue,operating_income,capex,sbc"
1965934,,Overland Advantage,2025,4,"revenue,operating_income,capex,sbc"
1971381,,Apollo Infrastructure Company LLC,2025,4,"revenue,operating_income,capex,sbc"
1973476,,North Haven Private Income Fund A LLC,2025,4,"revenue,operating_income,capex,sbc"
1973832,,AngloGold Ashanti plc,2025,4,"goodwill,intangibles,operating_income,sbc"
1974793,,"Oaktree Gardens OLP, LLC",2025,4,"revenue,operating_income,capex,sbc"
1975736,,KKR FS Income Trust Select,2025,4,"revenue,operating_income,capex,sbc"
1976336,,Antares Private Credit Fund,2025,4,"revenue,operating_income,capex,sbc"
1976719,,"New Mountain Guardian IV Income Fund, L.L.C.",2025,4,"revenue,operating_income,capex,sbc"
1976927,,"Invesco Commercial Real Estate Finance Trust, Inc.",2025,4,"revenue,operating_income,capex,sbc"
1979306,,"ANDALUSIAN CREDIT COMPANY, LLC",2025,4,"revenue,operating_income,capex,sbc"
1980994,,iShares Bitcoin Trust ETF,2025,4,"equity,revenue,capex,sbc"
1982701,,AB PRIVATE LENDING FUND,2025,4,"revenue,operating_income,capex,sbc"
1983514,,LGAM Private Credit LLC,2025,4,"revenue,operating_income,capex,sbc"
1985375,,"Muzinich Corporate Lending Income Fund, Inc.",2025,4,"revenue,operating_income,capex,sbc"
1985840,,Hashdex Commodities Trust,2025,4,"revenue,operating_income,capex,sbc"
1987221,,John Hancock Comvest Private Income Fund,2025,4,"revenue,operating_income,capex,sbc"
1987731,,"WTI Fund XI, Inc.",2025,4,"revenue,operating_income,capex,sbc"
1989817,,HPS Corporate Capital Solutions Fund,2025,4,"revenue,operating_income,capex,sbc"
1992870,,Franklin Templeton Digital Holdings Trust,2026,4,"revenue,operating_income,capex,sbc"
1993402,,ANTARES STRATEGIC CREDIT FUND,2025,4,"revenue,operating_income,capex,sbc"
1997698,,IGTA MERGER SUB LIMITED,2025,4,"revenue,operating_income,capex,sbc"
1998387,,5C Lending Partners Corp.,2025,4,"revenue,operating_income,capex,sbc"
1998768,,"PROFICIENT AUTO LOGISTICS, INC.",2025,4,"revenue,operating_income,ocf,capex"
2000046,,Fidelity® Ethereum Fund,2025,4,"revenue,operating_income,capex,sbc"
2000597,,Apollo Asset Backed Credit Company LLC,2025,4,"revenue,operating_income,capex,sbc"
2000638,,iShares Ethereum Trust ETF,2025,4,"equity,revenue,capex,sbc"
2004489,,Basel Medical Group Ltd,2025,4,"goodwill,intangibles,operating_income,sbc"
2006758,,MIDCAP APOLLO INSTITUTIONAL PRIVATE LENDING,2025,4,"revenue,operating_income,capex,sbc"
2011498,,AGL PRIVATE CREDIT INCOME FUND,2025,4,"revenue,operating_income,capex,sbc"
2011535,,Franklin ethereum Trust,2026,4,"revenue,operating_income,capex,sbc"
2012139,,Fortress Private Lending Fund,2025,4,"revenue,operating_income,capex,sbc"
2012839,,KKR Enhanced US Direct Lending Fund-L Inc.,2025,4,"revenue,operating_income,capex,sbc"
2017636,,"CCS IX PORTFOLIO HOLDINGS, LLC",2025,4,"revenue,operating_income,capex,sbc"
2018145,,RISING DRAGON ACQUISITION CORP.,2025,4,"revenue,operating_income,capex,sbc"
2020354,,West Bay BDC LLC,2025,4,"revenue,operating_income,capex,sbc"
2020987,,YHN Acquisition I Limited,2025,4,"revenue,operating_income,capex,sbc"
2025608,,Soulpower Acquisition Corporation,2025,4,"revenue,operating_income,capex,sbc"
2027033,,Eagle Point Trinity Senior Secured Lending Co,2025,4,"revenue,operating_income,capex,sbc"
2028686,,SL Investment Fund II LLC,2025,4,"revenue,operating_income,capex,sbc"
2031750,,Ares Core Infrastructure Fund,2025,4,"revenue,operating_income,capex,sbc"
2032341,,"Cyabra, Inc.",2025,4,"revenue,ocf,capex,sbc"
2032950,,HORIZON SPACE ACQUISITION II CORP.,2025,4,"revenue,operating_income,capex,sbc"
2033362,,"Audax Private Credit Fund, LLC",2025,4,"revenue,operating_income,capex,sbc"
2033522,,IWAC HOLDING COMPANY INC.,2025,4,"revenue,operating_income,capex,sbc"
2033991,,Texas Ventures Acquisition III Corp,2025,4,"revenue,operating_income,capex,sbc"
2034400,,BLACK TITAN CORPORATION,2025,4,"revenue,operating_income,capex,sbc"
2035173,,RENATUS TACTICAL ACQUISITION CORP I,2025,4,"revenue,operating_income,capex,sbc"
2035713,,"Crestline Lending Solutions, LLC",2025,4,"revenue,operating_income,capex,sbc"
2037427,,Grayscale XRP Trust ETF,2025,4,"revenue,operating_income,capex,sbc"
2037804,,New Mountain Private Credit Fund,2025,4,"revenue,operating_income,capex,sbc"
2039079,,Hamco     Ventures Limited,2025,4,"revenue,operating_income,capex,sbc"
2041841,,Lord Abbett Private Credit Fund S,2025,4,"revenue,operating_income,capex,sbc"
2043630,,STONEBRIDGE ACQUISITION II CORPORATION,2025,4,"revenue,operating_income,capex,sbc"
2043766,,GLOBA TERRA ACQUISITION CORPORATION,2025,4,"revenue,operating_income,capex,sbc"
2044112,,INTEGRATED RAIL & RESOURCES INC.,2025,4,"goodwill,intangibles,revenue,capex"
2044523,,ORIGIN INVESTMENT CORP I,2025,4,"revenue,operating_income,capex,sbc"
2045370,,Remora Capital Corp,2025,4,"revenue,operating_income,capex,sbc"
2045458,,Stonepeak-Plus Infrastructure Fund LP,2025,4,"revenue,operating_income,capex,sbc"
2050260,,"TPG Private Equity Opportunities, L.P.",2025,4,"revenue,operating_income,capex,sbc"
2052152,,Apollo Origination II (Levered) Capital Trust,2025,4,"revenue,operating_income,capex,sbc"
2052153,,Apollo Origination II (UL) Capital Trust,2025,4,"revenue,operating_income,capex,sbc"
2054876,,NMP Acquisition Corp.,2025,4,"revenue,operating_income,capex,sbc"
2089536,,"CANTOR EQUITY PARTNERS VI, INC.",2025,4,"revenue,operating_income,capex,sbc"
2030772,,Blackstone Infrastructure Strategies L.P.,2025,4,"revenue,operating_income,capex,sbc"
1385280,,"Cinemark Holdings, Inc.",2025,4,"equity,operating_income,ocf,capex"
1961,,GEMAXEL INC. (formerly known as Worlds Inc.),2024,3,"revenue,capex,sbc"
4977,,Aflac Incorporated,2025,3,"operating_income,capex,sbc"
11544,,W. R. BERKLEY CORP,2025,3,"operating_income,capex,acq_cf_bs_disagreement"
20639,,AMBASE CORPORATION,2025,3,"revenue,capex,sbc"
24090,,"CITIZENS, INC.",2025,3,"goodwill,operating_income,sbc"
38009,,FORD MOTOR CREDIT CO LLC,2025,3,"operating_income,capex,sbc"
39263,,"Cullen/Frost Bankers, Inc.",2025,3,"goodwill,intangibles,operating_income"
40211,,GATX Corporation,2025,3,"intangibles,operating_income,capex"
51434,,INTERNATIONAL PAPER COMPANY,2025,3,"operating_income,sbc,acq_cf_bs_disagreement"
55234,,"GLOBAL ASSET MANAGEMENT GROUP, INC.",2025,3,"intangibles,capex,sbc"
64472,,"GENCOR INDUSTRIES, INC.",2025,3,"goodwill,intangibles,sbc"
65172,,MESABI TRUST,2025,3,"operating_income,capex,sbc"
70502,,NATIONAL RURAL UTILITIES COOPERATIVE FINANCE CORPORATION,2026,3,"revenue,operating_income,sbc"
74260,,OLD REPUBLIC INTERNATIONAL CORPORATION,2025,3,"intangibles,operating_income,capex"
85535,,"Royal Gold, Inc",2025,3,"goodwill,intangibles,capex"
86312,,"TRAVELERS COMPANIES, INC.",2025,3,"operating_income,capex,acq_cf_bs_disagreement"
92230,,TRUIST FINANCIAL CORPORATION,2025,3,"operating_income,capex,acq_cf_bs_disagreement"
93410,,Chevron Corp,2025,3,"intangibles,operating_income,sbc"
93751,,STATE STREET CORP,2025,3,"operating_income,sbc,acq_cf_bs_disagreement"
109657,,"GT BIOPHARMA, INC.",2025,3,"intangibles,revenue,capex"
310522,,FEDERAL NATIONAL MORTGAGE ASSOCIATION FANNIE MAE,2025,3,"operating_income,capex,sbc"
312070,,Barclays Bank PLC,2025,3,"intangibles,operating_income,sbc"
315852,,RANGE RESOURCES CORP,2025,3,"operating_income,capex,sbc"
352960,,SWEDISH EXPORT CREDIT CORP /SWED/,2025,3,"revenue,operating_income,sbc"
352991,,"ADVANCED OXYGEN TECHNOLOGIES, INC.",2025,3,"intangibles,capex,sbc"
706863,,"UNION BANKSHARES, INC.",2025,3,"goodwill,intangibles,operating_income"
712537,,FIRST COMMONWEALTH FINANCIAL CORP /PA/,2025,3,"operating_income,sbc,acq_cf_bs_disagreement"
715153,,"HONDA MOTOR CO., LTD.",2025,3,"goodwill,intangibles,sbc"
718940,,BCE INC.,2025,3,"operating_income,sbc,acq_cf_bs_disagreement"
720762,,NON INVASIVE MONITORING SYSTEMS INC /FL/,2025,3,"revenue,capex,sbc"
727510,,"Viskase Holdings, Inc.",2025,3,"revenue,capex,sbc"
730669,,"FCCC, INC.",2024,3,"operating_income,capex,sbc"
731288,,PACCAR FINANCIAL CORP,2025,3,"operating_income,capex,sbc"
732712,,VERIZON COMMUNICATIONS INC,2025,3,"capex,sbc,acq_cf_bs_disagreement"
749098,,Magna International Inc.,2025,3,"operating_income,sbc,acq_cf_bs_disagreement"
749647,,"Imunon, Inc.",2025,3,"goodwill,intangibles,revenue"
763901,,"POPULAR, INC.",2025,3,"operating_income,sbc,acq_cf_bs_disagreement"
770460,,PEOPLES FINANCIAL CORPORATION,2025,3,"revenue,operating_income,sbc"
775057,,ALTEX INDUSTRIES INC,2025,3,"operating_income,capex,sbc"
776867,,"WHITE MOUNTAINS INSURANCE GROUP, LTD",2025,3,"operating_income,capex,acq_cf_bs_disagreement"
777917,,PRUCO LIFE INSURANCE CO,2025,3,"operating_income,capex,sbc"
779227,,"Steele Bancorp, Inc.",2025,3,"goodwill,operating_income,sbc"
787496,,"UBUYHOLDINGS, INC.",2025,3,"revenue,capex,sbc"
790652,,"IMAGING DIAGNOSTIC SYSTEMS, INC.",2024,3,"revenue,capex,sbc"
797465,,"HG Holdings, Inc.",2025,3,"operating_income,capex,sbc"
813762,,ICAHN ENTERPRISES L.P.,2025,3,"operating_income,sbc,acq_cf_bs_disagreement"
814585,,MBIA INC.,2025,3,"operating_income,capex,sbc"
824416,,QUEST PATENT RESEARCH CORPORATION,2025,3,"revenue,capex,sbc"
825788,,DIVALL INSURED INCOME PROPERTIES 2 LIMITED PARTNERSHIP,2024,3,"operating_income,capex,sbc"
826675,,"DYNEX CAPITAL, INC.",2025,3,"revenue,operating_income,capex"
844150,,NatWest Group plc,2025,3,"intangibles,operating_income,sbc"
844887,,DIAMONDHEAD CASINO CORPORATION,2024,3,"revenue,operating_income,capex"
847942,,STRATEGIC ACQUISITIONS INC /NV/,2025,3,"revenue,capex,sbc"
849997,,FEC RESOURCES INC.,2024,3,"revenue,capex,sbc"
850141,,HORACE MANN EDUCATORS CORPORATION,2025,3,"operating_income,capex,acq_cf_bs_disagreement"
850429,,Tredegar Corporation,2025,3,"revenue,operating_income,sbc"
868822,,CANAGOLD RESOURCES LTD.,2024,3,"revenue,operating_income,capex"
874501,,"Octave Specialty Group, Inc.",2025,3,"operating_income,capex,acq_cf_bs_disagreement"
881453,,Fortitude Life Insurance & Annuity Company,2025,3,"operating_income,capex,sbc"
890746,,VIDEOTRON LTEE,2025,3,"operating_income,ocf,acq_cf_bs_disagreement"
890821,,"ENVERIC BIOSCIENCES, INC.",2025,3,"goodwill,revenue,capex"
891478,,"Banco Santander, S.A.",2025,3,"revenue,operating_income,sbc"
894501,,"GOLD ROCK HOLDINGS, INC.",2025,3,"operating_income,capex,sbc"
898174,,"REINSURANCE GROUP OF AMERICA, INCORPORATED",2025,3,"goodwill,intangibles,operating_income"
900391,,NATUZZI S.p.A.,2024,3,"goodwill,intangibles,sbc"
910267,,"Titan Pharmaceuticals, Inc.",2024,3,"revenue,capex,sbc"
910631,,COCA COLA FEMSA SAB DE CV,2024,3,"goodwill,intangibles,operating_income"
913059,,BANCO BBVA ARGENTINA S.A.,2024,3,"revenue,capex,sbc"
913144,,RENAISSANCERE HOLDINGS LTD,2025,3,"goodwill,operating_income,capex"
913778,,BF GARDEN TAX CREDIT FUND IV L.P.,2024,3,"operating_income,capex,sbc"
917225,,SOLITARIO RESOURCES CORP.,2025,3,"revenue,operating_income,capex"
918573,,"GROOVE BOTANICALS, INC.",2026,3,"revenue,capex,sbc"
921557,,"REPUBLIC BANCORP, INC.",2025,3,"intangibles,operating_income,acq_cf_bs_disagreement"
928054,,FLOTEK INDUSTRIES INC/CN,2025,3,"goodwill,intangibles,capex"
928953,,PILLARSTONE CAPITAL REIT,2024,3,"operating_income,capex,sbc"
930236,,REDWOOD TRUST INC,2025,3,"operating_income,capex,acq_cf_bs_disagreement"
930245,,Agassi     Sports Entertainment Corp.,2025,3,"revenue,operating_income,capex"
936340,,DTE ENERGY CO,2025,3,"capex,sbc,acq_cf_bs_disagreement"
937834,,Metropolitan Life Insurance Co,2025,3,"operating_income,capex,sbc"
949961,,"INCOME OPPORTUNITY REALTY INVESTORS, INC.",2025,3,"revenue,capex,sbc"
1000275,,ROYAL BANK OF CANADA,2025,3,"operating_income,capex,acq_cf_bs_disagreement"
1006830,,"CONSUMERS BANCORP, INC.",2025,3,"operating_income,sbc,acq_cf_bs_disagreement"
1013131,,BUENAVENTURA MINING CO INC,2024,3,"goodwill,intangibles,sbc"
1015647,,ALMADEN MINERALS LTD.,2025,3,"revenue,net_income,operating_income"
1022837,,"SUMITOMO MITSUI FINANCIAL GROUP, INC.",2025,3,"revenue,operating_income,sbc"
1023514,,HARMONY GOLD MINING COMPANY LIMITED,2025,3,"goodwill,intangibles,acq_cf_bs_disagreement"
1025771,,Chase Packaging Corporation,2025,3,"revenue,capex,sbc"
1026214,,Federal Home Loan Mortgage Corporation,2025,3,"operating_income,capex,sbc"
1027552,,BANCO SANTANDER-CHILE,2025,3,"revenue,operating_income,sbc"
1031093,,"SILVER BULL RESOURCES, INC.",2025,3,"goodwill,revenue,capex"
1038509,,PRUCO LIFE INSURANCE OF NEW JERSEY,2025,3,"operating_income,capex,sbc"
1059142,,GREYSTONE HOUSING IMPACT INVESTORS LP,2025,3,"operating_income,capex,sbc"
1061630,,"Blackstone Mortgage Trust, Inc.",2025,3,"revenue,operating_income,capex"
1061736,,"Mexican Economic Development, Inc.",2024,3,"goodwill,operating_income,ocf"
1062506,,ATLANTICA INC.,2025,3,"operating_income,capex,sbc"
1067983,,BERKSHIRE HATHAWAY INC,2025,3,"intangibles,operating_income,sbc"
1071371,,BANCOLOMBIA SA,2024,3,"revenue,operating_income,sbc"
1074902,,LCNB CORP,2025,3,"operating_income,sbc,acq_cf_bs_disagreement"
1081938,,"CANNAPHARMARX, INC.",2025,3,"goodwill,intangibles,sbc"
1082733,,"VISIUM TECHNOLOGIES, INC.",2025,3,"intangibles,capex,sbc"
1085921,,MICROMEM TECHNOLOGIES INC.,2025,3,"revenue,net_income,operating_income"
1095052,,PLATINUM GROUP METALS LTD.,2025,3,"revenue,operating_income,capex"
1098462,,Metalink Ltd.,2025,3,"revenue,capex,sbc"
1101215,,"BREAD FINANCIAL HOLDINGS, INC.",2025,3,"operating_income,capex,acq_cf_bs_disagreement"
1106838,,"SONNET BIOTHERAPEUTICS HOLDINGS, INC.",2025,3,"goodwill,intangibles,capex"
1107280,,OCULUS INC.,2025,3,"revenue,operating_income,capex"
1111335,,VISTEON CORP,2025,3,"goodwill,operating_income,capex"
1114446,,UBS AG,2025,3,"revenue,operating_income,capex"
1114700,,GRUPO FINANCIERO GALICIA SA,2024,3,"goodwill,revenue,sbc"
1122491,,BRF S.A.,2024,3,"intangibles,operating_income,sbc"
1126328,,"PRINCIPAL FINANCIAL GROUP, INC",2025,3,"operating_income,capex,acq_cf_bs_disagreement"
1127703,,ProAssurance Corporation,2025,3,"intangibles,operating_income,capex"
1128189,,"PROTOKINETIX, INCORPORATED",2025,3,"revenue,operating_income,capex"
1131343,,ALTERITY THERAPEUTICS LTD,2025,3,"revenue,operating_income,capex"
1131383,,STANTEC INC.,2025,3,"operating_income,capex,acq_cf_bs_disagreement"
1132597,,Itau Unibanco Holding S.A.,2024,3,"goodwill,intangibles,operating_income"
1140625,,EQUINOR ASA,2025,3,"goodwill,intangibles,sbc"
1145604,,"NIKA PHARMACEUTICALS,  INC.",2025,3,"revenue,capex,sbc"
1160106,,Lloyds Banking Group plc,2025,3,"goodwill,intangibles,operating_income"
1160330,,BANK BRADESCO,2025,3,"revenue,operating_income,sbc"
1161125,,Bank of Chile,2024,3,"intangibles,revenue,sbc"
1167831,,LLOYDS BANK plc,2025,3,"intangibles,operating_income,sbc"
1171838,,"SUNDANCE STRATEGIES, INC.",2026,3,"revenue,capex,sbc"
1172358,,"Dorchester Minerals, L.P.",2025,3,"operating_income,capex,sbc"
1172724,,Gold Fields Limited,2024,3,"goodwill,intangibles,operating_income"
1174891,,"TerraVolt Holdings, Inc.",2025,3,"intangibles,revenue,capex"
1175680,,CytoDyn Inc.,2026,3,"intangibles,revenue,capex"
1190723,,Tenaris SA,2025,3,"goodwill,intangibles,sbc"
1227282,,STRATA POWER CORPORATION,2025,3,"operating_income,capex,sbc"
1234006,,GLADSTONE COMMERCIAL CORP,2025,3,"operating_income,capex,sbc"
1263364,,IDAHO COPPER CORPORATION,2026,3,"intangibles,revenue,capex"
1275477,,"BIMINI CAPITAL MANAGEMENT, INC.",2025,3,"operating_income,capex,sbc"
1279715,,"WRIGHT INVESTORS’ SERVICE HOLDINGS, INC.",2025,3,"revenue,capex,sbc"
1282637,,NEWMARKET CORPORATION,2025,3,"goodwill,intangibles,sbc"
1290658,,"IIOT-OXYS, INC.",2025,3,"operating_income,capex,sbc"
1293135,,VERMILION ENERGY INC.,2025,3,"operating_income,ocf,capex"
1311673,,"YALE TRANSACTION FINDERS, INC.",2025,3,"revenue,capex,sbc"
1319150,,Pacific Booker Minerals Inc.,2025,3,"revenue,operating_income,capex"
1325814,,FEDERAL HOME LOAN BANK OF DES MOINES,2025,3,"operating_income,capex,sbc"
1327068,,"United States Oil Fund, LP",2025,3,"operating_income,capex,sbc"
1329842,,Federal Home Loan Bank of New York,2025,3,"revenue,operating_income,sbc"
1330399,,FEDERAL HOME LOAN BANK OF PITTSBURGH,2025,3,"operating_income,capex,sbc"
1331284,,"DHT HOLDINGS, INC.",2025,3,"intangibles,capex,sbc"
1331421,,"SDR DRONE, INC.",2025,3,"revenue,capex,sbc"
1331451,,Federal Home Loan Bank of Chicago,2025,3,"operating_income,capex,sbc"
1331463,,FEDERAL HOME LOAN BANK OF BOSTON,2025,3,"operating_income,capex,sbc"
1331465,,FEDERAL HOME LOAN BANK OF ATLANTA,2025,3,"net_income,operating_income,sbc"
1331612,,"ANTIX HOLDINGS, INC.",2025,3,"revenue,capex,acq_cf_bs_disagreement"
1331754,,FEDERAL HOME LOAN BANK OF INDIANAPOLIS,2025,3,"net_income,operating_income,sbc"
1332174,,iShares S&P GSCI Commodity-Indexed Trust,2025,3,"equity,capex,sbc"
1332551,,ACRES COMMERCIAL REALTY CORP.,2025,3,"operating_income,capex,sbc"
1333141,,FRESENIUS MEDICAL CARE AG,2025,3,"capex,sbc,acq_cf_bs_disagreement"
1334388,,OBSIDIAN ENERGY LTD.,2025,3,"goodwill,intangibles,operating_income"
1336706,,"Northpointe Bancshares, Inc.",2025,3,"revenue,operating_income,sbc"
1347491,,ALEXANDER TECH CORP.,2025,3,"revenue,capex,sbc"
1355444,,EMBRAER S.A.,2025,3,"goodwill,intangibles,sbc"
1358190,,"IT TECH PACKAGING, INC.",2024,3,"goodwill,intangibles,sbc"
1359931,,"Protara Therapeutics, Inc.",2025,3,"goodwill,intangibles,revenue"
1362988,,AIRCASTLE LIMITED,2025,3,"operating_income,capex,sbc"
1374339,,PROMIS NEUROSCIENCES INC.,2025,3,"intangibles,revenue,capex"
1396440,,Main Street Capital Corporation,2025,3,"revenue,operating_income,capex"
1396878,,"United States Gasoline Fund, LP",2025,3,"operating_income,capex,sbc"
1397795,,BRYN INC.,2025,3,"revenue,capex,sbc"
1405513,,"United States 12 Month Natural Gas Fund, LP",2025,3,"operating_income,capex,sbc"
1405528,,"United States 12 Month Oil Fund, LP",2025,3,"operating_income,capex,sbc"
1409493,,CHIMERA INVESTMENT CORPORATION,2025,3,"revenue,operating_income,capex"
1411168,,DUTCH OVEN GOLD GROUP INC.,2024,3,"operating_income,capex,sbc"
1411690,,"Bionano Genomics, Inc.",2025,3,"goodwill,capex,acq_cf_bs_disagreement"
1413898,,DallasNews CORPORATION,2024,3,"goodwill,intangibles,sbc"
1415397,,Raphael Pharmaceutical Inc.,2025,3,"intangibles,revenue,capex"
1416090,,BluSky     AI Inc.,2025,3,"revenue,capex,sbc"
1416876,,"FIRST CHOICE HEALTHCARE SOLUTIONS, INC.",2025,3,"revenue,capex,sbc"
1418302,,Renewable Energy Acquisition Corp.,2025,3,"revenue,capex,sbc"
1422892,,Singularity Future Technology Ltd.,2025,3,"intangibles,capex,sbc"
1423689,,AGNC INVESTMENT CORP.,2025,3,"revenue,operating_income,capex"
1424657,,"CUENTAS, INC.",2025,3,"intangibles,revenue,capex"
1428205,,"ARMOUR Residential REIT, Inc.",2025,3,"revenue,operating_income,capex"
1437071,,Invesco Mortgage Capital Inc.,2025,3,"operating_income,capex,sbc"
1442620,,"Recon Technology, Ltd",2025,3,"goodwill,intangibles,sbc"
1442999,,"Alterola Biotech, Inc.",2024,3,"revenue,capex,sbc"
1448038,,REDWOOD MORTGAGE INVESTORS IX,2025,3,"operating_income,capex,sbc"
1452936,,"PACIFIC OAK STRATEGIC OPPORTUNITY REIT, INC.",2024,3,"intangibles,operating_income,sbc"
1454742,,"Good Gaming, Inc.",2025,3,"intangibles,revenue,capex"
1459188,,CHARGING ROBOTICS INC.,2025,3,"revenue,capex,sbc"
1462120,,"LIVE OAK BANCSHARES, INC.",2025,3,"intangibles,operating_income,sbc"
1464165,,BETTERLIFE PHARMA INC.,2025,3,"intangibles,revenue,capex"
1464343,,Atlanticus Holdings Corp,2025,3,"goodwill,operating_income,capex"
1466026,,"MIDLAND STATES BANCORP, INC.",2025,3,"revenue,operating_income,sbc"
1467845,,"Kashin, Inc.",2024,3,"operating_income,capex,sbc"
1468522,,Ferrovial SE,2025,3,"operating_income,capex,sbc"
1469395,,Pampa Energy Inc.,2024,3,"goodwill,intangibles,sbc"
1471781,,GBT TECHNOLOGIES INC.,2025,3,"revenue,capex,sbc"
1472619,,LONCOR GOLD INC.,2024,3,"goodwill,intangibles,revenue"
1475260,,CENOVUS ENERGY INC.,2025,3,"operating_income,capex,acq_cf_bs_disagreement"
1475922,,"Primerica, Inc.",2025,3,"goodwill,operating_income,capex"
1479419,,"KALA BIO, Inc.",2025,3,"goodwill,intangibles,capex"
1487091,,"QUEST WATER GLOBAL, INC.",2024,3,"revenue,operating_income,capex"
1489300,,ZHANLING INTERNATIONAL LIMITED,2026,3,"revenue,capex,sbc"
1489874,,Golden Growers Cooperative,2025,3,"net_income,capex,sbc"
1490161,,SOW GOOD INC.,2025,3,"goodwill,intangibles,capex"
1494904,,"GLOBAL INDEMNITY GROUP, LLC",2025,3,"operating_income,capex,acq_cf_bs_disagreement"
1496454,,"CNL Healthcare Properties, Inc.",2024,3,"goodwill,capex,sbc"
1497649,,GRAPHENE & SOLAR TECHNOLOGIES LTD,2025,3,"intangibles,revenue,capex"
1499494,,EASON TECHNOLOGY LIMITED,2024,3,"operating_income,capex,sbc"
1499780,,GLOBUS MARITIME LTD,2025,3,"goodwill,intangibles,sbc"
1501570,,"VERITEX HOLDINGS, INC.",2024,3,"operating_income,capex,acq_cf_bs_disagreement"
1502377,,CONTANGO SILVER & GOLD INC.,2025,3,"goodwill,intangibles,revenue"
1508348,,"AMERICANN, INC",2024,3,"revenue,capex,sbc"
1509261,,"REZOLUTE, INC.",2025,3,"intangibles,revenue,capex"
1509470,,Neostellar Capital Corp.,2025,3,"revenue,operating_income,capex"
1509589,,"Civitas Resources, Inc.",2024,3,"goodwill,intangibles,operating_income"
1512228,,NioCorp Developments Ltd.,2025,3,"revenue,operating_income,capex"
1513525,,"Adial Pharmaceuticals, Inc.",2025,3,"goodwill,revenue,capex"
1517389,,"Jubilant Flame International, LTD",2026,3,"operating_income,capex,sbc"
1527469,,ATHENE HOLDING LTD,2025,3,"operating_income,capex,sbc"
1527590,,READY CAPITAL CORPORATION,2025,3,"operating_income,capex,acq_cf_bs_disagreement"
1527613,,CIMG Inc.,2025,3,"goodwill,capex,sbc"
1530425,,"ARTISAN CONSUMER GOODS, INC.",2025,3,"intangibles,revenue,capex"
1532383,,Vanjia Corporation,2025,3,"revenue,capex,sbc"
1533232,,BROOKFIELD RENEWABLE PARTNERS L.P.,2025,3,"operating_income,sbc,acq_cf_bs_disagreement"
1533743,,"Processa Pharmaceuticals, Inc.",2025,3,"intangibles,revenue,capex"
1534701,,Phillips 66,2025,3,"operating_income,capex,acq_cf_bs_disagreement"
1537137,,Standard Lithium Ltd.,2025,3,"revenue,ocf,capex"
1538716,,OPORTUN FINANCIAL CORPORATION,2025,3,"goodwill,operating_income,capex"
1543418,,TRILOGY METALS INC.,2025,3,"revenue,operating_income,capex"
1543623,,US NUCLEAR CORP.,2025,3,"intangibles,capex,sbc"
1543637,,"NU-MED PLUS, INC.",2025,3,"revenue,capex,sbc"
1545851,,VEREN INC.,2024,3,"operating_income,ocf,capex"
1550453,,"TriLinc Global Impact Fund, LLC",2025,3,"equity,capex,sbc"
1551182,,EATON CORPORATION plc,2025,3,"operating_income,sbc,acq_cf_bs_disagreement"
1551901,,Stellus Capital Investment Corp,2025,3,"operating_income,capex,sbc"
1552493,,CNH INDUSTRIAL CAPITAL LLC,2025,3,"operating_income,capex,sbc"
1553788,,"SPLASH BEVERAGE GROUP, INC.",2025,3,"goodwill,intangibles,capex"
1556593,,Rithm Capital Corp.,2025,3,"operating_income,capex,acq_cf_bs_disagreement"
1561894,,"HA SUSTAINABLE INFRASTRUCTURE CAPITAL, INC.",2025,3,"intangibles,operating_income,capex"
1563577,,"Galera Therapeutics, Inc.",2025,3,"intangibles,revenue,capex"
1564180,,KNOT Offshore Partners LP,2025,3,"goodwill,intangibles,sbc"
1567925,,"SILA REALTY TRUST, INC.",2025,3,"operating_income,capex,acq_cf_bs_disagreement"
1570132,,"ANVI GLOBAL HOLDINGS, INC.",2026,3,"revenue,capex,sbc"
1570843,,GREENBRIAR SUSTAINABLE LIVING INC.,2024,3,"revenue,operating_income,capex"
1572334,,VIRGINIA NATIONAL BANKSHARES CORP,2025,3,"intangibles,operating_income,sbc"
1572386,,"GREENWAY TECHNOLOGIES, INC. & SUBSIDIARIES",2025,3,"revenue,capex,sbc"
1574235,,"PULMATRIX, INC.",2025,3,"goodwill,revenue,capex"
1577134,,"Terra Income Fund 6, LLC",2024,3,"equity,capex,sbc"
1578329,,Apex 11 Inc.,2025,3,"operating_income,capex,sbc"
1578453,,DYNAGAS LNG PARTNERS LP,2025,3,"revenue,capex,sbc"
1580095,,Black Rock Petroleum Co,2024,3,"revenue,capex,sbc"
1580864,,"VROOM, INC.",2025,3,"goodwill,revenue,operating_income"
1583771,,"HEPION PHARMACEUTICALS, INC.",2025,3,"goodwill,revenue,capex"
1584207,,"ONEMAIN HOLDINGS, INC.",2025,3,"operating_income,capex,acq_cf_bs_disagreement"
1584480,,"Greentech Innovations, Inc.",2025,3,"revenue,capex,sbc"
1586554,,TARGET GROUP INC.,2025,3,"operating_income,capex,sbc"
1591565,,"BALLY, CORP.",2024,3,"operating_income,capex,sbc"
1591890,,FG Nexus Inc.,2025,3,"goodwill,intangibles,capex"
1591913,,"INNOVATIVE PAYMENT SOLUTIONS, INC.",2025,3,"intangibles,revenue,capex"
1593538,,Navient Corporation,2025,3,"operating_income,capex,acq_cf_bs_disagreement"
1593773,,AMJ Global Technology,2024,3,"revenue,capex,sbc"
1594204,,ZHEN DING RESOURCES INC.,2025,3,"revenue,capex,sbc"
1600347,,Hapi Metaverse Inc.,2025,3,"goodwill,intangibles,sbc"
1603345,,AGENTIX CORP.,2026,3,"revenue,capex,sbc"
1603978,,"AquaBounty Technologies, Inc.",2025,3,"intangibles,revenue,capex"
1605481,,NEVADA CANYON GOLD CORP.,2025,3,"revenue,operating_income,capex"
1605484,,Stellantis N.V.,2025,3,"goodwill,intangibles,sbc"
1609258,,PETROGAS COMPANY,2025,3,"revenue,capex,sbc"
1610520,,UBS Group AG,2025,3,"revenue,operating_income,capex"
1610853,,SOLANA COMPANY,2025,3,"goodwill,intangibles,capex"
1614556,,STAR ALLIANCE INTERNATIONAL CORP.,2024,3,"revenue,capex,sbc"
1616788,,"LEGACY VENTURES INTERNATIONAL, INC",2024,3,"revenue,capex,sbc"
1624985,,SUPA Consolidated Inc.,2025,3,"revenue,capex,sbc"
1627282,,CALIBERCOS INC.,2025,3,"operating_income,capex,sbc"
1627469,,"PHOTOZOU HOLDINGS, INC.",2024,3,"operating_income,capex,sbc"
1630472,,"TPG RE Finance Trust, Inc.",2025,3,"revenue,operating_income,capex"
1633336,,"Crescent Capital BDC, Inc.",2025,3,"revenue,capex,sbc"
1635341,,Signature Holdings Corporation,2024,3,"operating_income,capex,sbc"
1637757,,Clearway Energy LLC,2025,3,"equity,goodwill,sbc"
1642159,,"SIGYN THERAPEUTICS, INC.",2024,3,"intangibles,revenue,capex"
1643918,,Biodexa Pharmaceuticals PLC,2025,3,"goodwill,intangibles,revenue"
1644488,,SHARING SERVICES GLOBAL CORPORATION,2024,3,"goodwill,intangibles,capex"
1653606,,"Ehave, Inc.",2024,3,"revenue,capex,sbc"
1654795,,Brookfield Business Corporation,2025,3,"operating_income,sbc,acq_cf_bs_disagreement"
1664740,,MBC FUNDING II CORP.,2024,3,"operating_income,capex,sbc"
1665300,,"PHUNWARE, INC.",2025,3,"goodwill,intangibles,capex"
1671502,,"Quoin Pharmaceuticals, Ltd.",2025,3,"revenue,operating_income,capex"
1671584,,Aptevo Therapeutics Inc.,2025,3,"intangibles,revenue,capex"
1672773,,"Arboretum Silverleaf Income Fund, L.P.",2024,3,"operating_income,capex,sbc"
1680132,,CANNABIS SUISSE CORP.,2025,3,"goodwill,intangibles,capex"
1680139,,HealthLynked Corp.,2025,3,"goodwill,intangibles,capex"
1681206,,"NI HOLDINGS, INC.",2025,3,"goodwill,intangibles,operating_income"
1682220,,SACHEM CAPITAL CORP.,2025,3,"revenue,operating_income,capex"
1684425,,"TDH Holdings, Inc.",2025,3,"goodwill,intangibles,sbc"
1685040,,"Brighthouse Financial, Inc.",2025,3,"intangibles,operating_income,capex"
1685766,,MOVEIX INC,2025,3,"revenue,capex,sbc"
1690012,,"INPOINT COMMERCIAL REAL ESTATE INCOME, INC.",2025,3,"operating_income,capex,sbc"
1690384,,"BioCrude Technologies USA, Inc.",2025,3,"revenue,capex,sbc"
1690536,,"FS Credit Real Estate Income Trust, Inc.",2025,3,"revenue,operating_income,sbc"
1692345,,"PROCACCIANTI HOTEL REIT, INC.",2025,3,"goodwill,intangibles,sbc"
1692376,,"Velocity Financial, Inc.",2025,3,"intangibles,revenue,operating_income"
1693687,,GREENLIT VENTURES INC.,2025,3,"revenue,operating_income,capex"
1698990,,Magnolia Oil & Gas Corp,2025,3,"goodwill,intangibles,capex"
1705696,,VICI Properties Inc.,2025,3,"goodwill,intangibles,operating_income"
1705873,,Berry Corporation (bry),2024,3,"goodwill,intangibles,operating_income"
1706509,,COSMOS GROUP HOLDINGS INC.,2024,3,"goodwill,capex,sbc"
1712807,,PAGSEGURO DIGITAL LTD.,2024,3,"goodwill,intangibles,operating_income"
1720025,,ALLEGRO MERGER CORP.,2025,3,"revenue,capex,sbc"
1720424,,HIVE DIGITAL TECHNOLOGIES LTD.,2026,3,"goodwill,intangibles,operating_income"
1720580,,"Adicet Bio, Inc.",2025,3,"goodwill,intangibles,revenue"
1722556,,BestGofer Inc.,2025,3,"operating_income,capex,sbc"
1723059,,BIO ESSENCE CORP.,2025,3,"goodwill,capex,sbc"
1726126,,EPSILON ENERGY LTD.,2025,3,"goodwill,intangibles,capex"
1726173,,BIGLARI HOLDINGS INC.,2025,3,"operating_income,sbc,acq_cf_bs_disagreement"
1729944,,"IMAC Holdings, Inc.",2024,3,"goodwill,intangibles,capex"
1733861,,"REST EZ, INC.",2026,3,"revenue,capex,sbc"
1742518,,"MMTEC, INC.",2025,3,"intangibles,capex,sbc"
1743340,,Token Cat Limited,2025,3,"goodwill,intangibles,capex"
1747172,,"Kayne Anderson BDC, Inc.",2025,3,"revenue,capex,sbc"
1747777,,Blue Owl Technology Finance Corp.,2025,3,"operating_income,capex,sbc"
1750777,,"HAWKEYE SYSTEMS,     INC.",2025,3,"revenue,capex,sbc"
1751912,,NERVGEN PHARMA CORP.,2025,3,"revenue,operating_income,capex"
1753391,,"TANCHENG GROUP CO., LTD.",2025,3,"intangibles,capex,sbc"
1755672,,"Corteva, Inc.",2025,3,"operating_income,sbc,acq_cf_bs_disagreement"
1757143,,Aesthetic Medical International Holdings Group Limited,2024,3,"goodwill,intangibles,operating_income"
1761534,,GOLDEN ROYAL DEVELOPMENT INC.,2024,3,"revenue,capex,sbc"
1763660,,ALEEANPEACE GROUP HOLDINGS LIMITED,2025,3,"revenue,operating_income,capex"
1765048,,GUOCHUN INTERNATIONAL INC.,2025,3,"revenue,capex,sbc"
1765107,,"CIM OPPORTUNITY ZONE FUND, L.P.",2025,3,"operating_income,capex,sbc"
1765850,,Prestige Wealth Inc.,2024,3,"goodwill,intangibles,capex"
1768446,,"CLIMB BIO, INC.",2025,3,"goodwill,intangibles,revenue"
1769697,,Frontier Nuclear and Minerals Inc.,2025,3,"revenue,operating_income,capex"
1771885,,Quantum BioPharma Ltd.,2025,3,"revenue,net_income,capex"
1778016,,NovaBridge Biosciences,2025,3,"goodwill,intangibles,revenue"
1778784,,"Provident Bancorp, Inc. /MD/",2024,3,"goodwill,intangibles,operating_income"
1780312,,"AST SPACEMOBILE, INC.",2025,3,"goodwill,intangibles,operating_income"
1781983,,"Aprea Therapeutics, Inc.",2025,3,"revenue,capex,sbc"
1782309,,Skillful Craftsman Education Technology Limited,2026,3,"goodwill,intangibles,capex"
1787425,,XP Inc.,2024,3,"goodwill,intangibles,operating_income"
1788257,,"BETTERWARE DE MEXICO, S.A.P.I. DE C.V",2024,3,"operating_income,capex,sbc"
1789972,,"CULLINAN THERAPEUTICS, INC.",2025,3,"goodwill,intangibles,revenue"
1791863,,BROOKFIELD RENEWABLE CORPORATION,2025,3,"operating_income,sbc,acq_cf_bs_disagreement"
1793497,,VS Trust,2025,3,"revenue,capex,sbc"
1794338,,International General Insurance Holdings Ltd.,2025,3,"goodwill,intangibles,operating_income"
1794942,,"STARK FOCUS GROUP, INC.",2025,3,"revenue,capex,sbc"
1796073,,Vizsla Silver Corp.,2025,3,"revenue,operating_income,capex"
1800373,,"GOLDENWELL BIOTECH, INC.",2025,3,"intangibles,capex,sbc"
1800392,,MicroAlgo Inc.,2025,3,"goodwill,intangibles,sbc"
1807765,,PMV Consumer Acquisition Corp.,2025,3,"revenue,capex,sbc"
1809158,,Kuke Music Holding Limited,2024,3,"operating_income,capex,acq_cf_bs_disagreement"
1809691,,AMTD Digital Inc.,2025,3,"goodwill,sbc,acq_cf_bs_disagreement"
1811999,,"FARMHOUSE, INC. /NV",2025,3,"intangibles,capex,sbc"
1812173,,VICARIOUS SURGICAL INC.,2025,3,"goodwill,intangibles,revenue"
1813452,,Planet 13 Holdings Inc.,2025,3,"goodwill,intangibles,operating_income"
1813744,,"World Scan Project, Inc.",2024,3,"operating_income,capex,sbc"
1816007,,Lufax Holding Ltd,2024,3,"operating_income,capex,acq_cf_bs_disagreement"
1817640,,BREEZE     HOLDINGS ACQUISITION CORP.,2024,3,"revenue,capex,sbc"
1818605,,Distoken Acquisition Corp,2024,3,"revenue,capex,sbc"
1823635,,"CXJ GROUP CO., Limited",2025,3,"intangibles,capex,sbc"
1825384,,Stone Point Credit Corporation,2025,3,"operating_income,capex,sbc"
1827401,,BRIGHT MINDS BIOSCIENCES INC.,2024,3,"revenue,operating_income,capex"
1827899,,CROWN PROPTECH ACQUISITIONS,2025,3,"revenue,capex,sbc"
1828098,,Steakholder Foods Ltd.,2025,3,"goodwill,intangibles,revenue"
1829953,,CORNER GROWTH ACQUISITION CORP.,2024,3,"revenue,capex,sbc"
1831359,,JAWS MUSTANG ACQUISITION CORPORATION,2025,3,"revenue,capex,sbc"
1831631,,"loanDepot, Inc.",2025,3,"goodwill,intangibles,operating_income"
1831874,,Iris Acquisition Corp,2024,3,"revenue,capex,sbc"
1832161,,"VIP     Play, Inc.",2025,3,"operating_income,capex,sbc"
1833141,,CYBIN INC.,2025,3,"revenue,operating_income,capex"
1834026,,Gold Royalty Corp.,2025,3,"goodwill,intangibles,capex"
1834032,,CONSTELLATION ACQUISITION CORP I,2025,3,"revenue,capex,sbc"
1834526,,GP-Act III Acquisition Corp.,2025,3,"revenue,capex,sbc"
1836295,,RETINALGENIX TECHNOLOGIES INC.,2025,3,"revenue,operating_income,capex"
1836470,,Sportradar Group AG,2025,3,"goodwill,intangibles,operating_income"
1837429,,BROOKFIELD WEALTH SOLUTIONS LTD.,2025,3,"operating_income,sbc,acq_cf_bs_disagreement"
1838513,,MARBLEGATE ACQUISITION CORP.,2024,3,"revenue,capex,sbc"
1840425,,"OSR HEALTH, INC.",2025,3,"capex,sbc,acq_cf_bs_disagreement"
1841209,,MicroCloud Hologram Inc.,2025,3,"goodwill,intangibles,sbc"
1841610,,BPGC Acquisition Corp.,2025,3,"revenue,capex,sbc"
1841675,,ARGO BLOCKCHAIN PLC,2024,3,"goodwill,intangibles,capex"
1842566,,"Airship AI Holdings, Inc.",2025,3,"goodwill,intangibles,capex"
1842937,,HENNESSY CAPITAL INVESTMENT CORP. VI,2024,3,"revenue,capex,sbc"
1843477,,SPRING VALLEY ACQUISITION CORP. II,2024,3,"revenue,capex,sbc"
1844971,,VULCAN INFRASTRUCTURE AND POWER INC.,2025,3,"goodwill,intangibles,capex"
1845149,,CHAIN BRIDGE I,2025,3,"revenue,capex,sbc"
1845550,,PLUM ACQUISITION CORP. III,2025,3,"revenue,capex,sbc"
1846017,,BLUE FOUNDRY BANCORP,2025,3,"operating_income,capex,sbc"
1846235,,INTERNATIONAL MEDIA ACQUISITION CORP.,2026,3,"revenue,capex,sbc"
1847355,,TARGET GLOBAL ACQUISITION I CORP.,2024,3,"revenue,capex,sbc"
1847398,,"NorthEast Community Bancorp, Inc.",2025,3,"goodwill,operating_income,sbc"
1847513,,Corner Growth Acquisition Corp. 2,2024,3,"revenue,capex,sbc"
1847607,,RF Acquisition Corp.,2024,3,"revenue,capex,sbc"
1848437,,CARTICA ACQUISITION CORP,2024,3,"revenue,capex,sbc"
1848861,,HEALTHCARE AI ACQUISITION CORP.,2024,3,"revenue,capex,sbc"
1849737,,PATRIA LATIN AMERICAN OPPORTUNITY ACQUISITION CORP.,2024,3,"revenue,capex,sbc"
1850059,,Flag Ship Acquisition Corporation,2025,3,"operating_income,capex,sbc"
1850262,,INTEGRAL ACQUISITION CORPORATION 1,2024,3,"revenue,capex,sbc"
1851194,,"Ventyx Biosciences, Inc.",2024,3,"goodwill,intangibles,revenue"
1851612,,Focus Impact BH3 Acquisition Company,2024,3,"revenue,capex,sbc"
1851909,,Compass Digital Acquisition Corp.,2025,3,"revenue,capex,sbc"
1851959,,Concord Acquisition Corp II,2025,3,"revenue,capex,sbc"
1852019,,IX ACQUISITION CORP.,2025,3,"revenue,capex,sbc"
1852207,,BOLD EAGLE ACQUISITION CORP.,2025,3,"revenue,capex,sbc"
1852536,,"Intorio, Corp.",2024,3,"intangibles,capex,sbc"
1852707,,"BETTER FOR YOU WELLNESS, INC.",2024,3,"intangibles,revenue,capex"
1852889,,Libity,2025,3,"revenue,capex,sbc"
1854149,,Agriculture & Natural Solutions Acquisition Corporation,2025,3,"revenue,capex,sbc"
1854401,,BRIDGE INVESTMENT GROUP HOLDINGS INC.,2024,3,"operating_income,capex,acq_cf_bs_disagreement"
1854463,,WINVEST ACQUISITION CORP.,2025,3,"revenue,capex,sbc"
1854795,,INTEGRATED RAIL AND RESOURCES ACQUISITION CORP.,2024,3,"revenue,capex,sbc"
1857855,,FINNOVATE ACQUISITION CORP.,2024,3,"revenue,capex,sbc"
1857910,,"Japan Food Tech Holdings, Inc.",2024,3,"operating_income,capex,sbc"
1858007,,CHI SPECIAL  ACQUISITION CORP.,2026,3,"revenue,capex,sbc"
1858681,,"APOLLO GLOBAL MANAGEMENT, INC.",2025,3,"intangibles,operating_income,capex"
1859035,,MOUNTAIN CREST ACQUISITION CORP. V,2025,3,"revenue,capex,sbc"
1860173,,PRIVACY AND VALUE INC.,2025,3,"operating_income,capex,sbc"
1860484,,RELATIVITY ACQUISITION CORP,2025,3,"revenue,capex,sbc"
1861063,,Aquaron Acquisition Corp.,2024,3,"revenue,capex,sbc"
1865111,,ALPHA STAR ACQUISITION CORPORATION,2025,3,"revenue,capex,sbc"
1865120,,BROAD CAPITAL ACQUISITION CORP,2024,3,"revenue,capex,sbc"
1865468,,Kairous Acquisition Corp. Limited,2024,3,"revenue,capex,sbc"
1865602,,"CANTOR EQUITY PARTNERS, INC.",2024,3,"revenue,capex,sbc"
1866001,,JVSPAC ACQUISITION CORP.,2024,3,"revenue,capex,sbc"
1866838,,INCEPTION GROWTH ACQUISITION LIMITED,2025,3,"revenue,capex,sbc"
1867949,,"CHICAGO ATLANTIC REAL ESTATE FINANCE, INC.",2025,3,"revenue,operating_income,capex"
1868995,,CI&T Inc,2025,3,"goodwill,intangibles,acq_cf_bs_disagreement"
1869601,,EMBRACE CHANGE ACQUISITION CORP.,2024,3,"revenue,capex,sbc"
1870143,,PERCEPTION CAPITAL CORP. IV,2024,3,"revenue,capex,sbc"
1870404,,"CERO THERAPEUTICS HOLDINGS, INC.",2025,3,"revenue,operating_income,capex"
1871130,,Brookfield Business Holdings Corporation,2025,3,"operating_income,sbc,acq_cf_bs_disagreement"
1874071,,"Ponce Financial Group, Inc.",2025,3,"goodwill,intangibles,operating_income"
1874999,,"AG     ACQUISITION GROUP III, INC.",2025,3,"revenue,capex,sbc"
1876716,,ASPAC II Acquisition Corp.,2025,3,"revenue,capex,sbc"
1877557,,INTEGRATED WELLNESS ACQUISITION CORP,2025,3,"revenue,capex,sbc"
1878379,,"USA Opportunity Income One, Inc.",2025,3,"revenue,capex,sbc"
1881741,,AROGO CAPITAL ACQUISITION CORP.,2024,3,"revenue,capex,sbc"
1885461,,SHOULDERUP TECHNOLOGY ACQUISITION CORP.,2024,3,"revenue,capex,sbc"
1888151,,FEMTO TECHNOLOGIES INC.,2024,3,"operating_income,ocf,capex"
1889112,,CARTESIAN GROWTH CORPORATION II,2025,3,"revenue,capex,sbc"
1889668,,BLUE OWL TECHNOLOGY FINANCE CORP. II,2024,3,"operating_income,capex,sbc"
1890361,,ASPAC III Acquisition Corp.,2025,3,"revenue,capex,sbc"
1892322,,"HeartCore Enterprises, Inc.",2025,3,"goodwill,intangibles,capex"
1892500,,Clearmind Medicine Inc.,2025,3,"revenue,operating_income,capex"
1892747,,VALUENCE MERGER CORP. I,2025,3,"revenue,capex,sbc"
1893899,,ALASKA SILVER CORP.,2025,3,"revenue,operating_income,capex"
1894057,,PAPAYA GROWTH OPPORTUNITY CORP. I,2024,3,"revenue,operating_income,capex"
1894176,,COHEN CIRCLE ACQUISITION CORP. I,2024,3,"revenue,capex,sbc"
1894525,,"APIMEDS PHARMACEUTICALS US, INC.",2025,3,"goodwill,intangibles,revenue"
1895582,,"Pershing Square SPARC Holdings, Ltd./DE",2025,3,"revenue,capex,sbc"
1896212,,CDT EQUITY INC.,2025,3,"intangibles,revenue,capex"
1897463,,GRAF GLOBAL CORP.,2025,3,"revenue,capex,sbc"
1900402,,EVERGREEN CORPORATION,2024,3,"revenue,capex,sbc"
1900679,,TECHNOLOGY & TELECOMMUNICATION ACQUISITION CORPORATION,2025,3,"revenue,capex,sbc"
1901164,,T. ROWE PRICE OHA SELECT PRIVATE CREDIT FUND,2025,3,"operating_income,capex,sbc"
1901336,,ALCHEMY INVESTMENTS ACQUISITION CORP 1,2025,3,"revenue,capex,sbc"
1901886,,Aura FAT Projects Acquisition Corp,2024,3,"revenue,capex,sbc"
1902649,,BlackRock Private Credit Fund,2025,3,"revenue,capex,sbc"
1903392,,CLIMATEROCK,2024,3,"revenue,capex,sbc"
1903464,,AIMFINITY INVESTMENT CORP. I,2024,3,"revenue,capex,sbc"
1903595,,HOUSE OF DOGE INC.,2025,3,"revenue,operating_income,capex"
1904286,,"MIRA Pharmaceuticals, Inc.",2025,3,"revenue,operating_income,capex"
1910975,,RAPID LINE INC.,2026,3,"operating_income,capex,sbc"
1912461,,SK GROWTH OPPORTUNITIES CORPORATION,2024,3,"revenue,capex,sbc"
1912540,,SOUND CAVE TECHNOLOGY INC.,2025,3,"operating_income,capex,sbc"
1912954,,WidFit Inc.,2025,3,"operating_income,capex,sbc"
1913847,,Coincheck Group N.V.,2025,3,"goodwill,operating_income,sbc"
1915328,,ISRAEL ACQUISITIONS CORP,2025,3,"revenue,capex,sbc"
1916879,,"VECTOR 21 HOLDINGS, INC.",2025,3,"revenue,capex,sbc"
1918661,,ESH ACQUISITION CORP.,2024,3,"revenue,capex,sbc"
1922947,,Wellings Real Estate Income Fund,2025,3,"operating_income,capex,sbc"
1926599,,TRANSLATIONAL DEVELOPMENT ACQUISITION CORP.,2025,3,"revenue,capex,sbc"
1930419,,ALR Technologies SG Ltd.,2025,3,"revenue,operating_income,capex"
1933359,,NATICS CORP.,2026,3,"operating_income,capex,sbc"
1934945,,TRAILBLAZER MERGER CORPORATION     I,2025,3,"revenue,capex,sbc"
1938570,,Unite Acquisition 2 Corp.,2025,3,"revenue,capex,sbc"
1939937,,"Exousia Bio, Inc.",2025,3,"operating_income,capex,sbc"
1941029,,Advanced Biomed Inc,2025,3,"revenue,operating_income,sbc"
1941360,,NEOLARA CORP.,2025,3,"operating_income,capex,sbc"
1946021,,HORIZON SPACE ACQUISITION I CORP.,2025,3,"revenue,capex,sbc"
1948443,,RAYTECH HOLDING LIMITED,2026,3,"intangibles,capex,sbc"
1950246,,MAC Copper Ltd,2024,3,"goodwill,intangibles,sbc"
1954360,,Crescent Private Credit Income Corp,2025,3,"revenue,capex,sbc"
1954488,,Jyong Biotech Ltd.,2025,3,"revenue,capex,sbc"
1956439,,Enhanced Group Inc.,2025,3,"revenue,capex,sbc"
1956648,,CO2 ENERGY TRANSITION CORP.,2025,3,"revenue,capex,sbc"
1957413,,Digital Currency X Technology Inc.,2025,3,"revenue,capex,sbc"
1958713,,NFT Ltd,2025,3,"intangibles,capex,sbc"
1960262,,"Ludwig Enterprises, Inc.",2025,3,"revenue,capex,sbc"
1962011,,"KAIROS PHARMA, LTD.",2025,3,"revenue,capex,sbc"
1969475,,BAYVIEW ACQUISITION CORP,2025,3,"revenue,capex,sbc"
1970509,,HAYMAKER ACQUISITION CORP. 4,2025,3,"revenue,capex,sbc"
1971532,,"Telomir Pharmaceuticals, Inc.",2025,3,"revenue,operating_income,capex"
1973056,,Bowen Acquisition Corp,2024,3,"revenue,capex,sbc"
1974395,,FIGURE CERTIFICATE COMPANY,2025,3,"revenue,capex,sbc"
1975218,,NABORS ENERGY TRANSITION CORP. II,2024,3,"revenue,capex,sbc"
1976663,,"NEXSCIENT, INC.",2025,3,"operating_income,capex,sbc"
1977837,,MADE IN USA INC.,2026,3,"operating_income,capex,sbc"
1978528,,SMART KREATE GROUP LIMITED,2025,3,"revenue,capex,sbc"
1979005,,"AIMEI HEALTH TECHNOLOGY CO., LTD",2025,3,"revenue,capex,sbc"
1985062,,PSYENCE BIOMEDICAL LTD,2025,3,"revenue,operating_income,sbc"
1986817,,"Gores Holdings X, Inc. / CI",2025,3,"revenue,capex,sbc"
1995306,,SUPER HI INTERNATIONAL HOLDING LTD.,2024,3,"goodwill,operating_income,sbc"
1995413,,COLOMBIER ACQUISITION CORP. II,2024,3,"revenue,capex,sbc"
1995648,,AFB LIMITED,2024,3,"operating_income,capex,sbc"
1997464,,Marex Group Ltd,2025,3,"operating_income,sbc,acq_cf_bs_disagreement"
1998781,,IB ACQUISITION CORP.,2025,3,"revenue,capex,sbc"
2000410,,Eureka Acquisition Corp,2025,3,"revenue,capex,sbc"
2000775,,Black Hawk Acquisition Corporation,2025,3,"revenue,capex,sbc"
2002038,,LEGATO MERGER CORP. III,2025,3,"revenue,capex,sbc"
2006291,,Churchill Capital Corp IX/Cayman,2025,3,"revenue,capex,sbc"
2006815,,Voyager Acquisition Corp./Cayman Islands,2025,3,"revenue,capex,sbc"
2009183,,Titan Acquisition Corp,2025,3,"revenue,capex,sbc"
2010653,,FUTURE VISION II ACQUISITION CORP.,2025,3,"revenue,capex,sbc"
2010930,,CENTURION ACQUISITION CORP.,2025,3,"revenue,capex,sbc"
2011458,,ZENTA GROUP COMPANY LIMITED,2025,3,"operating_income,capex,sbc"
2012807,,RF ACQUISITION CORP II,2025,3,"revenue,capex,sbc"
2014982,,SIM Acquisition Corp. I,2025,3,"revenue,capex,sbc"
2015502,,Launch One Acquisition Corp.,2025,3,"revenue,capex,sbc"
2015955,,LIONHEART HOLDINGS,2025,3,"revenue,capex,sbc"
2016221,,Melar Acquisition Corp. I/Cayman,2025,3,"revenue,capex,sbc"
2016420,,CHENGHE ACQUISITION II CO.,2024,3,"revenue,capex,sbc"
2017526,,"Freenome, Inc.",2025,3,"revenue,capex,sbc"
2019061,,SOUTH BOW CORPORATION,2025,3,"operating_income,capex,sbc"
2020385,,Tavia Acquisition Corp.,2025,3,"revenue,capex,sbc"
2023676,,Launch Two Acquisition Corp.,2025,3,"revenue,capex,sbc"
2024203,,Cayson Acquisition Corp,2025,3,"revenue,capex,sbc"
2024459,,Charlton Aria Acquisition Corporation,2025,3,"revenue,capex,sbc"
2024876,,Everbright Digital Holding Ltd.,2025,3,"operating_income,capex,sbc"
2025341,,Andretti Acquisition Corp. II,2025,3,"revenue,capex,sbc"
2025396,,Vine Hill Capital Investment Corp.,2025,3,"revenue,capex,sbc"
2025401,,FIFTH ERA ACQUISITION CORP I,2025,3,"revenue,capex,sbc"
2025942,,Curanex Pharmaceuticals Inc,2025,3,"revenue,capex,sbc"
2026353,,"Aether Holdings, Inc.",2025,3,"goodwill,operating_income,sbc"
2026448,,Principal Credit Real Estate Income Trust,2025,3,"operating_income,capex,sbc"
2027537,,GOLDMAN SACHS REAL ESTATE FINANCE TRUST INC,2025,3,"revenue,operating_income,capex"
2027708,,"CANTOR EQUITY PARTNERS I, INC.",2025,3,"revenue,capex,sbc"
2028027,,Newbury Street II Acquisition Corp,2025,3,"revenue,capex,sbc"
2028355,,INFLECTION     POINT ACQUISITION CORP. V,2025,3,"revenue,capex,sbc"
2028516,,ARCHIMEDES TECH SPAC PARTNERS II CO.,2025,3,"revenue,capex,sbc"
2028614,,DRUGS MADE IN AMERICA ACQUISITION CORP.,2025,3,"revenue,capex,sbc"
2028699,,Dynamix Corporation,2025,3,"revenue,capex,sbc"
2028735,,SILVER PEGASUS ACQUISITION CORP.,2025,3,"revenue,capex,sbc"
2028935,,FACT II ACQUISITION CORP.,2025,3,"revenue,capex,sbc"
2029023,,GSR III Acquisition Corp.,2024,3,"revenue,capex,sbc"
2029492,,MOUNTAIN LAKE ACQUISITION CORP.,2025,3,"revenue,capex,sbc"
2029586,,BLUE LINE HOLDINGS INC.,2025,3,"revenue,capex,sbc"
2029769,,OAKTREE ACQUISITION CORP. III LIFE SCIENCES,2025,3,"revenue,capex,sbc"
2029976,,K&F GROWTH ACQUISITION CORP. II,2025,3,"revenue,capex,sbc"
2030663,,Sizzle Acquisition Corp. II,2025,3,"revenue,capex,sbc"
2030829,,PANTAGES CAPITAL ACQUISITION CORPORATION,2025,3,"revenue,capex,sbc"
2031283,,Stone Point Credit Income Fund,2025,3,"operating_income,capex,sbc"
2031561,,ALDEL FINANCIAL II INC.,2025,3,"revenue,capex,sbc"
2032020,,EQT Private Equity Company LLC,2025,3,"revenue,capex,sbc"
2032379,,WILLOW LANE ACQUISITION CORP.,2025,3,"revenue,capex,sbc"
2032528,,Roman DBDR Acquisition Corp. II,2025,3,"revenue,capex,sbc"
2033122,,BERTO ACQUISITION CORP.,2025,3,"revenue,capex,sbc"
2033593,,STELLAR V CAPITAL CORP.,2025,3,"revenue,capex,sbc"
2033695,,New Mountain Net Lease Trust,2025,3,"operating_income,capex,sbc"
2034037,,SIDDHI ACQUISITION CORP,2025,3,"revenue,capex,sbc"
2034266,,"CANTOR EQUITY PARTNERS V, INC.",2025,3,"revenue,capex,sbc"
2034267,,"CANTOR EQUITY PARTNERS IV, INC.",2025,3,"revenue,capex,sbc"
2034268,,"CANTOR EQUITY PARTNERS III, INC.",2025,3,"revenue,capex,sbc"
2034269,,"CANTOR EQUITY PARTNERS II, INC.",2025,3,"revenue,capex,sbc"
2034313,,Oxley Bridge Acquisition Limited,2025,3,"revenue,capex,sbc"
2034334,,ARTIUS II ACQUISITION INC.,2025,3,"revenue,capex,sbc"
2034520,,GIBO HOLDINGS LIMITED,2025,3,"revenue,capex,sbc"
2035016,,Ribbon Acquisition Corporation,2025,3,"revenue,capex,sbc"
2035156,,"XCF Global Capital, Inc.",2024,3,"revenue,capex,sbc"
2035428,,"FRANKLIN BSP REAL ESTATE DEBT, INC.",2025,3,"operating_income,capex,sbc"
2035644,,Range Capital Acquisition Corp.,2025,3,"revenue,capex,sbc"
2036973,,UY Scuti Acquisition Corp.,2026,3,"revenue,capex,sbc"
2037431,,Pelican Acquisition Corporation,2026,3,"revenue,capex,sbc"
2039058,,JACKSON ACQUISITION COMPANY II,2025,3,"revenue,capex,sbc"
2040381,,Pioneer Acquisition I Corp,2025,3,"revenue,capex,sbc"
2040475,,DRUGS MADE IN AMERICA ACQUISITION II CORP.,2025,3,"revenue,capex,sbc"
2041047,,COLLECTIVE ACQUISITION CORP.,2025,3,"revenue,capex,sbc"
2041493,,Alussa Energy Acquisition Corp. II,2025,3,"revenue,capex,sbc"
2042182,,OYSTER ENTERPRISES II ACQUISITION CORP,2025,3,"revenue,capex,sbc"
2042292,,BTC DEVELOPMENT CORP.,2025,3,"revenue,capex,sbc"
2042460,,Harvard Ave Acquisition Corporation,2025,3,"revenue,capex,sbc"
2042902,,EQV Ventures Acquisition Corp. II,2025,3,"revenue,capex,sbc"
2043508,,Lake Superior Acquisition Corp.,2025,3,"revenue,capex,sbc"
2043699,,NEWHOLD INVESTMENT CORP III,2025,3,"revenue,capex,sbc"
2044009,,Armada Acquisition Corp. II,2025,3,"revenue,capex,sbc"
2044635,,GESHER ACQUISITION CORP. II,2025,3,"revenue,capex,sbc"
2045473,,Copley Acquisition Corp,2025,3,"revenue,capex,sbc"
2047177,,CHENGHE ACQUISITION III CO.,2025,3,"revenue,capex,sbc"
2047455,,Quartzsea Acquisition Corporation,2025,3,"revenue,capex,sbc"
2048948,,New Providence Acquisition Corp. III/Cayman,2025,3,"revenue,capex,sbc"
2048951,,Teamshares Inc,2025,3,"revenue,capex,sbc"
2049248,,Lakeshore Acquisition III Corp.,2025,3,"revenue,capex,sbc"
2049595,,BlackRock Monticello Debt Real Estate Investment Trust,2025,3,"operating_income,capex,sbc"
2049662,,Factorial Energy Inc.,2025,3,"revenue,capex,sbc"
2050501,,Blue Water Acquisition Corp. III,2025,3,"revenue,capex,sbc"
2051587,,BEST SPAC I ACQUISITION CORP.,2025,3,"revenue,capex,sbc"
2051985,,IRON HORSE ACQUISITION II CORP.,2025,3,"revenue,capex,sbc"
2052161,,REAL ASSET ACQUISITION CORP.,2025,3,"revenue,capex,sbc"
2052162,,DIGITAL ASSET ACQUISITION CORP.,2025,3,"revenue,capex,sbc"
2052243,,Twelve Seas Investment Co III/Cayman,2025,3,"revenue,capex,sbc"
2052547,,EGH ACQUISITION CORP.,2025,3,"revenue,capex,sbc"
2053799,,Kochav Defense Acquisition Corp.,2025,3,"revenue,capex,sbc"
2053927,,WINTERGREEN ACQUISITION CORP.,2025,3,"revenue,capex,sbc"
2054174,,CRANE HARBOR ACQUISITION CORP.,2025,3,"revenue,capex,sbc"
2054272,,1RT ACQUISITION CORP.,2025,3,"revenue,capex,sbc"
2055459,,REPUBLIC DIGITAL ACQUISITION COMPANY,2025,3,"revenue,capex,sbc"
2056634,,ProCap Acquisition Corp,2025,3,"revenue,capex,sbc"
2057043,,WEN ACQUISITION CORP,2025,3,"revenue,capex,sbc"
2059165,,STARRY SEA ACQUISITION CORP,2025,3,"revenue,capex,sbc"
2064177,,Blueport Acquisition Ltd,2025,3,"revenue,capex,sbc"
2064683,,COHEN CIRCLE ACQUISITION CORP. II,2025,3,"revenue,capex,sbc"
2070845,,SUN,2025,3,"operating_income,capex,sbc"
2070900,,Quantumsphere Acquisition Corporation,2026,3,"revenue,capex,sbc"
2072404,,GSR IV Acquisition Corp.,2025,3,"revenue,capex,sbc"
2079106,,LaFayette Acquisition Corp.,2025,3,"revenue,capex,sbc"
2087656,,"MYX, Inc.",2026,3,"operating_income,capex,sbc"
1039828,,American National Group Inc.,2025,3,"operating_income,sbc,acq_cf_bs_disagreement"
19617,,JPMORGAN CHASE & CO,2025,3,"operating_income,capex,acq_cf_bs_disagreement"
1841666,,APA CORPORATION,2025,2,"goodwill,revenue"
1538263,,"HOMETRUST BANCSHARES, INC.",2024,2,"operating_income,acq_cf_bs_disagreement"
1170010,,"CARMAX, INC.",2026,2,"operating_income,acq_cf_bs_disagreement"
9389,,BALL CORPORATION,2025,2,"operating_income,acq_cf_bs_disagreement"
719413,,HECLA MINING COMPANY,2025,2,"goodwill,intangibles"
1360604,,Healthcare Realty Trust Inc,2025,2,"intangibles,operating_income"
879635,,"MID PENN BANCORP, INC.",2025,2,"operating_income,acq_cf_bs_disagreement"
820027,,"AMERIPRISE FINANCIAL, INC.",2025,2,"operating_income,acq_cf_bs_disagreement"
1070412,,CNX Resources Corporation,2025,2,"operating_income,acq_cf_bs_disagreement"
821189,,"EOG RESOURCES, INC.",2025,2,"goodwill,intangibles"
1115055,,Pinnacle Financial Partners Inc.,2024,2,"operating_income,acq_cf_bs_disagreement"
1822479,,SOTERA HEALTH COMPANY,2025,2,"operating_income,acq_cf_bs_disagreement"
78814,,PITNEY BOWES INC,2025,2,"operating_income,acq_cf_bs_disagreement"
1017480,,HIBBETT INC,2024,2,"goodwill,intangibles"
868671,,"GLACIER BANCORP, INC.",2025,2,"operating_income,acq_cf_bs_disagreement"
1164727,,NEWMONT CORPORATION,2025,2,"intangibles,operating_income"
1364479,,HERC HOLDINGS INC.,2025,2,"operating_income,acq_cf_bs_disagreement"
1569187,,"AH REALTY TRUST, INC.",2025,2,"goodwill,intangibles"
1412665,,"MIDWESTONE FINANCIAL GROUP, INC.",2024,2,"operating_income,acq_cf_bs_disagreement"
108312,,"WOODWARD, INC.",2025,2,"operating_income,acq_cf_bs_disagreement"
730263,,"THOR INDUSTRIES, INC.",2025,2,"operating_income,acq_cf_bs_disagreement"
315189,,DEERE & CO,2025,2,"operating_income,acq_cf_bs_disagreement"
717538,,ARROW FINANCIAL CORPORATION,2025,2,"revenue,operating_income"
1669811,,"Donnelley Financial Solutions, Inc.",2025,2,"intangibles,acq_cf_bs_disagreement"
49754,,"Dine Brands Global, Inc.",2025,2,"operating_income,acq_cf_bs_disagreement"
1384195,,"Ring Energy, Inc.",2025,2,"goodwill,intangibles"
1004702,,OceanFirst Financial Corp,2025,2,"operating_income,acq_cf_bs_disagreement"
79879,,PPG INDUSTRIES INC,2025,2,"operating_income,acq_cf_bs_disagreement"
51143,,INTERNATIONAL BUSINESS MACHINES CORP,2025,2,"operating_income,acq_cf_bs_disagreement"
21076,,CLOROX CO /DE/,2025,2,"operating_income,acq_cf_bs_disagreement"
58492,,LEGGETT & PLATT INC,2025,2,"operating_income,acq_cf_bs_disagreement"
22444,,COMMERCIAL METALS COMPANY,2025,2,"operating_income,acq_cf_bs_disagreement"
15615,,MASTEC INC,2025,2,"operating_income,acq_cf_bs_disagreement"
1070985,,"CORECIVIC, INC.",2025,2,"operating_income,acq_cf_bs_disagreement"
1632790,,"ENERGIZER HOLDINGS, INC.",2025,2,"operating_income,acq_cf_bs_disagreement"
1856485,,SYLVAMO CORPORATION,2025,2,"intangibles,acq_cf_bs_disagreement"
1532961,,"NV5 Global, Inc.",2024,2,"operating_income,acq_cf_bs_disagreement"
1750,,AAR CORP.,2026,2,"operating_income,acq_cf_bs_disagreement"
2809,,AGNICO EAGLE MINES LIMITED,2025,2,"intangibles,operating_income"
3499,,ALEXANDERS INC,2025,2,"operating_income,capex"
4962,,AMERICAN EXPRESS CO,2025,2,"operating_income,acq_cf_bs_disagreement"
5272,,"American International Group, Inc.",2025,2,"operating_income,capex"
7084,,Archer-Daniels-Midland Co,2025,2,"operating_income,acq_cf_bs_disagreement"
8670,,"AUTOMATIC DATA PROCESSING, INC.",2026,2,"operating_income,acq_cf_bs_disagreement"
9326,,Balchem Corporation,2025,2,"capex,acq_cf_bs_disagreement"
9631,,BANK OF NOVA SCOTIA,2025,2,"operating_income,capex"
10329,,"BASSETT FURNITURE INDUSTRIES, INCORPORATED",2025,2,"sbc,acq_cf_bs_disagreement"
12040,,"FLANIGAN’S ENTERPRISES, INC.",2025,2,"goodwill,sbc"
12659,,"H&R Block, Inc.",2026,2,"operating_income,acq_cf_bs_disagreement"
14272,,BRISTOL-MYERS SQUIBB COMPANY,2025,2,"operating_income,acq_cf_bs_disagreement"
16859,,Scully Royalty Ltd.,2024,2,"operating_income,sbc"
17313,,Capital Southwest Corporation,2026,2,"revenue,operating_income"
20286,,CINCINNATI FINANCIAL CORPORATION,2025,2,"operating_income,sbc"
22356,,"COMMERCE BANCSHARES, INC.",2025,2,"operating_income,acq_cf_bs_disagreement"
25475,,CRAWFORD & CO,2025,2,"operating_income,acq_cf_bs_disagreement"
26058,,CTS CORPORATION,2025,2,"sbc,acq_cf_bs_disagreement"
27673,,DEERE JOHN CAPITAL CORP,2025,2,"operating_income,capex"
28412,,COMERICA INC,2024,2,"operating_income,capex"
28917,,"DILLARD’S, INC.",2025,2,"operating_income,sbc"
32604,,EMERSON ELECTRIC CO.,2025,2,"operating_income,acq_cf_bs_disagreement"
36104,,US BANCORP \DE\,2025,2,"operating_income,capex"
36270,,M&T BANK CORPORATION,2025,2,"operating_income,acq_cf_bs_disagreement"
37808,,FNB CORP/PA/,2025,2,"operating_income,sbc"
38723,,1st FRANKLIN FINANCIAL CORPORATION,2025,2,"operating_income,sbc"
39368,,FULLER H B CO,2025,2,"operating_income,acq_cf_bs_disagreement"
40545,,GENERAL ELECTRIC CO,2025,2,"operating_income,acq_cf_bs_disagreement"
40987,,GENUINE PARTS CO,2025,2,"operating_income,acq_cf_bs_disagreement"
42582,,THE GOODYEAR TIRE & RUBBER COMPANY,2025,2,"operating_income,acq_cf_bs_disagreement"
45012,,HALLIBURTON COMPANY,2025,2,"intangibles,sbc"
46619,,HEICO CORPORATION,2025,2,"sbc,acq_cf_bs_disagreement"
49196,,Huntington Bancshares Incorporated,2025,2,"operating_income,acq_cf_bs_disagreement"
56868,,PrimeEnergy Resources Corporation,2025,2,"operating_income,sbc"
59255,,"VALHI, INC.",2025,2,"intangibles,sbc"
59558,,LINCOLN NATIONAL CORP,2025,2,"operating_income,capex"
60086,,LOEWS CORP,2025,2,"intangibles,operating_income"
66418,,MEXCO ENERGY CORPORATION,2026,2,"goodwill,intangibles"
67215,,"DYCOM INDUSTRIES, INC.",2026,2,"operating_income,acq_cf_bs_disagreement"
67716,,MDU RESOURCES GROUP INC,2025,2,"intangibles,acq_cf_bs_disagreement"
70858,,BofA Finance LLC,2025,2,"operating_income,capex"
72971,,WELLS        FARGO & COMPANY/MN,2025,2,"operating_income,capex"
73309,,NUCOR CORP,2025,2,"operating_income,acq_cf_bs_disagreement"
78003,,PFIZER INC,2025,2,"operating_income,acq_cf_bs_disagreement"
79282,,"BROWN & BROWN, INC.",2025,2,"operating_income,acq_cf_bs_disagreement"
80661,,PROGRESSIVE CORP/OH/,2025,2,"intangibles,operating_income"
83350,,RESERVE PETROLEUM CO,2025,2,"capex,sbc"
84246,,RLI Corp,2025,2,"operating_income,sbc"
85961,,RYDER SYSTEM INC,2025,2,"operating_income,acq_cf_bs_disagreement"
89800,,THE SHERWIN-WILLIAMS COMPANY,2025,2,"operating_income,acq_cf_bs_disagreement"
91576,,KeyCorp,2025,2,"operating_income,acq_cf_bs_disagreement"
91882,,"DOMINION ENERGY SOUTH CAROLINA, INC.",2025,2,"revenue,sbc"
92521,,SOUTHWESTERN PUBLIC SERVICE CO,2025,2,"revenue,sbc"
93556,,"STANLEY BLACK & DECKER, INC.",2025,2,"intangibles,operating_income"
94344,,STEWART INFORMATION SERVICES CORP,2025,2,"operating_income,acq_cf_bs_disagreement"
95572,,"KiNRG, Inc.",2025,2,"revenue,capex"
95574,,"SUPERIOR GROUP OF COMPANIES, INC.",2025,2,"operating_income,acq_cf_bs_disagreement"
98222,,TIDEWATER INC,2025,2,"goodwill,intangibles"
99106,,TRANS-LUX CORPORATION,2024,2,"goodwill,sbc"
100378,,TWIN DISC INC,2026,2,"sbc,acq_cf_bs_disagreement"
100790,,Union Carbide Corporation,2025,2,"operating_income,sbc"
101594,,BIG SKY INDUSTRIAL INC.,2025,2,"goodwill,intangibles"
101984,,UNIVERSAL ELECTRONICS INC.,2025,2,"goodwill,acq_cf_bs_disagreement"
102212,,UNIVEST FINANCIAL CORPORATION,2025,2,"operating_income,acq_cf_bs_disagreement"
105634,,"EMCOR Group, Inc.",2025,2,"sbc,acq_cf_bs_disagreement"
105744,,"NEW CONCEPT ENERGY, INC.",2025,2,"capex,sbc"
108385,,WORLD ACCEPTANCE CORP,2026,2,"operating_income,sbc"
109380,,"ZIONS BANCORPORATION, NATIONAL ASSOCIATION",2025,2,"operating_income,acq_cf_bs_disagreement"
200406,,Johnson & Johnson,2025,2,"operating_income,acq_cf_bs_disagreement"
202058,,"L3HARRIS TECHNOLOGIES, INC.",2025,2,"revenue,acq_cf_bs_disagreement"
205402,,GRAYBAR ELECTRIC CO INC,2025,2,"sbc,acq_cf_bs_disagreement"
310158,,"Merck & Co., Inc.",2025,2,"operating_income,acq_cf_bs_disagreement"
310354,,STANDEX INTERNATIONAL CORPORATION,2026,2,"sbc,acq_cf_bs_disagreement"
311094,,WESTAMERICA BANCORPORATION,2025,2,"operating_income,sbc"
312069,,BARCLAYS PLC,2025,2,"operating_income,acq_cf_bs_disagreement"
313216,,KONINKLIJKE PHILIPS NV,2025,2,"ocf,acq_cf_bs_disagreement"
314489,,FIRST BUSEY CORPORATION,2025,2,"operating_income,acq_cf_bs_disagreement"
315213,,ROBERT HALF INC.,2025,2,"intangibles,sbc"
315545,,"PROVECTUS BIOPHARMACEUTICALS, INC.",2025,2,"intangibles,capex"
316253,,"ENZO BIOCHEM, INC.",2024,2,"goodwill,intangibles"
316888,,Avino Silver & Gold Mines Ltd.,2025,2,"operating_income,capex"
318299,,"SPARTA COMMERCIAL SERVICES, INC.",2026,2,"capex,sbc"
318306,,ABEONA THERAPEUTICS INC.,2025,2,"goodwill,intangibles"
319201,,KLA CORP,2026,2,"operating_income,acq_cf_bs_disagreement"
351569,,AMERIS BANCORP,2025,2,"operating_income,acq_cf_bs_disagreement"
351789,,"Electro-Sensors, Inc.",2025,2,"intangibles,sbc"
353184,,"Air T, Inc.",2026,2,"sbc,acq_cf_bs_disagreement"
354707,,"HAWAIIAN ELECTRIC INDUSTRIES, INC.",2025,2,"goodwill,intangibles"
355019,,FONAR CORPORATION,2025,2,"operating_income,sbc"
356309,,NEW JERSEY RESOURCES CORPORATION,2025,2,"intangibles,capex"
357173,,OLD SECOND BANCORP INC,2025,2,"operating_income,acq_cf_bs_disagreement"
700564,,FULTON FINANCIAL CORP,2025,2,"operating_income,acq_cf_bs_disagreement"
701818,,KINROSS GOLD CORP,2025,2,"goodwill,intangibles"
704172,,"PHI GROUP, INC.",2024,2,"capex,sbc"
707605,,AMERISERV FINANCIAL INC /PA/,2025,2,"operating_income,sbc"
708955,,FIRST FINANCIAL BANCORP /OH/,2025,2,"operating_income,acq_cf_bs_disagreement"
712034,,ACCO Brands Corporation,2025,2,"capex,acq_cf_bs_disagreement"
712534,,FIRST MERCHANTS CORP,2025,2,"operating_income,capex"
712771,,"CONNECTONE BANCORP, INC.",2025,2,"intangibles,operating_income"
714562,,FIRST FINANCIAL CORPORATION,2025,2,"operating_income,acq_cf_bs_disagreement"
715072,,RENASANT CORP,2025,2,"operating_income,acq_cf_bs_disagreement"
715446,,"ANIXA BIOSCIENCES, INC.",2025,2,"revenue,capex"
715579,,ACNB CORPORATION,2025,2,"operating_income,acq_cf_bs_disagreement"
716133,,CINCINNATI BELL INC.,2025,2,"sbc,acq_cf_bs_disagreement"
717826,,ERICSSON LM TELEPHONE CO,2025,2,"sbc,acq_cf_bs_disagreement"
718413,,Community Bancorp./VT,2025,2,"operating_income,sbc"
719245,,WESTPAC BANKING CORP,2025,2,"operating_income,acq_cf_bs_disagreement"
719733,,KEY TRONIC CORPORATION,2025,2,"goodwill,intangibles"
720005,,"RAYMOND JAMES FINANCIAL, INC.",2025,2,"operating_income,acq_cf_bs_disagreement"
720858,,INVESTORS TITLE CO,2025,2,"operating_income,acq_cf_bs_disagreement"
723188,,"COMMUNITY FINANCIAL SYSTEM, INC.",2025,2,"operating_income,acq_cf_bs_disagreement"
723269,,"IRONSTONE PROPERTIES, INC.",2025,2,"revenue,capex"
723612,,"AVIS BUDGET GROUP, INC.",2025,2,"operating_income,capex"
724445,,BURZYNSKI RESEARCH INSTITUTE INC,2025,2,"capex,sbc"
726601,,"Capital City Bank Group, Inc.",2025,2,"intangibles,operating_income"
726728,,REALTY INCOME CORPORATION,2025,2,"operating_income,acq_cf_bs_disagreement"
726865,,THE LINCOLN NATIONAL LIFE INSURANCE COMPANY,2025,2,"operating_income,capex"
726958,,"CASEY’S GENERAL STORES, INC.",2026,2,"intangibles,operating_income"
727346,,"Selectis Health, Inc.",2025,2,"intangibles,sbc"
727892,,RIVERSOURCE LIFE INSURANCE COMPANY,2024,2,"operating_income,sbc"
727920,,Equitable Financial Life Insurance Co,2024,2,"operating_income,capex"
728391,,"IPALCO ENTERPRISES, INC.",2025,2,"goodwill,sbc"
729986,,UNITED BANKSHARES INC/WV,2025,2,"intangibles,operating_income"
730349,,Tofutti Brands Inc.,2025,2,"capex,sbc"
730708,,Seacoast Banking Corporation of Florida,2025,2,"operating_income,capex"
731122,,MUNCY COLUMBIA FINANCIAL CORPORATION,2025,2,"operating_income,sbc"
732417,,Hills Bancorporation,2025,2,"revenue,operating_income"
737875,,FIRST KEYSTONE CORP,2025,2,"operating_income,sbc"
739421,,"CITIZENS FINANCIAL SERVICES, INC.",2025,2,"operating_income,acq_cf_bs_disagreement"
740806,,F&M BANK CORP.,2025,2,"intangibles,operating_income"
750004,,"LIGHT & WONDER, INC.",2025,2,"capex,acq_cf_bs_disagreement"
755001,,UNITIL CORPORATION,2025,2,"intangibles,sbc"
759944,,CITIZENS FINANCIAL GROUP INC/RI,2025,2,"operating_income,acq_cf_bs_disagreement"
763563,,CHEMUNG FINANCIAL CORP,2025,2,"operating_income,sbc"
764180,,"Altria Group, Inc.",2025,2,"sbc,acq_cf_bs_disagreement"
764764,,CATERPILLAR FINANCIAL SERVICES CORP,2025,2,"operating_income,sbc"
765207,,"FIRST BANCORP, INC",2025,2,"intangibles,operating_income"
766829,,H2O AMERICA,2025,2,"capex,acq_cf_bs_disagreement"
767405,,"SB FINANCIAL GROUP, INC.",2025,2,"revenue,operating_income"
771992,,Pan American Silver Corp.,2025,2,"goodwill,intangibles"
773141,,"Sekisui House U.S., Inc.",2025,2,"revenue,operating_income"
773318,,"VERITEC, INC.",2024,2,"capex,sbc"
775215,,"HBT Financial, Inc.",2025,2,"operating_income,acq_cf_bs_disagreement"
788784,,Public Service Enterprise Group Incorporated,2025,2,"goodwill,intangibles"
790359,,NBT BANCORP INC,2025,2,"operating_income,acq_cf_bs_disagreement"
792966,,"FARMERS & MERCHANTS BANCORP, INC.",2025,2,"intangibles,operating_income"
794170,,"Toll Brothers, Inc.",2025,2,"goodwill,intangibles"
797721,,"VIASAT, INC.",2026,2,"capex,acq_cf_bs_disagreement"
798287,,PAMT CORP,2025,2,"goodwill,intangibles"
799698,,LadRx Corporation,2024,2,"revenue,capex"
802257,,"MITESCO, INC.",2025,2,"goodwill,capex"
803097,,"SPORTSQUEST, INC.",2025,2,"capex,sbc"
804269,,"General Motors Financial Company, Inc.",2025,2,"operating_income,sbc"
811156,,CMS ENERGY CORPORATION,2025,2,"capex,sbc"
811222,,CARDIFF LEXINGTON CORPORATION,2025,2,"intangibles,capex"
812152,,RIDGEFIELD ACQUISITION CORP.,2024,2,"capex,sbc"
812796,,"SOLIGENIX, INC.",2025,2,"intangibles,revenue"
813716,,CirTran Corporation,2025,2,"capex,sbc"
814052,,"TELEFONICA, S.A.",2024,2,"sbc,acq_cf_bs_disagreement"
814926,,"CAPSTONE COMPANIES, INC.",2025,2,"revenue,capex"
815556,,FASTENAL CO,2025,2,"goodwill,intangibles"
815917,,JONES FINANCIAL COMPANIES LLLP,2025,2,"equity,operating_income"
818677,,SECURITY FEDERAL CORP,2025,2,"operating_income,sbc"
820318,,COHERENT CORP.,2026,2,"operating_income,acq_cf_bs_disagreement"
820771,,GOLIATH FILM AND MEDIA HOLDINGS,2026,2,"capex,sbc"
821026,,"ANDERSONS, INC.",2025,2,"operating_income,acq_cf_bs_disagreement"
823277,,CHS Inc.,2025,2,"sbc,acq_cf_bs_disagreement"
824142,,"AAON, INC.",2025,2,"goodwill,acq_cf_bs_disagreement"
824410,,"SANDY SPRING BANCORP, INC.",2024,2,"operating_income,acq_cf_bs_disagreement"
825171,,37 CAPITAL INC.,2024,2,"revenue,operating_income"
825324,,Good         Times Restaurants Inc.,2025,2,"intangibles,acq_cf_bs_disagreement"
827099,,OCEAN THERMAL ENERGY CORPORATION,2025,2,"capex,sbc"
828944,,WSFS FINANCIAL CORP,2025,2,"operating_income,acq_cf_bs_disagreement"
831489,,SCORES HOLDING CO INC,2024,2,"capex,sbc"
832428,,THE E.W. SCRIPPS COMPANY,2025,2,"sbc,acq_cf_bs_disagreement"
832480,,"UTG, INC.",2025,2,"operating_income,capex"
833079,,Meritage Homes Corporation,2025,2,"revenue,operating_income"
833444,,JOHNSON CONTROLS INTERNATIONAL PLC,2025,2,"operating_income,acq_cf_bs_disagreement"
835403,,DIAGEO plc,2025,2,"intangibles,capex"
836147,,MIDDLEFIELD BANC CORP,2024,2,"operating_income,acq_cf_bs_disagreement"
836564,,"MOSAIC IMMUNOENGINEERING, INC.",2025,2,"revenue,capex"
839470,,"WESTWATER RESOURCES, INC.",2025,2,"revenue,operating_income"
840489,,"FIRSTCASH HOLDINGS, INC.",2025,2,"operating_income,acq_cf_bs_disagreement"
844551,,Woodside Energy Group Ltd,2025,2,"intangibles,capex"
846617,,"DIME COMMERCIAL BANCSHARES, INC.",2025,2,"operating_income,capex"
849869,,SILGAN HOLDINGS INC,2025,2,"operating_income,acq_cf_bs_disagreement"
857855,,"UNITED COMMUNITY BANKS, INC.",2025,2,"operating_income,acq_cf_bs_disagreement"
858470,,COTERRA ENERGY INC.,2025,2,"goodwill,intangibles"
860748,,Kemper Corporation,2025,2,"operating_income,acq_cf_bs_disagreement"
861842,,Cathay General Bancorp,2025,2,"operating_income,acq_cf_bs_disagreement"
862831,,"Financial Institutions, Inc.",2025,2,"operating_income,acq_cf_bs_disagreement"
863064,,RIO TINTO PLC,2025,2,"sbc,acq_cf_bs_disagreement"
867038,,SPINDLETOP OIL & GAS CO.,2025,2,"capex,sbc"
868082,,EVERFLOW EASTERN PARTNERS LP,2025,2,"capex,sbc"
873860,,Onity Group Inc.,2025,2,"goodwill,operating_income"
875045,,BIOGEN INC.,2025,2,"operating_income,acq_cf_bs_disagreement"
875729,,"Bion Environmental Technologies, Inc.",2025,2,"revenue,capex"
880417,,CSB BANCORP INC /OH,2025,2,"operating_income,sbc"
882184,,"D.R. Horton, Inc.",2025,2,"intangibles,operating_income"
884219,,"Pursuit Attractions and Hospitality, Inc.",2025,2,"operating_income,acq_cf_bs_disagreement"
885568,,OLD DOMINION ELECTRIC COOPERATIVE,2025,2,"equity,sbc"
886744,,GERON CORP,2025,2,"revenue,capex"
886977,,METHANEX CORPORATION,2025,2,"goodwill,intangibles"
886982,,"The Goldman Sachs Group, Inc.",2025,2,"operating_income,acq_cf_bs_disagreement"
887153,,"GRUPO SIMEC, S.A.B. de C.V.",2024,2,"operating_income,sbc"
888746,,UNITED BREWERIES CO INC,2024,2,"sbc,acq_cf_bs_disagreement"
890066,,GLEN BURNIE BANCORP,2024,2,"operating_income,sbc"
894560,,"BIOETHICS, LTD.",2024,2,"capex,sbc"
894671,,OHIO VALLEY BANC CORP,2025,2,"operating_income,sbc"
895126,,EXPAND ENERGY CORPORATION,2025,2,"goodwill,intangibles"
895421,,MORGAN STANLEY,2025,2,"operating_income,acq_cf_bs_disagreement"
895464,,YUBO INTERNATIONAL BIOTECH LIMITED,2025,2,"capex,sbc"
898171,,UWHARRIE CAPITAL CORP,2025,2,"operating_income,sbc"
899923,,"MYRIAD GENETICS, INC.",2025,2,"capex,acq_cf_bs_disagreement"
906107,,Vivmark Residential,2025,2,"revenue,operating_income"
908259,,"Oncotelic Therapeutics, Inc.",2025,2,"revenue,capex"
909327,,Suzano S.A.,2025,2,"sbc,acq_cf_bs_disagreement"
909724,,"TANDY LEATHER FACTORY, INC",2025,2,"goodwill,intangibles"
910073,,"FLAGSTAR BANK, NATIONAL ASSOCIATION",2025,2,"operating_income,capex"
912242,,MACERICH CO,2025,2,"intangibles,operating_income"
912544,,NOVELSTEM INTERNATIONAL CORP.,2025,2,"revenue,capex"
912593,,"SUN COMMUNITIES, INC",2025,2,"operating_income,acq_cf_bs_disagreement"
913760,,StoneX Group Inc.,2025,2,"operating_income,acq_cf_bs_disagreement"
914748,,"EVEREST REINSURANCE HOLDINGS, INC.",2025,2,"operating_income,capex"
915389,,EASTMAN CHEMICAL CO,2025,2,"operating_income,acq_cf_bs_disagreement"
916907,,"SOUTHERN MISSOURI BANCORP, INC.",2025,2,"operating_income,sbc"
918608,,ELDORADO GOLD CORP /FI,2025,2,"intangibles,ocf"
919864,,Finward Bancorp,2025,2,"operating_income,acq_cf_bs_disagreement"
920760,,LENNAR CORP /NEW/,2025,2,"intangibles,operating_income"
922358,,Ferrellgas Partners L P,2025,2,"sbc,acq_cf_bs_disagreement"
925261,,Andina Bottling Co Inc,2025,2,"operating_income,sbc"
926844,,FUSS BRANDS CORP.,2024,2,"revenue,capex"
927628,,CAPITAL ONE FINANCIAL CORP,2025,2,"operating_income,acq_cf_bs_disagreement"
927971,,BANK OF MONTREAL /CAN/,2025,2,"operating_income,sbc"
932470,,TELECOM ARGENTINA SA,2025,2,"sbc,acq_cf_bs_disagreement"
933136,,Mr. Cooper Group Inc.,2024,2,"operating_income,acq_cf_bs_disagreement"
933267,,IRSA Investments and Representations Inc.,2025,2,"capex,sbc"
934612,,"BURLINGTON NORTHERN SANTA FE, LLC",2025,2,"capex,sbc"
936528,,"WAFD, INC.",2025,2,"operating_income,acq_cf_bs_disagreement"
937098,,"TRINET GROUP, INC.",2025,2,"operating_income,acq_cf_bs_disagreement"
938323,,PEARSON PLC,2025,2,"intangibles,capex"
944130,,"MINISTRY PARTNERS INVESTMENT COMPANY, LLC",2025,2,"operating_income,sbc"
945394,,SERVICE PROPERTIES TRUST,2025,2,"operating_income,sbc"
946486,,WINDTREE THERAPEUTICS INC /DE/,2024,2,"intangibles,revenue"
947263,,TORONTO DOMINION BANK,2025,2,"operating_income,capex"
947484,,ARCH CAPITAL GROUP LTD.,2025,2,"operating_income,acq_cf_bs_disagreement"
947559,,"THE FIRST BANCSHARES, INC.",2024,2,"operating_income,sbc"
949157,,Century Aluminum Company,2025,2,"goodwill,intangibles"
949858,,"Achieve Life Sciences, Inc.",2025,2,"revenue,operating_income"
1000209,,MEDALLION FINANCIAL CORP,2025,2,"operating_income,capex"
1001085,,BROOKFIELD CORPORATION,2025,2,"operating_income,acq_cf_bs_disagreement"
1001171,,BROADWAY FINANCIAL CORPORATION,2025,2,"operating_income,sbc"
1001290,,CREDICORP LTD,2024,2,"operating_income,acq_cf_bs_disagreement"
1001614,,"Riley Exploration Permian, Inc.",2025,2,"goodwill,intangibles"
1002242,,Eni SpA,2025,2,"intangibles,sbc"
1002590,,"STAR GROUP, L.P.",2025,2,"sbc,acq_cf_bs_disagreement"
1004156,,ARAUCO & CONSTITUTION PULP INC,2025,2,"sbc,acq_cf_bs_disagreement"
1005210,,SUBURBAN PROPANE PARTNERS LP,2025,2,"sbc,acq_cf_bs_disagreement"
1006028,,"PURE Bioscience, Inc.",2025,2,"intangibles,capex"
1009001,,CAMECO CORPORATION,2025,2,"goodwill,intangibles"
1009891,,AIR INDUSTRIES GROUP,2025,2,"goodwill,intangibles"
1009919,,"INVECH HOLDINGS, INC.",2025,2,"capex,sbc"
1011509,,Golden Minerals Company,2024,2,"revenue,capex"
1013605,,PRECISION DRILLING CORPORATION,2025,2,"goodwill,operating_income"
1015328,,WINTRUST FINANCIAL CORP,2025,2,"operating_income,acq_cf_bs_disagreement"
1017413,,CANADIAN NATURAL RESOURCES LIMITED,2025,2,"operating_income,capex"
1018281,,"INTEGRAL TECHNOLOGIES, INC",2025,2,"capex,sbc"
1022505,,"SideChannel, Inc.",2025,2,"intangibles,capex"
1025835,,ENTERPRISE FINANCIAL SERVICES CORP,2025,2,"operating_income,acq_cf_bs_disagreement"
1032033,,SLM Corp,2025,2,"operating_income,capex"
1034957,,Cresud Inc.,2025,2,"operating_income,sbc"
1035201,,CALIFORNIA WATER SERVICE GROUP,2025,2,"capex,acq_cf_bs_disagreement"
1036044,,"IDENTIV, INC.",2025,2,"goodwill,intangibles"
1037646,,Mettler-Toledo International Inc.,2025,2,"operating_income,acq_cf_bs_disagreement"
1038773,,SMARTFINANCIAL INC.,2025,2,"revenue,operating_income"
1039765,,ING GROEP NV,2025,2,"goodwill,intangibles"
1041792,,ENERGY CO OF PARANA,2024,2,"capex,sbc"
1042187,,YUNHONG GREEN CTI LTD.,2025,2,"goodwill,capex"
1042418,,"Inhibitor Therapeutics, Inc.",2025,2,"revenue,capex"
1042729,,MERCANTILE BANK CORPORATION,2025,2,"operating_income,acq_cf_bs_disagreement"
1042776,,"Piedmont Realty Trust, Inc.",2025,2,"operating_income,capex"
1042893,,"INNOVEX INTERNATIONAL, INC.",2025,2,"capex,acq_cf_bs_disagreement"
1045520,,CANADIAN IMPERIAL BANK OF COMMERCE /CAN/,2025,2,"operating_income,capex"
1045986,,FORMULA SYSTEMS (1985) LTD.,2024,2,"operating_income,acq_cf_bs_disagreement"
1046025,,HERITAGE FINANCIAL CORP,2025,2,"operating_income,sbc"
1046050,,"TIMBERLAND BANCORP, INC.",2025,2,"operating_income,sbc"
1049659,,NATIONAL STEEL CO,2024,2,"goodwill,sbc"
1049782,,"BROOKLINE BANCORP, INC",2024,2,"operating_income,acq_cf_bs_disagreement"
1050441,,EAGLE BANCORP INC,2025,2,"intangibles,operating_income"
1050743,,PEAPACK-GLADSTONE FINANCIAL CORPORATION,2025,2,"operating_income,sbc"
1054102,,"Interpace     Biosciences, Inc.",2025,2,"goodwill,intangibles"
1055160,,"MFA FINANCIAL, INC.",2025,2,"operating_income,capex"
1055726,,"INOVIO PHARMACEUTICALS, INC.",2025,2,"goodwill,intangibles"
1058867,,"GUARANTY BANCSHARES, INC.",2024,2,"revenue,operating_income"
1060391,,"REPUBLIC SERVICES, INC.",2025,2,"sbc,acq_cf_bs_disagreement"
1061574,,CGI INC.,2024,2,"operating_income,acq_cf_bs_disagreement"
1064722,,GIVEMEPOWER CORPORATION,2024,2,"capex,sbc"
1064728,,PEABODY ENERGY CORP,2025,2,"goodwill,intangibles"
1066119,,TELEFONICA BRASIL S.A.,2025,2,"goodwill,revenue"
1066130,,FE BATTERY METALS CORP.,2024,2,"revenue,capex"
1066684,,"THEGLOBE.COM, INC.",2025,2,"capex,sbc"
1066764,,BIMERGEN ENERGY CORPORATION,2025,2,"revenue,capex"
1067294,,"Cracker Barrel Old Country Store, Inc.",2025,2,"goodwill,acq_cf_bs_disagreement"
1067491,,INFOSYS LIMITED,2025,2,"capex,acq_cf_bs_disagreement"
1068851,,"PROSPERITY BANCSHARES, INC.",2025,2,"operating_income,acq_cf_bs_disagreement"
1069157,,"EAST WEST BANCORP, INC.",2025,2,"operating_income,capex"
1070524,,"GREENE COUNTY BANCORP, INC.",2026,2,"operating_income,sbc"
1071236,,"Red River Bancshares, Inc.",2025,2,"intangibles,operating_income"
1071438,,BRASKEM SA,2024,2,"intangibles,sbc"
1072627,,KINGSWAY Corp,2025,2,"capex,acq_cf_bs_disagreement"
1074828,,"USBC, INC.",2025,2,"intangibles,revenue"
1074871,,"MODULAR MEDICAL, INC.",2026,2,"intangibles,revenue"
1075880,,Kazia Therapeutics Limited.,2025,2,"operating_income,capex"
1083490,,SUNRISE REAL ESTATE GROUP INC,2025,2,"capex,sbc"
1086600,,ALLIANCE RESOURCE PARTNERS LP,2025,2,"goodwill,intangibles"
1087711,,Santander UK plc,2025,2,"operating_income,sbc"
1091748,,"ARGO GROUP INTERNATIONAL HOLDINGS, INC.",2024,2,"operating_income,capex"
1093672,,"PEOPLES BANCORP OF NORTH CAROLINA, INC.",2025,2,"operating_income,sbc"
1094032,,QDM INTERNATIONAL INC.,2026,2,"capex,sbc"
1094285,,TELEDYNE TECHNOLOGIES INC,2025,2,"sbc,acq_cf_bs_disagreement"
1094517,,TOYOTA MOTOR CORP/,2025,2,"capex,sbc"
1094831,,"BGC Group, Inc.",2025,2,"operating_income,sbc"
1095073,,"EVEREST GROUP, LTD.",2025,2,"operating_income,capex"
1095435,,Alpha Compute Corp,2025,2,"revenue,capex"
1096343,,MARKEL GROUP INC.,2025,2,"sbc,acq_cf_bs_disagreement"
1096938,,"UNITED HEALTH PRODUCTS, INC.",2025,2,"capex,sbc"
1097362,,SUN LIFE FINANCIAL INC,2025,2,"operating_income,acq_cf_bs_disagreement"
1099219,,"MetLife, Inc.",2025,2,"capex,acq_cf_bs_disagreement"
1099590,,"MercadoLibre, Inc.",2025,2,"sbc,acq_cf_bs_disagreement"
1104038,,"VerifyMe, Inc.",2025,2,"sbc,acq_cf_bs_disagreement"
1108134,,Beacon Financial Corp,2025,2,"operating_income,acq_cf_bs_disagreement"
1113423,,COSCIENS Biopharma Inc.,2025,2,"goodwill,intangibles"
1113809,,BUILD-A-BEAR WORKSHOP INC,2026,2,"intangibles,operating_income"
1114936,,UMeWorld Inc.,2025,2,"capex,sbc"
1116578,,PRUDENTIAL PLC,2025,2,"ocf,sbc"
1121795,,GHST World Inc.,2025,2,"operating_income,capex"
1123452,,SOUTHEAST AIRPORT GROUP,2024,2,"capex,sbc"
1123596,,"BAB, INC.",2025,2,"capex,sbc"
1125376,,"ENSIGN GROUP, INC",2025,2,"capex,acq_cf_bs_disagreement"
1130781,,BMP AI Technologies Inc.,2025,2,"capex,sbc"
1131312,,ZION OIL & GAS INC,2025,2,"revenue,capex"
1132509,,NEW MOMENTUM CORPORATION,2024,2,"capex,sbc"
1132651,,AMES NATIONAL CORPORATION,2025,2,"operating_income,sbc"
1133062,,JANEL CORPORATION,2025,2,"capex,acq_cf_bs_disagreement"
1133416,,GALECTIN THERAPEUTICS INC.,2025,2,"revenue,capex"
1133519,,MEDICURE INC.,2024,2,"operating_income,capex"
1134115,,INTERNATIONAL TOWER HILL MINES LTD,2025,2,"operating_income,capex"
1134982,,"APPLE iSPORTS GROUP, INC.",2025,2,"intangibles,capex"
1137774,,PRUDENTIAL FINANCIAL INC,2025,2,"operating_income,capex"
1137883,,BRAINSTORM CELL THERAPEUTICS INC.,2025,2,"revenue,capex"
1138724,,"GLOBAL ARENA HOLDING, INC.",2025,2,"revenue,sbc"
1140465,,HSBC Bank plc,2024,2,"revenue,capex"
1141964,,PUBLIC CO MANAGEMENT CORP,2025,2,"revenue,capex"
1144800,,TRANSALTA CORPORATION,2025,2,"sbc,acq_cf_bs_disagreement"
1158324,,"COGENT COMMUNICATIONS HOLDINGS, INC.",2025,2,"goodwill,intangibles"
1160308,,Savara Inc,2025,2,"goodwill,revenue"
1160791,,GOLD RESOURCE CORP,2025,2,"goodwill,intangibles"
1163370,,"Northrim BanCorp, Inc.",2025,2,"operating_income,acq_cf_bs_disagreement"
1163389,,"NEW PEOPLES BANKSHARES, INC.",2025,2,"operating_income,sbc"
1163739,,NABORS INDUSTRIES LTD,2025,2,"goodwill,intangibles"
1164771,,NORTHERN DYNASTY MINERALS LTD,2025,2,"revenue,capex"
1168455,,Plumas Bancorp,2025,2,"operating_income,acq_cf_bs_disagreement"
1168981,,CORDOVACANN CORP.,2025,2,"operating_income,sbc"
1169770,,"BANC OF CALIFORNIA, INC.",2025,2,"operating_income,sbc"
1170858,,COMPANHIA DE SANEAMENTO BASICO DO ESTADO DE SAO PAULO-SABESP,2024,2,"operating_income,sbc"
1172052,,SAFETY INSURANCE GROUP INC,2025,2,"operating_income,acq_cf_bs_disagreement"
1172069,,"P2 SOLAR, INC.",2025,2,"capex,sbc"
1173204,,Cineverse Corp.,2026,2,"capex,acq_cf_bs_disagreement"
1173643,,TRX GOLD Corporation,2025,2,"operating_income,sbc"
1174850,,"NICOLET BANKSHARES, INC",2025,2,"operating_income,acq_cf_bs_disagreement"
1174940,,"ORAGENICS, INC.",2025,2,"revenue,capex"
1176948,,ARES MANAGEMENT CORPORATION,2025,2,"operating_income,capex"
1178253,,"SCYNEXIS, Inc.",2025,2,"intangibles,capex"
1178697,,"DNA X, Inc.",2025,2,"revenue,capex"
1178819,,ALAMOS GOLD INC.,2025,2,"goodwill,intangibles"
1178970,,PROVIDENT FINANCIAL SERVICES INC,2025,2,"operating_income,sbc"
1192323,,"Superstar Platforms, Inc.",2025,2,"capex,sbc"
1193311,,Oncor Electric Delivery Company LLC,2025,2,"capex,sbc"
1203464,,IAMGOLD Corporation,2025,2,"goodwill,intangibles"
1207179,,GOLAR LNG LIMITED,2025,2,"ocf,capex"
1212545,,WESTERN ALLIANCE BANCORPORATION,2025,2,"operating_income,acq_cf_bs_disagreement"
1217234,,"CAREDX, INC.",2025,2,"capex,acq_cf_bs_disagreement"
1224608,,"CNO Financial Group, Inc.",2025,2,"capex,sbc"
1230245,,PIPER SANDLER COMPANIES,2025,2,"operating_income,acq_cf_bs_disagreement"
1230992,,MAG SILVER CORP,2024,2,"revenue,operating_income"
1231346,,Seabridge Gold Inc.,2025,2,"revenue,operating_income"
1243429,,ArcelorMittal,2025,2,"goodwill,sbc"
1258602,,"NELNET, INC.",2025,2,"operating_income,acq_cf_bs_disagreement"
1261002,,Genoil Inc.,2024,2,"intangibles,capex"
1263043,,"Shinhan Financial Group Co., Ltd.",2024,2,"intangibles,sbc"
1264136,,Woori Financial Group Inc.,2024,2,"intangibles,revenue"
1265131,,Hilltop Holdings Inc.,2025,2,"operating_income,sbc"
1267238,,"Assurant, Inc.",2025,2,"operating_income,acq_cf_bs_disagreement"
1275101,,"BANK OF THE JAMES FINANCIAL GROUP, INC.",2025,2,"operating_income,sbc"
1276520,,"GENWORTH FINANCIAL, INC.",2025,2,"operating_income,capex"
1277866,,ENDEAVOUR SILVER CORP.,2025,2,"goodwill,intangibles"
1277902,,MVB Financial Corp,2025,2,"operating_income,acq_cf_bs_disagreement"
1279704,,"Cellectar Biosciences, Inc.",2025,2,"goodwill,revenue"
1280776,,"Immunic, Inc.",2025,2,"goodwill,revenue"
1281761,,Regions Financial Corporation,2025,2,"capex,acq_cf_bs_disagreement"
1281845,,"UNIQUE LOGISTICS INTERNATIONAL, INC.",2024,2,"sbc,acq_cf_bs_disagreement"
1284454,,"Nongfu Shop Digital New Retail Co., LTD.",2024,2,"capex,sbc"
1289877,,SFL Corporation Ltd.,2025,2,"capex,sbc"
1290109,,"LG Display Co., Ltd.",2024,2,"operating_income,sbc"
1296884,,"LIGHTSTONE VALUE PLUS REIT I, INC.",2025,2,"operating_income,sbc"
1297937,,"Parks! America, Inc.",2025,2,"goodwill,sbc"
1298946,,DIAMONDROCK HOSPITALITY CO,2025,2,"intangibles,operating_income"
1299709,,"AXOS FINANCIAL, INC.",2026,2,"operating_income,acq_cf_bs_disagreement"
1300734,,"SHINECO, INC.",2024,2,"sbc,acq_cf_bs_disagreement"
1300781,,"DH ENCHANTMENT, INC.",2024,2,"capex,sbc"
1301991,,"SMARTMETRIC, INC.",2024,2,"capex,sbc"
1302387,,"BV FINANCIAL, INC.",2025,2,"revenue,operating_income"
1304280,,Novelis Inc.,2026,2,"capex,acq_cf_bs_disagreement"
1304409,,ATHENA GOLD CORPORATION,2024,2,"revenue,capex"
1306965,,Shell plc,2025,2,"operating_income,capex"
1308106,,SEAPEAK LLC,2025,2,"sbc,acq_cf_bs_disagreement"
1310630,,China Foods Holdings Ltd.,2025,2,"capex,sbc"
1314052,,ANAVEX LIFE SCIENCES CORP.,2025,2,"revenue,capex"
1315061,,"Ridgewood Energy O Fund, LLC",2025,2,"capex,sbc"
1320695,,"TreeHouse Foods, Inc.",2024,2,"capex,acq_cf_bs_disagreement"
1320854,,"FREIGHTCAR AMERICA, INC.",2025,2,"goodwill,intangibles"
1324759,,HONG YUAN HOLDING GROUP,2025,2,"capex,sbc"
1325878,,FEDERAL HOME LOAN BANK OF TOPEKA,2025,2,"operating_income,sbc"
1326771,,FEDERAL HOME LOAN BANK OF CINCINNATI,2025,2,"operating_income,sbc"
1327318,,"TRUECAR, INC.",2024,2,"goodwill,acq_cf_bs_disagreement"
1328237,,INVESCO DB COMMODITY INDEX TRACKING FUND,2025,2,"capex,sbc"
1331520,,"HOME BANCSHARES, INC.",2025,2,"operating_income,acq_cf_bs_disagreement"
1331757,,FEDERAL HOME LOAN BANK OF DALLAS,2025,2,"operating_income,sbc"
1331875,,"FIDELITY NATIONAL FINANCIAL, INC.",2025,2,"operating_income,capex"
1333493,,"eHealth, Inc",2025,2,"goodwill,intangibles"
1334933,,URANIUM ENERGY CORP.,2025,2,"goodwill,intangibles"
1336047,,"BOARDWALK PIPELINE PARTNERS, LP",2025,2,"sbc,acq_cf_bs_disagreement"
1338474,,"Ridgewood Energy Q Fund, LLC",2025,2,"capex,sbc"
1339688,,LION COPPER AND GOLD CORP.,2025,2,"revenue,capex"
1340677,,SILVERCORP METALS INC.,2025,2,"goodwill,intangibles"
1341235,,"ALDEYRA THERAPEUTICS, INC.",2025,2,"revenue,capex"
1341317,,"BRIDGEWATER BANCSHARES, INC.",2025,2,"operating_income,acq_cf_bs_disagreement"
1342936,,"Rivulet Entertainment, Inc.",2025,2,"capex,sbc"
1346022,,Enertopia Corp.,2025,2,"revenue,capex"
1346830,,"TVARDI THERAPEUTICS, INC.",2025,2,"revenue,capex"
1346917,,GENTOR RESOURCES INC.,2025,2,"revenue,capex"
1347242,,Lipella Pharmaceuticals Inc.,2024,2,"capex,sbc"
1347408,,SES S.A.,2025,2,"intangibles,sbc"
1347557,,Pacific Airport Group,2024,2,"capex,sbc"
1347858,,"22nd Century Group, Inc.",2025,2,"goodwill,acq_cf_bs_disagreement"
1352190,,"Ridgewood Energy S Fund, LLC",2025,2,"capex,sbc"
1355736,,AVRICORE HEALTH INC.,2024,2,"intangibles,operating_income"
1355848,,"Kartoon Studios, Inc.",2025,2,"goodwill,acq_cf_bs_disagreement"
1357459,,"PALISADE BIO, INC.",2025,2,"intangibles,capex"
1357615,,"KBR, Inc.",2025,2,"sbc,acq_cf_bs_disagreement"
1357878,,"REGENEREX PHARMA, INC.",2024,2,"revenue,capex"
1357971,,Energy Services of America CORP,2025,2,"net_income,sbc"
1358654,,RED METAL RESOURCES LTD.,2025,2,"revenue,ocf"
1360442,,"Dogecoin Cash, Inc.",2025,2,"capex,sbc"
1364125,,WESTERN COPPER AND GOLD CORPORATION,2025,2,"revenue,operating_income"
1364397,,"Ridgewood Energy T Fund, LLC",2025,2,"capex,sbc"
1367993,,"Holistic Asset Finance Group Co., Ltd",2025,2,"capex,sbc"
1369085,,New Pacific Metals Corp.,2025,2,"revenue,operating_income"
1371128,,"NEWHYDROGEN, INC.",2025,2,"revenue,capex"
1375365,,"Super Micro Computer, Inc.",2026,2,"goodwill,intangibles"
1376793,,"Cavitation Technologies, Inc.",2025,2,"capex,sbc"
1376986,,TENNESSEE VALLEY AUTHORITY,2025,2,"equity,sbc"
1377178,,"Ridgewood Energy U Fund, LLC",2025,2,"capex,sbc"
1383057,,INVESCO DB PRECIOUS METALS FUND,2025,2,"capex,sbc"
1383058,,INVESCO DB OIL FUND,2025,2,"capex,sbc"
1383062,,INVESCO DB ENERGY FUND,2025,2,"capex,sbc"
1383082,,INVESCO DB AGRICULTURE FUND,2025,2,"capex,sbc"
1383084,,INVESCO DB BASE METALS FUND,2025,2,"capex,sbc"
1383149,,INVESCO DB US DOLLAR INDEX BEARISH FUND,2025,2,"capex,sbc"
1383151,,INVESCO DB US DOLLAR INDEX BULLISH FUND,2025,2,"capex,sbc"
1383395,,SEQUANS COMMUNICATIONS S.A.,2024,2,"revenue,capex"
1385613,,"GREENLIGHT CAPITAL RE, LTD.",2025,2,"operating_income,capex"
1385662,,"Ridgewood Energy V Fund, LLC",2025,2,"capex,sbc"
1387061,,"Lightstone Value Plus REIT V, Inc.",2025,2,"operating_income,sbc"
1390478,,"SELLAS Life Sciences Group, Inc.",2025,2,"revenue,capex"
1390777,,Bank of New York Mellon Corp,2025,2,"operating_income,acq_cf_bs_disagreement"
1391135,,LFTD PARTNERS INC.,2025,2,"intangibles,sbc"
1392272,,"Chain Bridge Bancorp, Inc.",2025,2,"operating_income,sbc"
1393052,,Veeva Systems Inc.,2026,2,"capex,acq_cf_bs_disagreement"
1393311,,Public Storage,2025,2,"operating_income,acq_cf_bs_disagreement"
1393818,,Blackstone Inc.,2025,2,"operating_income,acq_cf_bs_disagreement"
1394108,,SUIC Worldwide Holdings Ltd.,2025,2,"capex,sbc"
1395064,,Takeda Pharmaceutical Company Limited,2025,2,"sbc,acq_cf_bs_disagreement"
1395585,,FIRST TRINITY FINANCIAL CORPORATION,2025,2,"operating_income,sbc"
1397183,,"IVEDA SOLUTIONS, INC.",2025,2,"intangibles,capex"
1397911,,LPL Financial Holdings Inc.,2025,2,"operating_income,acq_cf_bs_disagreement"
1398453,,"XINYUAN REAL ESTATE CO., LTD.",2024,2,"goodwill,intangibles"
1398987,,Anywhere Real Estate Inc.,2024,2,"intangibles,operating_income"
1400118,,Sagimet Biosciences Inc.,2025,2,"revenue,capex"
1401835,,Star Gold Corp.,2026,2,"revenue,capex"
1404804,,OMNITEK ENGINEERING CORP.,2025,2,"capex,sbc"
1406234,,BROOKFIELD INFRASTRUCTURE PARTNERS L.P.,2025,2,"sbc,acq_cf_bs_disagreement"
1406587,,FORESTAR GROUP INC.,2025,2,"intangibles,operating_income"
1408075,,Graphic Packaging Holding Co,2025,2,"capex,acq_cf_bs_disagreement"
1408100,,"Kennedy-Wilson Holdings, Inc.",2025,2,"intangibles,operating_income"
1409171,,TITAN MACHINERY INC.,2026,2,"capex,acq_cf_bs_disagreement"
1409947,,"Ridgewood Energy W Fund, LLC",2025,2,"capex,sbc"
1411057,,"CANNABIS BIOSCIENCE INTERNATIONAL HOLDINGS, INC.",2025,2,"capex,sbc"
1411342,,Ellington Financial Inc.,2025,2,"revenue,operating_income"
1412100,,"MAIDEN HOLDINGS, LTD.",2024,2,"operating_income,capex"
1412126,,"REMSLEEP HOLDINGS, INC.",2025,2,"capex,sbc"
1412486,,"COCRYSTAL PHARMA, INC.",2025,2,"goodwill,revenue"
1412502,,Sterling Real Estate Trust,2025,2,"capex,sbc"
1413745,,Yueda Digital Holding,2025,2,"intangibles,capex"
1413855,,AIFU Inc.,2025,2,"goodwill,intangibles"
1414382,,"Concrete Leveling Systems, Inc.",2025,2,"capex,sbc"
1414953,,EQUATOR Beverage Company,2025,2,"capex,sbc"
1415744,,NORTHERN MINERALS & EXPLORATION LTD.,2025,2,"capex,sbc"
1417398,,"HILLENBRAND, INC.",2025,2,"operating_income,acq_cf_bs_disagreement"
1419536,,CAPITAL BANCORP INC,2025,2,"operating_income,acq_cf_bs_disagreement"
1419554,,BONE     BIOLOGICS CORPORATION,2025,2,"revenue,capex"
1427570,,"VYOME HOLDINGS, INC.",2025,2,"goodwill,capex"
1427925,,"TALPHERA, INC.",2025,2,"goodwill,capex"
1430162,,COSAN S.A.,2024,2,"goodwill,ocf"
1430723,,"SERVISFIRST BANCSHARES, INC.",2025,2,"operating_income,capex"
1432364,,AZUL SA,2025,2,"goodwill,intangibles"
1434070,,"Ridgewood Energy Y Fund, LLC",2025,2,"capex,sbc"
1434614,,Sandstorm Gold Ltd.,2024,2,"operating_income,capex"
1434740,,RANGER GOLD CORP.,2026,2,"capex,sbc"
1434754,,"SAFE BULKERS, INC.",2025,2,"revenue,capex"
1436425,,"HOME BANCORP, INC.",2025,2,"operating_income,acq_cf_bs_disagreement"
1436975,,"LIGHTSTONE VALUE PLUS REIT II, INC.",2025,2,"operating_income,sbc"
1438461,,Yinfu Gold Corporation,2026,2,"capex,sbc"
1438569,,Grifols SA,2024,2,"sbc,acq_cf_bs_disagreement"
1438943,,"RANGE IMPACT, INC.",2025,2,"goodwill,capex"
1439124,,AXIA Energia S.A.,2024,2,"goodwill,sbc"
1439264,,MARVION INC.,2025,2,"intangibles,sbc"
1439288,,ZURN ELKAY WATER SOLUTIONS CORPORATION,2025,2,"capex,acq_cf_bs_disagreement"
1440972,,LITHIUM ARGENTINA AG,2025,2,"revenue,operating_income"
1442492,,"Laredo Oil, Inc.",2025,2,"capex,sbc"
1444192,,"Grace Therapeutics, Inc.",2026,2,"revenue,capex"
1444406,,ECOPETROL S.A.,2024,2,"sbc,acq_cf_bs_disagreement"
1445467,,Avrupa Minerals Ltd.,2024,2,"revenue,operating_income"
1445815,,"BIOXYTRAN, INC.",2025,2,"revenue,capex"
1445930,,KB Financial Group Inc.,2024,2,"intangibles,revenue"
1445942,,TEXAS MINERAL RESOURCES CORP.,2025,2,"revenue,capex"
1447028,,Arbutus Biopharma Corp,2025,2,"goodwill,intangibles"
1447051,,Territorial Bancorp Inc.,2024,2,"intangibles,operating_income"
1448597,,AUGUSTA GOLD CORP.,2024,2,"revenue,capex"
1448705,,"Basanite, Inc.",2024,2,"revenue,capex"
1448893,,ESSENT GROUP LTD.,2025,2,"intangibles,operating_income"
1449349,,VIVOS INC.,2025,2,"intangibles,sbc"
1449794,,"Embassy Bancorp, Inc.",2025,2,"operating_income,sbc"
1452477,,Seven Hills Realty Trust,2025,2,"operating_income,capex"
1452857,,STEEL PARTNERS HOLDINGS L.P.,2024,2,"operating_income,acq_cf_bs_disagreement"
1455365,,"Cognition Therapeutics, Inc.",2025,2,"revenue,capex"
1455741,,"Ridgewood Energy X Fund, LLC",2025,2,"capex,sbc"
1457919,,"Ridgewood Energy A-1 Fund, LLC",2025,2,"capex,sbc"
1463913,,US ALLIANCE CORPORATION,2025,2,"operating_income,sbc"
1464423,,PennyMac Mortgage Investment Trust,2025,2,"operating_income,capex"
1464591,,GeoPark LTD,2025,2,"goodwill,intangibles"
1465470,,NATURALSHRIMP INCORPORATED,2025,2,"capex,sbc"
1468091,,VEON Ltd.,2025,2,"intangibles,ocf"
1468174,,Hyatt Hotels Corp,2025,2,"operating_income,acq_cf_bs_disagreement"
1469115,,RIDGEDALE     HOLDINGS INC.,2024,2,"capex,sbc"
1471055,,BANCO SANTANDER (BRASIL) S.A.,2025,2,"revenue,operating_income"
1471265,,"NORTHWEST BANCSHARES, INC.",2025,2,"operating_income,acq_cf_bs_disagreement"
1471727,,SRX Global Inc.,2025,2,"intangibles,capex"
1472091,,PDS Biotechnology Corp,2025,2,"intangibles,revenue"
1474558,,GOLKOR INC.,2024,2,"capex,sbc"
1476045,,Chatham Lodging Trust,2025,2,"goodwill,intangibles"
1476963,,"Scorpius Holdings, Inc.",2024,2,"goodwill,intangibles"
1477246,,S&W SEED CO,2024,2,"goodwill,sbc"
1477960,,LATAMED AI CORP.,2025,2,"capex,sbc"
1478454,,"Eagle Bancorp Montana, Inc.",2025,2,"operating_income,acq_cf_bs_disagreement"
1482430,,"KBS REAL ESTATE INVESTMENT TRUST III, INC.",2025,2,"operating_income,sbc"
1482554,,"Hartford Creative Group, Inc.",2025,2,"goodwill,sbc"
1483646,,"BLACKSTAR ENTERPRISE GROUP, INC.",2024,2,"revenue,operating_income"
1485003,,Carisma Therapeutics Inc.,2024,2,"goodwill,intangibles"
1485074,,"Freeze Tag, Inc.",2024,2,"capex,sbc"
1488039,,"ATOSSA THERAPEUTICS, INC.",2025,2,"intangibles,revenue"
1490873,,"ECO SCIENCE SOLUTIONS, INC.",2026,2,"capex,sbc"
1490978,,"Schrodinger, Inc.",2025,2,"intangibles,acq_cf_bs_disagreement"
1494413,,TWO HANDS CORPORATION,2025,2,"capex,sbc"
1494582,,BOSTON OMAHA Corp,2025,2,"sbc,acq_cf_bs_disagreement"
1495153,,MakeMyTrip Ltd,2025,2,"goodwill,intangibles"
1495240,,GLADSTONE LAND CORP,2025,2,"operating_income,sbc"
1495932,,"AGNT, INC.",2025,2,"sbc,acq_cf_bs_disagreement"
1497230,,FYNTECHNICAL INNOVATIONS INC.,2024,2,"capex,sbc"
1498547,,"CIM GROUP, INC.",2025,2,"operating_income,capex"
1499543,,Noah Holdings Ltd,2025,2,"goodwill,intangibles"
1502557,,KUN PENG INTERNATIONAL LTD.,2025,2,"capex,sbc"
1502966,,"Hypha Labs, Inc.",2025,2,"goodwill,revenue"
1503584,,COSTAMARE INC.,2025,2,"goodwill,capex"
1503658,,"Winning Catering Group, Inc.",2025,2,"capex,sbc"
1503707,,"NORTHSTAR HEALTHCARE INCOME, INC.",2024,2,"operating_income,capex"
1504008,,"BankUnited, Inc.",2025,2,"goodwill,operating_income"
1504678,,"Loop Industries, Inc.",2026,2,"operating_income,capex"
1504764,,GRUPO AVAL ACCIONES Y VALORES S.A.,2024,2,"operating_income,sbc"
1506251,,"Citius Pharmaceuticals, Inc.",2025,2,"revenue,capex"
1508478,,Arcos Dorados Holdings Inc.,2025,2,"sbc,acq_cf_bs_disagreement"
1509745,,CYPHERPUNK TECHNOLOGIES INC.,2025,2,"revenue,capex"
1509991,,Kosmos Energy Ltd.,2025,2,"operating_income,capex"
1511337,,RLJ LODGING TRUST,2025,2,"intangibles,operating_income"
1514443,,"AMERIGUARD SECURITY SERVICES, INC.",2025,2,"capex,sbc"
1514597,,FURY GOLD MINES LTD,2025,2,"revenue,operating_income"
1515139,,WASTE ENERGY CORP.,2025,2,"intangibles,capex"
1515317,,MAGELLAN COPPER & GOLD CORP.,2025,2,"revenue,capex"
1517399,,GRUPO SUPERVIELLE S.A.,2024,2,"capex,sbc"
1517681,,"PROPANC BIOPHARMA, INC.",2025,2,"revenue,capex"
1518621,,"Orchid Island Capital, Inc.",2025,2,"operating_income,capex"
1520006,,Matador Resources Company,2025,2,"goodwill,intangibles"
1520504,,"Controladora Vuela Compania de Aviacion, S.A.B. de C.V.",2024,2,"goodwill,revenue"
1520697,,"Acadia Healthcare Company, Inc.",2025,2,"operating_income,acq_cf_bs_disagreement"
1527166,,Carlyle Group Inc.,2025,2,"operating_income,acq_cf_bs_disagreement"
1527728,,Lunai Bioworks Inc.,2025,2,"revenue,capex"
1528985,,"Inland Real Estate Income Trust, Inc.",2025,2,"operating_income,sbc"
1529377,,ARES COMMERCIAL REAL ESTATE CORPORATION,2025,2,"operating_income,capex"
1530766,,STREAMEX CORP.,2025,2,"revenue,capex"
1532619,,Power REIT,2025,2,"operating_income,capex"
1533357,,DEFENSE TECHNOLOGIES INTERNATIONAL CORP.,2025,2,"capex,sbc"
1534525,,"XENETIC BIOSCIENCES, INC.",2025,2,"goodwill,capex"
1534675,,TECNOGLASS HOLDINGS INC.,2025,2,"sbc,acq_cf_bs_disagreement"
1535929,,"Voya Financial, Inc.",2025,2,"capex,acq_cf_bs_disagreement"
1538495,,"EARTH SCIENCE TECH, INC.",2026,2,"operating_income,sbc"
1538847,,GoldMining Inc.,2025,2,"revenue,ocf"
1538990,,STORE CAPITAL LLC,2025,2,"operating_income,capex"
1539638,,"TRIUMPH FINANCIAL, INC.",2025,2,"operating_income,acq_cf_bs_disagreement"
1539680,,HAMMER TECHNOLOGY HOLDINGS CORP.,2025,2,"capex,sbc"
1539838,,"Diamondback Energy, Inc.",2025,2,"intangibles,sbc"
1540159,,"EDESA BIOTECH, INC.",2025,2,"revenue,capex"
1541157,,"Akari Therapeutics, Plc",2025,2,"revenue,capex"
1543652,,Free Flow USA Inc.,2025,2,"capex,sbc"
1544190,,"SHEPHERD’S FINANCE, LLC",2025,2,"revenue,operating_income"
1544400,,NFiniTi inc.,2024,2,"capex,sbc"
1545772,,Brookfield Property Partners L.P.,2025,2,"operating_income,sbc"
1547546,,"LUMENT FINANCE TRUST, INC.",2025,2,"revenue,operating_income"
1552000,,MPLX LP,2025,2,"sbc,acq_cf_bs_disagreement"
1552797,,"DELEK LOGISTICS PARTNERS, LP",2025,2,"sbc,acq_cf_bs_disagreement"
1553643,,"RELMADA THERAPEUTICS, INC.",2025,2,"revenue,capex"
1556727,,First Northwest Bancorp,2025,2,"operating_income,capex"
1560452,,TEXAS REPUBLIC CAPITAL CORPORATION,2025,2,"operating_income,sbc"
1563411,,CONSTELLIUM SE,2025,2,"operating_income,acq_cf_bs_disagreement"
1563756,,"LIGHTSTONE VALUE PLUS REIT III, INC.",2025,2,"operating_income,sbc"
1564538,,GRANITE REAL ESTATE INVESTMENT TRUST,2024,2,"ocf,sbc"
1564708,,NEWS CORPORATION,2026,2,"operating_income,acq_cf_bs_disagreement"
1567094,,CNH INDUSTRIAL N.V.,2025,2,"operating_income,capex"
1567264,,"INTENSITY THERAPEUTICS, INC.",2025,2,"revenue,capex"
1567683,,"Clearway Energy, Inc.",2025,2,"goodwill,sbc"
1569340,,"Cell Source, Inc.",2024,2,"revenue,capex"
1571776,,CHERRY HILL MORTGAGE INVESTMENT CORPORATION,2025,2,"operating_income,capex"
1571934,,TAO Synergies Inc.,2025,2,"capex,sbc"
1574197,,"Five Point Holdings, LLC",2025,2,"operating_income,acq_cf_bs_disagreement"
1575048,,"ATEL 16, LLC",2024,2,"capex,sbc"
1575965,,"Gaming and Leisure Properties, Inc.",2025,2,"goodwill,intangibles"
1576018,,SIRIUSPOINT LTD.,2025,2,"operating_income,capex"
1577437,,Ardmore Shipping Corp,2025,2,"operating_income,capex"
1577552,,Alibaba Group Holding Limited,2026,2,"capex,acq_cf_bs_disagreement"
1579684,,"USA TODAY CO., INC.",2025,2,"operating_income,acq_cf_bs_disagreement"
1580149,,BioVie Inc.,2026,2,"revenue,capex"
1582554,,"MATINAS BIOPHARMA HOLDINGS, INC.",2025,2,"revenue,capex"
1583648,,"Palvella Therapeutics, Inc.",2025,2,"revenue,capex"
1584693,,SafeSpace Global Corporation,2025,2,"revenue,capex"
1585101,,"Hines Global Income Trust, Inc.",2025,2,"operating_income,sbc"
1586495,,LEET TECHNOLOGY INC.,2024,2,"intangibles,sbc"
1587523,,Knowles Corporation,2025,2,"ocf,acq_cf_bs_disagreement"
1587987,,"NEWTEKONE, INC.",2025,2,"revenue,operating_income"
1588823,,TFI INTERNATIONAL INC.,2025,2,"goodwill,intangibles"
1589150,,"REGEN BIOPHARMA, INC.",2025,2,"capex,sbc"
1590364,,FTAI AVIATION LTD.,2025,2,"operating_income,acq_cf_bs_disagreement"
1590418,,FOCUS UNIVERSAL INC.,2025,2,"intangibles,sbc"
1590717,,"CareTrust REIT, Inc.",2025,2,"operating_income,capex"
1591588,,"Gold.com, Inc.",2025,2,"operating_income,acq_cf_bs_disagreement"
1593275,,"Hamilton Insurance Group, Ltd.",2025,2,"operating_income,capex"
1593899,,"Atea Pharmaceuticals, Inc.",2025,2,"revenue,capex"
1595248,,"Genprex, Inc.",2025,2,"revenue,capex"
1597835,,Cheetah Mobile Inc.,2025,2,"capex,acq_cf_bs_disagreement"
1598646,,"Minerva Neurosciences, Inc.",2025,2,"revenue,capex"
1599298,,Summit Therapeutics Inc.,2025,2,"revenue,operating_income"
1599407,,1847 HOLDINGS LLC,2025,2,"sbc,acq_cf_bs_disagreement"
1602658,,Investar Holding Corporation,2025,2,"operating_income,capex"
1603793,,"Norris Industries, Inc.",2026,2,"capex,sbc"
1603993,,AIOS Tech Inc.,2025,2,"capex,sbc"
1609065,,"PATHFINDER BANCORP, INC.",2025,2,"operating_income,sbc"
1609253,,California Resources Corp,2025,2,"goodwill,intangibles"
1610590,,Check-Cap Ltd.,2025,2,"revenue,capex"
1610718,,"OUTDOOR SPECIALTY PRODUCTS, INC.",2025,2,"capex,sbc"
1610820,,BRIACELL THERAPEUTICS CORP.,2025,2,"revenue,capex"
1611005,,KENON HOLDINGS LTD.,2025,2,"goodwill,intangibles"
1611983,,LIBERTY BROADBAND CORPORATION,2025,2,"revenue,capex"
1612042,,Ascendis Pharma A/S,2025,2,"goodwill,capex"
1612630,,Joint Corp,2025,2,"goodwill,intangibles"
1614744,,PURPLE BIOTECH LTD.,2025,2,"revenue,operating_income"
1615219,,Decoy Therapeutics Inc.,2025,2,"goodwill,revenue"
1615903,,INTERCORP FINANCIAL SERVICES INC.,2024,2,"revenue,sbc"
1616156,,"WEWARDS, INC.",2025,2,"capex,sbc"
1619312,,"Lightstone Value Plus REIT IV, Inc.",2025,2,"operating_income,sbc"
1619762,,BRIGHTSTAR LOTTERY PLC,2025,2,"operating_income,acq_cf_bs_disagreement"
1620463,,"LeonaBio, Inc.",2025,2,"revenue,capex"
1622057,,"NASCENT BIOTECH, INC.",2024,2,"revenue,capex"
1622194,,"Easterly Government Properties, Inc.",2025,2,"operating_income,capex"
1622536,,Talen Energy Corporation,2025,2,"goodwill,intangibles"
1622996,,"ACRO BIOMEDICAL CO., LTD.",2025,2,"capex,sbc"
1623925,,ANTERO MIDSTREAM CORPORATION,2025,2,"goodwill,capex"
1624326,,PAVmed Inc.,2025,2,"goodwill,intangibles"
1626115,,PJT Partners Inc.,2025,2,"operating_income,acq_cf_bs_disagreement"
1626644,,"Odyssey Health, Inc.",2025,2,"revenue,capex"
1629019,,MERCHANTS BANCORP,2025,2,"operating_income,sbc"
1630212,,CHANGE AGENTS CORPORATION,2025,2,"revenue,capex"
1630805,,"BABCOCK & WILCOX ENTERPRISES, INC",2025,2,"sbc,acq_cf_bs_disagreement"
1631596,,KKR Real Estate Finance Trust Inc.,2025,2,"revenue,operating_income"
1631761,,Yiren Digital Ltd.,2025,2,"goodwill,intangibles"
1632121,,"BALANCE LABS, INC.",2025,2,"intangibles,capex"
1634293,,"Exceed World, Inc.",2025,2,"intangibles,sbc"
1636051,,FUSE GROUP HOLDING INC.,2025,2,"capex,sbc"
1639327,,Zhuoxun Hongtu Inc.,2024,2,"capex,sbc"
1640251,,WINS Finance Holdings Inc.,2024,2,"operating_income,sbc"
1640982,,"ATEL 17, LLC",2024,2,"capex,sbc"
1642122,,"Associated Capital Group, Inc.",2024,2,"capex,sbc"
1645873,,"MODIV INDUSTRIAL, INC.",2025,2,"goodwill,intangibles"
1647822,,"Jingbo Technology, Inc.",2026,2,"goodwill,sbc"
1649009,,"CORE AI HOLDINGS, INC.",2025,2,"capex,sbc"
1649313,,BW LPG Ltd,2025,2,"goodwill,revenue"
1649739,,BAYFIRST FINANCIAL CORP.,2025,2,"revenue,operating_income"
1649752,,Nouveau Monde Graphite Inc.,2025,2,"intangibles,revenue"
1651992,,"APPSOFT TECHNOLOGIES, INC.",2025,2,"capex,sbc"
1652130,,"INTELLIA THERAPEUTICS, INC.",2025,2,"goodwill,intangibles"
1652935,,"Actuate Therapeutics, Inc.",2025,2,"revenue,capex"
1653242,,The Bank of N.T. Butterfield & Son Limited,2025,2,"operating_income,capex"
1656081,,ENDAVA PLC,2025,2,"capex,acq_cf_bs_disagreement"
1657642,,"SKYLINE BANKSHARES, INC.",2025,2,"operating_income,acq_cf_bs_disagreement"
1658566,,PERMIAN RESOURCES CORPORATION,2025,2,"goodwill,intangibles"
1659939,,ENEL CHILE S.A.,2024,2,"sbc,acq_cf_bs_disagreement"
1661059,,"NEXTCURE, INC",2025,2,"revenue,capex"
1663038,,Quantum Genesis AI Corp.,2025,2,"capex,sbc"
1664703,,BLOOM ENERGY CORPORATION,2025,2,"goodwill,sbc"
1666244,,"Cantor Fitzgerald Income Trust, Inc.",2025,2,"operating_income,sbc"
1666291,,"Claros Mortgage Trust, Inc.",2025,2,"operating_income,capex"
1666700,,"DUPONT DE NEMOURS, INC.",2025,2,"operating_income,acq_cf_bs_disagreement"
1668340,,"BANCORP 34, INC.",2024,2,"intangibles,operating_income"
1669779,,"CAMPING WORLD HOLDINGS, INC.",2025,2,"capex,acq_cf_bs_disagreement"
1670541,,Adient plc,2025,2,"operating_income,acq_cf_bs_disagreement"
1671933,,"The Trade Desk, Inc.",2025,2,"goodwill,intangibles"
1672572,,LANDBAY INC,2025,2,"capex,sbc"
1672688,,ABSCI CORP,2025,2,"goodwill,acq_cf_bs_disagreement"
1672886,,ZHONG YUAN BIO-TECHNOLOGY HOLDINGS LIMITED,2024,2,"goodwill,capex"
1673481,,SPORTS ENTERTAINMENT GAMING GLOBAL CORPORATION,2025,2,"capex,sbc"
1673985,,AdvanSix Inc.,2025,2,"operating_income,acq_cf_bs_disagreement"
1674168,,Hilton Grand Vacations Inc.,2025,2,"operating_income,acq_cf_bs_disagreement"
1677077,,"Alzamend Neuro, Inc.",2026,2,"revenue,capex"
1678105,,CARO HOLDINGS INC.,2026,2,"capex,sbc"
1678848,,CAMBELL INTERNATIONAL HOLDING CORP.,2024,2,"capex,sbc"
1679688,,"DigitalBridge Group, Inc.",2025,2,"operating_income,acq_cf_bs_disagreement"
1679788,,"Coinbase Global, Inc.",2025,2,"capex,acq_cf_bs_disagreement"
1679817,,"OZOP ENERGY SOLUTIONS, INC.",2025,2,"goodwill,intangibles"
1680048,,"MUSTANG BIO, INC.",2025,2,"revenue,capex"
1680056,,ORLA MINING LTD.,2025,2,"goodwill,intangibles"
1680689,,"Natural Resource Holdings, Inc.",2025,2,"revenue,capex"
1682241,,Metalpha Technology Holding Limited,2025,2,"goodwill,sbc"
1682639,,"HYPERION DEFI, INC.",2025,2,"intangibles,capex"
1683252,,"Token Communities, Ltd.",2025,2,"capex,sbc"
1687277,,"ReTo Eco-Solutions, Inc.",2025,2,"goodwill,sbc"
1690639,,VersaBank,2025,2,"operating_income,acq_cf_bs_disagreement"
1691082,,LB Pharmaceuticals Inc,2025,2,"revenue,operating_income"
1691303,,"Warrior Met Coal, Inc.",2025,2,"goodwill,intangibles"
1691421,,"Lemonade, Inc.",2025,2,"operating_income,acq_cf_bs_disagreement"
1691445,,FinVolution Group,2025,2,"operating_income,acq_cf_bs_disagreement"
1691493,,Nu Holdings Ltd.,2024,2,"operating_income,capex"
1694028,,Liberty Energy Inc.,2025,2,"goodwill,intangibles"
1695473,,"TRAFALGAR INTERNATIONAL, INC.",2025,2,"revenue,capex"
1696025,,"KINDCARD, INC.",2026,2,"operating_income,sbc"
1698022,,"Farmers and Merchants Bancshares, Inc.",2025,2,"intangibles,operating_income"
1698538,,"Strategic Student & Senior Housing Trust, Inc.",2025,2,"intangibles,sbc"
1699136,,"Cactus, Inc.",2025,2,"capex,acq_cf_bs_disagreement"
1701605,,Baker Hughes Company,2025,2,"operating_income,acq_cf_bs_disagreement"
1701963,,VERSUS SYSTEMS INC.,2025,2,"goodwill,capex"
1702123,,Cardiol Therapeutics Inc.,2025,2,"intangibles,revenue"
1703157,,"SECURETECH INNOVATIONS, INC.",2025,2,"ocf,sbc"
1703644,,GRANITE POINT MORTGAGE TRUST INC.,2025,2,"operating_income,capex"
1708331,,"VIRPAX PHARMACEUTICALS, INC.",2024,2,"revenue,capex"
1708688,,InflaRx N.V.,2025,2,"intangibles,operating_income"
1709048,,GLOBALFOUNDRIES Inc.,2025,2,"goodwill,intangibles"
1709442,,FIRSTSUN CAPITAL BANCORP,2025,2,"operating_income,acq_cf_bs_disagreement"
1709682,,"CUSTOM TRUCK ONE SOURCE, INC.",2025,2,"capex,acq_cf_bs_disagreement"
1711786,,Rocket One Inc.,2025,2,"revenue,capex"
1712178,,NaaS Technology Inc.,2024,2,"capex,acq_cf_bs_disagreement"
1713334,,STUDIO CITY INTERNATIONAL HOLDINGS LIMITED,2025,2,"capex,sbc"
1713930,,NEXA RESOURCES S.A.,2025,2,"goodwill,sbc"
1717307,,INDUSTRIAL LOGISTICS PROPERTIES TRUST,2025,2,"revenue,operating_income"
1717393,,CORPORACION AMERICA AIRPORTS S.A.,2025,2,"goodwill,intangibles"
1720286,,Internet Sciences Inc.,2025,2,"capex,sbc"
1723069,,Tiziana Life Sciences Ltd,2024,2,"intangibles,revenue"
1724965,,TALOS ENERGY INC.,2025,2,"goodwill,intangibles"
1725262,,"TRI-COUNTY FINANCIAL GROUP, INC.",2025,2,"operating_income,capex"
1727263,,"Frontdoor, Inc.",2025,2,"operating_income,acq_cf_bs_disagreement"
1729173,,Uxin Ltd,2025,2,"goodwill,intangibles"
1730773,,BLUE STAR FOODS CORP.,2025,2,"goodwill,intangibles"
1731348,,"Tilray Brands, Inc.",2026,2,"capex,acq_cf_bs_disagreement"
1733998,,NORTHWEST NATURAL HOLDING COMPANY,2025,2,"intangibles,sbc"
1734342,,Amerant Bancorp Inc.,2025,2,"intangibles,operating_income"
1736243,,"Acurx Pharmaceuticals, Inc.",2025,2,"revenue,capex"
1738021,,"COMPASS THERAPEUTICS, INC.",2025,2,"goodwill,intangibles"
1738758,,"Cheer Holding, Inc.",2025,2,"capex,sbc"
1739104,,Elanco Animal Health Incorporated,2025,2,"operating_income,acq_cf_bs_disagreement"
1739174,,BiomX Inc.,2025,2,"intangibles,revenue"
1739940,,The Cigna Group,2025,2,"capex,acq_cf_bs_disagreement"
1742341,,HITEK GLOBAL INC.,2025,2,"capex,sbc"
1742927,,"Reviva Pharmaceuticals Holdings, Inc.",2025,2,"revenue,capex"
1743745,,"Greenlane Holdings, Inc.",2025,2,"goodwill,intangibles"
1744659,,"Akero Therapeutics, Inc.",2024,2,"revenue,capex"
1745078,,"Vynleads, Inc.",2025,2,"capex,sbc"
1745999,,Beam Therapeutics Inc.,2025,2,"goodwill,intangibles"
1746129,,BANK7 CORP.,2025,2,"operating_income,acq_cf_bs_disagreement"
1747068,,"METROCITY BANKSHARES, INC.",2025,2,"revenue,operating_income"
1748797,,BRP Inc.,2026,2,"goodwill,intangibles"
1750284,,"OLEMA PHARMACEUTICALS, INC.",2025,2,"revenue,capex"
1750593,,Fangdd Network Group Ltd.,2025,2,"goodwill,sbc"
1751008,,AppLovin Corporation,2025,2,"capex,acq_cf_bs_disagreement"
1751788,,DOW INC.,2025,2,"operating_income,acq_cf_bs_disagreement"
1751876,,Paranovus Entertainment Technology Ltd.,2026,2,"sbc,acq_cf_bs_disagreement"
1752372,,EZAGOO LIMITED,2024,2,"capex,sbc"
1753368,,SANGOMA TECHNOLOGIES CORP,2025,2,"operating_income,acq_cf_bs_disagreement"
1753373,,"M2i     GLOBAL, INC.",2025,2,"revenue,capex"
1754301,,Fox Corp,2026,2,"operating_income,acq_cf_bs_disagreement"
1755058,,ATIF HOLDINGS LIMITED,2024,2,"goodwill,sbc"
1755101,,"APPLIFE DIGITAL SOLUTIONS, INC.",2025,2,"capex,sbc"
1755755,,"VINEBROOK HOMES TRUST, INC.",2025,2,"operating_income,acq_cf_bs_disagreement"
1755953,,American Bitcoin Corp.,2025,2,"capex,acq_cf_bs_disagreement"
1756180,,"NOCERA, INC.",2025,2,"operating_income,capex"
1756607,,Equinox Gold Corp.,2025,2,"goodwill,intangibles"
1756655,,"Ardent Health, Inc.",2025,2,"operating_income,sbc"
1756701,,"LINKBANCORP, Inc.",2025,2,"operating_income,acq_cf_bs_disagreement"
1759509,,"Lyft, Inc.",2025,2,"capex,acq_cf_bs_disagreement"
1759546,,STARK NOVUS FINANCIAL INC.,2025,2,"revenue,capex"
1759655,,"Privia Health Group, Inc.",2025,2,"capex,acq_cf_bs_disagreement"
1760903,,"BONK, INC.",2025,2,"operating_income,capex"
1761312,,"Palomar Holdings, Inc.",2025,2,"intangibles,operating_income"
1762239,,"KAIVAL BRANDS INNOVATIONS GROUP, INC.",2025,2,"operating_income,capex"
1762417,,DouYu International Holdings Ltd,2025,2,"goodwill,sbc"
1763329,,"AIBOTICS, INC.",2025,2,"capex,sbc"
1763925,,CoJax Oil and Gas Corporation,2025,2,"capex,sbc"
1764013,,"IMMUNOVANT, INC.",2026,2,"revenue,operating_income"
1765651,,PACIFIC SPORTS EXCHANGE INC.,2025,2,"capex,sbc"
1766267,,SYNERGY EMPIRE LIMITED,2024,2,"capex,sbc"
1766478,,"Angel Oak Mortgage REIT, Inc.",2025,2,"operating_income,capex"
1766526,,"TECTONIC FINANCIAL, INC.",2024,2,"operating_income,acq_cf_bs_disagreement"
1769256,,XChange TEC.INC,2025,2,"capex,sbc"
1769663,,"Pioneer Bancorp, Inc./MD",2025,2,"operating_income,capex"
1770088,,WiMi Hologram Cloud Inc.,2025,2,"goodwill,intangibles"
1770450,,XEROX HOLDINGS CORPORATION,2025,2,"operating_income,acq_cf_bs_disagreement"
1776067,,Oriental Culture Holding LTD,2025,2,"goodwill,capex"
1776909,,CURIOSITYSTREAM INC.,2025,2,"goodwill,intangibles"
1780232,,GFL Environmental Inc.,2025,2,"operating_income,acq_cf_bs_disagreement"
1780785,,CN ENERGY GROUP. INC.,2025,2,"goodwill,sbc"
1781730,,"THIRD COAST BANCSHARES, INC.",2025,2,"revenue,operating_income"
1782107,,"Onconetix, Inc.",2025,2,"intangibles,capex"
1782430,,"Strawberry Fields REIT, Inc.",2025,2,"goodwill,capex"
1783032,,"Elevation Oncology, Inc.",2024,2,"revenue,capex"
1783036,,NewcelX Ltd.,2025,2,"intangibles,revenue"
1783879,,"Robinhood Markets, Inc.",2025,2,"operating_income,acq_cf_bs_disagreement"
1784058,,Pony Group Inc.,2025,2,"capex,sbc"
1784440,,BIOSCIENCE HEALTH INNOVATIONS INC.,2025,2,"capex,sbc"
1784970,,Next Technology Holding Inc.,2025,2,"intangibles,capex"
1785680,,Santech Holdings Limited,2025,2,"goodwill,intangibles"
1786108,,TRINITY CAPITAL INC.,2025,2,"operating_income,capex"
1786248,,"NexPoint Real Estate Finance, Inc.",2025,2,"revenue,operating_income"
1786431,,REYNOLDS CONSUMER PRODUCTS INC.,2025,2,"operating_income,acq_cf_bs_disagreement"
1786909,,Sibanye Stillwater Limited,2024,2,"operating_income,acq_cf_bs_disagreement"
1787297,,"PASSAGE BIO, INC.",2025,2,"revenue,capex"
1788348,,BROOKFIELD INFRASTRUCTURE CORPORATION,2025,2,"sbc,acq_cf_bs_disagreement"
1789299,,UTime Limited,2026,2,"goodwill,sbc"
1789832,,Hess Midstream LP,2025,2,"goodwill,intangibles"
1791725,,"Huadi International Group Co., Ltd.",2025,2,"goodwill,intangibles"
1792581,,"Kiromic Biopharma, Inc.",2024,2,"goodwill,revenue"
1792829,,Vasta Platform Limited,2024,2,"goodwill,intangibles"
1792941,,GENVOR     INCORPORATED,2025,2,"revenue,capex"
1794276,,Intelligent Hotel Group Ltd,2024,2,"capex,sbc"
1795589,,Kingsoft Cloud Holdings Ltd,2025,2,"capex,acq_cf_bs_disagreement"
1795815,,California BanCorp \ CA,2025,2,"operating_income,acq_cf_bs_disagreement"
1796022,,STEPSTONE GROUP INC.,2026,2,"operating_income,acq_cf_bs_disagreement"
1796129,,"Vincerx Pharma, Inc.",2024,2,"revenue,capex"
1796514,,BTC Digital Ltd.,2025,2,"goodwill,intangibles"
1799208,,"Dun & Bradstreet Holdings, Inc.",2024,2,"capex,acq_cf_bs_disagreement"
1799567,,"DoubleDown Interactive Co., Ltd.",2025,2,"sbc,acq_cf_bs_disagreement"
1799788,,"GREENWICH LIFESCIENCES, INC.",2025,2,"revenue,capex"
1799983,,GLOBAL BLUE GROUP HOLDING AG,2025,2,"intangibles,operating_income"
1801170,,"CLOVER HEALTH INVESTMENTS, CORP. /DE",2025,2,"goodwill,intangibles"
1801417,,BYNORDIC ACQUISITION CORPORATION,2025,2,"revenue,capex"
1802768,,Royalty Pharma plc,2025,2,"intangibles,capex"
1802883,,"Agora, Inc.",2025,2,"goodwill,acq_cf_bs_disagreement"
1805284,,"Rocket Companies, Inc.",2025,2,"operating_income,acq_cf_bs_disagreement"
1806524,,Lion Group Holding Ltd.,2025,2,"intangibles,operating_income"
1806837,,"Vertex, Inc.",2025,2,"intangibles,capex"
1807046,,"Belpointe PREP, LLC",2025,2,"operating_income,sbc"
1807616,,HI-GREAT GROUP HOLDING COMPANY,2025,2,"capex,sbc"
1807846,,MONEYLION INC.,2024,2,"goodwill,acq_cf_bs_disagreement"
1808805,,"NAUTILUS BIOTECHNOLOGY, INC.",2025,2,"revenue,operating_income"
1810467,,Sentage Holdings Inc.,2025,2,"capex,sbc"
1810546,,"Eastern Bankshares, Inc.",2025,2,"operating_income,acq_cf_bs_disagreement"
1810560,,"REVELATION BIOSCIENCES, INC.",2025,2,"revenue,capex"
1812364,,"Relay Therapeutics, Inc.",2025,2,"goodwill,intangibles"
1813814,,"Definium Therapeutics, Inc.",2025,2,"revenue,capex"
1814067,,"Lixiang Education Holding Co., Ltd.",2025,2,"goodwill,sbc"
1815566,,"Infobird Co., Ltd",2025,2,"capex,sbc"
1815903,,"Petros Pharmaceuticals, Inc.",2025,2,"revenue,capex"
1815974,,"ANEBULO PHARMACEUTICALS, INC.",2025,2,"revenue,capex"
1816172,,Jiuzi Holdings Inc.,2025,2,"intangibles,sbc"
1816319,,LYTUS TECHNOLOGIES HOLDINGS PTV. LTD.,2025,2,"operating_income,sbc"
1816554,,EVENTIKO INC.,2025,2,"capex,sbc"
1816590,,COMPASS PATHWAYS PLC,2025,2,"revenue,capex"
1817004,,"NEXTNRG, INC.",2025,2,"goodwill,capex"
1818550,,INCORDEX CORP.,2024,2,"capex,sbc"
1818844,,"Dogwood Therapeutics, Inc.",2025,2,"revenue,capex"
1818874,,"SoFi Technologies, Inc.",2025,2,"operating_income,acq_cf_bs_disagreement"
1819411,,"GAIN THERAPEUTICS, INC",2025,2,"revenue,capex"
1821160,,GUILD HOLDINGS COMPANY,2024,2,"operating_income,acq_cf_bs_disagreement"
1821424,,Ucommune International Ltd,2025,2,"goodwill,intangibles"
1822523,,ADVANCED FLOWER CAPITAL INC.,2025,2,"operating_income,capex"
1822928,,HOLLEY INC.,2025,2,"sbc,acq_cf_bs_disagreement"
1822993,,Jackson Financial Inc.,2025,2,"operating_income,capex"
1823529,,"Enact Holdings, Inc.",2025,2,"operating_income,capex"
1823945,,BLUE OWL CAPITAL INC.,2025,2,"operating_income,acq_cf_bs_disagreement"
1825088,,"DREAM FINDERS HOMES, INC.",2025,2,"intangibles,operating_income"
1825452,,ONFOLIO HOLDINGS INC.,2025,2,"capex,acq_cf_bs_disagreement"
1826011,,"Banzai International, Inc.",2025,2,"capex,acq_cf_bs_disagreement"
1826660,,WETOUCH TECHNOLOGY INC.,2025,2,"intangibles,sbc"
1826892,,"BIOATLA, INC.",2025,2,"revenue,capex"
1828102,,KAROOOOO LTD.,2025,2,"sbc,acq_cf_bs_disagreement"
1828739,,"ARCULUS SYSTEM CO., LTD.",2024,2,"capex,sbc"
1828962,,"Cricut, Inc.",2025,2,"intangibles,capex"
1829576,,"Carter Bankshares, Inc.",2025,2,"operating_income,acq_cf_bs_disagreement"
1830043,,Bumble Inc.,2025,2,"capex,acq_cf_bs_disagreement"
1831096,,"GREAT ELM GROUP, INC.",2026,2,"capex,acq_cf_bs_disagreement"
1832332,,Aveanna Healthcare Holdings Inc.,2026,2,"capex,acq_cf_bs_disagreement"
1835856,,Better Home & Finance Holding Company,2025,2,"operating_income,acq_cf_bs_disagreement"
1836934,,Zenvia Inc.,2024,2,"goodwill,intangibles"
1837774,,GLOBAL INNOVATIVE PLATFORMS INC.,2025,2,"capex,sbc"
1837821,,Jin Medical International Ltd.,2025,2,"goodwill,sbc"
1838957,,ATRenew Inc.,2025,2,"goodwill,revenue"
1839133,,"IR-MED, INC",2024,2,"revenue,capex"
1839799,,Grandstand Limited,2025,2,"sbc,acq_cf_bs_disagreement"
1840229,,"MiNK Therapeutics, Inc.",2025,2,"revenue,capex"
1840439,,"Biomea Fusion, Inc.",2025,2,"revenue,capex"
1840776,,"HAGERTY, INC.",2025,2,"operating_income,acq_cf_bs_disagreement"
1840780,,Local Bounti Corporation/DE,2025,2,"goodwill,acq_cf_bs_disagreement"
1841330,,PASITHEA THERAPEUTICS CORP.,2025,2,"revenue,capex"
1842167,,Limitless Projects Inc.,2025,2,"capex,sbc"
1842356,,Wag! Group Co.,2024,2,"operating_income,acq_cf_bs_disagreement"
1842563,,"GO GO BUYERS, INC.",2025,2,"capex,sbc"
1843586,,Oatly Group AB,2025,2,"goodwill,intangibles"
1843656,,ROYALTY MANAGEMENT HOLDING CORPORATION,2025,2,"capex,sbc"
1843714,,"Zapata Quantum, Inc.",2025,2,"revenue,capex"
1844417,,"ESTRELLA IMMUNOPHARMA, INC.",2025,2,"revenue,capex"
1845097,,ARDAGH METAL PACKAGING S.A.,2025,2,"intangibles,sbc"
1845942,,BANNIX ACQUISITION CORP.,2024,2,"revenue,capex"
1847075,,SAIHEAT Limited,2025,2,"intangibles,capex"
1847409,,HIGH TIDE INC.,2025,2,"goodwill,intangibles"
1848334,,OKMIN RESOURCES INC.,2025,2,"capex,sbc"
1848672,,GLIDELOGIC CORP.,2026,2,"capex,sbc"
1848763,,RENEW ENERGY GLOBAL PLC,2025,2,"goodwill,intangibles"
1849296,,OKYO Pharma Limited,2025,2,"revenue,operating_income"
1849396,,NEXXEN INTERNATIONAL LTD.,2025,2,"goodwill,intangibles"
1850235,,D-MARKET Electronic Services & Trading,2024,2,"goodwill,intangibles"
1850767,,"ACCUSTEM SCIENCES, INC.",2025,2,"revenue,capex"
1851484,,"Citius Oncology, Inc.",2025,2,"revenue,capex"
1852551,,Nova Minerals Corp,2025,2,"revenue,operating_income"
1852575,,"STRATEGIC STORAGE TRUST VI, INC.",2025,2,"intangibles,sbc"
1853816,,"DERMATA THERAPEUTICS, INC.",2025,2,"revenue,capex"
1853962,,i-80 GOLD CORP.,2025,2,"goodwill,intangibles"
1854368,,Digi Power X Inc.,2025,2,"goodwill,operating_income"
1854480,,DEVVSTREAM CORP.,2025,2,"operating_income,capex"
1854816,,MINERVA GOLD INC.,2026,2,"operating_income,sbc"
1854963,,"SHF Holdings, Inc.",2025,2,"goodwill,capex"
1855557,,Hongli Group Inc.,2025,2,"goodwill,sbc"
1855612,,GRAB HOLDINGS LIMITED,2025,2,"goodwill,intangibles"
1855781,,Invesco Galaxy Bitcoin ETF,2025,2,"capex,sbc"
1856236,,"EUROPEAN WAX CENTER, INC.",2026,2,"revenue,operating_income"
1857044,,"Indaptus Therapeutics, Inc.",2025,2,"revenue,capex"
1858985,,On Holding AG,2025,2,"goodwill,intangibles"
1861560,,"NUVALENT, INC.",2025,2,"revenue,capex"
1861657,,"CANTON STRATEGIC HOLDINGS, INC.",2025,2,"revenue,capex"
1866692,,"AMPLITUDE, INC.",2025,2,"operating_income,acq_cf_bs_disagreement"
1866782,,"Codere Online Luxembourg, S.A.",2024,2,"ocf,sbc"
1867102,,Vertical Aerospace Ltd.,2025,2,"goodwill,revenue"
1868279,,"ARRIVENT BIOPHARMA, INC.",2025,2,"revenue,capex"
1868573,,APX ACQUISITION CORP. I,2024,2,"revenue,capex"
1868941,,"Fluence Energy, Inc.",2025,2,"operating_income,acq_cf_bs_disagreement"
1869974,,"OCEAN BIOMEDICAL, INC.",2024,2,"revenue,capex"
1872066,,MIAMI BREEZE CAR CARE INC.,2024,2,"capex,sbc"
1872228,,THAYER VENTURES ACQUISITION CORPORATION II,2025,2,"revenue,capex"
1873923,,Orion Properties Inc.,2025,2,"operating_income,capex"
1875493,,CSLM ACQUISITION CORP.,2024,2,"revenue,capex"
1875547,,Locafy Ltd,2025,2,"operating_income,capex"
1875558,,"Nuvectis Pharma, Inc.",2025,2,"revenue,capex"
1875609,,Swvl Holdings Corp,2024,2,"goodwill,capex"
1877461,,1606 Corp.,2025,2,"capex,sbc"
1877787,,Ermenegildo Zegna N.V.,2025,2,"intangibles,sbc"
1878057,,Super Group (SGHC) Limited,2024,2,"operating_income,acq_cf_bs_disagreement"
1878313,,"MAIA Biotechnology, Inc.",2025,2,"revenue,capex"
1879103,,"CFSB Bancorp, Inc.",2025,2,"operating_income,sbc"
1879403,,La Rosa Holdings Corp.,2025,2,"capex,acq_cf_bs_disagreement"
1880438,,"AN2 Therapeutics, Inc.",2025,2,"revenue,capex"
1880661,,TPG Inc.,2025,2,"operating_income,acq_cf_bs_disagreement"
1881472,,Magic Empire Global Ltd,2025,2,"capex,sbc"
1882781,,"C2 Blockchain, Inc.",2024,2,"capex,sbc"
1885522,,"NEUMORA THERAPEUTICS, INC.",2025,2,"revenue,capex"
1885680,,"Cordyceps Sunshine Biotech Holdings Co., Ltd.",2025,2,"capex,sbc"
1886362,,MOBILE GLOBAL ESPORTS INC.,2025,2,"capex,sbc"
1887912,,WELSIS CORP.,2025,2,"capex,sbc"
1892292,,MAISON SOLUTIONS INC.,2025,2,"sbc,acq_cf_bs_disagreement"
1892316,,LONGDUODUO COMPANY LIMITED,2025,2,"intangibles,sbc"
1893219,,"Abpro Holdings, Inc.",2025,2,"revenue,capex"
1893262,,"J.P. Morgan Real Estate Income Trust, Inc.",2025,2,"capex,sbc"
1893657,,Rubber Leaf Inc,2025,2,"capex,sbc"
1895939,,TANICO INC.,2025,2,"capex,sbc"
1897525,,KB Global Holdings Limited,2025,2,"capex,sbc"
1897532,,"Ping An Biomedical Co., Ltd.",2025,2,"capex,sbc"
1898601,,IPERIONX Ltd,2025,2,"revenue,operating_income"
1899658,,"WANG & LEE GROUP, Inc.",2024,2,"capex,sbc"
1899883,,FTAI INFRASTRUCTURE INC.,2025,2,"operating_income,acq_cf_bs_disagreement"
1900520,,"Lomond Therapeutics Holdings, Inc.",2025,2,"revenue,capex"
1901279,,NAYAX LTD.,2025,2,"goodwill,intangibles"
1903508,,"Public Policy Holding Company, Inc.",2025,2,"sbc,acq_cf_bs_disagreement"
1907184,,Electra Battery Materials Corp,2025,2,"revenue,operating_income"
1907223,,GREENLAND     MINES LTD,2025,2,"revenue,capex"
1907730,,Yotta Acquisition Corporation,2024,2,"revenue,capex"
1907909,,Vox Royalty Corp.,2025,2,"operating_income,capex"
1911545,,"Global Interactive Technologies, Inc",2025,2,"capex,sbc"
1912966,,Regentis Biomaterials Ltd.,2025,2,"revenue,capex"
1913577,,"Semnur Pharmaceuticals, Inc.",2025,2,"revenue,capex"
1915380,,"DMY SQUARED TECHNOLOGY GROUP, INC.",2025,2,"capex,sbc"
1916558,,Tradewinds Universal,2025,2,"operating_income,capex"
1918694,,MEDIES,2024,2,"operating_income,capex"
1923891,,NANO     NUCLEAR ENERGY INC.,2025,2,"revenue,operating_income"
1926792,,SAMFINE CREATION HOLDINGS GROUP LIMITED,2025,2,"revenue,sbc"
1929783,,WORK Medical Technology Group LTD,2025,2,"operating_income,sbc"
1930510,,VCI Global Limited,2024,2,"goodwill,operating_income"
1932213,,"BLUE CHIP CAPITAL GROUP, INC.",2026,2,"revenue,capex"
1934850,,"F&G Annuities & Life, Inc.",2025,2,"operating_income,capex"
1935418,,Foremost Clean Energy Ltd.,2025,2,"revenue,capex"
1936255,,Four Leaf Acquisition Corporation,2024,2,"capex,sbc"
1936756,,"NEXT BRIDGE HYDROCARBONS, INC.",2025,2,"operating_income,capex"
1937441,,AMBIPAR EMERGENCY RESPONSE,2024,2,"sbc,acq_cf_bs_disagreement"
1937926,,BROOKFIELD ASSET MANAGEMENT LTD.,2025,2,"operating_income,acq_cf_bs_disagreement"
1938569,,PALOMINO LABORATORIES INC.,2025,2,"revenue,capex"
1938571,,"Adaptin Bio, Inc.",2025,2,"revenue,capex"
1939780,,U Power Limited,2025,2,"goodwill,sbc"
1940243,,Global-Smart.Tech Inc.,2026,2,"capex,sbc"
1940674,,SMX (Security Matters) Public Limited Company,2025,2,"revenue,capex"
1941189,,TIAN’AN TECHNOLOGY GROUP LTD.,2025,2,"capex,sbc"
1944366,,Blue Owl Real Estate Net Lease Trust,2025,2,"revenue,operating_income"
1945711,,Lavoro Limited,2024,2,"goodwill,intangibles"
1946997,,"EQT Exeter Real Estate Income Trust, Inc.",2025,2,"operating_income,capex"
1947016,,"STARFIGHTERS SPACE, INC.",2025,2,"revenue,operating_income"
1947244,,U.S. GOLDMINING INC.,2025,2,"revenue,capex"
1947861,,NATURE’S MIRACLE HOLDING INC.,2025,2,"goodwill,capex"
1948294,,CL Workshop Group Ltd,2024,2,"operating_income,sbc"
1949864,,MAG MAGNA CORP.,2025,2,"capex,sbc"
1951051,,JAAG ENTERPRISES LTD.,2024,2,"capex,sbc"
1951276,,"SR Bancorp, Inc.",2025,2,"revenue,operating_income"
1952670,,TV Channels Network Inc.,2025,2,"capex,sbc"
1952976,,Net Lease Office Properties,2025,2,"operating_income,capex"
1953366,,Star Holdings,2025,2,"operating_income,sbc"
1956055,,BUKIT JALIL GLOBAL ACQUISITION 1 LTD.,2024,2,"revenue,capex"
1956166,,Ming     Shing Group Holdings Limited,2026,2,"capex,sbc"
1957538,,OIO Group,2024,2,"operating_income,sbc"
1958217,,Lifezone Metals Limited,2025,2,"capex,acq_cf_bs_disagreement"
1964021,,noco-noco Inc.,2024,2,"revenue,capex"
1964333,,Burke & Herbert Financial Services Corp.,2025,2,"revenue,operating_income"
1964630,,Vast Renewables Limited,2024,2,"goodwill,operating_income"
1964954,,Okeanis Eco Tankers Corp.,2025,2,"capex,sbc"
1965052,,MARBLEGATE CAPITAL CORPORATION,2025,2,"goodwill,sbc"
1966678,,"DirectBooking     Technology Co., Ltd.",2026,2,"capex,sbc"
1966983,,LITHIUM AMERICAS CORP.,2025,2,"revenue,operating_income"
1970129,,"LEGEND     SPICES, INC.",2025,2,"capex,sbc"
1971387,,"LIMINATUS PHARMA, INC.",2025,2,"revenue,sbc"
1973266,,"TKO GROUP HOLDINGS, INC.",2025,2,"capex,acq_cf_bs_disagreement"
1975940,,"FLY-E GROUP, INC.",2026,2,"goodwill,sbc"
1976870,,BRB FOODS INC.,2025,2,"capex,sbc"
1978057,,Top Wealth Group Holding Ltd,2025,2,"operating_income,capex"
1979330,,"NB Bancorp, Inc.",2025,2,"operating_income,acq_cf_bs_disagreement"
1979610,,WF International Limited,2025,2,"capex,sbc"
1979887,,XCHG Limited,2025,2,"intangibles,capex"
1980295,,IMA TECH,2025,2,"capex,sbc"
1982448,,BELIVE HOLDINGS,2024,2,"operating_income,capex"
1982708,,Anbio Biotechnology,2025,2,"capex,sbc"
1986395,,STARWOOD CREDIT REAL ESTATE INCOME TRUST,2025,2,"operating_income,capex"
1988776,,Murano Global Investments Plc,2024,2,"operating_income,sbc"
1989788,,GURU APP FACTORY CORP.,2025,2,"operating_income,sbc"
1989930,,Founder Group Limited,2024,2,"operating_income,sbc"
1993097,,3 E Network Technology Group Limited,2025,2,"capex,sbc"
1994373,,HUINENG TECHNOLOGY CORPORATION,2025,2,"capex,sbc"
1994582,,OYOCAR GROUP INC.,2025,2,"operating_income,sbc"
1995569,,Invesco Galaxy Ethereum ETF,2025,2,"capex,sbc"
1995920,,E-SMART CORP.,2025,2,"capex,sbc"
1996192,,"Quanome Technologies, Inc.",2025,2,"goodwill,sbc"
1996862,,BUNGE GLOBAL SA,2025,2,"operating_income,acq_cf_bs_disagreement"
1997201,,PS International Group Ltd.,2025,2,"goodwill,intangibles"
1997296,,MEDICUS PHARMA LTD.,2025,2,"revenue,capex"
1997350,,ACCELERANT HOLDINGS,2025,2,"operating_income,acq_cf_bs_disagreement"
1999261,,STAGEWISE STRATEGIES CORP.,2025,2,"capex,sbc"
1999784,,North Haven Net REIT,2025,2,"operating_income,sbc"
1999860,,Wing Yip Food Holdings Group Limited,2025,2,"operating_income,sbc"
2000230,,BrilliA Inc,2025,2,"operating_income,sbc"
2000762,,GMTECH INC.,2025,2,"operating_income,sbc"
2001249,,MEDICAL EXERCISE INC.,2026,2,"revenue,capex"
2003881,,"STIRLING HOTELS & RESORTS, INC.",2024,2,"capex,sbc"
2007825,,"INFLEQTION, INC.",2025,2,"capex,sbc"
2007846,,Julong Holding Ltd,2025,2,"capex,sbc"
2008027,,CALOR DEL SOL INC.,2026,2,"capex,sbc"
2010499,,DIGINEX LIMITED,2025,2,"capex,sbc"
2010982,,"PALISADES VENTURE, INC.",2025,2,"capex,sbc"
2012706,,"SUNRISE REALTY TRUST, INC.",2025,2,"operating_income,capex"
2015947,,SILVERBOX CORP IV,2025,2,"revenue,capex"
2016072,,Velos Acquisition I Corp.,2025,2,"revenue,capex"
2016167,,TRANSIT PRO TECH INC.,2025,2,"capex,sbc"
2017950,,DT Cloud Star Acquisition Corporation,2025,2,"capex,sbc"
2019103,,SOLARIS RESOURCES INC.,2025,2,"revenue,ocf"
2023016,,Turn Therapeutics Inc.,2025,2,"revenue,capex"
2023730,,"Hadron Energy, Inc.",2025,2,"capex,sbc"
2024218,,Summit Midstream Corporation,2025,2,"goodwill,operating_income"
2024460,,ChampionsGate Acquisition Corporation,2025,2,"revenue,capex"
2024899,,"Monroe Federal Bancorp, Inc.",2026,2,"revenue,operating_income"
2025218,,Delixy Holdings Limited,2025,2,"capex,sbc"
2025878,,"INDEPENDENCE POWER HOLDINGS, INC.",2026,2,"capex,sbc"
2026767,,Calisa Acquisition Corp,2025,2,"capex,sbc"
2027265,,MASTERBEEF GROUP,2024,2,"operating_income,sbc"
2027722,,Grande Group Ltd/HK,2026,2,"capex,sbc"
2028201,,Columbus Acquisition Corp/Cayman Islands,2025,2,"revenue,capex"
2028707,,"MERLIN, INC.",2025,2,"revenue,capex"
2029303,,TECH TONIC GROUP CORP.,2026,2,"operating_income,sbc"
2030482,,PLUM ACQUISITION CORP. IV,2025,2,"revenue,capex"
2030522,,"MARWYNN HOLDINGS, INC.",2026,2,"goodwill,capex"
2031009,,Skyline     Builders Group Holding Limited,2025,2,"capex,sbc"
2033377,,Mega Fortune Co Ltd,2025,2,"capex,sbc"
2033615,,"Magnolia Bancorp, Inc.",2025,2,"operating_income,sbc"
2033750,,AEN GROUP LTD.,2025,2,"capex,sbc"
2034288,,ROCKY MOUNTAINS GROUP LTD,2026,2,"capex,sbc"
2035709,,Phoenix     Asia Holdings Limited,2026,2,"capex,sbc"
2036060,,"SECURITY MIDWEST BANCORP, INC.",2025,2,"operating_income,sbc"
2038564,,Alphega Innovations Corp,2025,2,"revenue,capex"
2041338,,Dreamland Limited,2025,2,"capex,sbc"
2041531,,Bodhi Tree Biotechnology Inc.,2025,2,"capex,sbc"
2041999,,ORBIT INNOVATIONS GROUP INC.,2025,2,"operating_income,sbc"
2045440,,Idea Tech Holding Limited,2025,2,"capex,sbc"
2047235,,"WINCHESTER BANCORP, INC.",2025,2,"operating_income,sbc"
2049717,,JM GROUP LIMITED,2025,2,"capex,sbc"
2051820,,MOUNT LOGAN CAPITAL INC.,2025,2,"operating_income,capex"
2053033,,PLATINUM ANALYTICS CAYMAN LIMITED,2025,2,"capex,sbc"
2055116,,Kestrel Group Ltd,2025,2,"operating_income,capex"
2057381,,READVANTAGE CORP.,2025,2,"capex,sbc"
2058359,,Cal Redwood Acquisition Corp.,2025,2,"revenue,capex"
2058758,,"Avidia Bancorp, Inc.",2025,2,"operating_income,sbc"
2060016,,AGENCIA COMERCIAL SPIRITS LTD,2025,2,"capex,sbc"
2061379,,LIGHTWAVE ACQUISITION CORP.,2025,2,"revenue,capex"
2062440,,Kyivstar Group Ltd.,2025,2,"sbc,acq_cf_bs_disagreement"
2063816,,INDIGO ACQUISITION CORP.,2025,2,"revenue,capex"
2064765,,ESSENCE ARRAY INC.,2026,2,"operating_income,sbc"
2065287,,Dankon Corporation,2026,2,"capex,sbc"
2066337,,"CNL Strategic Residential Credit, Inc.",2025,2,"capex,sbc"
2071778,,Fermi Inc.,2025,2,"revenue,sbc"
2074160,,Barentsz Capital Limited,2026,2,"capex,sbc"
2074643,,SOMITOS CORP.,2026,2,"capex,sbc"
2075320,,"Polaryx Therapeutics, Inc.",2025,2,"revenue,capex"
2076167,,SYNERA STUDIO INC,2026,2,"operating_income,sbc"
2076765,,ELVENTIX TECHNOLOGY CORPORATION,2026,2,"capex,sbc"
2078730,,SEEBEKS CORP.,2026,2,"operating_income,sbc"
2083785,,"Sunbelt Rentals Holdings, Inc.",2026,2,"capex,acq_cf_bs_disagreement"
2089189,,BTCS Labs Inc.,2025,2,"capex,sbc"
2106613,,Quantum eMotion Corp,2025,2,"revenue,operating_income"
1562401,,AMERICAN HOMES 4 RENT,2025,2,"revenue,operating_income"
1081316,,BERKSHIRE HATHAWAY ENERGY COMPANY,2025,2,"intangibles,sbc"
1130310,,CENTERPOINT ENERGY INC,2025,2,"intangibles,sbc"
200245,,Citigroup Inc,2025,2,"operating_income,sbc"
1723596,,"Columbia Financial, Inc.",2025,2,"intangibles,operating_income"
1298675,,CUBESMART,2025,2,"goodwill,operating_income"
1297996,,"DIGITAL REALTY TRUST, INC.",2025,2,"sbc,acq_cf_bs_disagreement"
34088,,Exxon Mobil Corporation,2025,2,"operating_income,sbc"
811589,,FIRST BANCORP,2025,2,"operating_income,acq_cf_bs_disagreement"
1466085,,"INDEPENDENCE REALTY TRUST, INC.",2025,2,"goodwill,operating_income"
1341318,,"LAKE SHORE BANCORP, INC.",2024,2,"operating_income,sbc"
1085392,,PUGET ENERGY INC /WA,2025,2,"capex,sbc"
1040971,,SL GREEN REALTY CORP,2025,2,"capex,sbc"
1067701,,"United Rentals, Inc.",2025,2,"capex,acq_cf_bs_disagreement"
1602065,,"Viper Energy, Inc.",2024,2,"capex,sbc"
1425292,,"CVR PARTNERS, LP",2025,1,goodwill
1792580,,Ovintiv Inc.,2025,1,intangibles
29332,,"THE DIXIE GROUP, INC",2025,1,goodwill
215466,,"COEUR MINING, INC.",2025,1,intangibles
1819928,,"DoubleVerify Holdings, Inc.",2025,1,acq_cf_bs_disagreement
1451505,,Transocean Ltd.,2025,1,intangibles
886163,,LIGAND PHARMACEUTICALS INCORPORATED,2025,1,acq_cf_bs_disagreement
1665918,,US FOODS HOLDING CORP.,2025,1,acq_cf_bs_disagreement
1603923,,Weatherford International plc,2025,1,goodwill
908937,,SIRIUS XM HOLDINGS INC.,2025,1,acq_cf_bs_disagreement
1090012,,DEVON ENERGY CORP/DE,2025,1,operating_income
1316835,,"BUILDERS FIRSTSOURCE, INC.",2025,1,acq_cf_bs_disagreement
898293,,JABIL INC,2025,1,acq_cf_bs_disagreement
798941,,FIRST CITIZENS BANCSHARES INC /DE/,2025,1,operating_income
1235468,,"LIQUIDITY SERVICES, INC",2025,1,acq_cf_bs_disagreement
883948,,ATLANTIC UNION BANKSHARES CORPORATION,2025,1,operating_income
36146,,Trustmark Corporation,2025,1,operating_income
8947,,AZZ Inc.,2026,1,acq_cf_bs_disagreement
1093557,,"DEXCOM, INC.",2025,1,acq_cf_bs_disagreement
50725,,GRIFFON CORPORATION,2025,1,acq_cf_bs_disagreement
1467623,,"Dropbox, Inc.",2025,1,acq_cf_bs_disagreement
1108524,,"Salesforce, Inc.",2025,1,acq_cf_bs_disagreement
1318605,,"Tesla, Inc.",2025,1,acq_cf_bs_disagreement
868857,,AECOM,2025,1,acq_cf_bs_disagreement
1803737,,"Enhabit, Inc.",2025,1,acq_cf_bs_disagreement
1841156,,"Paymentus Holdings, Inc.",2025,1,acq_cf_bs_disagreement
1915657,,HF Sinclair Corp,2025,1,acq_cf_bs_disagreement
4447,,HESS CORPORATION,2024,1,operating_income
866706,,ESCO TECHNOLOGIES INC.,2025,1,acq_cf_bs_disagreement
901491,,"PAPA JOHN’S INTERNATIONAL, INC.",2025,1,intangibles
1585689,,Hilton Worldwide Holdings Inc.,2025,1,acq_cf_bs_disagreement
1748790,,AMCOR PLC,2026,1,acq_cf_bs_disagreement
1395942,,"OPENLANE, Inc.",2025,1,acq_cf_bs_disagreement
874238,,"STERLING INFRASTRUCTURE, INC.",2025,1,acq_cf_bs_disagreement
750686,,CAMDEN NATIONAL CORP,2025,1,operating_income
1646972,,"Albertsons Companies, Inc.",2025,1,acq_cf_bs_disagreement
913142,,BELDEN INC.,2025,1,acq_cf_bs_disagreement
1379041,,"EMPLOYERS HOLDINGS, INC.",2025,1,operating_income
802481,,PILGRIM’S PRIDE CORPORATION,2025,1,acq_cf_bs_disagreement
1097864,,ON SEMICONDUCTOR CORPORATION,2025,1,acq_cf_bs_disagreement
26324,,CURTISS-WRIGHT CORPORATION,2025,1,acq_cf_bs_disagreement
78890,,BRINK’S CO,2025,1,acq_cf_bs_disagreement
1702744,,The Simply Good Foods Company,2025,1,acq_cf_bs_disagreement
797468,,OCCIDENTAL PETROLEUM CORPORATION,2025,1,operating_income
719220,,S&T BANCORP INC.,2025,1,operating_income
1144980,,"ASBURY AUTOMOTIVE GROUP, INC.",2025,1,intangibles
74303,,Olin Corporation,2025,1,acq_cf_bs_disagreement
721371,,"Cardinal Health, Inc.",2026,1,acq_cf_bs_disagreement
1721741,,"Lazydays Holdings, Inc.",2024,1,acq_cf_bs_disagreement
57515,,The Marzetti Company,2026,1,acq_cf_bs_disagreement
785956,,J&J SNACK FOODS CORP.,2025,1,intangibles
1647088,,Willscot Holdings Corporation,2025,1,acq_cf_bs_disagreement
812074,,"O-I GLASS, INC.",2025,1,operating_income
1833756,,"Leonardo DRS, Inc.",2025,1,acq_cf_bs_disagreement
16040,,CABOT CORP,2025,1,acq_cf_bs_disagreement
1529628,,"SMART SAND, INC.",2025,1,goodwill
1580905,,"Installed Building Products, Inc.",2025,1,acq_cf_bs_disagreement
230557,,"SELECTIVE INSURANCE GROUP, INC",2025,1,operating_income
1521332,,APTIV PLC,2025,1,acq_cf_bs_disagreement
703351,,"BRINKER INTERNATIONAL, INC.",2026,1,acq_cf_bs_disagreement
80035,,Preformed Line Products Company,2025,1,intangibles
88205,,"SPX TECHNOLOGIES, INC.",2025,1,acq_cf_bs_disagreement
89089,,SERVICE CORPORATION INTERNATIONAL,2025,1,acq_cf_bs_disagreement
1361658,,Travel & Leisure Co.,2025,1,acq_cf_bs_disagreement
911177,,"CASELLA WASTE SYSTEMS, INC.",2025,1,acq_cf_bs_disagreement
1520358,,"Mama’s Creations, Inc.",2026,1,acq_cf_bs_disagreement
1641614,,CPI Card Group Inc.,2025,1,acq_cf_bs_disagreement
352825,,L.B. Foster Company,2025,1,acq_cf_bs_disagreement
795403,,WATTS WATER TECHNOLOGIES INC,2025,1,acq_cf_bs_disagreement
1618756,,RESTAURANT BRANDS INTERNATIONAL INC.,2025,1,acq_cf_bs_disagreement
1666138,,Atkore Inc.,2025,1,acq_cf_bs_disagreement
700923,,MYR GROUP INC.,2025,1,acq_cf_bs_disagreement
1723089,,ChampionX Corp,2024,1,acq_cf_bs_disagreement
889331,,LITTELFUSE INC /DE,2025,1,acq_cf_bs_disagreement
1604738,,ASHFORD INC.,2024,1,acq_cf_bs_disagreement
1289308,,EnerSys,2026,1,acq_cf_bs_disagreement
822818,,"CLEAN HARBORS, INC",2025,1,acq_cf_bs_disagreement
886346,,KADANT INC,2025,1,acq_cf_bs_disagreement
1687229,,Invitation Homes Inc.,2025,1,operating_income
1050915,,"QUANTA SERVICES, INC.",2025,1,acq_cf_bs_disagreement
64996,,MERCURY GENERAL CORPORATION,2025,1,operating_income
927653,,McKESSON CORPORATION,2026,1,acq_cf_bs_disagreement
30625,,FLOWSERVE CORP,2025,1,acq_cf_bs_disagreement
1370450,,"WILLDAN GROUP, INC.",2025,1,acq_cf_bs_disagreement
714310,,Valley National Bancorp,2025,1,operating_income
1442145,,"Verisk Analytics, Inc.",2025,1,acq_cf_bs_disagreement
860730,,"HCA Healthcare, Inc.",2025,1,operating_income
1219601,,"CROWN HOLDINGS, INC.",2025,1,acq_cf_bs_disagreement
76334,,Parker-Hannifin Corp,2026,1,acq_cf_bs_disagreement
1021860,,NOV INC.,2025,1,acq_cf_bs_disagreement
1398659,,Genpact Limited,2025,1,acq_cf_bs_disagreement
798354,,"FISERV, INC.",2025,1,acq_cf_bs_disagreement
885275,,WILSON BANK HOLDING CO,2025,1,operating_income
1764046,,CLARIVATE PLC,2025,1,acq_cf_bs_disagreement
1104657,,MATERION CORPORATION,2025,1,acq_cf_bs_disagreement
1478242,,IQVIA HOLDINGS INC.,2025,1,acq_cf_bs_disagreement
1260221,,TransDigm Group Incorporated,2025,1,acq_cf_bs_disagreement
823768,,WASTE MANAGEMENT INC,2025,1,acq_cf_bs_disagreement
46195,,BANK OF HAWAII CORPORATION,2025,1,operating_income
716605,,PENNS WOODS BANCORP INC,2024,1,operating_income
1396009,,VULCAN MATERIALS COMPANY,2025,1,acq_cf_bs_disagreement
1046102,,"RB Global, Inc",2025,1,acq_cf_bs_disagreement
350852,,"COMMUNITY TRUST BANCORP, INC.",2025,1,operating_income
1604028,,"ADVANCED DRAINAGE SYSTEMS, INC.",2026,1,acq_cf_bs_disagreement
927066,,DAVITA INC.,2025,1,acq_cf_bs_disagreement
1573516,,MURPHY USA INC.,2025,1,acq_cf_bs_disagreement
1336920,,"Leidos Holdings, Inc.",2025,1,acq_cf_bs_disagreement
7431,,"ARMSTRONG WORLD INDUSTRIES, INC.",2025,1,acq_cf_bs_disagreement
72331,,NORDSON CORPORATION,2025,1,acq_cf_bs_disagreement
906163,,"NVR, Inc.",2025,1,operating_income
936395,,Ciena Corp,2025,1,acq_cf_bs_disagreement
1804745,,Driven Brands Holdings Inc.,2025,1,acq_cf_bs_disagreement
75362,,PACCAR Inc,2025,1,operating_income
707179,,Old National Bancorp,2025,1,operating_income
29002,,DIODES INC /DEL/,2025,1,acq_cf_bs_disagreement
1575515,,"Sprouts Farmers Market, Inc.",2025,1,acq_cf_bs_disagreement
859737,,HOLOGIC INC,2025,1,acq_cf_bs_disagreement
56679,,KORN FERRY,2026,1,acq_cf_bs_disagreement
1517175,,"CHEFS’ WAREHOUSE, INC.",2025,1,acq_cf_bs_disagreement
1133470,,"CALAVO GROWERS, INC.",2025,1,intangibles
96021,,Sysco Corporation,2026,1,acq_cf_bs_disagreement
1100682,,"CHARLES RIVER LABORATORIES INTERNATIONAL, INC.",2025,1,acq_cf_bs_disagreement
1370946,,Owens Corning,2025,1,acq_cf_bs_disagreement
916076,,MARTIN MARIETTA MATERIALS INC,2025,1,acq_cf_bs_disagreement
275880,,Parsons Corporation,2025,1,acq_cf_bs_disagreement
1339605,,"H&E Equipment Services, Inc.",2024,1,acq_cf_bs_disagreement
82811,,REGAL REXNORD CORP,2025,1,acq_cf_bs_disagreement
785161,,Encompass Health Corporation,2025,1,operating_income
1489096,,"THERMON GROUP HOLDINGS, INC.",2026,1,acq_cf_bs_disagreement
1857816,,GIGACLOUD TECHNOLOGY INC,2025,1,acq_cf_bs_disagreement
920148,,LABCORP HOLDINGS INC.,2025,1,acq_cf_bs_disagreement
1024478,,"Rockwell Automation, Inc.",2025,1,acq_cf_bs_disagreement
1679273,,"Lamb Weston Holdings, Inc.",2026,1,acq_cf_bs_disagreement
1699150,,Ingersoll Rand Inc.,2025,1,acq_cf_bs_disagreement
1206264,,SOMNIGROUP INTERNATIONAL INC.,2025,1,acq_cf_bs_disagreement
1123360,,GLOBAL PAYMENTS INC.,2025,1,acq_cf_bs_disagreement
62996,,Masco Corporation,2025,1,acq_cf_bs_disagreement
1090425,,LAMAR ADVERTISING CO/NEW,2025,1,acq_cf_bs_disagreement
714395,,"German American Bancorp, Inc.",2025,1,operating_income
315293,,Aon plc,2025,1,acq_cf_bs_disagreement
1232524,,Jazz Pharmaceuticals plc,2025,1,acq_cf_bs_disagreement
940944,,"DARDEN RESTAURANTS, INC.",2026,1,acq_cf_bs_disagreement
30697,,Wendy's Co,2025,1,acq_cf_bs_disagreement
75677,,PACKAGING CORP OF AMERICA,2025,1,acq_cf_bs_disagreement
29905,,DOVER Corp,2025,1,acq_cf_bs_disagreement
1289490,,EXTRA SPACE STORAGE INC.,2025,1,acq_cf_bs_disagreement
880266,,AGCO CORP /DE,2025,1,acq_cf_bs_disagreement
1364885,,"Spirit AeroSystems Holdings, Inc.",2024,1,acq_cf_bs_disagreement
763532,,LSI INDUSTRIES INC,2026,1,acq_cf_bs_disagreement
1600438,,GMS INC.,2025,1,acq_cf_bs_disagreement
889609,,"CONSUMER PORTFOLIO SERVICES, INC.",2025,1,operating_income
1295947,,PRESTIGE CONSUMER HEALTHCARE INC.,2026,1,acq_cf_bs_disagreement
56978,,"KULICKE AND SOFFA INDUSTRIES, INC.",2025,1,acq_cf_bs_disagreement
1290900,,"COMMERCIAL VEHICLE GROUP, INC.",2025,1,goodwill
1725255,,AdaptHealth Corp.,2025,1,acq_cf_bs_disagreement
915358,,"SIGMATRON INTERNATIONAL, INC.",2025,1,goodwill
1090727,,UNITED PARCEL SERVICE INC,2025,1,acq_cf_bs_disagreement
26172,,CUMMINS INC.,2025,1,acq_cf_bs_disagreement
1477294,,Sensata Technologies Holding plc,2025,1,acq_cf_bs_disagreement
887733,,Central Garden & Pet Company,2025,1,acq_cf_bs_disagreement
109177,,"Spectrum Brands Holdings, Inc.",2025,1,acq_cf_bs_disagreement
1699039,,"RANGER ENERGY SERVICES, INC.",2025,1,goodwill
1616862,,AXALTA COATING SYSTEMS LTD.,2025,1,acq_cf_bs_disagreement
1034054,,SBA COMMUNICATIONS CORPORATION,2025,1,goodwill
1103982,,"Mondelez International, Inc.",2025,1,acq_cf_bs_disagreement
1653477,,INGEVITY CORPORATION,2025,1,acq_cf_bs_disagreement
918965,,"ScanSource, Inc.",2026,1,acq_cf_bs_disagreement
91440,,Snap-on Inc,2025,1,acq_cf_bs_disagreement
1227654,,"Compass Minerals International, Inc.",2025,1,acq_cf_bs_disagreement
48287,,HNI Corporation,2025,1,acq_cf_bs_disagreement
1443669,,Proto Labs Inc,2025,1,acq_cf_bs_disagreement
70318,,TENET HEALTHCARE CORP,2025,1,acq_cf_bs_disagreement
23217,,CONAGRA BRANDS INC,2026,1,acq_cf_bs_disagreement
875320,,VERTEX PHARMACEUTICALS INC / MA,2025,1,acq_cf_bs_disagreement
1022079,,Quest Diagnostics Inc,2025,1,acq_cf_bs_disagreement
1001385,,"NWPX Infrastructure, Inc.",2025,1,acq_cf_bs_disagreement
773840,,Honeywell International Inc,2025,1,acq_cf_bs_disagreement
896262,,AMEDISYS INC,2024,1,acq_cf_bs_disagreement
1492691,,Knight-Swift Transportation Holdings Inc.,2025,1,acq_cf_bs_disagreement
108516,,"WORTHINGTON ENTERPRISES, INC.",2026,1,acq_cf_bs_disagreement
1611547,,URBAN EDGE PROPERTIES,2025,1,operating_income
900075,,"COPART, INC.",2025,1,acq_cf_bs_disagreement
921638,,SSR Mining Inc.,2025,1,goodwill
98362,,TIMKEN CO,2025,1,acq_cf_bs_disagreement
1423221,,QUANEX BUILDING PRODUCTS CORPORATION,2025,1,acq_cf_bs_disagreement
1650729,,"SiteOne Landscape Supply, Inc.",2025,1,acq_cf_bs_disagreement
1766368,,"Mayville Engineering Company, Inc.",2025,1,acq_cf_bs_disagreement
1632127,,"Cable One, Inc.",2025,1,acq_cf_bs_disagreement
1562476,,Taylor Morrison Home Corp,2025,1,operating_income
1824814,,Cognyte Software Ltd.,2025,1,acq_cf_bs_disagreement
1739445,,"Arcosa, Inc.",2025,1,acq_cf_bs_disagreement
1306830,,CELANESE CORPORATION,2025,1,acq_cf_bs_disagreement
1637459,,Kraft Heinz Co,2025,1,acq_cf_bs_disagreement
896622,,"AptarGroup, Inc",2025,1,acq_cf_bs_disagreement
700841,,"RCM TECHNOLOGIES, INC.",2025,1,acq_cf_bs_disagreement
1493594,,"MACOM Technology Solutions Holdings, Inc.",2025,1,acq_cf_bs_disagreement
1012100,,SEALED AIR CORP/DE,2025,1,acq_cf_bs_disagreement
1128928,,FLOWERS FOODS INC,2025,1,acq_cf_bs_disagreement
1855457,,"KORE Group Holdings, Inc.",2025,1,acq_cf_bs_disagreement
884614,,UGI CORPORATION,2025,1,acq_cf_bs_disagreement
1472787,,FIRST AMERICAN FINANCIAL CORPORATION,2025,1,operating_income
1403475,,Bank of Marin Bancorp,2025,1,operating_income
354950,,"The Home Depot, Inc.",2025,1,acq_cf_bs_disagreement
837465,,Callaway Golf Company,2025,1,acq_cf_bs_disagreement
1031203,,"Group 1 Automotive, Inc",2025,1,intangibles
99780,,TRINITY INDUSTRIES INC,2025,1,acq_cf_bs_disagreement
1065696,,LKQ CORPORATION,2025,1,acq_cf_bs_disagreement
810136,,"PHOTRONICS, INC.",2025,1,intangibles
1370637,,"ETSY, INC",2025,1,acq_cf_bs_disagreement
67347,,MODINE MANUFACTURING CO,2026,1,acq_cf_bs_disagreement
1418135,,Keurig Dr Pepper Inc.,2025,1,acq_cf_bs_disagreement
55135,,"KELLY SERVICES, INC.",2025,1,acq_cf_bs_disagreement
1003078,,"MSC INDUSTRIAL DIRECT CO., INC.",2025,1,acq_cf_bs_disagreement
807882,,JACK IN THE BOX INC.,2025,1,acq_cf_bs_disagreement
55785,,KIMBERLY-CLARK CORPORATION,2025,1,acq_cf_bs_disagreement
91767,,Sonoco Products Company,2025,1,acq_cf_bs_disagreement
352915,,UNIVERSAL HEALTH SERVICES INC,2025,1,acq_cf_bs_disagreement
913353,,Colliers International Group Inc.,2025,1,acq_cf_bs_disagreement
1180262,,HERBALIFE LTD.,2025,1,acq_cf_bs_disagreement
1062231,,DAUCH CORPORATION,2025,1,acq_cf_bs_disagreement
1114483,,INTEGER HOLDINGS CORPORATION,2025,1,acq_cf_bs_disagreement
1041368,,RIVERVIEW BANCORP INC,2026,1,operating_income
64803,,CVS HEALTH CORPORATION,2025,1,acq_cf_bs_disagreement
877422,,SPARTANNASH COMPANY,2024,1,acq_cf_bs_disagreement
1368458,,"SALLY BEAUTY HOLDINGS, INC.",2025,1,acq_cf_bs_disagreement
1796209,,APi Group Corporation,2025,1,acq_cf_bs_disagreement
1474735,,GENERAC HOLDINGS INC.,2025,1,acq_cf_bs_disagreement
67887,,MOOG Inc.,2025,1,acq_cf_bs_disagreement
1599617,,DNOW INC.,2025,1,acq_cf_bs_disagreement
1672013,,Acushnet Holdings Corp.,2025,1,acq_cf_bs_disagreement
851968,,"MOHAWK INDUSTRIES, INC.",2025,1,acq_cf_bs_disagreement
57131,,LA-Z-BOY INCORPORATED,2026,1,acq_cf_bs_disagreement
940942,,"HUB GROUP, INC.",2024,1,acq_cf_bs_disagreement
1839839,,"JANUS INTERNATIONAL GROUP, INC.",2025,1,acq_cf_bs_disagreement
16732,,CAMPBELL'S Co,2025,1,acq_cf_bs_disagreement
794619,,American Woodmark Corp,2025,1,intangibles
1531152,,"BJ’S WHOLESALE CLUB HOLDINGS, INC.",2025,1,acq_cf_bs_disagreement
825542,,Scotts Miracle-Gro Co,2025,1,acq_cf_bs_disagreement
1692427,,"NCS Multistage Holdings, Inc.",2025,1,acq_cf_bs_disagreement
103379,,V. F. CORPORATION,2026,1,acq_cf_bs_disagreement
917491,,"FARO TECHNOLOGIES, INC",2024,1,acq_cf_bs_disagreement
1481792,,"Quad/Graphics, Inc.",2025,1,acq_cf_bs_disagreement
789460,,WORLD KINECT CORPORATION,2025,1,acq_cf_bs_disagreement
1262976,,Cimpress plc,2026,1,acq_cf_bs_disagreement
1001250,,Estee Lauder Companies Inc,2026,1,acq_cf_bs_disagreement
703604,,"Distribution Solutions Group, Inc.",2025,1,acq_cf_bs_disagreement
1171155,,"RADIANT LOGISTICS, INC.",2025,1,acq_cf_bs_disagreement
107687,,"WINNEBAGO INDUSTRIES, INC.",2025,1,acq_cf_bs_disagreement
1000623,,"MATIV HOLDINGS, INC.",2025,1,acq_cf_bs_disagreement
831641,,TETRA TECH INC,2025,1,acq_cf_bs_disagreement
1297989,,"EXLSERVICE HOLDINGS, INC.",2025,1,acq_cf_bs_disagreement
1013880,,"TTEC Holdings, Inc.",2025,1,acq_cf_bs_disagreement
1514991,,AMC Global Media Inc.,2025,1,acq_cf_bs_disagreement
1723128,,"AMNEAL PHARMACEUTICALS, INC.",2025,1,acq_cf_bs_disagreement
1286139,,"LegalZoom.com, Inc.",2025,1,acq_cf_bs_disagreement
97134,,TENNANT CO,2025,1,acq_cf_bs_disagreement
771497,,ABM INDUSTRIES INCORPORATED,2025,1,acq_cf_bs_disagreement
1680247,,ProPetro Holding Corp.,2025,1,acq_cf_bs_disagreement
1437107,,"Warner Bros. Discovery, Inc.",2025,1,acq_cf_bs_disagreement
1823794,,ARKO Corp.,2025,1,acq_cf_bs_disagreement
766704,,WELLTOWER INC.,2025,1,operating_income
883984,,ICU MEDICAL INC/DE,2025,1,acq_cf_bs_disagreement
1585364,,Perrigo Company plc,2025,1,acq_cf_bs_disagreement
1638833,,"Surgery Partners, Inc.",2025,1,acq_cf_bs_disagreement
764038,,SOUTHSTATE BANK CORP,2025,1,operating_income
10456,,BAXTER INTERNATIONAL INC.,2025,1,acq_cf_bs_disagreement
277638,,THE DAVEY TREE EXPERT COMPANY,2025,1,acq_cf_bs_disagreement
1159152,,JAMES HARDIE INDUSTRIES plc,2026,1,acq_cf_bs_disagreement
707549,,LAM RESEARCH CORPORATION,2026,1,acq_cf_bs_disagreement
844965,,"TETRA Technologies, Inc.",2025,1,goodwill
1822492,,Hillman Solutions Corp.,2025,1,acq_cf_bs_disagreement
104169,,WALMART INC.,2026,1,intangibles
916365,,TRACTOR SUPPLY CO /DE/,2025,1,acq_cf_bs_disagreement
51253,,INTERNATIONAL FLAVORS & FRAGRANCES INC,2025,1,acq_cf_bs_disagreement
1847590,,BOWMAN CONSULTING GROUP LTD.,2025,1,acq_cf_bs_disagreement
1077428,,TEXAS CAPITAL BANCSHARES INC/TX,2025,1,operating_income
1320414,,SELECT MEDICAL HOLDINGS CORP,2025,1,acq_cf_bs_disagreement
1018979,,"AMERISAFE, INC.",2025,1,operating_income
1481582,,RYERSON HOLDING CORPORATION,2025,1,acq_cf_bs_disagreement
1108109,,"COMMUNITY HEALTH SYSTEMS, INC.",2025,1,acq_cf_bs_disagreement
1021561,,"NU SKIN ENTERPRISES, INC.",2025,1,acq_cf_bs_disagreement
1853513,,"Mister Car Wash, Inc.",2025,1,acq_cf_bs_disagreement
1627223,,The Chemours Company,2025,1,operating_income
1674910,,VALVOLINE INC.,2025,1,acq_cf_bs_disagreement
1556739,,"THRYV HOLDINGS, INC.",2025,1,acq_cf_bs_disagreement
917470,,OLYMPIC STEEL INC,2024,1,acq_cf_bs_disagreement
1499832,,"Townsquare Media, Inc.",2025,1,acq_cf_bs_disagreement
1593548,,"PLAYAGS, INC.",2024,1,acq_cf_bs_disagreement
1826470,,"Petco Health & Wellness Company, Inc.",2025,1,intangibles
1109354,,BRUKER CORPORATION,2025,1,acq_cf_bs_disagreement
2098,,ACME UNITED CORP,2025,1,acq_cf_bs_disagreement
2186,,BK Technologies Corp,2025,1,sbc
2969,,"AIR PRODUCTS AND CHEMICALS, INC.",2025,1,acq_cf_bs_disagreement
4281,,HOWMET AEROSPACE INC.,2025,1,acq_cf_bs_disagreement
4457,,U-Haul Holding Company,2026,1,sbc
5513,,Unum Group,2025,1,operating_income
5981,,AMERICAN VANGUARD CORPORATION,2025,1,acq_cf_bs_disagreement
6281,,"Analog Devices, Inc.",2025,1,acq_cf_bs_disagreement
6845,,"Apogee Enterprises, Inc.",2026,1,acq_cf_bs_disagreement
6951,,APPLIED MATERIALS INC /DE,2025,1,acq_cf_bs_disagreement
6955,,ENERPAC TOOL GROUP CORP.,2025,1,acq_cf_bs_disagreement
8063,,ASTRONICS CORPORATION,2025,1,acq_cf_bs_disagreement
8818,,AVERY DENNISON CORPORATION,2025,1,operating_income
8858,,AVNET INC,2026,1,intangibles
9092,,"BADGER METER, INC.",2025,1,acq_cf_bs_disagreement
10795,,"BECTON, DICKINSON AND COMPANY",2025,1,acq_cf_bs_disagreement
12239,,Dominari Holdings Inc.,2025,1,capex
12927,,THE BOEING COMPANY,2025,1,acq_cf_bs_disagreement
14693,,Brown-Forman Corporation,2026,1,acq_cf_bs_disagreement
14707,,"CALERES, INC",2025,1,acq_cf_bs_disagreement
14930,,Brunswick Corporation,2025,1,acq_cf_bs_disagreement
15357,,CHASE GENERAL CORP,2025,1,sbc
16058,,CACI INTERNATIONAL INC,2026,1,acq_cf_bs_disagreement
16160,,"Cal-Maine Foods, Inc.",2026,1,acq_cf_bs_disagreement
16918,,"CONSTELLATION BRANDS, INC.",2026,1,acq_cf_bs_disagreement
18230,,CATERPILLAR INC,2025,1,acq_cf_bs_disagreement
18349,,SYNOVUS FINANCIAL CORP,2024,1,operating_income
18498,,Genesco Inc.,2026,1,acq_cf_bs_disagreement
19584,,CHEMED CORPORATION,2025,1,acq_cf_bs_disagreement
19871,,Chicago Rivet & Machine Co.,2025,1,sbc
20212,,Churchill Downs Inc,2025,1,acq_cf_bs_disagreement
21175,,CNA FINANCIAL CORPORATION,2025,1,operating_income
21665,,COLGATE-PALMOLIVE COMPANY,2025,1,acq_cf_bs_disagreement
23795,,"CTO REALTY GROWTH, INC.",2025,1,capex
25445,,"CRANE NXT, CO.",2025,1,acq_cf_bs_disagreement
25743,,"TherapeuticsMD, Inc.",2025,1,capex
25895,,CROWN CRAFTS INC,2026,1,acq_cf_bs_disagreement
27093,,U.S. GOLD CORP.,2026,1,revenue
27430,,THE DAYTON POWER AND LIGHT COMPANY,2025,1,sbc
27996,,DELUXE CORPORATION,2025,1,acq_cf_bs_disagreement
28823,,"Diebold Nixdorf, Incorporated",2025,1,acq_cf_bs_disagreement
29644,,"DONALDSON COMPANY, INC.",2025,1,acq_cf_bs_disagreement
29989,,OMNICOM GROUP INC.,2025,1,acq_cf_bs_disagreement
30305,,DUCOMMUN INCORPORATED,2025,1,acq_cf_bs_disagreement
31667,,EDUCATIONAL DEVELOPMENT CORPORATION,2026,1,operating_income
32621,,EMERSON RADIO CORP,2026,1,sbc
33002,,"ENNIS, INC.",2026,1,acq_cf_bs_disagreement
33185,,EQUIFAX INC,2025,1,acq_cf_bs_disagreement
33213,,EQT CORPORATION,2025,1,acq_cf_bs_disagreement
33992,,"KINGSTONE COMPANIES, INC.",2025,1,operating_income
34067,,DMC GLOBAL INC.,2025,1,acq_cf_bs_disagreement
34285,,RELIABILITY INCORPORATED,2025,1,sbc
34782,,1st Source Corp,2025,1,operating_income
34956,,"TENAX THERAPEUTICS, INC.",2025,1,capex
35527,,FIFTH THIRD BANCORP,2025,1,operating_income
36029,,"First Financial Bankshares, Inc.",2025,1,operating_income
36377,,"FIRST HAWAIIAN, INC.",2025,1,operating_income
36840,,"FIRST REAL ESTATE INVESTMENT TRUST OF NEW JERSEY, INC.",2025,1,sbc
36966,,FIRST HORIZON CORP,2025,1,operating_income
37785,,FMC CORPORATION,2025,1,acq_cf_bs_disagreement
38725,,"FRANKLIN ELECTRIC CO., INC.",2025,1,acq_cf_bs_disagreement
38777,,FRANKLIN RESOURCES INC,2025,1,acq_cf_bs_disagreement
39092,,FRIEDMAN INDUSTRIES INC,2025,1,sbc
39311,,INDEPENDENT BANK CORPORATION,2025,1,operating_income
39899,,TEGNA INC.,2025,1,acq_cf_bs_disagreement
39911,,"GAP, INC",2025,1,acq_cf_bs_disagreement
40570,,GEE GROUP INC.,2025,1,acq_cf_bs_disagreement
41719,,Magnera Corporation,2025,1,acq_cf_bs_disagreement
42888,,GRACO INC.,2025,1,acq_cf_bs_disagreement
43196,,"Gray Media, Inc.",2025,1,acq_cf_bs_disagreement
45919,,"HARTE HANKS, INC.",2025,1,acq_cf_bs_disagreement
46080,,"HASBRO, INC.",2025,1,acq_cf_bs_disagreement
46250,,"HAWKINS, INC.",2026,1,acq_cf_bs_disagreement
46765,,"HELMERICH & PAYNE, INC.",2025,1,acq_cf_bs_disagreement
47111,,HERSHEY CO,2025,1,acq_cf_bs_disagreement
47217,,HP INC.,2025,1,acq_cf_bs_disagreement
48898,,HUBBELL INC,2025,1,acq_cf_bs_disagreement
49071,,HUMANA INC,2025,1,acq_cf_bs_disagreement
49600,,"EASTGROUP PROPERTIES, INC.",2025,1,operating_income
49826,,ILLINOIS TOOL WORKS INC,2025,1,acq_cf_bs_disagreement
50493,,"INGLES MARKETS, INCORPORATED",2025,1,sbc
50863,,INTEL CORP,2025,1,acq_cf_bs_disagreement
51644,,"INTERPUBLIC GROUP OF COMPANIES, INC.",2024,1,acq_cf_bs_disagreement
54187,,MAYS J W INC,2025,1,sbc
55242,,KENNAMETAL INC.,2026,1,acq_cf_bs_disagreement
55529,,Kewaunee Scientific Corporation,2026,1,acq_cf_bs_disagreement
56047,,KIRBY CORPORATION,2025,1,acq_cf_bs_disagreement
59478,,ELI LILLY AND COMPANY,2025,1,operating_income
59527,,LINCOLN ELECTRIC HOLDINGS INC,2025,1,acq_cf_bs_disagreement
61004,,LGL GROUP INC,2025,1,capex
62709,,"Marsh & McLennan Companies, Inc.",2025,1,acq_cf_bs_disagreement
63296,,MATTHEWS INTERNATIONAL CORP,2025,1,acq_cf_bs_disagreement
64040,,S&P Global Inc.,2025,1,acq_cf_bs_disagreement
65312,,"EVI INDUSTRIES, INC.",2026,1,acq_cf_bs_disagreement
65770,,"MICROVISION, INC.",2025,1,goodwill
65984,,ENTERGY CORP /DE/,2025,1,sbc
66004,,MIDDLESEX WATER COMPANY,2025,1,capex
66382,,"MillerKnoll, Inc.",2026,1,acq_cf_bs_disagreement
66570,,MSA SAFETY INC,2025,1,acq_cf_bs_disagreement
66756,,"ALLETE, Inc.",2024,1,intangibles
68622,,QWEST CORP,2025,1,sbc
70866,,NCR VOYIX CORPORATION,2025,1,acq_cf_bs_disagreement
71829,,NPK International Inc.,2025,1,acq_cf_bs_disagreement
72162,,"NLI HOLDINGS, INC.",2025,1,sbc
72333,,"Nordstrom, Inc.",2024,1,operating_income
72573,,"MOVADO GROUP, INC.",2026,1,goodwill
72909,,NORTHERN STATES POWER CO /WI/,2025,1,sbc
73124,,NORTHERN TRUST CORP,2025,1,operating_income
73290,,"BIOMERICA, INC.",2026,1,capex
74046,,OIL-DRI CORPORATION OF AMERICA,2025,1,acq_cf_bs_disagreement
75252,,"Accendra Health, Inc.",2025,1,acq_cf_bs_disagreement
75288,,OXFORD INDUSTRIES INC,2025,1,acq_cf_bs_disagreement
76267,,PARK AEROSPACE CORP.,2026,1,goodwill
76282,,Park-Ohio Holdings Corp,2025,1,acq_cf_bs_disagreement
76605,,"PATRICK INDUSTRIES, INC.",2025,1,acq_cf_bs_disagreement
77360,,Pentair plc,2025,1,acq_cf_bs_disagreement
78150,,PLDT Inc.,2024,1,sbc
78749,,"AGILYSYS, INC.",2026,1,acq_cf_bs_disagreement
79661,,"PORTSMOUTH SQUARE, INC.",2025,1,sbc
80424,,The Procter & Gamble Company,2026,1,acq_cf_bs_disagreement
81018,,PUBLIC SERVICE CO OF COLORADO,2025,1,sbc
81362,,QUAKER CHEMICAL CORPORATION,2025,1,acq_cf_bs_disagreement
82473,,INNSUITES HOSPITALITY TRUST,2026,1,capex
83246,,HSBC USA INC /MD/,2025,1,sbc
84112,,"George Risk Industries, Inc.",2026,1,sbc
84748,,ROGERS CORP,2025,1,acq_cf_bs_disagreement
84839,,"ROLLINS, INC.",2025,1,acq_cf_bs_disagreement
87347,,SLB LIMITED/NV,2025,1,operating_income
88000,,HORIZON KINETICS HOLDING CORPORATION,2025,1,sbc
88121,,Seaboard Corporation,2025,1,sbc
88941,,Semtech Corporation,2026,1,acq_cf_bs_disagreement
89439,,MUELLER INDUSTRIES INC,2025,1,acq_cf_bs_disagreement
90168,,"SIFCO Industries, Inc.",2025,1,sbc
90498,,SIMMONS FIRST NATIONAL CORP,2025,1,operating_income
90896,,"Champion Homes, Inc.",2026,1,acq_cf_bs_disagreement
91142,,A. O. Smith Corporation,2025,1,acq_cf_bs_disagreement
91419,,The J. M. Smucker Company,2026,1,acq_cf_bs_disagreement
91668,,SOLITRON DEVICES INC,2026,1,goodwill
92122,,SOUTHERN CO,2025,1,sbc
93389,,"Standard Motor Products, Inc.",2025,1,acq_cf_bs_disagreement
94845,,LEVI STRAUSS & CO.,2025,1,acq_cf_bs_disagreement
95029,,"STURM, RUGER & COMPANY, INC.",2025,1,intangibles
96223,,Jefferies Financial Group Inc.,2025,1,operating_income
96271,,TAMPA ELECTRIC COMPANY,2025,1,sbc
96536,,"TAYLOR DEVICES, INC.",2026,1,sbc
97210,,"TERADYNE, INC.",2025,1,acq_cf_bs_disagreement
97216,,Terex Corporation,2025,1,acq_cf_bs_disagreement
97745,,THERMO FISHER SCIENTIFIC INC.,2025,1,acq_cf_bs_disagreement
98677,,TOOTSIE ROLL INDUSTRIES INC,2025,1,sbc
99302,,"Transcat, Inc.",2026,1,acq_cf_bs_disagreement
100122,,TUCSON ELECTRIC POWER CO,2025,1,sbc
100493,,"TYSON FOODS, INC.",2025,1,acq_cf_bs_disagreement
101199,,"UNITED FIRE GROUP, INC",2025,1,operating_income
101295,,"UNITED-GUARDIAN, INC.",2025,1,sbc
101382,,UMB FINANCIAL CORP,2025,1,operating_income
102037,,UNIVERSAL CORPORATION,2026,1,acq_cf_bs_disagreement
102109,,"UNIVERSAL SAFETY PRODUCTS, INC.",2026,1,capex
102729,,"Valmont Industries, Inc.",2025,1,acq_cf_bs_disagreement
102752,,VSE CORPORATION,2025,1,acq_cf_bs_disagreement
103145,,VEECO INSTRUMENTS INC,2025,1,acq_cf_bs_disagreement
103595,,"VILLAGE SUPER MARKET, INC.",2025,1,intangibles
103730,,"Vishay Intertechnology, Inc.",2025,1,acq_cf_bs_disagreement
105016,,"WATSCO, INC.",2025,1,acq_cf_bs_disagreement
105132,,WD-40 COMPANY,2025,1,acq_cf_bs_disagreement
105418,,"WEIS MARKETS, INC",2025,1,sbc
106040,,WESTERN DIGITAL CORPORATION,2026,1,intangibles
106640,,WHIRLPOOL CORP /DE/,2025,1,acq_cf_bs_disagreement
107140,,"JOHN WILEY & SONS, INC.",2026,1,acq_cf_bs_disagreement
107263,,"WILLIAMS COMPANIES, INC.",2025,1,intangibles
107833,,WISCONSIN PUBLIC SERVICE CORPORATION,2025,1,equity
108985,,YORK WATER COMPANY,2025,1,sbc
109198,,"The TJX Companies, Inc.",2026,1,operating_income
109563,,"APPLIED INDUSTRIAL TECHNOLOGIES, INC.",2026,1,acq_cf_bs_disagreement
110471,,"WOLVERINE WORLD WIDE, INC.",2024,1,acq_cf_bs_disagreement
110621,,RPM INTERNATIONAL INC.,2026,1,operating_income
203596,,"WESBANCO, INC.",2025,1,operating_income
216085,,"HAVERTY FURNITURE COMPANIES, INC",2025,1,operating_income
216228,,ITT INC.,2025,1,acq_cf_bs_disagreement
216877,,"PISMO COAST VILLAGE, INC.",2025,1,sbc
217346,,Textron Inc.,2025,1,operating_income
275053,,"NATURE’S SUNSHINE PRODUCTS, INC.",2025,1,intangibles
277509,,FEDERAL SIGNAL CORPORATION,2025,1,acq_cf_bs_disagreement
277948,,CSX CORPORATION,2025,1,acq_cf_bs_disagreement
278166,,"CAVCO INDUSTRIES, INC.",2026,1,acq_cf_bs_disagreement
310764,,STRYKER CORP,2025,1,acq_cf_bs_disagreement
312257,,"INNOVATIVE FOOD HOLDINGS, INC.",2025,1,goodwill
313143,,Haemonetics Corporation,2026,1,acq_cf_bs_disagreement
313616,,DANAHER CORPORATION,2025,1,acq_cf_bs_disagreement
313807,,BP PLC,2025,1,acq_cf_bs_disagreement
313838,,Sony Group Corp,2025,1,intangibles
313927,,"CHURCH & DWIGHT CO., INC.",2025,1,acq_cf_bs_disagreement
314203,,McEWEN INC.,2025,1,capex
314808,,Valaris Limited,2025,1,intangibles
315374,,"HURCO COMPANIES, INC.",2025,1,goodwill
315709,,INTERNATIONAL BANCSHARES CORPORATION,2025,1,operating_income
316709,,SCHWAB CHARLES CORP,2025,1,operating_income
317540,,"COCA-COLA CONSOLIDATED, INC.",2025,1,sbc
317788,,"Digital Turbine, Inc",2026,1,acq_cf_bs_disagreement
318154,,Amgen Inc.,2025,1,acq_cf_bs_disagreement
318300,,PEOPLES BANCORP INC.,2025,1,acq_cf_bs_disagreement
318673,,Security National Financial Corporation,2025,1,operating_income
318833,,"TEAM, INC.",2025,1,goodwill
320187,,"NIKE, Inc.",2026,1,operating_income
320193,,Apple Inc.,2025,1,goodwill
320335,,GLOBE LIFE INC.,2025,1,operating_income
350698,,"AUTONATION, INC.",2025,1,acq_cf_bs_disagreement
350868,,"ITERIS, INC.",2024,1,acq_cf_bs_disagreement
350894,,SEI INVESTMENTS COMPANY,2025,1,acq_cf_bs_disagreement
352955,,"CKX Lands, Inc.",2025,1,capex
353278,,NOVO NORDISK A/S,2025,1,acq_cf_bs_disagreement
354190,,ARTHUR J. GALLAGHER & CO.,2025,1,operating_income
354963,,Shenandoah Telecommunications Company,2025,1,acq_cf_bs_disagreement
355811,,GENTEX CORPORATION,2025,1,acq_cf_bs_disagreement
356171,,TriCo Bancshares,2025,1,operating_income
357294,,HOVNANIAN ENTERPRISES INC,2025,1,operating_income
357301,,TRUSTCO BANK CORP NY,2025,1,operating_income
700565,,"FIRST MID BANCSHARES, INC.",2025,1,operating_income
701347,,CENTRAL PACIFIC FINANCIAL CORP,2025,1,operating_income
701719,,ENVELA CORPORATION,2025,1,sbc
705432,,"SOUTHSIDE BANCSHARES, INC.",2025,1,operating_income
706129,,"HORIZON BANCORP, INC.",2025,1,operating_income
708781,,"CASS INFORMATION SYSTEMS, INC.",2025,1,operating_income
708821,,PAR TECHNOLOGY CORPORATION,2025,1,acq_cf_bs_disagreement
709283,,QUANTUM CORP /DE/,2026,1,acq_cf_bs_disagreement
709337,,FARMERS NATIONAL BANC CORP /OH/,2025,1,operating_income
711034,,"THUNDER MOUNTAIN GOLD, INC.",2025,1,revenue
711377,,Neogen Corporation,2026,1,acq_cf_bs_disagreement
711669,,COLONY BANKCORP INC,2025,1,operating_income
712515,,ELECTRONIC ARTS INC.,2026,1,acq_cf_bs_disagreement
712770,,"One Liberty Properties, Inc.",2025,1,revenue
713425,,"LOGILITY SUPPLY CHAIN SOLUTIONS, INC.",2024,1,acq_cf_bs_disagreement
714256,,SANARA MEDTECH INC.,2025,1,acq_cf_bs_disagreement
714712,,JUNIATA VALLEY FINANCIAL CORP,2025,1,operating_income
716314,,GRAHAM CORPORATION,2026,1,acq_cf_bs_disagreement
716643,,Regis Corp,2026,1,acq_cf_bs_disagreement
717720,,"VALUE LINE, INC.",2026,1,sbc
717806,,FIRST US BANCSHARES INC,2025,1,operating_income
717954,,UNIFIRST CORPORATION,2025,1,acq_cf_bs_disagreement
718332,,"RAVE RESTAURANT GROUP, INC.",2025,1,operating_income
719402,,FIRST NATIONAL CORP /VA/,2025,1,operating_income
720500,,"AMTECH SYSTEMS, INC.",2025,1,acq_cf_bs_disagreement
720672,,STIFEL FINANCIAL CORP,2025,1,operating_income
721693,,SMART POWERR CORP.,2025,1,capex
721994,,LAKELAND FINANCIAL CORPORATION,2025,1,operating_income
723254,,Cintas Corporation,2026,1,acq_cf_bs_disagreement
723531,,"Paychex, Inc.",2026,1,acq_cf_bs_disagreement
723533,,WENYUAN GROUP CORP.,2025,1,capex
723603,,"Culp, Inc.",2026,1,goodwill
723646,,FRANKLIN FINANCIAL SERVICES CORPORATION,2025,1,operating_income
724004,,MESA LABORATORIES INC /CO,2026,1,acq_cf_bs_disagreement
724742,,TRINITY PLACE HOLDINGS INC.,2024,1,capex
724910,,NVE CORP,2026,1,sbc
725363,,CEL-SCI CORPORATION,2025,1,revenue
725394,,"DALRADA TECHNOLOGY GROUP, INC.",2025,1,acq_cf_bs_disagreement
726854,,CITY HOLDING COMPANY,2025,1,operating_income
728387,,"PERSPECTIVE THERAPEUTICS, INC.",2025,1,revenue
728535,,"J.B. HUNT TRANSPORT SERVICES, INC.",2025,1,acq_cf_bs_disagreement
729580,,BEL FUSE INC /NJ,2025,1,acq_cf_bs_disagreement
730272,,REPLIGEN CORP,2025,1,acq_cf_bs_disagreement
730464,,Covista Inc.,2026,1,acq_cf_bs_disagreement
731012,,"HEALTHCARE SERVICES GROUP, INC.",2025,1,operating_income
731653,,UNITED BANCORP INC /OH/,2025,1,operating_income
731766,,UnitedHealth Group Incorporated,2025,1,acq_cf_bs_disagreement
732717,,AT&T INC.,2025,1,intangibles
733099,,Rogers Communications Inc.,2025,1,acq_cf_bs_disagreement
733269,,"LiveRamp Holdings, Inc.",2026,1,acq_cf_bs_disagreement
733590,,"TRANSCONTINENTAL REALTY INVESTORS, INC.",2025,1,sbc
736772,,CNB FINANCIAL CORP/PA,2025,1,operating_income
737468,,Washington Trust Bancorp Inc,2025,1,operating_income
737758,,THE TORO COMPANY,2025,1,acq_cf_bs_disagreement
740260,,"Ventas, Inc.",2025,1,operating_income
740663,,FIRST OF LONG ISLAND CORP,2024,1,operating_income
740664,,R F INDUSTRIES LTD,2025,1,acq_cf_bs_disagreement
740971,,OLD POINT FINANCIAL CORP,2024,1,operating_income
742278,,"RPC, INC.",2025,1,acq_cf_bs_disagreement
743238,,"SHYFT GROUP, INC.",2024,1,acq_cf_bs_disagreement
743367,,BAR HARBOR BANKSHARES,2025,1,operating_income
744187,,REX AMERICAN RESOURCES CORPORATION,2025,1,operating_income
744452,,BNB Plus Corp.,2025,1,goodwill
744825,,AMERICAN SHARED HOSPITAL SERVICES,2025,1,acq_cf_bs_disagreement
746210,,"TaoWeave, Inc.",2025,1,capex
746514,,New England Realty Associates Limited Partnership,2025,1,sbc
746598,,BRADY CORP,2026,1,acq_cf_bs_disagreement
746838,,Unisys Corp,2025,1,acq_cf_bs_disagreement
748592,,Ernexa Therapeutics Inc.,2025,1,revenue
749251,,"Gartner, Inc.",2025,1,acq_cf_bs_disagreement
750558,,QNB Corp.,2025,1,operating_income
750574,,"Auburn National Bancorporation, Inc.",2025,1,operating_income
750577,,HANCOCK WHITNEY CORPORATION,2025,1,operating_income
752642,,"UMH PROPERTIES, INC.",2025,1,operating_income
752714,,McGRATH RENTCORP,2025,1,acq_cf_bs_disagreement
756894,,BARRICK MINING CORP,2025,1,operating_income
760498,,BancFirst Corporation,2025,1,operating_income
761648,,"CEDAR REALTY TRUST, INC.",2025,1,sbc
763744,,LCI INDUSTRIES,2025,1,acq_cf_bs_disagreement
763907,,First United Corporation,2025,1,operating_income
764401,,Insteel Industries Inc.,2025,1,operating_income
764478,,"BEST BUY CO., INC.",2026,1,intangibles
764630,,"AETERNUM HEALTH, INC.",2025,1,capex
764897,,"BROAD STREET REALTY, INC.",2024,1,capex
765880,,"Healthpeak Properties, Inc.",2025,1,operating_income
766011,,Caledonia Mining Corp Plc,2024,1,sbc
766421,,"ALASKA AIR GROUP, INC.",2025,1,acq_cf_bs_disagreement
766792,,CVD EQUIPMENT CORPORATION,2025,1,intangibles
769397,,"Autodesk, Inc.",2026,1,acq_cf_bs_disagreement
769520,,THE MIDDLEBY CORPORATION,2025,1,acq_cf_bs_disagreement
771266,,KOPIN CORP,2025,1,goodwill
772263,,NITCHES INC.,2024,1,capex
772406,,"CIRRUS LOGIC, INC.",2026,1,acq_cf_bs_disagreement
775158,,Oshkosh Corporation,2025,1,acq_cf_bs_disagreement
776901,,Independent Bank Corp.,2025,1,operating_income
778164,,"ALTO INGREDIENTS, INC.",2025,1,goodwill
779152,,"JACK HENRY & ASSOCIATES, INC.",2026,1,intangibles
780571,,"Itron, Inc.",2025,1,acq_cf_bs_disagreement
784539,,EACO CORPORATION,2025,1,sbc
785557,,DLH HOLDINGS CORP.,2025,1,acq_cf_bs_disagreement
787250,,DPL LLC,2025,1,sbc
788611,,"NextTrip, Inc.",2026,1,capex
789570,,MGM Resorts International,2025,1,acq_cf_bs_disagreement
790051,,CARLISLE COMPANIES INCORPORATED,2025,1,acq_cf_bs_disagreement
791908,,XOMA Royalty Corporation,2025,1,capex
791963,,OPPENHEIMER HOLDINGS INC.,2025,1,acq_cf_bs_disagreement
792935,,Ethema Health Corporation,2025,1,sbc
792987,,"Astec Industries, Inc.",2025,1,acq_cf_bs_disagreement
793074,,"WERNER ENTERPRISES, INC.",2025,1,acq_cf_bs_disagreement
793306,,BLUE DOLPHIN ENERGY CO,2025,1,sbc
794323,,"LEVEL 3 PARENT, LLC",2025,1,sbc
795266,,KB HOME,2025,1,operating_income
796343,,ADOBE INC.,2025,1,acq_cf_bs_disagreement
796505,,"CLEARFIELD, INC.",2025,1,acq_cf_bs_disagreement
796534,,"NATIONAL BANKSHARES, INC.",2025,1,operating_income
798081,,"LAKELAND INDUSTRIES, INC.",2026,1,acq_cf_bs_disagreement
798783,,UNIVERSAL HEALTH REALTY INCOME TRUST,2025,1,capex
799167,,"MARTEN TRANSPORT, LTD.",2025,1,capex
799233,,HEARTLAND EXPRESS INC,2025,1,acq_cf_bs_disagreement
799850,,"AMERICA’S CAR-MART, INC.",2026,1,operating_income
800166,,New Gold Inc. /FI,2024,1,capex
800240,,The ODP Corporation,2024,1,acq_cf_bs_disagreement
800457,,Donegal Group Inc.,2025,1,operating_income
803164,,"ChoiceOne Financial Services, Inc.",2025,1,operating_income
803578,,"FIREFLY NEUROSCIENCE, INC.",2025,1,acq_cf_bs_disagreement
805676,,PARK NATIONAL CORPORATION,2025,1,operating_income
806968,,WPP plc,2025,1,acq_cf_bs_disagreement
807707,,VOXX INTERNATIONAL CORPORATION,2024,1,acq_cf_bs_disagreement
807863,,"MITEK SYSTEMS, INC.",2025,1,acq_cf_bs_disagreement
808326,,EMCORE CORPORATION,2024,1,acq_cf_bs_disagreement
810958,,CITIZENS & NORTHERN CORPORATION,2025,1,operating_income
811809,,BHP GROUP LIMITED,2025,1,intangibles
812011,,"Vail Resorts, Inc.",2025,1,acq_cf_bs_disagreement
813672,,"CADENCE DESIGN SYSTEMS, INC.",2025,1,acq_cf_bs_disagreement
813828,,Paramount Skydance Corp,2024,1,acq_cf_bs_disagreement
814586,,"LIFEWAY FOODS, INC.",2025,1,acq_cf_bs_disagreement
817720,,SYNAPTICS INCORPORATED,2026,1,acq_cf_bs_disagreement
818686,,TEVA PHARMACEUTICAL INDUSTRIES LIMITED,2025,1,acq_cf_bs_disagreement
819793,,ALBANY INTERNATIONAL CORP.,2025,1,acq_cf_bs_disagreement
820313,,AMPHENOL CORPORATION,2025,1,acq_cf_bs_disagreement
821483,,"Par Pacific Holdings, Inc.",2025,1,acq_cf_bs_disagreement
822416,,"PULTEGROUP, INC.",2025,1,operating_income
826154,,"ORRSTOWN FINANCIAL SERVICES, INC.",2025,1,operating_income
826253,,"AURA SYSTEMS, INC.",2025,1,sbc
827876,,"CleanSpark, Inc.",2025,1,acq_cf_bs_disagreement
829224,,Starbucks Corporation,2025,1,acq_cf_bs_disagreement
829365,,NAM TAI PROPERTY INC.,2025,1,capex
830616,,"SCI ENGINEERED MATERIALS, INC.",2025,1,intangibles
831378,,LVPAI GROUP LIMITED,2026,1,capex
832101,,IDEX CORP,2025,1,acq_cf_bs_disagreement
832988,,SIGNET JEWELERS LIMITED,2026,1,acq_cf_bs_disagreement
835011,,MGP INGREDIENTS INC,2025,1,acq_cf_bs_disagreement
835324,,"STOCK YARDS BANCORP, INC.",2025,1,operating_income
835662,,"AIXIN LIFE INTERNATIONAL, INC.",2025,1,sbc
836157,,Lindsay Corporation,2024,1,acq_cf_bs_disagreement
839923,,VODAFONE GROUP PUBLIC LTD CO,2025,1,acq_cf_bs_disagreement
840715,,CLEARONE INC,2025,1,capex
842023,,BIO-TECHNE Corp,2026,1,acq_cf_bs_disagreement
842162,,Lear Corp,2025,1,acq_cf_bs_disagreement
842180,,"BANCO BILBAO VIZCAYA ARGENTARIA, S.A.",2025,1,revenue
842517,,Isabella Bank Corp,2025,1,operating_income
842518,,"EVANS BANCORP, INC.",2024,1,operating_income
842633,,TRIMAS CORPORATION,2025,1,acq_cf_bs_disagreement
843006,,ACCESS Newswire Inc.,2025,1,acq_cf_bs_disagreement
844059,,"FRP HOLDINGS, INC.",2025,1,intangibles
844856,,HEALTHIER CHOICES MANAGEMENT CORP.,2025,1,capex
844985,,POSITRON     CORPORATION,2025,1,capex
845819,,"KonaTel, Inc.",2025,1,capex
845877,,FEDERAL AGRICULTURAL MORTGAGE CORPORATION,2025,1,operating_income
845982,,Smith & Nephew plc,2025,1,acq_cf_bs_disagreement
846377,,"TOTALIGENT, INC.",2025,1,sbc
849395,,CRH public limited company,2025,1,acq_cf_bs_disagreement
849399,,Gen Digital Inc.,2026,1,acq_cf_bs_disagreement
849401,,"ADM TRONICS UNLIMITED, INC.",2026,1,capex
850209,,"Foot Locker, Inc.",2024,1,acq_cf_bs_disagreement
851205,,COGNEX CORP,2025,1,acq_cf_bs_disagreement
852772,,DENNY'S Corp,2024,1,capex
854560,,"GREAT SOUTHERN BANCORP, INC.",2025,1,operating_income
854775,,DIGI INTERNATIONAL INC.,2025,1,acq_cf_bs_disagreement
855658,,Lattice Semiconductor Corp,2025,1,acq_cf_bs_disagreement
856982,,MERIT MEDICAL SYSTEMS INC,2025,1,intangibles
856984,,"QHSLab, Inc.",2025,1,capex
857005,,PTC Inc.,2025,1,acq_cf_bs_disagreement
857949,,ENLIGHTIFY INC.,2025,1,sbc
858446,,InterContinental Hotels Group PLC,2025,1,intangibles
858877,,"CISCO SYSTEMS, INC.",2026,1,acq_cf_bs_disagreement
859070,,FIRST COMMUNITY BANKSHARES INC /VA/,2025,1,operating_income
860413,,"FIRST INTERSTATE BANCSYSTEM, INC.",2025,1,operating_income
860546,,COPT DEFENSE PROPERTIES,2025,1,operating_income
860731,,"TYLER TECHNOLOGIES, INC.",2025,1,acq_cf_bs_disagreement
861459,,GRANITE CONSTRUCTION INC,2025,1,acq_cf_bs_disagreement
861884,,"RELIANCE, INC.",2025,1,acq_cf_bs_disagreement
862651,,"Investview, Inc.",2025,1,sbc
862668,,Escalon Medical Corp.,2025,1,sbc
863110,,ARTESIAN RESOURCES CORPORATION,2025,1,intangibles
863894,,VERU INC.,2025,1,revenue
864749,,TRIMBLE INC.,2025,1,acq_cf_bs_disagreement
866291,,"ALLEGRO MICROSYSTEMS, INC.",2026,1,acq_cf_bs_disagreement
866374,,FLEX LTD.,2026,1,acq_cf_bs_disagreement
866439,,"DarkPulse, Inc.",2025,1,sbc
866729,,SCHOLASTIC CORPORATION,2026,1,acq_cf_bs_disagreement
866829,,"HORNBECK OFFSHORE SERVICES, INC.",2025,1,goodwill
868278,,"ProPhase Labs, Inc.",2025,1,acq_cf_bs_disagreement
868780,,"Dorman Products, Inc.",2025,1,acq_cf_bs_disagreement
871763,,MANPOWERGROUP INC.,2025,1,acq_cf_bs_disagreement
872589,,"REGENERON PHARMACEUTICALS, INC.",2025,1,goodwill
873303,,"SAREPTA THERAPEUTICS, INC.",2025,1,goodwill
874015,,"Ionis Pharmaceuticals, Inc.",2025,1,intangibles
874716,,IDEXX LABORATORIES INC /DE,2025,1,acq_cf_bs_disagreement
874761,,THE AES CORPORATION,2025,1,operating_income
874766,,"The Hartford Insurance Group, Inc.",2025,1,operating_income
874866,,CORVEL CORPORATION,2026,1,operating_income
875357,,BOK FINANCIAL CORP,2025,1,operating_income
875582,,NORTHERN TECHNOLOGIES INTERNATIONAL CORP,2025,1,acq_cf_bs_disagreement
876167,,PROGRESS SOFTWARE CORP /MA,2025,1,acq_cf_bs_disagreement
876437,,MGIC Investment Corp,2025,1,operating_income
876523,,"EZCORP, INC.",2025,1,acq_cf_bs_disagreement
876779,,MAGIC SOFTWARE ENTERPRISES LTD.,2024,1,operating_income
876883,,Stagwell Inc,2025,1,acq_cf_bs_disagreement
877212,,Zebra Technologies Corporation,2025,1,acq_cf_bs_disagreement
877860,,"National Health Investors, Inc.",2025,1,operating_income
878518,,TASEKO MINES LIMITED,2025,1,capex
878927,,"OLD DOMINION FREIGHT LINE, INC.",2025,1,goodwill
879101,,KIMCO REALTY CORPORATION,2025,1,goodwill
879169,,INCYTE CORPORATION,2025,1,capex
879526,,WABASH NATIONAL CORPORATION,2025,1,acq_cf_bs_disagreement
879585,,"ATN INTERNATIONAL, INC.",2025,1,acq_cf_bs_disagreement
880242,,"BIOLARGO, INC.",2025,1,intangibles
880641,,"EAGLE FINANCIAL SERVICES, INC.",2025,1,operating_income
880807,,AMERICAN SUPERCONDUCTOR CORP /DE/,2026,1,acq_cf_bs_disagreement
882095,,"GILEAD SCIENCES, INC.",2025,1,acq_cf_bs_disagreement
882291,,"AETHLON MEDICAL, INC.",2026,1,revenue
882361,,APTOSE BIOSCIENCES INC.,2025,1,operating_income
882835,,"ROPER TECHNOLOGIES, INC.",2025,1,acq_cf_bs_disagreement
883237,,"VIRTUS INVESTMENT PARTNERS, INC.",2025,1,acq_cf_bs_disagreement
883902,,"Cornerstone Building Brands, Inc.",2025,1,acq_cf_bs_disagreement
883975,,MICROBOT MEDICAL INC.,2025,1,revenue
884144,,"ASURE SOFTWARE, INC.",2025,1,revenue
885245,,"BUCKLE, INC",2025,1,sbc
885550,,CREDIT ACCEPTANCE CORP,2025,1,operating_income
885590,,Bausch Health Companies Inc.,2025,1,acq_cf_bs_disagreement
885725,,BOSTON SCIENTIFIC CORPORATION,2025,1,acq_cf_bs_disagreement
885740,,SAPIENS INTERNATIONAL CORPORATION N.V.,2024,1,acq_cf_bs_disagreement
885978,,U S PHYSICAL THERAPY INC /NV,2025,1,acq_cf_bs_disagreement
886136,,"Saga Communications, Inc",2025,1,sbc
887225,,KOREA ELECTRIC POWER CORPORATION,2024,1,sbc
887343,,"COLUMBIA BANKING SYSTEM, INC.",2025,1,operating_income
887936,,"FTI CONSULTING, INC",2025,1,acq_cf_bs_disagreement
889132,,POSCO HOLDINGS INC.,2024,1,sbc
889900,,PATTERSON UTI ENERGY INC,2025,1,acq_cf_bs_disagreement
889971,,LIGHTPATH TECHNOLOGIES INC,2025,1,acq_cf_bs_disagreement
890564,,"Everforth, Inc.",2025,1,acq_cf_bs_disagreement
890926,,RADIAN GROUP INC,2025,1,operating_income
891014,,MINERALS TECHNOLOGIES INC.,2025,1,acq_cf_bs_disagreement
891024,,"PATTERSON COMPANIES, INC.",2024,1,acq_cf_bs_disagreement
891103,,"Match Group, Inc.",2025,1,acq_cf_bs_disagreement
891166,,"UNIVERSAL INSURANCE HOLDINGS, INC.",2025,1,operating_income
892450,,KT Corporation,2024,1,intangibles
892553,,"CHART INDUSTRIES, INC.",2025,1,acq_cf_bs_disagreement
893847,,"HAWTHORN BANCSHARES, INC.",2025,1,operating_income
893949,,"Pediatrix Medical Group, Inc.",2025,1,acq_cf_bs_disagreement
894158,,"Theriva Biologics, Inc.",2025,1,revenue
894315,,SITE Centers Corp.,2025,1,operating_income
894627,,VAALCO ENERGY INC /DE/,2025,1,capex
894871,,"THE ARENA GROUP HOLDINGS, INC.",2025,1,acq_cf_bs_disagreement
895447,,"Shoe Carnival, Inc.",2025,1,acq_cf_bs_disagreement
895456,,"ROCKY BRANDS, INC.",2025,1,acq_cf_bs_disagreement
896264,,"USANA HEALTH SCIENCES, INC.",2025,1,acq_cf_bs_disagreement
896429,,"Cantaloupe, Inc.",2025,1,acq_cf_bs_disagreement
896878,,INTUIT INC.,2026,1,acq_cf_bs_disagreement
897077,,ALAMO GROUP INC.,2025,1,acq_cf_bs_disagreement
897078,,"Resonate Blends, Inc.",2024,1,sbc
897322,,GILAT SATELLITE NETWORKS LTD.,2025,1,acq_cf_bs_disagreement
897448,,AMARIN CORP PLC\UK,2025,1,capex
897723,,Sanmina Corporation,2025,1,intangibles
898437,,"Anika Therapeutics, Inc.",2025,1,acq_cf_bs_disagreement
899051,,ALLSTATE CORP,2025,1,operating_income
899394,,"HARBOR DIVERSIFIED, INC.",2024,1,sbc
899460,,MANNKIND CORP,2025,1,acq_cf_bs_disagreement
899689,,Vornado Realty Trust,2025,1,operating_income
899751,,"TITAN INTERNATIONAL, INC.",2025,1,acq_cf_bs_disagreement
903419,,ALERUS FINANCIAL CORPORATION,2025,1,operating_income
906345,,CAMDEN PROPERTY TRUST,2025,1,operating_income
906465,,"QCR HOLDINGS, INC.",2025,1,operating_income
906553,,BOYD GAMING CORP,2025,1,acq_cf_bs_disagreement
906709,,Nektar Therapeutics,2025,1,goodwill
907242,,"MONARCH CASINO & RESORT, INC.",2025,1,operating_income
907471,,"PATHWARD FINANCIAL, INC.",2025,1,operating_income
907654,,"Oruka Therapeutics, Inc.",2025,1,revenue
908255,,BORGWARNER INC.,2025,1,acq_cf_bs_disagreement
908311,,CREATIVE MEDIA & COMMUNITY TRUST CORPORATION,2025,1,operating_income
909037,,CHEMICAL & MINING CO OF CHILE INC,2024,1,sbc
910108,,LXP Industrial Trust,2025,1,operating_income
910406,,"THE HAIN CELESTIAL GROUP, INC.",2025,1,acq_cf_bs_disagreement
910612,,"CBL & ASSOCIATES PROPERTIES, INC.",2025,1,operating_income
910638,,3D SYSTEMS CORPORATION,2025,1,acq_cf_bs_disagreement
911971,,TEEKAY CORPORATION LTD.,2025,1,sbc
912061,,Natural Health Trends Corp.,2025,1,goodwill
912093,,Viavi Solutions Inc.,2026,1,acq_cf_bs_disagreement
912463,,GUESS INC,2025,1,intangibles
912562,,"GIBRALTAR INDUSTRIES, INC.",2025,1,acq_cf_bs_disagreement
912603,,"RADIUS RECYCLING, INC.",2024,1,acq_cf_bs_disagreement
912615,,"Urban Outfitters, Inc.",2026,1,goodwill
912728,,FORWARD AIR CORPORATION,2025,1,acq_cf_bs_disagreement
912958,,MILLICOM INTERNATIONAL CELLULAR SA,2025,1,acq_cf_bs_disagreement
913241,,"STEVEN MADDEN, LTD.",2025,1,acq_cf_bs_disagreement
913277,,CLARUS CORPORATION,2025,1,acq_cf_bs_disagreement
913341,,C & F FINANCIAL CORPORATION,2025,1,operating_income
914139,,"PARKERVISION, INC.",2025,1,operating_income
914156,,"UFP Technologies, Inc.",2025,1,acq_cf_bs_disagreement
914475,,NEUROCRINE BIOSCIENCES INC,2025,1,acq_cf_bs_disagreement
915191,,FAIRFAX FINANCIAL HOLDINGS LTD/ CAN,2025,1,revenue
915840,,BEAZER HOMES USA INC,2025,1,intangibles
916540,,DARLING INGREDIENTS INC.,2025,1,acq_cf_bs_disagreement
916789,,HELEN OF TROY LIMITED,2026,1,acq_cf_bs_disagreement
917273,,RAMBUS INC,2025,1,acq_cf_bs_disagreement
918646,,EAGLE MATERIALS INC,2026,1,operating_income
920371,,"Simpson Manufacturing Co., Inc.",2025,1,acq_cf_bs_disagreement
920427,,"Unity Bancorp, Inc.",2025,1,operating_income
921114,,"ARMATA PHARMACEUTICALS, INC.",2025,1,revenue
921582,,IMAX Corporation,2025,1,acq_cf_bs_disagreement
921738,,"PENN ENTERTAINMENT, INC.",2025,1,acq_cf_bs_disagreement
921825,,"FIRST INDUSTRIAL REALTY TRUST, INC.",2025,1,operating_income
922621,,ERIE INDEMNITY COMPANY,2025,1,sbc
923139,,FLUSHING FINANCIAL CORPORATION,2025,1,operating_income
924168,,"ENERGY FOCUS, INC/DE",2025,1,intangibles
924383,,GENASYS INC.,2025,1,acq_cf_bs_disagreement
924613,,Nokia Corporation,2025,1,acq_cf_bs_disagreement
924805,,FREEDOM HOLDING CORP.,2026,1,operating_income
924822,,"MILLER INDUSTRIES, INC.",2025,1,operating_income
926326,,"OMNICELL, INC",2025,1,acq_cf_bs_disagreement
926660,,"APARTMENT INCOME REIT, L.P.",2025,1,operating_income
927003,,"ADVANCED ENERGY INDUSTRIES, INC.",2025,1,acq_cf_bs_disagreement
928658,,"COVENANT LOGISTICS GROUP, INC.",2025,1,acq_cf_bs_disagreement
929008,,"WESCO International, Inc.",2025,1,acq_cf_bs_disagreement
929351,,Starz Entertainment Corp.,2025,1,acq_cf_bs_disagreement
929869,,RELX PLC,2025,1,acq_cf_bs_disagreement
930157,,RENTOKIL INITIAL PLC /FI,2025,1,intangibles
931015,,Polaris Inc.,2025,1,acq_cf_bs_disagreement
931427,,GAS TRANSPORTER OF THE SOUTH INC.,2024,1,sbc
932696,,"INSIGHT ENTERPRISES, INC.",2025,1,acq_cf_bs_disagreement
932781,,FIRST COMMUNITY CORPORATION,2025,1,operating_income
932787,,STMicroelectronics N.V.,2025,1,capex
933036,,"Upbound Group, Inc.",2025,1,acq_cf_bs_disagreement
933974,,"AZENTA, INC.",2025,1,acq_cf_bs_disagreement
934549,,Acacia Research Corporation,2025,1,acq_cf_bs_disagreement
935419,,"RCI HOSPITALITY HOLDINGS, INC.",2025,1,acq_cf_bs_disagreement
937556,,MASIMO CORP,2025,1,acq_cf_bs_disagreement
943452,,WESTINGHOUSE AIR BRAKE TECHNOLOGIES CORPORATION,2025,1,acq_cf_bs_disagreement
943819,,ResMed Inc.,2026,1,acq_cf_bs_disagreement
944745,,"Civista Bancshares, Inc.",2025,1,operating_income
944809,,"OPKO Health, Inc.",2025,1,acq_cf_bs_disagreement
945114,,Global Industrial Company,2025,1,acq_cf_bs_disagreement
945841,,POOL CORPORATION,2025,1,acq_cf_bs_disagreement
945983,,"Climb Global Solutions, Inc.",2025,1,acq_cf_bs_disagreement
946394,,ELLOMAY CAPITAL LTD.,2024,1,goodwill
946563,,RETRACTABLE TECHNOLOGIES INC,2025,1,sbc
946581,,"TAKE-TWO INTERACTIVE SOFTWARE, INC.",2026,1,acq_cf_bs_disagreement
946644,,AIM IMMUNOTECH INC.,2025,1,capex
946647,,PREMIER FINANCIAL CORP,2024,1,operating_income
946673,,BANNER CORPORATION,2025,1,revenue
946936,,"DESWELL INDUSTRIES, INC.",2026,1,sbc
948320,,"LIFEMD, INC.",2025,1,goodwill
1000184,,SAP SE,2025,1,acq_cf_bs_disagreement
1000694,,NOVAVAX INC,2025,1,intangibles
1000753,,"Insperity, Inc.",2025,1,goodwill
1001316,,"TG THERAPEUTICS, INC.",2025,1,goodwill
1001601,,"MGT CAPITAL INVESTMENTS, INC.",2025,1,capex
1001838,,SOUTHERN COPPER CORP/,2025,1,sbc
1001902,,"INTEVAC, INC.",2024,1,goodwill
1002047,,"NetApp, Inc.",2026,1,acq_cf_bs_disagreement
1002638,,OPEN TEXT CORP,2026,1,acq_cf_bs_disagreement
1003935,,NICE LTD.,2025,1,acq_cf_bs_disagreement
1004315,,NATIONAL GRID PLC,2025,1,ocf
1004434,,"AFFILIATED MANAGERS GROUP, INC.",2025,1,operating_income
1005229,,COLUMBUS MCKINNON CORP,2026,1,acq_cf_bs_disagreement
1005757,,"CSG SYSTEMS INTERNATIONAL, INC.",2025,1,acq_cf_bs_disagreement
1005817,,Tompkins Financial Corp,2025,1,operating_income
1010470,,"PROVIDENT FINANCIAL HOLDINGS, INC.",2026,1,operating_income
1011060,,NORDICUS PARTNERS CORPORATION,2026,1,revenue
1013237,,FACTSET RESEARCH SYSTEMS INC.,2025,1,acq_cf_bs_disagreement
1013272,,Norwood Financial Corp,2025,1,operating_income
1013462,,"ANSYS, Inc.",2024,1,acq_cf_bs_disagreement
1013857,,PEGASYSTEMS INC.,2025,1,acq_cf_bs_disagreement
1013934,,"Strategic Education, Inc.",2025,1,acq_cf_bs_disagreement
1014739,,"OPTION CARE HEALTH, INC.",2025,1,acq_cf_bs_disagreement
1015820,,QIAGEN N.V.,2025,1,acq_cf_bs_disagreement
1015922,,CHECK POINT SOFTWARE TECHNOLOGIES LTD.,2025,1,acq_cf_bs_disagreement
1016178,,"CARVER BANCORP, INC.",2025,1,operating_income
1018399,,"Enterprise Bancorp, Inc.",2024,1,operating_income
1018735,,NYMOX PHARMACEUTICAL CORPORATION,2024,1,revenue
1019849,,"Penske Automotive Group, Inc.",2025,1,intangibles
1020569,,IRON MOUNTAIN INC,2025,1,acq_cf_bs_disagreement
1020710,,"DXP Enterprises, Inc.",2025,1,acq_cf_bs_disagreement
1022408,,ePlus inc.,2026,1,acq_cf_bs_disagreement
1023024,,"ANI PHARMACEUTICALS, INC",2025,1,acq_cf_bs_disagreement
1023128,,"Lithia Motors, Inc.",2025,1,intangibles
1023459,,"Simulations Plus, Inc.",2025,1,intangibles
1023731,,"8x8, Inc.",2026,1,acq_cf_bs_disagreement
1024795,,"HELIOS TECHNOLOGIES, INC.",2026,1,acq_cf_bs_disagreement
1025378,,W. P. Carey Inc.,2025,1,operating_income
1025996,,KILROY REALTY CORP,2025,1,operating_income
1026980,,ASIA PACIFIC WIRE & CABLE CORPORATION LIMITED,2024,1,sbc
1027664,,ELBIT SYSTEMS LTD,2025,1,acq_cf_bs_disagreement
1028918,,PACIFIC PREMIER BANCORP INC,2024,1,operating_income
1029199,,"EURONET WORLDWIDE, INC.",2025,1,acq_cf_bs_disagreement
1030469,,OFG Bancorp,2025,1,operating_income
1030894,,CELESTICA INC,2025,1,acq_cf_bs_disagreement
1031235,,"GLOBAL SELF STORAGE, INC.",2025,1,capex
1031296,,FIRSTENERGY CORP,2025,1,sbc
1031308,,"BENTLEY SYSTEMS, INCORPORATED",2025,1,acq_cf_bs_disagreement
1031316,,Franklin Street Properties Corp.,2025,1,operating_income
1032208,,SEMPRA,2025,1,operating_income
1032220,,"Maximus, Inc.",2025,1,acq_cf_bs_disagreement
1032975,,LOGITECH INTERNATIONAL S.A.,2026,1,acq_cf_bs_disagreement
1034670,,"AUTOLIV, INC.",2025,1,sbc
1034842,,"RIGEL PHARMACEUTICALS, INC.",2025,1,capex
1035002,,VALERO ENERGY CORP/TX,2025,1,capex
1035092,,"SHORE BANCSHARES, INC.",2025,1,operating_income
1035267,,"Intuitive Surgical, Inc.",2025,1,acq_cf_bs_disagreement
1035354,,"ELOXX PHARMACEUTICALS, INC.",2025,1,capex
1035443,,"ALEXANDRIA REAL ESTATE EQUITIES, INC.",2025,1,operating_income
1035983,,"COMFORT SYSTEMS USA, INC.",2025,1,acq_cf_bs_disagreement
1036262,,inTest Corporation,2025,1,acq_cf_bs_disagreement
1037868,,"AMETEK, Inc.",2025,1,acq_cf_bs_disagreement
1037976,,Jones Lang LaSalle Incorporated,2025,1,acq_cf_bs_disagreement
1038683,,Ryanair Holdings plc,2025,1,goodwill
1039065,,"OSI SYSTEMS, INC.",2026,1,acq_cf_bs_disagreement
1039399,,"FormFactor, Inc.",2025,1,acq_cf_bs_disagreement
1039466,,NovAccess Global Inc.,2024,1,capex
1039684,,ONEOK INC /NEW/,2025,1,acq_cf_bs_disagreement
1040130,,"PETMED EXPRESS, INC.",2026,1,acq_cf_bs_disagreement
1040161,,"PIXELWORKS, INC",2025,1,intangibles
1040470,,AEHR TEST SYSTEMS,2026,1,acq_cf_bs_disagreement
1041514,,"LESAKA TECHNOLOGIES, INC.",2026,1,acq_cf_bs_disagreement
1041657,,"URBAN ONE, INC.",2025,1,acq_cf_bs_disagreement
1041934,,EDAP TMS SA,2025,1,sbc
1042046,,"AMERICAN FINANCIAL GROUP, INC.",2025,1,capex
1043000,,"SONIDA SENIOR LIVING, INC.",2025,1,operating_income
1043150,,"ELINE ENTERTAINMENT GROUP, INC.",2025,1,sbc
1043186,,"Stabilis Solutions, Inc.",2025,1,operating_income
1043277,,"C. H. ROBINSON WORLDWIDE, INC.",2025,1,acq_cf_bs_disagreement
1043509,,"SONIC AUTOMOTIVE, INC.",2025,1,acq_cf_bs_disagreement
1044777,,OneSpan Inc.,2025,1,acq_cf_bs_disagreement
1045742,,LIVE VENTURES Inc,2025,1,acq_cf_bs_disagreement
1045810,,NVIDIA CORP,2026,1,acq_cf_bs_disagreement
1046257,,INGREDION INCORPORATED,2025,1,acq_cf_bs_disagreement
1046311,,CHOICE HOTELS INTERNATIONAL INC /DE,2025,1,acq_cf_bs_disagreement
1046568,,PERDOCEO EDUCATION CORP,2025,1,acq_cf_bs_disagreement
1047716,,LATAM Airlines Group S.A.,2025,1,sbc
1048268,,"IES Holdings, Inc.",2024,1,acq_cf_bs_disagreement
1048695,,"F5, INC.",2025,1,acq_cf_bs_disagreement
1049502,,MKS INC.,2025,1,acq_cf_bs_disagreement
1049521,,"MERCURY SYSTEMS, INC",2026,1,acq_cf_bs_disagreement
1049606,,COMPX INTERNATIONAL INC,2025,1,sbc
1050140,,DESCARTES SYSTEMS GROUP INC,2026,1,acq_cf_bs_disagreement
1050825,,STEELCASE INC,2025,1,acq_cf_bs_disagreement
1051470,,CROWN CASTLE INC.,2025,1,acq_cf_bs_disagreement
1051514,,"STRATA SKIN SCIENCES, INC.",2025,1,acq_cf_bs_disagreement
1053352,,Heritage Commerce Corp,2025,1,operating_income
1053507,,AMERICAN TOWER CORPORATION,2025,1,acq_cf_bs_disagreement
1053691,,CervoMed Inc.,2025,1,capex
1053706,,"CRA International, Inc.",2025,1,acq_cf_bs_disagreement
1054905,,INNOSPEC INC.,2025,1,acq_cf_bs_disagreement
1056288,,"Federated Hermes, Inc.",2025,1,acq_cf_bs_disagreement
1056943,,PEOPLES FINANCIAL SERVICES CORP.,2025,1,operating_income
1057060,,"MARINEMAX, INC.",2025,1,acq_cf_bs_disagreement
1057352,,"COSTAR GROUP, INC.",2025,1,acq_cf_bs_disagreement
1057877,,IDACORP INC,2025,1,sbc
1058290,,COGNIZANT TECHNOLOGY SOLUTIONS CORPORATION,2025,1,acq_cf_bs_disagreement
1058811,,Immersion Corporation,2026,1,intangibles
1059556,,MOODY'S CORPORATION,2025,1,acq_cf_bs_disagreement
1061069,,AVALON HOLDINGS CORPORATION,2025,1,sbc
1061219,,ENTERPRISE PRODUCTS PARTNERS L.P.,2025,1,acq_cf_bs_disagreement
1061894,,GILDAN ACTIVEWEAR INC.,2025,1,acq_cf_bs_disagreement
1062579,,AMDOCS LIMITED,2024,1,acq_cf_bs_disagreement
1063761,,"SIMON PROPERTY GROUP, INC.",2025,1,sbc
1065078,,"NETWORK-1 TECHNOLOGIES, INC.",2025,1,capex
1065088,,eBay Inc.,2025,1,acq_cf_bs_disagreement
1065280,,NETFLIX INC,2025,1,goodwill
1065837,,SKECHERS USA INC,2024,1,intangibles
1066605,,"HEIDRICK & STRUGGLES INTERNATIONAL, INC.",2024,1,acq_cf_bs_disagreement
1066923,,Future FinTech Group Inc.,2025,1,goodwill
1068148,,PARK OHIO INDUSTRIES INC/OH,2025,1,acq_cf_bs_disagreement
1068689,,"DATA443 RISK MITIGATION, INC.",2025,1,capex
1069183,,"Axon Enterprise, Inc.",2025,1,acq_cf_bs_disagreement
1069258,,"KRATOS DEFENSE & SECURITY SOLUTIONS, INC.",2025,1,acq_cf_bs_disagreement
1069530,,"Filana Therapeutics, Inc.",2025,1,revenue
1069899,,Phibro Animal Health Corporation,2026,1,acq_cf_bs_disagreement
1070296,,"First Capital, Inc.",2025,1,operating_income
1070680,,CF BANKSHARES INC.,2025,1,operating_income
1070789,,HyOrc Corporation,2025,1,capex
1071255,,"GOLDEN ENTERTAINMENT, INC.",2025,1,acq_cf_bs_disagreement
1071739,,CENTENE CORPORATION,2025,1,acq_cf_bs_disagreement
1071840,,"SOLARWINDOW TECHNOLOGIES, INC.",2025,1,revenue
1073404,,GERDAU S.A.,2025,1,acq_cf_bs_disagreement
1075124,,THOMSON REUTERS CORPORATION,2025,1,acq_cf_bs_disagreement
1075415,,DIVERSIFIED HEALTHCARE TRUST,2025,1,operating_income
1075531,,Booking Holdings Inc.,2025,1,acq_cf_bs_disagreement
1075736,,"Crexendo, Inc.",2025,1,acq_cf_bs_disagreement
1076378,,CEMEX SAB DE CV,2024,1,sbc
1077183,,"NeoGenomics, Inc.",2025,1,acq_cf_bs_disagreement
1077688,,HOOKER FURNISHINGS CORPORATION,2026,1,acq_cf_bs_disagreement
1080448,,PATRIOT GOLD CORP.,2025,1,capex
1082554,,United Therapeutics Corporation,2025,1,intangibles
1083301,,TERAWULF INC.,2025,1,intangibles
1083446,,"Astrana Health, Inc.",2025,1,acq_cf_bs_disagreement
1084048,,"ZIFF DAVIS, INC.",2025,1,acq_cf_bs_disagreement
1084201,,SINOVAC BIOTECH LTD,2025,1,acq_cf_bs_disagreement
1084554,,LIGHTBRIDGE CORPORATION,2025,1,capex
1084765,,"RESOURCES CONNECTION, INC.",2026,1,acq_cf_bs_disagreement
1084869,,1 800 FLOWERS COM INC,2025,1,acq_cf_bs_disagreement
1085277,,"Skinvisible, Inc.",2025,1,sbc
1085913,,FARMERS & MERCHANTS BANCORP,2025,1,operating_income
1086222,,"Akamai Technologies, Inc",2025,1,acq_cf_bs_disagreement
1088413,,"GREYSTONE LOGISTICS, INC.",2026,1,sbc
1089063,,"DICK’S SPORTING GOODS, INC.",2025,1,acq_cf_bs_disagreement
1089113,,HSBC HOLDINGS PLC,2025,1,revenue
1089907,,SWK HOLDINGS CORPORATION,2025,1,goodwill
1090009,,"Southern First Bancshares, Inc.",2025,1,operating_income
1090872,,"AGILENT TECHNOLOGIES, INC.",2025,1,acq_cf_bs_disagreement
1091223,,MATERIALISE NV,2024,1,acq_cf_bs_disagreement
1092699,,"SPS COMMERCE, INC.",2025,1,acq_cf_bs_disagreement
1094038,,"MARKER THERAPEUTICS, INC.",2025,1,capex
1094324,,SIFY TECHNOLOGIES LTD,2025,1,intangibles
1094366,,RADWARE LTD.,2025,1,acq_cf_bs_disagreement
1095565,,HEALTHSTREAM INC,2025,1,acq_cf_bs_disagreement
1096056,,Luxfer Holdings PLC,2025,1,acq_cf_bs_disagreement
1096296,,MINERALRITE CORPORATION,2025,1,revenue
1096752,,EDGEWELL PERSONAL CARE COMPANY,2025,1,acq_cf_bs_disagreement
1097149,,"ALIGN TECHNOLOGY, INC.",2025,1,acq_cf_bs_disagreement
1098009,,America Great Health,2025,1,capex
1098146,,"PATRIOT NATIONAL BANCORP, INC.",2025,1,operating_income
1098151,,FIDELITY D & D BANCORP INC,2025,1,operating_income
1099160,,"BEASLEY BROADCAST GROUP, INC.",2025,1,intangibles
1101026,,"ZIVO BIOSCIENCE, INC.",2024,1,capex
1101239,,"EQUINIX, INC.",2025,1,acq_cf_bs_disagreement
1101302,,"Entegris, Inc.",2025,1,acq_cf_bs_disagreement
1102238,,"American Realty Investors, Inc",2025,1,sbc
1102993,,"LIVEPERSON, INC.",2025,1,acq_cf_bs_disagreement
1103833,,"CROWN EQUITY HOLDINGS, INC.",2025,1,capex
1106644,,"CHINA PHARMA HOLDINGS, INC.",2025,1,sbc
1108205,,"CURIS, INC.",2025,1,capex
1109116,,ENTRAVISION COMMUNICATIONS CORPORATION,2025,1,acq_cf_bs_disagreement
1109262,,"BILI Social International, Inc.",2025,1,capex
1109345,,NOVA LTD.,2025,1,acq_cf_bs_disagreement
1110611,,ON24 INC.,2025,1,goodwill
1110803,,"ILLUMINA, INC.",2025,1,acq_cf_bs_disagreement
1111928,,IPG PHOTONICS CORP,2025,1,acq_cf_bs_disagreement
1113169,,PRICE T ROWE GROUP INC,2025,1,acq_cf_bs_disagreement
1113313,,ARVANA INC.,2024,1,goodwill
1114448,,Novartis AG,2025,1,revenue
1114925,,"LANTRONIX, INC.",2026,1,acq_cf_bs_disagreement
1114927,,FIRST NORTHERN COMMUNITY BANCORP,2025,1,operating_income
1116463,,"ORASURE TECHNOLOGIES, INC",2025,1,acq_cf_bs_disagreement
1116942,,"TTM TECHNOLOGIES, INC.",2025,1,acq_cf_bs_disagreement
1117171,,"CBAK ENERGY TECHNOLOGY, INC.",2025,1,goodwill
1118004,,BANCPLUS CORPORATION,2025,1,operating_income
1119639,,PETROBRAS - PETROLEO BRASILEIRO SA,2024,1,sbc
1119769,,CERAGON NETWORKS LTD,2025,1,acq_cf_bs_disagreement
1120193,,"Nasdaq, Inc.",2025,1,acq_cf_bs_disagreement
1120914,,PDF SOLUTIONS INC,2025,1,acq_cf_bs_disagreement
1120970,,Comstock Inc.,2025,1,capex
1121404,,Sanofi,2025,1,revenue
1121484,,"OIL STATES INTERNATIONAL, INC",2025,1,acq_cf_bs_disagreement
1121788,,GARMIN LTD,2025,1,intangibles
1122411,,"ASE Technology Holding Co., Ltd.",2025,1,acq_cf_bs_disagreement
1122904,,"NETGEAR, Inc.",2025,1,acq_cf_bs_disagreement
1122976,,AVIENT CORPORATION,2025,1,acq_cf_bs_disagreement
1123134,,ChipMOS TECHNOLOGIES INC.,2024,1,sbc
1123799,,WIPRO LIMITED,2025,1,acq_cf_bs_disagreement
1123852,,NORTHERN STATES POWER CO,2025,1,sbc
1124140,,EXACT SCIENCES CORP,2025,1,acq_cf_bs_disagreement
1124198,,FLUOR CORPORATION,2025,1,intangibles
1124524,,"CRYOPORT, INC.",2025,1,acq_cf_bs_disagreement
1124796,,"NLIGHT, INC.",2025,1,acq_cf_bs_disagreement
1124804,,VERADIGM INC.,2024,1,acq_cf_bs_disagreement
1124941,,"BEACON ROOFING SUPPLY, INC.",2024,1,acq_cf_bs_disagreement
1127475,,"DIGITAL BRAND MEDIA & MARKETING GROUP, INC.",2025,1,sbc
1128281,,"SAKER AVIATION SERVICES, INC.",2025,1,goodwill
1128361,,"HOPE BANCORP, INC.",2025,1,operating_income
1129928,,ONCOLYTICS BIOTECH INC.,2025,1,revenue
1130144,,SIERRA BANCORP,2025,1,operating_income
1130166,,"BIO GREEN MED SOLUTION, INC.",2025,1,capex
1131399,,GSK plc,2025,1,acq_cf_bs_disagreement
1133869,,"CAPRICOR THERAPEUTICS, INC.",2025,1,intangibles
1135951,,DR. REDDY’S LABORATORIES LIMITED,2025,1,acq_cf_bs_disagreement
1136893,,"Fidelity National Information Services, Inc.",2025,1,acq_cf_bs_disagreement
1137547,,UNITED SECURITY BANCSHARES,2025,1,operating_income
1138476,,"PACIFIC HEALTH CARE ORGANIZATION, INC.",2025,1,sbc
1139685,,"20/20 BIOLABS, INC.",2025,1,capex
1140536,,WILLIS TOWERS WATSON PLC,2025,1,acq_cf_bs_disagreement
1140859,,"CENCORA, INC.",2025,1,acq_cf_bs_disagreement
1141103,,"Cross Country Healthcare, Inc.",2025,1,acq_cf_bs_disagreement
1141391,,Mastercard Incorporated,2025,1,acq_cf_bs_disagreement
1141688,,"LANDMARK BANCORP, INC.",2025,1,operating_income
1142417,,"NEXSTAR MEDIA GROUP, INC.",2025,1,acq_cf_bs_disagreement
1142750,,"AMN HEALTHCARE SERVICES, INC.",2025,1,acq_cf_bs_disagreement
1144215,,ACUITY INC.,2025,1,acq_cf_bs_disagreement
1144967,,HDFC BANK LIMITED,2025,1,operating_income
1156039,,"ELEVANCE HEALTH, INC.",2025,1,acq_cf_bs_disagreement
1157075,,"PHARMACYTE BIOTECH, INC.",2026,1,capex
1157557,,ENERGY CO OF MINAS GERAIS,2024,1,operating_income
1157647,,"Western New England Bancorp, Inc.",2025,1,operating_income
1158463,,JETBLUE AIRWAYS CORP,2025,1,goodwill
1158895,,"LEMAITRE VASCULAR, INC.",2025,1,acq_cf_bs_disagreement
1159036,,"HALOZYME THERAPEUTICS, INC.",2025,1,acq_cf_bs_disagreement
1159167,,iROBOT CORPORATION,2024,1,acq_cf_bs_disagreement
1162194,,Standard BioTools Inc.,2025,1,acq_cf_bs_disagreement
1162896,,Prairie Operating Co.,2025,1,intangibles
1163560,,GRUPO TMM SAB,2024,1,sbc
1163609,,SOUTH DAKOTA SOYBEAN PROCESSORS LLC,2025,1,sbc
1163668,,"South Plains Financial, Inc.",2025,1,operating_income
1164863,,ENPRO INC,2025,1,intangibles
1165002,,"WESTWOOD HOLDINGS GROUP, INC.",2025,1,acq_cf_bs_disagreement
1165320,,GB SCIENCES INC,2024,1,capex
1166272,,GENETIC TECHNOLOGIES LIMITED,2024,1,operating_income
1166388,,Verint Systems Inc,2025,1,acq_cf_bs_disagreement
1166691,,COMCAST CORPORATION,2025,1,intangibles
1166708,,"BROWNIE’S MARINE GROUP, INC.",2025,1,capex
1166834,,SHL TELEMEDICINE LTD,2024,1,acq_cf_bs_disagreement
1166928,,"WEST BANCORPORATION, INC.",2025,1,operating_income
1169445,,"TruBridge, Inc.",2025,1,acq_cf_bs_disagreement
1169561,,"Commvault Systems, Inc",2026,1,acq_cf_bs_disagreement
1171326,,ENTREPRENEUR UNIVERSE BRIGHT GROUP,2025,1,sbc
1171486,,NATURAL RESOURCE PARTNERS LP,2025,1,revenue
1171759,,"RED ROBIN GOURMET BURGERS, INC.",2025,1,goodwill
1172178,,LIBERTY STAR URANIUM & METALS CORP.,2026,1,revenue
1173313,,"ABVC BioPharma, Inc.",2025,1,capex
1173382,,CAE INC.,2025,1,intangibles
1173420,,NOVAGOLD RESOURCES INC.,2025,1,capex
1173489,,"Ceva, Inc.",2025,1,acq_cf_bs_disagreement
1173514,,"HYSTER-YALE, INC.",2025,1,acq_cf_bs_disagreement
1174169,,Algonquin Power & Utilities Corp.,2025,1,acq_cf_bs_disagreement
1175454,,"Corpay, Inc",2025,1,acq_cf_bs_disagreement
1175535,,Whitestone REIT,2025,1,operating_income
1176334,,MARTIN MIDSTREAM PARTNERS L.P.,2025,1,intangibles
1177394,,TD SYNNEX CORPORATION,2025,1,acq_cf_bs_disagreement
1179929,,"MOLINA HEALTHCARE, INC.",2025,1,acq_cf_bs_disagreement
1185348,,PRA GROUP INC,2025,1,intangibles
1187953,,"Creative Medical Technology Holdings, Inc.",2025,1,capex
1190370,,"INNOVATIVE DESIGNS, INC.",2025,1,sbc
1191070,,Neuphoria Therapeutics Inc.,2025,1,capex
1192448,,GLAUKOS Corp,2025,1,acq_cf_bs_disagreement
1196298,,"NEPHROS, INC.",2025,1,capex
1201792,,"AMERICAN PUBLIC EDUCATION, INC.",2025,1,acq_cf_bs_disagreement
1210677,,FIRST ADVANTAGE CORP,2025,1,acq_cf_bs_disagreement
1211583,,FENNEC PHARMACEUTICALS INC.,2025,1,capex
1213809,,"DYADIC INTERNATIONAL, INC.",2025,1,capex
1214816,,AXIS CAPITAL HOLDINGS LIMITED,2025,1,operating_income
1220754,,ModivCare Inc.,2024,1,acq_cf_bs_disagreement
1221029,,CEMENTOS PACASMAYO SAA,2024,1,sbc
1227500,,"EQUITY BANCSHARES, INC.",2025,1,operating_income
1228454,,BCB BANCORP INC,2025,1,operating_income
1228627,,"Opus Genetics, Inc.",2025,1,capex
1230058,,"KAANAPALI LAND, LLC",2025,1,sbc
1231339,,"ASTRA ENERGY, INC.",2024,1,capex
1232582,,"ASHFORD HOSPITALITY TRUST, INC.",2025,1,goodwill
1236275,,"QXO, INC.",2025,1,acq_cf_bs_disagreement
1237831,,"GLOBUS MEDICAL, INC.",2025,1,acq_cf_bs_disagreement
1253986,,"Arbor Realty Trust, Inc.",2025,1,revenue
1257640,,"KRONOS WORLDWIDE, INC.",2025,1,sbc
1261333,,"DOCUSIGN, INC.",2026,1,acq_cf_bs_disagreement
1261654,,"UNIVERSAL TECHNICAL INSTITUTE, INC",2025,1,acq_cf_bs_disagreement
1262039,,"FORTINET, INC.",2025,1,acq_cf_bs_disagreement
1262104,,"Lite Strategy, Inc.",2025,1,intangibles
1262823,,Westlake Corporation,2025,1,acq_cf_bs_disagreement
1265521,,"Polomar Health Services, Inc.",2025,1,capex
1267395,,ASPEN INSURANCE HOLDINGS LIMITED,2025,1,operating_income
1267565,,"Collegium Pharmaceutical, Inc.",2025,1,acq_cf_bs_disagreement
1269238,,Trip.com Group Limited,2025,1,intangibles
1273685,,"ADAMAS TRUST, INC.",2025,1,acq_cf_bs_disagreement
1274173,,JANUS HENDERSON GROUP PLC,2025,1,acq_cf_bs_disagreement
1274494,,"First Solar, Inc.",2025,1,acq_cf_bs_disagreement
1274737,,EXAGEN INC.,2025,1,goodwill
1275014,,"Ultra Clean Holdings, Inc.",2025,1,acq_cf_bs_disagreement
1275168,,FIVE STAR BANCORP,2025,1,operating_income
1276187,,ENERGY TRANSFER LP,2025,1,acq_cf_bs_disagreement
1278021,,MARKETAXESS HOLDINGS INC,2025,1,acq_cf_bs_disagreement
1278027,,"B&G FOODS, INC.",2026,1,acq_cf_bs_disagreement
1279620,,"ZONED PROPERTIES, INC.",2025,1,intangibles
1280058,,"Blackbaud, Inc.",2025,1,acq_cf_bs_disagreement
1280263,,"AMBARELLA, INC.",2026,1,acq_cf_bs_disagreement
1280452,,"Monolithic Power Systems, Inc.",2025,1,acq_cf_bs_disagreement
1280784,,"HERCULES CAPITAL, INC.",2025,1,operating_income
1282980,,"Dror Ortho-Design, Inc.",2025,1,revenue
1283699,,"T-MOBILE US, INC.",2025,1,acq_cf_bs_disagreement
1285819,,OMEROS CORP,2025,1,revenue
1286043,,KITE REALTY GROUP TRUST,2025,1,operating_income
1286973,,AMERICAS GOLD AND SILVER CORPORATION,2025,1,operating_income
1287098,,"MaxCyte, Inc.",2025,1,goodwill
1288469,,"MaxLinear, Inc.",2025,1,acq_cf_bs_disagreement
1288770,,XTRA-GOLD RESOURCES CORP,2025,1,revenue
1288847,,"Five9, Inc.",2025,1,acq_cf_bs_disagreement
1288855,,"OPTIMUMBANK HOLDINGS, INC.",2025,1,operating_income
1289237,,"U. S. PREMIUM BEEF, LLC",2025,1,sbc
1289419,,"MORNINGSTAR, INC.",2025,1,acq_cf_bs_disagreement
1289460,,"Texas Roadhouse, Inc.",2025,1,acq_cf_bs_disagreement
1289848,,HURON CONSULTING GROUP INC.,2025,1,acq_cf_bs_disagreement
1289850,,"NEUROMETRIX, INC.",2024,1,capex
1290476,,Village Bank & Trust Financial Corp.,2024,1,operating_income
1290677,,"Turning Point Brands, Inc.",2025,1,acq_cf_bs_disagreement
1293818,,CAPFORCE INC.,2025,1,goodwill
1294133,,"INOGEN, INC.",2025,1,acq_cf_bs_disagreement
1295401,,"THE BANCORP, INC.",2025,1,operating_income
1295810,,"Sunstone Hotel Investors, Inc.",2025,1,operating_income
1296445,,"ORMAT TECHNOLOGIES, INC.",2025,1,acq_cf_bs_disagreement
1296484,,TOP SHIPS INC.,2025,1,sbc
1296774,,The9 LTD,2025,1,capex
1297107,,"COASTALSOUTH BANCSHARES, INC.",2025,1,operating_income
1299130,,"Pacific Biosciences of California, Inc.",2025,1,acq_cf_bs_disagreement
1301787,,BlueLinx Holdings Inc.,2025,1,acq_cf_bs_disagreement
1302215,,"HOULIHAN LOKEY, INC.",2026,1,intangibles
1303523,,British American Tobacco p.l.c.,2025,1,intangibles
1304492,,Anterix Inc.,2026,1,intangibles
1308027,,VYSTAR CORPORATION,2025,1,capex
1308208,,"UNIVERSAL LOGISTICS HOLDINGS, INC.",2025,1,acq_cf_bs_disagreement
1308547,,"DOLBY LABORATORIES, INC.",2025,1,acq_cf_bs_disagreement
1308648,,FIRST MAJESTIC SILVER CORP.,2025,1,intangibles
1309108,,WEX Inc.,2025,1,acq_cf_bs_disagreement
1309402,,GREEN PLAINS INC.,2025,1,goodwill
1310383,,"SUMMIT HEALTHCARE REIT, INC.",2025,1,capex
1311370,,"LAZARD, INC.",2025,1,intangibles
1313310,,"GRAVITY CO., LTD.",2024,1,sbc
1314102,,"EyePoint, Inc.",2025,1,intangibles
1314152,,"JLL Income Property Trust, Inc.",2025,1,operating_income
1314196,,"THE OLB GROUP, INC.",2025,1,capex
1314727,,"SONOS, INC.",2025,1,acq_cf_bs_disagreement
1315098,,Roblox Corporation,2025,1,acq_cf_bs_disagreement
1315257,,KOPPERS HOLDINGS INC.,2025,1,acq_cf_bs_disagreement
1315399,,"PARKE BANCORP, INC.",2025,1,operating_income
1317630,,ITC HOLDINGS CORP.,2025,1,sbc
1317685,,Alliance Laundry Holdings Inc.,2025,1,acq_cf_bs_disagreement
1318220,,"Waste Connections, Inc.",2025,1,acq_cf_bs_disagreement
1318568,,EVERI HOLDINGS INC.,2024,1,acq_cf_bs_disagreement
1318742,,NCL CORPORATION LTD.,2025,1,acq_cf_bs_disagreement
1318885,,DIANA SHIPPING INC.,2025,1,sbc
1319161,,Warner Music Group Corp.,2025,1,acq_cf_bs_disagreement
1321655,,Palantir Technologies Inc.,2025,1,goodwill
1321834,,"Q/C Technologies, Inc.",2025,1,revenue
1321851,,Origin Agritech Limited,2025,1,operating_income
1323404,,WHEATON PRECIOUS METALS CORP.,2025,1,capex
1323468,,Global Partners LP,2025,1,acq_cf_bs_disagreement
1324404,,"CF INDUSTRIES HOLDINGS, INC.",2025,1,acq_cf_bs_disagreement
1324948,,RBC BEARINGS INCORPORATED,2026,1,acq_cf_bs_disagreement
1325670,,PRIMIS FINANCIAL CORP.,2025,1,operating_income
1326190,,"ALTIMMUNE, INC.",2025,1,goodwill
1326205,,"IGC PHARMA, INC.",2025,1,goodwill
1326380,,GameStop Corp.,2025,1,goodwill
1326706,,"ENvue Medical, Inc.",2025,1,sbc
1327567,,"PALO ALTO NETWORKS, INC",2025,1,acq_cf_bs_disagreement
1327607,,"FIRST WESTERN FINANCIAL, INC.",2025,1,operating_income
1327811,,"WORKDAY, INC.",2026,1,intangibles
1327978,,ARES REAL ESTATE INCOME TRUST INC.,2025,1,sbc
1328581,,Boise Cascade Company,2025,1,acq_cf_bs_disagreement
1329099,,"Baidu, Inc.",2025,1,acq_cf_bs_disagreement
1329394,,Silicon Motion Technology Corporation,2025,1,goodwill
1333274,,MERCER INTERNATIONAL INC.,2025,1,acq_cf_bs_disagreement
1334036,,"CROCS, INC.",2025,1,acq_cf_bs_disagreement
1334978,,"CLEAR CHANNEL OUTDOOR HOLDINGS, INC.",2025,1,acq_cf_bs_disagreement
1335258,,"LIVE NATION ENTERTAINMENT, INC.",2025,1,acq_cf_bs_disagreement
1336917,,"Under Armour, Inc.",2026,1,acq_cf_bs_disagreement
1337068,,"Magyar Bancorp, Inc.",2025,1,operating_income
1337117,,Ituran Location & Control Ltd.,2025,1,sbc
1337298,,FUTUREFUEL CORP.,2025,1,intangibles
1338940,,Perion Network Ltd.,2025,1,acq_cf_bs_disagreement
1340476,,DIRTT ENVIRONMENTAL SOLUTIONS LTD,2025,1,goodwill
1341170,,EUROSEAS LTD.,2025,1,capex
1341439,,Oracle Corporation,2026,1,acq_cf_bs_disagreement
1341766,,"CELSIUS HOLDINGS, INC.",2025,1,acq_cf_bs_disagreement
1342338,,"Himax Technologies, Inc.",2025,1,acq_cf_bs_disagreement
1342423,,LIMONEIRA COMPANY,2025,1,capex
1342874,,TERNIUM S.A.,2025,1,sbc
1342916,,"HNO International, Inc.",2025,1,intangibles
1345016,,YELP INC,2025,1,acq_cf_bs_disagreement
1345099,,MESOBLAST LIMITED,2025,1,operating_income
1345126,,COMPASS DIVERSIFIED HOLDINGS,2025,1,acq_cf_bs_disagreement
1348911,,"KalVista Pharmaceuticals, Inc.",2025,1,revenue
1349706,,"TURNONGREEN, INC.",2025,1,sbc
1350156,,PREAXIA HEALTH CARE PAYMENT SYSTEMS INC.,2026,1,sbc
1350593,,"MUELLER WATER PRODUCTS, INC.",2025,1,acq_cf_bs_disagreement
1350653,,"ALPHATEC HOLDINGS, INC.",2025,1,acq_cf_bs_disagreement
1351636,,"SoundThinking, Inc.",2025,1,acq_cf_bs_disagreement
1352010,,"EPAM SYSTEMS, INC.",2025,1,acq_cf_bs_disagreement
1352952,,CFN ENTERPRISES INC.,2025,1,sbc
1354866,,BYRNA TECHNOLOGIES INC.,2025,1,acq_cf_bs_disagreement
1356093,,"CREATIVE REALITIES, INC.",2025,1,acq_cf_bs_disagreement
1356576,,"SUPERNUS PHARMACEUTICALS, INC.",2025,1,acq_cf_bs_disagreement
1359687,,"SOUTH 8 ENERGY, LLC",2024,1,sbc
1360901,,EVERCORE INC.,2025,1,operating_income
1361538,,Primoris Services Corporation,2025,1,acq_cf_bs_disagreement
1362004,,"ICF International, Inc.",2025,1,acq_cf_bs_disagreement
1364250,,Douglas Emmett Inc,2025,1,operating_income
1364954,,"CHEGG, INC",2025,1,acq_cf_bs_disagreement
1365767,,ALLOT LTD.,2025,1,acq_cf_bs_disagreement
1366561,,Smartsheet Inc.,2024,1,acq_cf_bs_disagreement
1367859,,"CITIZENS COMMUNITY BANCORP, INC.",2025,1,operating_income
1369241,,DANAOS CORPORATION,2025,1,capex
1371285,,"TRUPANION, INC.",2025,1,acq_cf_bs_disagreement
1371451,,"HIGHWATER ETHANOL, LLC",2025,1,sbc
1372514,,"KIORA PHARMACEUTICALS, INC.",2025,1,goodwill
1372612,,BOX INC,2026,1,acq_cf_bs_disagreement
1372920,,NEW ORIENTAL EDUCATION & TECHNOLOGY GROUP INC.,2025,1,acq_cf_bs_disagreement
1373670,,"Green Brick Partners, Inc.",2025,1,operating_income
1373715,,"ServiceNow, Inc.",2025,1,acq_cf_bs_disagreement
1374310,,"Cboe Global Markets, Inc.",2025,1,acq_cf_bs_disagreement
1374328,,"FITLIFE BRANDS, INC.",2025,1,sbc
1374690,,"LARIMAR THERAPEUTICS, INC.",2025,1,revenue
1374881,,Kingfish Holding Corporation,2025,1,capex
1375793,,"MetAlert, Inc.",2024,1,sbc
1376139,,"CVR ENERGY, INC",2025,1,goodwill
1376231,,"VPR Brands, LP.",2025,1,capex
1377149,,CareView Communications Inc,2025,1,sbc
1377789,,"AVIAT NETWORKS, INC.",2026,1,acq_cf_bs_disagreement
1378239,,Central North Airport Group,2024,1,sbc
1379006,,"NANOVIRICIDES, INC.",2025,1,sbc
1381074,,Baijiayun Group Ltd,2025,1,acq_cf_bs_disagreement
1381197,,"INTERACTIVE BROKERS GROUP, INC.",2025,1,operating_income
1381531,,DOMTAR CORPORATION,2025,1,sbc
1381668,,TFS FINANCIAL CORPORATION,2025,1,operating_income
1382101,,"SUTRO BIOPHARMA, INC.",2025,1,capex
1382230,,"ESSA Bancorp, Inc.",2024,1,operating_income
1382574,,"SCIENTURE HOLDINGS, INC.",2025,1,capex
1382821,,Redfin Corporation,2024,1,acq_cf_bs_disagreement
1383312,,"BROADRIDGE FINANCIAL SOLUTIONS, INC.",2026,1,acq_cf_bs_disagreement
1383650,,"Cheniere Energy Partners, L.P.",2025,1,sbc
1384101,,"VERACYTE, INC.",2025,1,acq_cf_bs_disagreement
1384905,,"RingCentral, Inc.",2025,1,acq_cf_bs_disagreement
1386044,,"The Awareness Group, Inc.",2025,1,goodwill
1386570,,"NIAGEN BIOSCIENCE, INC.",2025,1,capex
1389050,,"Archrock, Inc.",2025,1,operating_income
1389170,,TARGA RESOURCES CORP.,2025,1,acq_cf_bs_disagreement
1392326,,CAPITAL CLEAN ENERGY CARRIERS CORP.,2025,1,revenue
1392972,,"PROS HOLDINGS, INC.",2024,1,acq_cf_bs_disagreement
1393612,,DISCOVER FINANCIAL SERVICES,2024,1,operating_income
1393726,,Tiptree Inc.,2025,1,acq_cf_bs_disagreement
1393781,,QUALITY     INDUSTRIAL CORP.,2025,1,sbc
1393883,,"DHI Group, Inc.",2025,1,acq_cf_bs_disagreement
1395213,,EDENOR,2024,1,sbc
1396814,,"PACIRA BIOSCIENCES, INC.",2025,1,acq_cf_bs_disagreement
1397187,,lululemon athletica inc.,2025,1,acq_cf_bs_disagreement
1398805,,Beam Global,2025,1,acq_cf_bs_disagreement
1400438,,Largo Inc.,2025,1,operating_income
1400810,,"HCI Group, Inc.",2025,1,operating_income
1400891,,"IHEARTMEDIA, INC.",2025,1,acq_cf_bs_disagreement
1401040,,DiaMedica Therapeutics Inc.,2025,1,revenue
1401257,,"FORUM ENERGY TECHNOLOGIES, INC.",2025,1,acq_cf_bs_disagreement
1402057,,CDW CORP,2025,1,acq_cf_bs_disagreement
1402328,,Sunshine Biopharma Inc.,2025,1,sbc
1402388,,WEST FRASER TIMBER CO. LTD.,2025,1,intangibles
1402436,,"SS&C TECHNOLOGIES HOLDINGS, INC.",2025,1,acq_cf_bs_disagreement
1402829,,"ORION GROUP HOLDINGS, INC.",2025,1,intangibles
1403161,,VISA INC.,2025,1,acq_cf_bs_disagreement
1403708,,"EVOKE PHARMA, INC.",2024,1,capex
1404644,,Neurogene Inc.,2025,1,intangibles
1404655,,"HubSpot, Inc.",2025,1,acq_cf_bs_disagreement
1404935,,"THC THERAPEUTICS, INC.",2024,1,capex
1407583,,BUNKER HILL MINING CORP.,2025,1,revenue
1408198,,MSCI INC.,2025,1,acq_cf_bs_disagreement
1408443,,Milestone Pharmaceuticals Inc.,2025,1,revenue
1408534,,"FIRST GUARANTY BANCSHARES, INC.",2025,1,sbc
1409970,,"Happen, Inc.",2025,1,operating_income
1410384,,"Q2 Holdings, Inc.",2025,1,acq_cf_bs_disagreement
1410428,,"XWELL, Inc.",2025,1,acq_cf_bs_disagreement
1410636,,"AMERICAN WATER WORKS COMPANY, INC.",2025,1,intangibles
1411579,,"AMC ENTERTAINMENT HOLDINGS, INC.",2025,1,acq_cf_bs_disagreement
1411685,,"VISTAGEN THERAPEUTICS, INC.",2026,1,capex
1412095,,"TROOPS, Inc.",2025,1,sbc
1412408,,"Phreesia, Inc.",2026,1,acq_cf_bs_disagreement
1412558,,Evotec SE,2024,1,acq_cf_bs_disagreement
1413119,,"KRAIG BIOCRAFT LABORATORIES, INC.",2025,1,revenue
1413329,,Philip Morris International Inc.,2025,1,sbc
1413447,,NXP Semiconductors N.V.,2025,1,acq_cf_bs_disagreement
1413837,,First Foundation Inc.,2025,1,operating_income
1414767,,NETCAPITAL INC.,2025,1,capex
1415332,,LITHIUM CORPORATION,2025,1,capex
1415813,,UN MONDE INTERNATIONAL LTD.,2024,1,sbc
1417892,,EMEREN GROUP LTD,2024,1,intangibles
1418121,,"APPLE HOSPITALITY REIT, INC.",2025,1,sbc
1418372,,"SALAMANDER INNISBROOK, LLC",2025,1,sbc
1419041,,"FORTE BIOSCIENCES, INC.",2025,1,revenue
1419612,,"SOLAREDGE TECHNOLOGIES, INC.",2025,1,acq_cf_bs_disagreement
1419793,,"ORIGINCLEAR, INC.",2025,1,sbc
1419806,,Rare Element Resources Ltd,2025,1,operating_income
1419945,,TEEKAY TANKERS LTD.,2025,1,sbc
1420529,,ATA Creativity Global,2025,1,acq_cf_bs_disagreement
1420565,,"Rein Therapeutics, Inc.",2025,1,capex
1420720,,"IBIO, INC.",2026,1,goodwill
1420800,,Enovis Corp,2025,1,acq_cf_bs_disagreement
1421642,,Satellos Bioscience Inc.,2025,1,revenue
1421876,,GALAPAGOS NV,2025,1,acq_cf_bs_disagreement
1422142,,"WHITEHAWK THERAPEUTICS, INC.",2025,1,intangibles
1422930,,"PUBMATIC, INC.",2025,1,acq_cf_bs_disagreement
1423774,,"Zuora, Inc",2024,1,acq_cf_bs_disagreement
1423869,,PCB BANCORP,2025,1,operating_income
1424182,,"Broadstone Net Lease, Inc.",2025,1,operating_income
1424768,,"VYCOR MEDICAL, INC.",2025,1,intangibles
1424929,,Fox Factory Holding Corp.,2025,1,acq_cf_bs_disagreement
1425205,,"IOVANCE BIOTHERAPEUTICS, INC.",2025,1,goodwill
1425287,,WORKHORSE GROUP INC.,2025,1,acq_cf_bs_disagreement
1425355,,SUI GROUP HOLDINGS LIMITED,2025,1,capex
1425450,,OrthoPediatrics Corp,2025,1,acq_cf_bs_disagreement
1426800,,"Assembly Biosciences, Inc.",2025,1,goodwill
1428336,,"HEALTHEQUITY, INC.",2026,1,acq_cf_bs_disagreement
1428439,,"Roku, Inc.",2025,1,acq_cf_bs_disagreement
1429260,,"Fortress Biotech, Inc.",2025,1,capex
1430725,,"Global Ship Lease, Inc.",2025,1,intangibles
1431567,,OAK VALLEY BANCORP,2025,1,operating_income
1431695,,Olo Inc.,2024,1,acq_cf_bs_disagreement
1432133,,"Kaltura, Inc.",2025,1,acq_cf_bs_disagreement
1433195,,"AppFolio, Inc.",2025,1,acq_cf_bs_disagreement
1433551,,SINO GREEN LAND CORPORATION,2025,1,sbc
1433642,,HAMILTON LANE INC,2026,1,operating_income
1433660,,JBT Marel Corporation,2025,1,acq_cf_bs_disagreement
1434265,,Genmab A/S,2025,1,acq_cf_bs_disagreement
1434601,,"Transglobal Management Group, Inc.",2025,1,sbc
1434647,,"Zevra Therapeutics, Inc.",2025,1,acq_cf_bs_disagreement
1434728,,"Global Water Resources, Inc.",2025,1,acq_cf_bs_disagreement
1434737,,"SPIRITS TIME INTERNATIONAL, INC.",2024,1,capex
1434868,,"Esperion Therapeutics, Inc.",2025,1,intangibles
1435508,,"FIRST SAVINGS FINANCIAL GROUP, INC.",2025,1,operating_income
1436126,,"Mistras Group, Inc.",2025,1,acq_cf_bs_disagreement
1436229,,BTCS Inc.,2025,1,operating_income
1437283,,"REGO         PAYMENT ARCHITECTURES, INC.",2025,1,capex
1437424,,POET TECHNOLOGIES INC.,2025,1,operating_income
1437479,,ENB Financial Corp,2025,1,operating_income
1437517,,"CYBERLOQ TECHNOLOGIES, INC.",2025,1,revenue
1437578,,BRIGHT HORIZONS FAMILY SOLUTIONS INC.,2025,1,acq_cf_bs_disagreement
1437750,,T-REX Acquisition Corp.,2025,1,capex
1437925,,MERIDIAN HOLDINGS INC./NV,2025,1,acq_cf_bs_disagreement
1437958,,COASTAL FINANCIAL CORPORATION,2025,1,operating_income
1438472,,"Miami International Holdings, Inc.",2025,1,acq_cf_bs_disagreement
1438533,,"TRAVERE THERAPEUTICS, INC.",2025,1,capex
1440153,,"Bakhu Holdings, Corp.",2024,1,capex
1441683,,APPIAN CORPORATION,2025,1,acq_cf_bs_disagreement
1441816,,"MONGODB, INC.",2026,1,acq_cf_bs_disagreement
1442836,,"Mersana Therapeutics, Inc.",2024,1,operating_income
1443575,,"Avidbank Holdings, Inc.",2025,1,operating_income
1443611,,SinglePoint Inc.,2024,1,acq_cf_bs_disagreement
1443646,,Booz Allen Hamilton Holding Corporation,2026,1,acq_cf_bs_disagreement
1443863,,BioCorRx Inc.,2025,1,capex
1444380,,NEVRO CORP.,2024,1,acq_cf_bs_disagreement
1445283,,"KINETA, INC./DE",2024,1,capex
1445305,,WORKIVA INC,2025,1,acq_cf_bs_disagreement
1446159,,Axe Compute Inc,2025,1,goodwill
1447362,,"CASTLE BIOSCIENCES, INC.",2025,1,acq_cf_bs_disagreement
1447669,,TWILIO INC.,2025,1,acq_cf_bs_disagreement
1448431,,OptimizeRx Corporation,2025,1,acq_cf_bs_disagreement
1451809,,SiTime Corporation,2025,1,acq_cf_bs_disagreement
1453593,,"XTANT MEDICAL HOLDINGS, INC.",2025,1,acq_cf_bs_disagreement
1454789,,"Astria Therapeutics, Inc.",2024,1,revenue
1454938,,Teads Holding Co.,2025,1,acq_cf_bs_disagreement
1455863,,"AMERICOLD REALTY TRUST, INC.",2025,1,acq_cf_bs_disagreement
1459200,,"ALARM.COM HOLDINGS, INC.",2025,1,acq_cf_bs_disagreement
1460329,,"Fluent, Inc.",2025,1,acq_cf_bs_disagreement
1462223,,"NIXXY, INC.",2025,1,capex
1463000,,Grown Rogue International Inc.,2025,1,goodwill
1463101,,"Enphase Energy, Inc.",2025,1,acq_cf_bs_disagreement
1463972,,Vuzix Corp,2025,1,goodwill
1464790,,"BRC Group Holdings, Inc.",2025,1,acq_cf_bs_disagreement
1465128,,"Starwood Property Trust, Inc.",2025,1,operating_income
1466258,,TRANE TECHNOLOGIES PLC,2025,1,acq_cf_bs_disagreement
1466369,,"Global Industry Products, Corp.",2025,1,sbc
1467760,,"Apollo Commercial Real Estate Finance, Inc.",2025,1,operating_income
1468327,,"RENT THE RUNWAY, INC.",2025,1,capex
1468666,,SecureWorks Corp.,2024,1,acq_cf_bs_disagreement
1468748,,KODIAK SCIENCES INC.,2025,1,revenue
1468929,,"NEXGEL, INC.",2025,1,acq_cf_bs_disagreement
1469367,,Sunrun Inc.,2025,1,intangibles
1469443,,"Arcadia Biosciences, Inc.",2025,1,goodwill
1470129,,VisitIQ Corp.,2025,1,operating_income
1472072,,Concord Medical Services Holdings Ltd,2025,1,sbc
1472326,,Brazil Potash Corp.,2025,1,revenue
1473334,,XMAX INC.,2025,1,capex
1473490,,"Global AI, Inc.",2025,1,sbc
1473844,,"Stellar Bancorp, Inc.",2025,1,operating_income
1474098,,PEBBLEBROOK HOTEL TRUST,2025,1,intangibles
1474432,,"Everpure, Inc.",2026,1,acq_cf_bs_disagreement
1474903,,"BGSF, INC",2025,1,acq_cf_bs_disagreement
1475115,,"EVENTBRITE, INC.",2025,1,acq_cf_bs_disagreement
1475841,,NATIONAL BANK HOLDINGS CORP,2025,1,operating_income
1476034,,Metropolitan Bank Holding Corp.,2025,1,operating_income
1476150,,Terreno Realty Corporation,2025,1,operating_income
1476204,,"Phillips Edison & Company, Inc.",2025,1,operating_income
1477081,,Kolibri Global Energy Inc.,2025,1,operating_income
1477333,,"Cloudflare, Inc.",2025,1,acq_cf_bs_disagreement
1477449,,"TELADOC HEALTH, INC.",2025,1,acq_cf_bs_disagreement
1477815,,"SWEETGREEN, INC.",2025,1,acq_cf_bs_disagreement
1477845,,"Annovis Bio, Inc.",2025,1,capex
1479094,,"STAG Industrial, Inc.",2025,1,operating_income
1479681,,NUTEX HEALTH INC.,2025,1,acq_cf_bs_disagreement
1479915,,CQENS Technologies Inc.,2025,1,revenue
1481028,,"SUNHYDROGEN, INC.",2025,1,revenue
1481443,,"TECHCOM, INC.",2025,1,sbc
1481504,,"XERIANT, INC.",2025,1,revenue
1481513,,"JinkoSolar Holding Co., Ltd.",2025,1,goodwill
1481646,,"ACCOLADE, INC.",2024,1,acq_cf_bs_disagreement
1483994,,H World Group Ltd,2025,1,acq_cf_bs_disagreement
1484778,,ThredUp Inc.,2025,1,intangibles
1486159,,Chord Energy Corporation,2025,1,intangibles
1486957,,"BWX TECHNOLOGIES, INC.",2025,1,acq_cf_bs_disagreement
1487197,,BARFRESH FOOD GROUP INC.,2025,1,goodwill
1487952,,"Vishay Precision Group, Inc.",2025,1,acq_cf_bs_disagreement
1488813,,"Customers Bancorp, Inc.",2025,1,operating_income
1490906,,"Capitol Federal Financial, Inc.",2025,1,operating_income
1492298,,"SABRA HEALTH CARE REIT, INC.",2025,1,operating_income
1493137,,"LIFELOC TECHNOLOGIES, INC.",2025,1,sbc
1493225,,"Northfield Bancorp, Inc.",2025,1,operating_income
1493318,,eToro Group Ltd.,2025,1,operating_income
1493761,,TURTLE BEACH CORPORATION,2025,1,acq_cf_bs_disagreement
1494558,,AMBOW EDUCATION HOLDING LTD.,2025,1,goodwill
1494891,,"Sensus Healthcare, Inc.",2025,1,intangibles
1495231,,"IZEA WORLDWIDE, INC.",2025,1,acq_cf_bs_disagreement
1495320,,"VERA BRADLEY, INC.",2026,1,goodwill
1495648,,BLACKWELL 3D CONSTRUCTION CORP.,2025,1,capex
1496323,,"IGM Biosciences, Inc.",2024,1,revenue
1496690,,"BlueOne Technologies, Inc.",2026,1,sbc
1497770,,"Walker & Dunlop, Inc.",2025,1,operating_income
1498067,,SKYTECH ORION GLOBAL CORP.,2025,1,revenue
1498372,,iWallet Corp,2025,1,capex
1498382,,"TuHURA BIOSCIENCES, INC./NV",2025,1,operating_income
1499200,,"Sabine Pass Liquefaction, LLC",2025,1,sbc
1499422,,RBB Bancorp,2025,1,operating_income
1499620,,TAL Education Group,2026,1,acq_cf_bs_disagreement
1499849,,BrasilAgro – Brazilian Agricultural Real Estate Company,2025,1,goodwill
1499961,,"Bollinger Innovations, Inc.",2024,1,acq_cf_bs_disagreement
1500412,,"Ambiq Micro, Inc.",2025,1,capex
1500435,,"GOPRO, INC.",2025,1,acq_cf_bs_disagreement
1500881,,ENCORE ENERGY CORP.,2025,1,goodwill
1501585,,"HUNTINGTON INGALLS INDUSTRIES, INC.",2025,1,acq_cf_bs_disagreement
1501796,,"Aura Biosciences, Inc.",2025,1,revenue
1502292,,"Presurance Holdings, Inc.",2025,1,capex
1503274,,QUANTERIX CORPORATION,2025,1,acq_cf_bs_disagreement
1504379,,Caesarstone Ltd.,2025,1,acq_cf_bs_disagreement
1505065,,Brainsway Ltd.,2024,1,capex
1505155,,"UPLAND SOFTWARE, INC.",2025,1,acq_cf_bs_disagreement
1505512,,Regulus Therapeutics Inc.,2024,1,revenue
1505732,,"Bankwell Financial Group, Inc.",2025,1,operating_income
1506184,,Immutep Limited,2025,1,operating_income
1506307,,"KINDER MORGAN, INC.",2025,1,sbc
1506983,,"GLUCOTRACK, INC.",2025,1,revenue
1507079,,"Floor & Decor Holdings, Inc.",2025,1,acq_cf_bs_disagreement
1507605,,"MARA HOLDINGS, INC.",2025,1,acq_cf_bs_disagreement
1508475,,"VNET Group, Inc.",2025,1,revenue
1509223,,"Moatable, Inc.",2024,1,acq_cf_bs_disagreement
1510295,,Marathon Petroleum Corporation,2025,1,acq_cf_bs_disagreement
1510964,,"CV Sciences, Inc.",2025,1,acq_cf_bs_disagreement
1512499,,"LINDBLAD EXPEDITIONS HOLDINGS, INC.",2025,1,acq_cf_bs_disagreement
1512673,,"Block, Inc.",2025,1,acq_cf_bs_disagreement
1512920,,Sprott Inc.,2025,1,operating_income
1513761,,Norwegian Cruise Line Holdings Ltd.,2025,1,acq_cf_bs_disagreement
1513845,,NEBIUS GROUP N.V.,2025,1,goodwill
1514056,,Titan Environmental Solutions Inc.,2024,1,acq_cf_bs_disagreement
1514183,,"SILO PHARMA, INC.",2025,1,capex
1514705,,"SUNCOKE ENERGY, INC.",2025,1,acq_cf_bs_disagreement
1514743,,"IF Bancorp, Inc.",2025,1,operating_income
1515156,,"ARQ, INC.",2025,1,goodwill
1515673,,ULTRAGENYX PHARMACEUTICAL INC.,2025,1,acq_cf_bs_disagreement
1515816,,"PLYMOUTH INDUSTRIAL REIT, INC.",2024,1,operating_income
1516513,,"Doximity, Inc.",2026,1,acq_cf_bs_disagreement
1516551,,"Skye Bioscience, Inc.",2025,1,revenue
1516912,,"Origin Bancorp, Inc.",2025,1,operating_income
1517228,,"Vistance Networks, Inc.",2025,1,acq_cf_bs_disagreement
1517375,,"Sprout Social, Inc.",2025,1,acq_cf_bs_disagreement
1517396,,STRATASYS LTD.,2025,1,acq_cf_bs_disagreement
1517413,,"Fastly, Inc.",2025,1,acq_cf_bs_disagreement
1518336,,DREAM HOMES & DEVELOPMENT CORPORATION,2025,1,capex
1518461,,"AmpliTech Group, Inc.",2025,1,acq_cf_bs_disagreement
1518715,,MECHANICS BANCORP,2025,1,operating_income
1519401,,Regional Management Corp.,2025,1,operating_income
1519449,,"SKYWARD SPECIALTY INSURANCE GROUP, INC.",2025,1,operating_income
1519469,,Anfield Energy Inc.,2025,1,revenue
1519472,,"SolarMax Technology, Inc.",2025,1,capex
1519751,,"Fortune Brands Innovations, Inc.",2025,1,acq_cf_bs_disagreement
1521951,,"FIRST BUSINESS FINANCIAL SERVICES, INC.",2025,1,operating_income
1522540,,"Marqeta, Inc.",2025,1,acq_cf_bs_disagreement
1522767,,MARIMED INC.,2025,1,acq_cf_bs_disagreement
1522860,,"ACUTUS MEDICAL, INC.",2024,1,goodwill
1524358,,Marriott Vacations Worldwide Corp,2025,1,operating_income
1524472,,Xylem Inc.,2025,1,acq_cf_bs_disagreement
1524566,,Wealthfront Corporation,2026,1,operating_income
1525306,,First America Resources Corporation,2025,1,sbc
1525769,,"Dave & Buster’s Entertainment, Inc.",2025,1,intangibles
1526113,,"Global Net Lease, Inc.",2025,1,acq_cf_bs_disagreement
1526119,,"Verastem, Inc.",2025,1,capex
1526243,,Perpetua Resources Corp.,2025,1,revenue
1527352,,"Nexalin Technology, Inc",2025,1,capex
1527508,,PACTIV EVERGREEN INC.,2024,1,acq_cf_bs_disagreement
1527541,,"Wheeler Real Estate Investment Trust, Inc.",2025,1,sbc
1527762,,CHAINCE DIGITAL HOLDINGS INC.,2025,1,capex
1528115,,"ANNEXON, INC.",2025,1,revenue
1528356,,Genie Energy Ltd.,2025,1,capex
1528396,,"Guidewire Software, Inc.",2025,1,acq_cf_bs_disagreement
1529113,,"XTI AEROSPACE, INC.",2025,1,acq_cf_bs_disagreement
1530185,,"GlobalTek Ventures, Inc.",2025,1,revenue
1530238,,JOYY INC,2025,1,acq_cf_bs_disagreement
1530249,,"FS Bancorp, Inc.",2025,1,operating_income
1530721,,CAPRI HOLDINGS LIMITED,2026,1,acq_cf_bs_disagreement
1530746,,"KAYA HOLDINGS, INC.",2024,1,sbc
1530950,,"Post Holdings, Inc.",2024,1,acq_cf_bs_disagreement
1531031,,"Esquire Financial Holdings, Inc.",2025,1,operating_income
1531978,,"Paragon 28, Inc.",2024,1,capex
1533040,,PHIO PHARMACEUTICALS CORP.,2025,1,revenue
1533615,,Chiron Real Estate Inc.,2025,1,operating_income
1533998,,DarioHealth Corp.,2025,1,acq_cf_bs_disagreement
1534120,,"AVALO THERAPEUTICS, INC.",2025,1,capex
1534133,,"CalciMedica, Inc.",2025,1,revenue
1534154,,authID Inc.,2025,1,capex
1534248,,Chemomab Therapeutics Ltd.,2025,1,revenue
1535955,,LIPOCINE INC.,2025,1,capex
1537054,,Gogo Inc.,2025,1,acq_cf_bs_disagreement
1537435,,TECOGEN INC.,2025,1,acq_cf_bs_disagreement
1539850,,"STARCO BRANDS, INC.",2025,1,revenue
1540013,,Quipt Home Medical Corp.,2025,1,acq_cf_bs_disagreement
1541119,,"Sound Financial Bancorp, Inc.",2025,1,operating_income
1543151,,"UBER TECHNOLOGIES, INC.",2025,1,acq_cf_bs_disagreement
1544227,,"Tempest Therapeutics, Inc.",2025,1,revenue
1544522,,Freshworks Inc.,2025,1,acq_cf_bs_disagreement
1546066,,PEMBINA PIPELINE CORPORATION,2025,1,intangibles
1546853,,"SKKYNET CLOUD SYSTEMS, INC.",2025,1,capex
1547903,,"NMI Holdings, Inc.",2025,1,operating_income
1549145,,"BLUE BIOFUELS, INC.",2025,1,revenue
1549346,,"SHUTTERSTOCK, INC.",2025,1,acq_cf_bs_disagreement
1549631,,"Quarta-Rad, Inc.",2025,1,capex
1549802,,"JD.com, Inc.",2025,1,acq_cf_bs_disagreement
1550913,,"MacKenzie Realty Capital, Inc.",2025,1,capex
1551152,,AbbVie Inc.,2025,1,acq_cf_bs_disagreement
1551306,,"Progyny, Inc.",2025,1,acq_cf_bs_disagreement
1553404,,PACIFIC GREEN TECHNOLOGIES INC.,2024,1,goodwill
1555017,,"SKY CENTURY INVESTMENT, INC.",2025,1,sbc
1555280,,Zoetis Inc.,2025,1,operating_income
1556801,,"My City Builders, Inc.",2025,1,sbc
1557746,,"Aclaris Therapeutics, Inc.",2025,1,intangibles
1557798,,"TIANCI INTERNATIONAL, INC.",2025,1,capex
1557860,,Globant S.A.,2025,1,acq_cf_bs_disagreement
1559720,,"Airbnb, Inc.",2025,1,capex
1559865,,"EVERTEC, Inc.",2025,1,acq_cf_bs_disagreement
1560327,,"RAPID7, INC.",2025,1,acq_cf_bs_disagreement
1560385,,LIBERTY MEDIA CORPORATION,2025,1,acq_cf_bs_disagreement
1561550,,"Datadog, Inc.",2025,1,acq_cf_bs_disagreement
1562088,,"Duolingo, Inc.",2025,1,acq_cf_bs_disagreement
1562463,,First Internet Bancorp,2025,1,operating_income
1562528,,"FRANKLIN BSP REALTY TRUST, INC.",2025,1,operating_income
1562733,,Synergy CHC Corp.,2025,1,capex
1563568,,"AZIO AI HOLDINGS, INC.",2025,1,acq_cf_bs_disagreement
1563880,,"Trevi Therapeutics, Inc.",2025,1,revenue
1563922,,GREENBACKER RENEWABLE ENERGY COMPANY LLC,2025,1,equity
1564408,,SNAP INC,2025,1,acq_cf_bs_disagreement
1564824,,Allakos Inc.,2024,1,revenue
1565025,,AMBEV S.A.,2025,1,acq_cf_bs_disagreement
1565228,,"VISLINK TECHNOLOGIES, INC.",2024,1,goodwill
1565687,,"Intapp, Inc.",2026,1,acq_cf_bs_disagreement
1566243,,ARAX HOLDINGS CORP.,2024,1,capex
1567900,,REALLOYS INC.,2025,1,capex
1568100,,"PAGERDUTY, INC.",2026,1,acq_cf_bs_disagreement
1568969,,TECHLOTT INC.,2025,1,capex
1569345,,"Sprinklr, Inc.",2026,1,intangibles
1569994,,"Waterstone Financial, Inc.",2025,1,operating_income
1570585,,Liberty Global Ltd.,2025,1,acq_cf_bs_disagreement
1570827,,"Victory Capital Holdings, Inc.",2025,1,acq_cf_bs_disagreement
1571123,,Science Applications International Corporation,2026,1,acq_cf_bs_disagreement
1571283,,"Rexford Industrial Realty, Inc.",2025,1,operating_income
1571949,,"Intercontinental Exchange, Inc.",2025,1,acq_cf_bs_disagreement
1571996,,Dell Technologies Inc.,2026,1,acq_cf_bs_disagreement
1574085,,BRAEMAR HOTELS & RESORTS INC.,2025,1,goodwill
1575828,,Expro Group Holdings N.V.,2025,1,acq_cf_bs_disagreement
1575858,,PUREBASE CORPORATION,2025,1,capex
1576280,,"GUARDANT HEALTH, INC.",2025,1,acq_cf_bs_disagreement
1576427,,CRITEO S.A.,2025,1,acq_cf_bs_disagreement
1576789,,Wix.com Ltd.,2024,1,acq_cf_bs_disagreement
1576885,,"Acumen Pharmaceuticals, Inc.",2025,1,revenue
1576940,,"Century Communities, Inc.",2025,1,operating_income
1577670,,Ladder Capital Corp,2025,1,operating_income
1577916,,"Premier, Inc.",2025,1,acq_cf_bs_disagreement
1578732,,"MARCUS & MILLICHAP, INC.",2025,1,acq_cf_bs_disagreement
1579091,,MAPLEBEAR INC.,2025,1,acq_cf_bs_disagreement
1579214,,"Emerald Holding, Inc.",2025,1,acq_cf_bs_disagreement
1579298,,"BURLINGTON STORES, INC.",2025,1,operating_income
1579877,,OUTFRONT Media Inc.,2025,1,acq_cf_bs_disagreement
1579878,,"FIGMA, INC.",2025,1,acq_cf_bs_disagreement
1580490,,I-ON DIGITAL CORP.,2025,1,capex
1581068,,Brixmor Property Group Inc.,2025,1,operating_income
1581178,,EUPRAXIA PHARMACEUTICALS INC.,2025,1,operating_income
1581280,,Twist Bioscience Corporation,2025,1,acq_cf_bs_disagreement
1581552,,"Energy 11, L.P.",2025,1,sbc
1581760,,"Life360, Inc.",2025,1,acq_cf_bs_disagreement
1582961,,"DigitalOcean Holdings, Inc.",2025,1,acq_cf_bs_disagreement
1583708,,"SENTINELONE, INC",2026,1,acq_cf_bs_disagreement
1584509,,Aramark,2025,1,acq_cf_bs_disagreement
1584549,,"VILLAGE FARMS INTERNATIONAL, INC.",2025,1,operating_income
1584831,,OXBRIDGE RE HOLDINGS LIMITED,2025,1,operating_income
1585521,,"Zoom Communications, Inc.",2026,1,acq_cf_bs_disagreement
1585608,,"JAGUAR HEALTH, INC.",2025,1,capex
1587732,,"ONE Gas, Inc.",2025,1,revenue
1588084,,TANTECH HOLDINGS LTD,2025,1,sbc
1589149,,"GREENWAVE TECHNOLOGY SOLUTIONS, INC.",2025,1,capex
1590496,,AERKOMM INC.,2025,1,revenue
1590584,,Civeo Corp,2025,1,acq_cf_bs_disagreement
1590695,,"Twinlab Consolidated Holdings, Inc.",2024,1,sbc
1590714,,Element Solutions Inc,2025,1,acq_cf_bs_disagreement
1590715,,AMERICAN RESOURCES CORPORATION,2025,1,capex
1590976,,"MALIBU BOATS, INC.",2026,1,acq_cf_bs_disagreement
1591670,,Farmland Partners Inc.,2025,1,operating_income
1591698,,PAYLOCITY HOLDING CORPORATION,2026,1,acq_cf_bs_disagreement
1592386,,"Virtu Financial, Inc.",2025,1,operating_income
1592560,,VisionSys AI Inc,2025,1,sbc
1593184,,"BIOREGENX, INC.",2025,1,goodwill
1593549,,"Livento Group, Inc.",2025,1,sbc
1594805,,Shopify Inc.,2025,1,acq_cf_bs_disagreement
1594968,,Loan Artificial Intelligence Corp.,2025,1,sbc
1595097,,"Corbus Pharmaceuticals Holdings, Inc.",2025,1,revenue
1595527,,American Strategic Investment Co.,2025,1,revenue
1595761,,WEIBO CORPORATION,2025,1,acq_cf_bs_disagreement
1595974,,"MAGNITE, INC.",2025,1,acq_cf_bs_disagreement
1596532,,"Arista Networks, Inc.",2025,1,acq_cf_bs_disagreement
1596783,,"CATALENT, INC.",2024,1,acq_cf_bs_disagreement
1596812,,Enlivex Ltd.,2025,1,revenue
1596961,,"RideNow Group, Inc.",2025,1,acq_cf_bs_disagreement
1596967,,Moelis & Co,2025,1,revenue
1596993,,DORIAN LPG LTD.,2026,1,capex
1597033,,Sabre Corporation,2025,1,acq_cf_bs_disagreement
1597095,,Tuniu Corp,2025,1,goodwill
1597264,,BLUEPRINT MEDICINES CORPORATION,2024,1,operating_income
1597846,,Greenpro Capital Corp.,2025,1,sbc
1598110,,CYBERARK SOFTWARE LTD.,2024,1,acq_cf_bs_disagreement
1598428,,METALLUS INC.,2025,1,operating_income
1598655,,GasLog Partners LP,2025,1,sbc
1598981,,SKYX PLATFORMS CORP.,2025,1,acq_cf_bs_disagreement
1599117,,"Mentor     Capital, Inc.",2025,1,sbc
1600033,,"e.l.f. Beauty, Inc.",2026,1,acq_cf_bs_disagreement
1600620,,Aurinia Pharmaceuticals Inc.,2025,1,capex
1600626,,Peakstone Realty Trust,2025,1,acq_cf_bs_disagreement
1600641,,"1stdibs.com, Inc.",2025,1,intangibles
1601046,,"KEYSIGHT TECHNOLOGIES, INC.",2025,1,acq_cf_bs_disagreement
1601485,,"Elicio Therapeutics, Inc.",2025,1,revenue
1601548,,"V2X, Inc.",2025,1,acq_cf_bs_disagreement
1601830,,"RECURSION PHARMACEUTICALS, INC.",2025,1,acq_cf_bs_disagreement
1601936,,Altamira Therapeutics Ltd.,2024,1,revenue
1603145,,"XPLR INFRASTRUCTURE, LP",2025,1,sbc
1603454,,CELCUITY INC.,2025,1,revenue
1603652,,URGENT.LY INC.,2025,1,capex
1604191,,GRIDAI TECHNOLOGIES CORP,2025,1,capex
1604481,,CMB.TECH NV,2024,1,capex
1604665,,Westlake Chemical Partners LP,2025,1,sbc
1604778,,"Qorvo, Inc.",2026,1,acq_cf_bs_disagreement
1604868,,GROWGENERATION CORP.,2025,1,acq_cf_bs_disagreement
1605301,,"CB FINANCIAL SERVICES, INC.",2025,1,operating_income
1605607,,"PARAMOUNT GROUP, INC.",2024,1,operating_income
1606242,,Virtuix Holdings Inc.,2026,1,capex
1606498,,"AVANOS MEDICAL, INC.",2025,1,acq_cf_bs_disagreement
1607678,,"Viking Therapeutics, Inc.",2025,1,capex
1607939,,"Udemy, Inc.",2025,1,acq_cf_bs_disagreement
1607962,,Lifeward Ltd.,2025,1,acq_cf_bs_disagreement
1609151,,"Weave Communications, Inc.",2025,1,acq_cf_bs_disagreement
1609711,,GoDaddy Inc.,2025,1,acq_cf_bs_disagreement
1609988,,flooidCX Corp.,2024,1,sbc
1611046,,MODULINK INC.,2025,1,sbc
1611052,,"Procore Technologies, Inc.",2025,1,acq_cf_bs_disagreement
1611746,,SCISPARC LTD.,2024,1,capex
1611842,,PolyPid Ltd,2025,1,revenue
1613103,,Medtronic plc,2026,1,acq_cf_bs_disagreement
1614178,,"YEXT, INC.",2026,1,acq_cf_bs_disagreement
1615165,,"Veritone, Inc.",2025,1,acq_cf_bs_disagreement
1616318,,Vista Outdoor Inc,2024,1,acq_cf_bs_disagreement
1616533,,"PENGUIN SOLUTIONS, INC.",2025,1,acq_cf_bs_disagreement
1617242,,Kearny Financial Corp.,2026,1,operating_income
1617406,,Park Hotels & Resorts Inc.,2025,1,goodwill
1617553,,"ZIPRECRUITER, INC.",2025,1,acq_cf_bs_disagreement
1617640,,"ZILLOW GROUP, INC.",2025,1,acq_cf_bs_disagreement
1618563,,National Storage Affiliates Trust,2025,1,operating_income
1618673,,Performance Food Group Company,2026,1,acq_cf_bs_disagreement
1618732,,"NUTANIX, INC.",2025,1,acq_cf_bs_disagreement
1618755,,RESTAURANT BRANDS INTERNATIONAL LIMITED PARTNERSHIP,2025,1,acq_cf_bs_disagreement
1618835,,"EVOFEM BIOSCIENCES, INC.",2025,1,goodwill
1619096,,SUMMIT NETWORKS INC.,2025,1,sbc
1619544,,9F Inc.,2025,1,goodwill
1620459,,"JAMES RIVER GROUP HOLDINGS, INC.",2025,1,operating_income
1621221,,"ARTELO BIOSCIENCES, INC.",2025,1,revenue
1621832,,"Aqua Metals, Inc.",2025,1,revenue
1621906,,WESTERN URANIUM & VANADIUM CORP.,2025,1,capex
1622229,,"Cogent Biosciences, Inc.",2025,1,revenue
1622345,,"Polar Power, Inc.",2025,1,capex
1624322,,"BUSINESS FIRST BANCSHARES, INC.",2025,1,operating_income
1624517,,FREQUENCY HOLDINGS INC,2024,1,sbc
1624794,,"CSW INDUSTRIALS, INC.",2026,1,sbc
1625278,,"NerdWallet, Inc.",2025,1,acq_cf_bs_disagreement
1625297,,"Indivior Pharmaceuticals, Inc.",2025,1,intangibles
1625414,,Baozun Inc.,2025,1,acq_cf_bs_disagreement
1625641,,"CS Disco, Inc.",2025,1,acq_cf_bs_disagreement
1625941,,Ares Industrial Real Estate Income Trust Inc.,2025,1,sbc
1626878,,XBIOTECH INC.,2025,1,revenue
1626971,,"Corvus Pharmaceuticals, Inc.",2025,1,revenue
1627272,,OR ROYALTIES INC.,2025,1,capex
1627475,,UPWORK INC.,2025,1,acq_cf_bs_disagreement
1628063,,SERITAGE GROWTH PROPERTIES,2025,1,operating_income
1628369,,Cushman & Wakefield Ltd.,2025,1,acq_cf_bs_disagreement
1628908,,"Evolent Health, Inc.",2025,1,capex
1629210,,PARAMOUNT GOLD NEVADA CORP.,2025,1,revenue
1630627,,"Treace Medical Concepts, Inc.",2025,1,acq_cf_bs_disagreement
1631569,,Community Healthcare Trust Inc,2025,1,operating_income
1633917,,"PayPal Holdings, Inc.",2025,1,acq_cf_bs_disagreement
1633931,,TopBuild Corp,2025,1,acq_cf_bs_disagreement
1633978,,Lumentum Holdings Inc.,2026,1,acq_cf_bs_disagreement
1634117,,"BARNES & NOBLE EDUCATION, INC.",2026,1,goodwill
1635327,,Flutter Entertainment plc,2025,1,acq_cf_bs_disagreement
1636282,,"SPYRE THERAPEUTICS, INC.",2025,1,capex
1636422,,"HEALTH CATALYST, INC.",2025,1,acq_cf_bs_disagreement
1636639,,PELAGOS INSURANCE CAPITAL LIMITED,2025,1,operating_income
1637207,,"PLANET FITNESS, INC.",2025,1,acq_cf_bs_disagreement
1637715,,"ONKURE THERAPEUTICS, INC.",2025,1,revenue
1637810,,FirstService Corporation,2025,1,acq_cf_bs_disagreement
1637873,,ACV Auctions Inc.,2025,1,acq_cf_bs_disagreement
1637880,,"TRI-STATE GENERATION AND TRANSMISSION ASSOCIATION, INC.",2025,1,sbc
1638097,,Entera Bio Ltd.,2025,1,intangibles
1638287,,METAVIA INC.,2025,1,revenue
1638826,,"ServiceTitan, Inc.",2026,1,acq_cf_bs_disagreement
1639068,,Hubilu Venture Corporation,2025,1,sbc
1639691,,LivaNova PLC,2025,1,acq_cf_bs_disagreement
1639723,,"NAVAN, INC.",2026,1,acq_cf_bs_disagreement
1639825,,"Peloton Interactive, Inc.",2026,1,acq_cf_bs_disagreement
1639920,,Spotify Technology S.A.,2025,1,acq_cf_bs_disagreement
1640043,,PYXIS TANKERS INC.,2025,1,capex
1640147,,SNOWFLAKE INC.,2026,1,acq_cf_bs_disagreement
1640967,,Rise Companies Corp.,2025,1,sbc
1641229,,FIRST MINING GOLD CORP.,2025,1,revenue
1641489,,vTv Therapeutics Inc.,2025,1,capex
1641601,,RIVER FINANCIAL CORPORATION,2025,1,operating_income
1642380,,Insight Molecular Diagnostics Inc.,2025,1,goodwill
1643303,,NANO DIMENSION LTD.,2025,1,acq_cf_bs_disagreement
1643615,,"Onterris, Inc.",2025,1,acq_cf_bs_disagreement
1643721,,"LEAFBUYER TECHNOLOGIES, INC.",2025,1,capex
1643988,,"LOOP MEDIA, INC.",2024,1,goodwill
1644378,,RMR GROUP INC.,2025,1,acq_cf_bs_disagreement
1644903,,"cbdMD, Inc.",2025,1,sbc
1644963,,"AVENUE THERAPEUTICS, INC.",2025,1,capex
1645469,,Monopar Therapeutics Inc.,2025,1,capex
1645590,,HEWLETT PACKARD ENTERPRISE COMPANY,2025,1,acq_cf_bs_disagreement
1647639,,"Upstart Holdings, Inc.",2025,1,acq_cf_bs_disagreement
1648257,,HutchMED (China) LIMITED,2025,1,sbc
1648416,,Ferrari N.V.,2025,1,sbc
1648636,,TRILLION ENERGY INTERNATIONAL INC.,2024,1,operating_income
1649094,,"VAXCYTE, INC.",2025,1,revenue
1649373,,Santander UK Group Holdings plc,2025,1,operating_income
1649749,,FB FINANCIAL CORPORATION,2025,1,operating_income
1649989,,"OUTLOOK THERAPEUTICS, INC.",2025,1,capex
1650107,,COCA-COLA EUROPACIFIC PARTNERS plc,2025,1,acq_cf_bs_disagreement
1650132,,"Four Corners Property Trust, Inc.",2025,1,operating_income
1650164,,"Toast, Inc.",2025,1,acq_cf_bs_disagreement
1650372,,Atlassian Corporation,2026,1,acq_cf_bs_disagreement
1650575,,"BORQS TECHNOLOGIES, INC.",2025,1,intangibles
1651407,,"CHECKPOINT THERAPEUTICS, INC.",2024,1,capex
1651717,,Nomad Foods Limited,2025,1,acq_cf_bs_disagreement
1651721,,"GENERATION INCOME PROPERTIES, INC.",2025,1,sbc
1652535,,"ICHOR HOLDINGS, LTD.",2025,1,acq_cf_bs_disagreement
1652561,,"DSwiss, Inc.",2025,1,sbc
1652958,,"EDGEMODE, INC.",2025,1,intangibles
1653482,,GITLAB INC.,2026,1,acq_cf_bs_disagreement
1653558,,"Priority Technology Holdings, Inc.",2025,1,acq_cf_bs_disagreement
1655891,,TORM plc,2025,1,acq_cf_bs_disagreement
1657214,,"INTERNATIONAL                                             LAND ALLIANCE, INC.",2025,1,capex
1657573,,"XOMETRY, INC.",2025,1,acq_cf_bs_disagreement
1659166,,Fortive Corporation,2025,1,acq_cf_bs_disagreement
1659323,,Iterum Therapeutics plc,2024,1,revenue
1660046,,IMMURON LIMITED,2025,1,capex
1660134,,"Okta, Inc.",2026,1,acq_cf_bs_disagreement
1660280,,"TENABLE HOLDINGS, INC.",2025,1,acq_cf_bs_disagreement
1661053,,enVVeno Medical Corp,2025,1,revenue
1661458,,"Highlands REIT, Inc.",2025,1,capex
1661600,,SATIVUS TECH CORP.,2025,1,revenue
1662774,,"Quince Therapeutics, Inc.",2025,1,revenue
1662972,,"Blackstone Real Estate Income Trust, Inc.",2025,1,sbc
1666071,,"CARDLYTICS, INC.",2025,1,acq_cf_bs_disagreement
1666134,,"BlackLine, Inc.",2025,1,acq_cf_bs_disagreement
1667011,,"Arteris, Inc.",2025,1,acq_cf_bs_disagreement
1667313,,"ZEDGE, INC.",2025,1,acq_cf_bs_disagreement
1668010,,"DIGITAL BRANDS GROUP, INC.",2025,1,capex
1669162,,"KINSALE CAPITAL GROUP, INC.",2025,1,operating_income
1670061,,Almonty Industries Inc.,2025,1,capex
1671284,,"NEUEHEALTH, INC.",2024,1,acq_cf_bs_disagreement
1671927,,Immunocore Holdings plc,2025,1,intangibles
1672571,,Antiaging Quantum Living Inc.,2026,1,sbc
1672619,,"ENLIVEN THERAPEUTICS, INC.",2025,1,revenue
1673772,,"RAPT Therapeutics, Inc.",2024,1,revenue
1674101,,Vertiv Holdings Co,2025,1,acq_cf_bs_disagreement
1674356,,"Terra Property Trust, Inc.",2025,1,sbc
1674440,,AiRWA INC.,2025,1,capex
1674862,,ASHLAND INC.,2025,1,acq_cf_bs_disagreement
1674930,,"FULGENT GENETICS, INC.",2025,1,acq_cf_bs_disagreement
1675149,,Alcoa Corp,2025,1,operating_income
1675644,,"FVCBankcorp, Inc.",2025,1,operating_income
1676238,,"Braze, Inc.",2026,1,acq_cf_bs_disagreement
1677250,,ZTO Express (Cayman) Inc.,2025,1,acq_cf_bs_disagreement
1677576,,"Innovative Industrial Properties, Inc.",2025,1,capex
1677703,,CONDUENT INC,2025,1,operating_income
1677897,,"UPAY, INC.",2026,1,sbc
1679628,,"JUPITER NEUROSCIENCES, INC.",2025,1,capex
1680379,,"Sterling Bancorp, Inc.",2024,1,operating_income
1681087,,"TECTONIC THERAPEUTIC, INC.",2025,1,revenue
1681348,,VIVOPOWER INTERNATIONAL PLC,2025,1,acq_cf_bs_disagreement
1681622,,Varex Imaging Corp,2025,1,acq_cf_bs_disagreement
1681682,,ENDRA LIFE SCIENCES INC.,2025,1,revenue
1682745,,VERRA MOBILITY CORPORATION,2025,1,acq_cf_bs_disagreement
1682852,,"Moderna, Inc.",2025,1,acq_cf_bs_disagreement
1683541,,AURORA CANNABIS INC,2025,1,acq_cf_bs_disagreement
1683553,,"Spruce Biosciences, Inc.",2025,1,capex
1683695,,"INTERNATIONAL MONEY EXPRESS, INC.",2025,1,acq_cf_bs_disagreement
1684144,,Zomedica Corp.,2025,1,acq_cf_bs_disagreement
1684688,,ATLAS CRITICAL MINERALS CORPORATION,2025,1,intangibles
1687919,,FORGE INNOVATION DEVELOPMENT CORP.,2024,1,operating_income
1688126,,THE CRYPTO COMPANY,2025,1,capex
1688757,,Establishment Labs Holdings Inc.,2025,1,acq_cf_bs_disagreement
1689084,,QRONS INC.,2024,1,capex
1689731,,"Southern States Bancshares, Inc.",2024,1,operating_income
1689796,,JBG SMITH PROPERTIES,2025,1,operating_income
1690080,,"Forum Markets, Incorporated",2025,1,goodwill
1690820,,CARVANA CO.,2025,1,acq_cf_bs_disagreement
1692115,,"Southwest Gas Holdings, Inc.",2025,1,intangibles
1692415,,"Co-Diagnostics, Inc.",2025,1,goodwill
1692819,,Vistra Corp.,2025,1,acq_cf_bs_disagreement
1693011,,"INOZYME PHARMA, INC.",2024,1,revenue
1693256,,"SELECT WATER SOLUTIONS, INC.",2025,1,acq_cf_bs_disagreement
1693317,,"Cheniere Corpus Christi Holdings, LLC",2025,1,sbc
1693577,,"MainStreet Bancshares, Inc.",2025,1,operating_income
1693736,,EquipmentShare.com Inc,2025,1,goodwill
1694426,,"DELEK US HOLDINGS, INC.",2025,1,acq_cf_bs_disagreement
1695295,,"HYDROFARM HOLDINGS GROUP, INC.",2025,1,goodwill
1696088,,"ENERGY RESOURCES 12, L.P.",2025,1,sbc
1696195,,KINETIC GROUP INC.,2024,1,capex
1696558,,"Jerash Holdings (US), Inc.",2026,1,intangibles
1697500,,"SOLARIS ENERGY INFRASTRUCTURE, INC.",2025,1,acq_cf_bs_disagreement
1697532,,"Applied Therapeutics, Inc.",2024,1,capex
1697851,,"Rekor Systems, Inc.",2025,1,acq_cf_bs_disagreement
1697862,,ARGENX SE,2025,1,revenue
1697884,,"VITASPRING BIOMEDICAL CO., LTD.",2026,1,capex
1698535,,NexGen Energy Ltd.,2025,1,revenue
1698991,,"Accel Entertainment, Inc.",2025,1,acq_cf_bs_disagreement
1699382,,"PMV PHARMACEUTICALS, INC.",2025,1,revenue
1699709,,VITANOVA LIFE SCIENCES CORPORATION,2026,1,capex
1699838,,"CONFLUENT, INC.",2025,1,acq_cf_bs_disagreement
1701108,,"Spero Therapeutics, Inc.",2025,1,capex
1701261,,"FARMMI, INC.",2025,1,sbc
1701541,,"BLACK DIAMOND THERAPEUTICS, INC.",2025,1,capex
1701732,,ALTAIR ENGINEERING INC.,2024,1,acq_cf_bs_disagreement
1702318,,Akso Health Group,2026,1,sbc
1702750,,"Byline Bancorp, Inc.",2025,1,operating_income
1702780,,"Optimum Communications, Inc.",2025,1,acq_cf_bs_disagreement
1702924,,"WRAP TECHNOLOGIES, INC.",2025,1,acq_cf_bs_disagreement
1703056,,ADT Inc.,2025,1,acq_cf_bs_disagreement
1703057,,AbCellera Biologics Inc.,2025,1,acq_cf_bs_disagreement
1703073,,VIVIC CORP.,2025,1,capex
1703141,,"Despegar.com, Corp.",2024,1,acq_cf_bs_disagreement
1703399,,Sea Limited,2025,1,acq_cf_bs_disagreement
1704287,,"Bluejay Diagnostics, Inc.",2025,1,revenue
1704711,,"FUNKO, INC.",2025,1,acq_cf_bs_disagreement
1705012,,FAT Brands Inc.,2024,1,acq_cf_bs_disagreement
1705402,,AGM Group Holdings Inc.,2025,1,sbc
1706524,,"FLASH SPORTS & MEDIA HOLDINGS, INC.",2025,1,acq_cf_bs_disagreement
1707502,,Solid Biosciences Inc.,2025,1,revenue
1707753,,ELASTIC N.V.,2026,1,acq_cf_bs_disagreement
1707919,,CENNTRO INC.,2025,1,capex
1707925,,Linde plc,2025,1,acq_cf_bs_disagreement
1708035,,Ecovyst Inc.,2025,1,acq_cf_bs_disagreement
1708176,,HALL OF FAME RESORT & ENTERTAINMENT COMPANY,2024,1,intangibles
1708259,,LexinFintech Holdings Ltd.,2025,1,operating_income
1708341,,"ALL IN FUTURETECH ALLIANCE, INC.",2025,1,acq_cf_bs_disagreement
1708441,,"Mynd.ai, Inc.",2025,1,acq_cf_bs_disagreement
1708599,,"Serina Therapeutics, Inc.",2025,1,intangibles
1709164,,HAMILTON BEACH BRANDS HOLDING COMPANY,2025,1,acq_cf_bs_disagreement
1709542,,ELECTRONIC SERVITOR PUBLICATION NETWORK INC.,2025,1,capex
1709626,,NUCANA PLC,2025,1,revenue
1710072,,"Edgewise Therapeutics, Inc.",2025,1,revenue
1710350,,"Bit Digital, Inc.",2025,1,acq_cf_bs_disagreement
1710482,,"John Marshall Bancorp, Inc.",2025,1,operating_income
1711012,,SENMIAO TECHNOLOGY LIMITED,2026,1,capex
1711375,,LOMA NEGRA COMPANIA INDUSTRIALARGENTINA SOCIEDAD ANONIMA,2024,1,operating_income
1711799,,"Nuveen Global Cities REIT, Inc.",2025,1,sbc
1711929,,"Starwood Real Estate Income Trust, Inc.",2025,1,sbc
1712184,,Liberty Latin America Ltd.,2025,1,acq_cf_bs_disagreement
1713210,,AGAPE ATP CORPORATION,2025,1,sbc
1713407,,Brookfield Real Estate Income Trust Inc.,2025,1,sbc
1713445,,"Reddit, Inc.",2025,1,acq_cf_bs_disagreement
1713539,,Kaixin Holdings,2025,1,capex
1713683,,Zscaler Inc,2026,1,acq_cf_bs_disagreement
1713863,,"RAFAEL HOLDINGS, INC.",2025,1,acq_cf_bs_disagreement
1713923,,Jianpu Technology Inc.,2025,1,goodwill
1715925,,MindWalk Holdings Corp.,2025,1,operating_income
1716338,,J & Friends Holdings Ltd,2025,1,capex
1716770,,Wah Fu Education Group Ltd.,2026,1,sbc
1717115,,"Tempus AI, Inc.",2025,1,acq_cf_bs_disagreement
1717161,,Central Puerto S.A.,2024,1,sbc
1717547,,"BRIGHTSPIRE CAPITAL, INC.",2025,1,operating_income
1718227,,"Construction Partners, Inc.",2025,1,acq_cf_bs_disagreement
1718405,,HYCROFT MINING HOLDING CORPORATION,2025,1,revenue
1719406,,"NRX Pharmaceuticals, Inc.",2025,1,capex
1720161,,CASTOR MARITIME INC.,2025,1,acq_cf_bs_disagreement
1720635,,nVent Electric plc,2025,1,acq_cf_bs_disagreement
1721386,,Landsea Homes Corporation,2024,1,intangibles
1721947,,JAMF HOLDING CORP.,2024,1,acq_cf_bs_disagreement
1722010,,OP BANCORP,2025,1,operating_income
1722606,,Metalla Royalty & Streaming Ltd.,2025,1,capex
1722731,,"FDCTECH, INC.",2025,1,sbc
1722964,,"Y-mAbs Therapeutics, Inc.",2024,1,capex
1723464,,BIOHARVEST SCIENCES INC.,2025,1,sbc
1723690,,Bilibili Inc.,2025,1,acq_cf_bs_disagreement
1723935,,Sunlands Technology Group,2025,1,sbc
1723980,,"China SXT Pharmaceuticals, Inc.",2026,1,capex
1724542,,CLPS Incorporation,2025,1,acq_cf_bs_disagreement
1724755,,GreenTree Hospitality Group Ltd.,2025,1,sbc
1725057,,"Dayforce, Inc.",2024,1,acq_cf_bs_disagreement
1725123,,Cango Inc.,2025,1,goodwill
1725160,,"Zentalis Pharmaceuticals, Inc.",2025,1,intangibles
1725332,,ALARUM TECHNOLOGIES LTD.,2025,1,acq_cf_bs_disagreement
1725430,,Intelligent Bio Solutions Inc.,2026,1,goodwill
1727255,,CHILEAN COBALT CORP.,2025,1,capex
1728688,,"i3 Verticals, Inc.",2025,1,acq_cf_bs_disagreement
1728951,,"ESSENTIAL PROPERTIES REALTY TRUST, INC.",2025,1,capex
1729427,,"CNS Pharmaceuticals, Inc.",2025,1,revenue
1730168,,Broadcom Inc.,2025,1,acq_cf_bs_disagreement
1730869,,"Everything Blockchain, Inc.",2024,1,acq_cf_bs_disagreement
1730984,,BAYCOM CORP,2025,1,operating_income
1731289,,Nikola Corporation,2024,1,revenue
1731388,,EuroDry Ltd.,2025,1,revenue
1734262,,CooTek(Cayman)Inc.,2025,1,intangibles
1734713,,"BrightView Holdings, Inc.",2025,1,acq_cf_bs_disagreement
1734722,,"UiPath, Inc.",2026,1,acq_cf_bs_disagreement
1734750,,"CORVEX, INC.",2025,1,capex
1735707,,Garrett Motion Inc.,2025,1,operating_income
1736297,,"Astera Labs, Inc.",2025,1,intangibles
1736946,,"ARLO TECHNOLOGIES, INC.",2025,1,capex
1737287,,"Allogene Therapeutics, Inc.",2025,1,intangibles
1737339,,Aurora Mobile Limited,2025,1,acq_cf_bs_disagreement
1737706,,SEADRILL LIMITED,2025,1,intangibles
1737806,,PDD Holdings Inc.,2025,1,capex
1737953,,"REPLIMUNE GROUP, INC.",2026,1,revenue
1737995,,"SkyAI, Inc.",2025,1,capex
1738699,,Wisekey International Holding S.A.,2025,1,acq_cf_bs_disagreement
1738827,,"KLX Energy Services Holdings, Inc.",2025,1,goodwill
1739410,,RALLYBIO CORPORATION,2025,1,capex
1739566,,"Utz Brands, Inc.",2025,1,acq_cf_bs_disagreement
1739942,,SolarWinds Corporation,2024,1,acq_cf_bs_disagreement
1740279,,"IN8BIO, INC.",2025,1,revenue
1740332,,"Resideo Technologies, Inc.",2025,1,acq_cf_bs_disagreement
1740742,,"TransparentBusiness, Inc.",2025,1,capex
1741489,,"ELVICTOR GROUP, INC.",2025,1,sbc
1741530,,"Qfin Holdings, Inc.",2025,1,acq_cf_bs_disagreement
1741534,,MDJM LTD,2025,1,sbc
1743725,,"Grid Dynamics Holdings, Inc.",2025,1,acq_cf_bs_disagreement
1743759,,"Corsair Gaming, Inc.",2025,1,acq_cf_bs_disagreement
1743905,,RAIL VISION LTD.,2025,1,intangibles
1744494,,"Advent Technologies Holdings, Inc.",2024,1,goodwill
1744676,,Tencent Music Entertainment Group,2024,1,acq_cf_bs_disagreement
1745032,,"LODGING FUND REIT III, INC.",2025,1,operating_income
1745201,,Viking Holdings Ltd,2025,1,capex
1745916,,"PennyMac Financial Services, Inc.",2025,1,operating_income
1746109,,Bank First Corp,2025,1,operating_income
1746466,,"EQUILLIUM, INC.",2025,1,revenue
1748137,,"NEOVOLTA, INC.",2025,1,capex
1750106,,Alset Inc.,2025,1,goodwill
1750149,,"Inhibikase Therapeutics, Inc.",2025,1,revenue
1750735,,Meridian Corp,2025,1,operating_income
1751783,,"Rhinebeck Bancorp, Inc.",2025,1,operating_income
1752828,,Celularity Inc.,2025,1,capex
1753162,,FATHOM HOLDINGS INC.,2025,1,acq_cf_bs_disagreement
1753681,,Elite Performance Holding Corp.,2025,1,sbc
1754068,,"KALARIS THERAPEUTICS, INC.",2025,1,revenue
1754195,,TRULIEVE CANNABIS CORP.,2025,1,acq_cf_bs_disagreement
1754226,,"Orange County Bancorp, Inc.",2025,1,operating_income
1755237,,"CYCLERION THERAPEUTICS, INC.",2025,1,capex
1755347,,Certiplex Corporation,2025,1,sbc
1756390,,"ASCEND WELLNESS HOLDINGS, INC.",2025,1,acq_cf_bs_disagreement
1756594,,Inventiva S.A.,2024,1,capex
1756699,,UP FINTECH HOLDING LIMITED,2025,1,operating_income
1756708,,Jumia Technologies AG,2025,1,intangibles
1756761,,Invesco Real Estate Income Trust Inc.,2025,1,operating_income
1757073,,ENVISTA HOLDINGS CORPORATION,2025,1,acq_cf_bs_disagreement
1757499,,"SHUTTLE PHARMACEUTICALS HOLDINGS, INC.",2025,1,revenue
1757715,,"Aterian, Inc.",2025,1,goodwill
1757840,,Indonesia Energy Corporation Limited,2025,1,sbc
1757898,,STERIS plc,2026,1,acq_cf_bs_disagreement
1758057,,"Luminar Technologies, Inc./DE",2025,1,acq_cf_bs_disagreement
1758699,,TRANSUITE.ORG INC.,2025,1,capex
1758730,,Tradeweb Markets Inc.,2025,1,acq_cf_bs_disagreement
1758766,,"Stem, Inc.",2025,1,acq_cf_bs_disagreement
1759138,,"CABALETTA BIO, INC.",2025,1,revenue
1759425,,"Mirum Pharmaceuticals, Inc.",2025,1,goodwill
1759631,,HYLIION HOLDINGS CORP.,2025,1,intangibles
1759824,,ALTA EQUIPMENT GROUP INC.,2025,1,acq_cf_bs_disagreement
1760026,,Regenerative Medical Technology Group Inc.,2025,1,sbc
1760233,,"GIFTIFY, INC.",2025,1,capex
1760965,,"KONTOOR BRANDS, INC.",2025,1,acq_cf_bs_disagreement
1761918,,"Erasca, Inc.",2025,1,revenue
1762301,,Fiverr International Ltd.,2025,1,acq_cf_bs_disagreement
1762506,,"Vista Energy, S.A.B. de C.V.",2024,1,acq_cf_bs_disagreement
1763950,,Lantern Pharma Inc.,2025,1,revenue
1764974,,Turnstone Biologics Corp.,2024,1,revenue
1766140,,"UNICYCIVE THERAPEUTICS, INC.",2025,1,revenue
1766363,,"Endeavor Group Holdings, Inc.",2024,1,acq_cf_bs_disagreement
1766502,,"CHEWY, INC.",2025,1,acq_cf_bs_disagreement
1766600,,SNDL Inc.,2025,1,acq_cf_bs_disagreement
1767258,,"XPEL, INC.",2025,1,acq_cf_bs_disagreement
1767837,,"RICHMOND MUTUAL BANCORPORATION, INC.",2025,1,operating_income
1769617,,"HarborOne Bancorp, Inc.",2024,1,operating_income
1769624,,Triller Group Inc.,2025,1,capex
1769628,,"CoreWeave, Inc.",2025,1,acq_cf_bs_disagreement
1769759,,Monogram Technologies Inc.,2024,1,revenue
1769768,,E-Home Household Service Holdings Limited,2025,1,goodwill
1770069,,"MapLight Therapeutics, Inc.",2025,1,revenue
1770121,,"Sana Biotechnology, Inc.",2025,1,revenue
1770561,,Coronado Global Resources Inc.,2025,1,operating_income
1770787,,"10x Genomics, Inc.",2025,1,acq_cf_bs_disagreement
1771514,,EXCHANGERIGHT INCOME FUND,2025,1,sbc
1771515,,Grocery Outlet Holding Corp.,2025,1,acq_cf_bs_disagreement
1771910,,ADC Therapeutics SA,2025,1,intangibles
1771995,,American Picture House Corporation,2025,1,capex
1772720,,Spruce Power Holding Corporation,2025,1,acq_cf_bs_disagreement
1772921,,OneWater Marine Inc.,2025,1,acq_cf_bs_disagreement
1773383,,"Dynatrace, Inc.",2026,1,acq_cf_bs_disagreement
1773751,,"HIMS & HERS HEALTH, INC.",2025,1,acq_cf_bs_disagreement
1774170,,"POWERFLEET, INC.",2026,1,acq_cf_bs_disagreement
1775194,,"Upexi, Inc.",2025,1,acq_cf_bs_disagreement
1776111,,"MBX Biosciences, Inc.",2025,1,revenue
1776661,,Advantage Solutions Inc.,2025,1,acq_cf_bs_disagreement
1776738,,THE CANNABIST COMPANY HOLDINGS INC.,2024,1,acq_cf_bs_disagreement
1776985,,BioNTech SE,2025,1,intangibles
1777319,,"CISO GLOBAL, INC.",2025,1,acq_cf_bs_disagreement
1777393,,"ChargePoint Holdings, Inc.",2026,1,acq_cf_bs_disagreement
1777835,,Perella Weinberg Partners,2025,1,acq_cf_bs_disagreement
1777921,,"AvePoint, Inc.",2025,1,acq_cf_bs_disagreement
1778922,,"SpyGlass Pharma, Inc.",2025,1,revenue
1778982,,Huize Holding Limited,2025,1,acq_cf_bs_disagreement
1779128,,"STRATA CRITICAL MEDICAL, INC.",2025,1,acq_cf_bs_disagreement
1779372,,"HEARTBEAM, INC.",2025,1,revenue
1779474,,"WM TECHNOLOGY, INC.",2025,1,acq_cf_bs_disagreement
1780531,,"OneConnect Financial Technology Co., Ltd.",2024,1,intangibles
1780731,,E-Power Inc.,2025,1,goodwill
1781174,,"Acrivon Therapeutics, Inc.",2025,1,revenue
1781335,,OTIS WORLDWIDE CORPORATION,2025,1,acq_cf_bs_disagreement
1781397,,EpicQuest Education Group International Limited,2025,1,acq_cf_bs_disagreement
1781753,,"Youdao, Inc.",2025,1,intangibles
1781755,,"The Baldwin Insurance Group, Inc.",2025,1,acq_cf_bs_disagreement
1782037,,MingZhu Logistics Holdings Limited,2024,1,sbc
1782170,,"Remitly Global, Inc.",2025,1,acq_cf_bs_disagreement
1782303,,"BOUNDLESS BIO, INC.",2025,1,revenue
1782754,,The AZEK Company Inc.,2024,1,acq_cf_bs_disagreement
1782941,,TIAN RUIXIANG Holdings Ltd,2024,1,sbc
1783180,,CARRIER GLOBAL CORPORATION,2025,1,acq_cf_bs_disagreement
1783398,,UWM HOLDINGS CORPORATION,2025,1,operating_income
1784254,,MEDIACO HOLDING INC.,2025,1,acq_cf_bs_disagreement
1784535,,"Porch Group, Inc.",2025,1,acq_cf_bs_disagreement
1785056,,INTERACTIVE STRENGTH INC.,2025,1,acq_cf_bs_disagreement
1785173,,"89bio, Inc.",2024,1,revenue
1785493,,RHINO BITCOIN INC.,2025,1,sbc
1785530,,"WEREWOLF THERAPEUTICS, INC.",2025,1,revenue
1785566,,Zhongchao Inc.,2025,1,goodwill
1786286,,Draganfly Inc.,2025,1,operating_income
1786318,,INTERNATIONAL BATTERY METALS LTD.,2026,1,revenue
1786352,,"BILL Holdings, Inc.",2026,1,acq_cf_bs_disagreement
1786471,,APTERA MOTORS CORP.,2025,1,revenue
1786842,,Vontier Corporation,2025,1,acq_cf_bs_disagreement
1787414,,Bogota Financial Corp.,2025,1,operating_income
1787518,,T3 Defense Inc.,2025,1,revenue
1787740,,"Valion Bio, Inc.",2025,1,revenue
1787803,,Meiwu Technology Company Limited,2025,1,capex
1788028,,"JASPER THERAPEUTICS, INC.",2025,1,revenue
1789192,,NEXENTIS TECHNOLOGIES INC.,2025,1,revenue
1789940,,"First Watch Restaurant Group, Inc.",2025,1,acq_cf_bs_disagreement
1790340,,Immuneering Corporation,2025,1,revenue
1791145,,GBANK FINANCIAL HOLDINGS INC.,2025,1,operating_income
1792030,,IM Cannabis Corp.,2025,1,acq_cf_bs_disagreement
1792044,,VIATRIS INC.,2025,1,acq_cf_bs_disagreement
1792789,,"DOORDASH, INC.",2025,1,acq_cf_bs_disagreement
1793229,,CLARITEV CORPORATION,2025,1,acq_cf_bs_disagreement
1793663,,VTEX,2025,1,acq_cf_bs_disagreement
1793862,,Dada Nexus Limited,2024,1,goodwill
1794515,,ZoomInfo Technologies Inc.,2025,1,acq_cf_bs_disagreement
1794669,,"SHIFT4 PAYMENTS, INC.",2025,1,acq_cf_bs_disagreement
1794783,,"SelectQuote, Inc.",2026,1,acq_cf_bs_disagreement
1795091,,OS THERAPIES INCORPORATED,2025,1,revenue
1795139,,GREEN THUMB INDUSTRIES INC.,2025,1,acq_cf_bs_disagreement
1795250,,SPHERE ENTERTAINMENT CO.,2025,1,acq_cf_bs_disagreement
1796280,,"ORIC PHARMACEUTICALS, INC.",2025,1,revenue
1798100,,NETSTREIT Corp.,2025,1,operating_income
1798562,,TMC the metals Co Inc.,2025,1,revenue
1798749,,"Jade Biosciences, Inc.",2025,1,revenue
1799191,,"Starling Oncology, Inc.",2025,1,acq_cf_bs_disagreement
1799332,,GAN Limited,2024,1,goodwill
1799448,,"Aligos Therapeutics, Inc.",2025,1,capex
1800227,,People Incorporated,2025,1,acq_cf_bs_disagreement
1800347,,"E2open Parent Holdings, Inc.",2025,1,acq_cf_bs_disagreement
1800637,,"RYTHM, Inc.",2025,1,capex
1800667,,JFrog Ltd.,2025,1,acq_cf_bs_disagreement
1801169,,Opendoor Technologies Inc.,2025,1,acq_cf_bs_disagreement
1801602,,"SPRINGBIG HOLDINGS, INC.",2025,1,intangibles
1801661,,FIRY INC.,2025,1,goodwill
1802450,,"MSP Recovery, Inc.",2024,1,revenue
1802665,,"HARMONY BIOSCIENCES HOLDINGS, INC.",2025,1,goodwill
1803407,,"Ostin Technology Group Co., Ltd.",2025,1,sbc
1803599,,CONCENTRIX CORPORATION,2025,1,acq_cf_bs_disagreement
1803696,,ADEIA INC.,2025,1,acq_cf_bs_disagreement
1803977,,LIMITLESS X HOLDINGS INC.,2025,1,capex
1804469,,"GUARDFORCE AI CO., LIMITED",2024,1,acq_cf_bs_disagreement
1804591,,23ANDME HOLDING CO,2025,1,acq_cf_bs_disagreement
1805521,,FARADAY FUTURE INTELLIGENT ELECTRIC INC.,2025,1,acq_cf_bs_disagreement
1805594,,Jowell Global Ltd.,2025,1,goodwill
1805651,,"MarketWise, Inc.",2025,1,acq_cf_bs_disagreement
1805833,,"System1, Inc.",2025,1,acq_cf_bs_disagreement
1806347,,WESTROCK COFFEE COMPANY,2025,1,acq_cf_bs_disagreement
1806905,,ALE Group Holding Limited,2025,1,sbc
1807389,,"Pop Culture Group Co., Ltd",2025,1,sbc
1807689,,"FAST CASUAL CONCEPTS, INC.",2025,1,capex
1807893,,"STANDARD PREMIUM FINANCE HOLDINGS, INC.",2025,1,operating_income
1808110,,DDC Enterprise Ltd,2025,1,acq_cf_bs_disagreement
1808158,,Repare Therapeutics Inc.,2024,1,revenue
1808377,,"INNOVATIVE EYEWEAR, INC.",2025,1,operating_income
1808665,,"ASSERTIO HOLDINGS, INC.",2025,1,capex
1808898,,BENITEC BIOPHARMA INC.,2025,1,revenue
1809104,,"Alight, Inc. / Delaware",2025,1,acq_cf_bs_disagreement
1809122,,CureVac N.V.,2024,1,goodwill
1809196,,Immatics N.V.,2025,1,revenue
1809519,,"GoodRx Holdings, Inc.",2025,1,acq_cf_bs_disagreement
1809587,,KE Holdings Inc.,2025,1,acq_cf_bs_disagreement
1809616,,Universe Pharmaceuticals INC,2025,1,sbc
1809987,,"Mirion Technologies, Inc.",2025,1,acq_cf_bs_disagreement
1810019,,"RACKSPACE TECHNOLOGY, INC.",2025,1,acq_cf_bs_disagreement
1810182,,ALX ONCOLOGY HOLDINGS INC,2025,1,revenue
1810806,,UNITY SOFTWARE INC.,2025,1,acq_cf_bs_disagreement
1811216,,Baosheng Media Group Holdings Ltd,2025,1,sbc
1811414,,QUANTUMSCAPE CORPORATION,2025,1,revenue
1812447,,SKY QUARRY INC.,2025,1,revenue
1812477,,Keel Infrastructure Corp.,2025,1,goodwill
1813603,,HESTIA INSIGHT INC.,2025,1,capex
1813783,,VISION MARINE TECHNOLOGIES INC.,2025,1,operating_income
1814287,,"Abacus Global Management, Inc.",2025,1,acq_cf_bs_disagreement
1815021,,BOQII HOLDING LIMITED,2026,1,goodwill
1815846,,MINISO Group Holding Limited,2024,1,acq_cf_bs_disagreement
1815849,,"ATI Physical Therapy, Inc.",2024,1,acq_cf_bs_disagreement
1816431,,QUANTUM-SI INCORPORATED,2025,1,goodwill
1816613,,Markforged Holding Corporation,2024,1,acq_cf_bs_disagreement
1816736,,"Disc Medicine, Inc.",2025,1,revenue
1817229,,Vor Biopharma Inc.,2025,1,revenue
1817232,,GLOBAL GAS CORPORATION,2025,1,capex
1817740,,Austin Gold Corp.,2025,1,revenue
1818383,,"MediaAlpha, Inc.",2025,1,acq_cf_bs_disagreement
1818643,,"PHOENIX ENERGY ONE, LLC",2025,1,capex
1818794,,"Dyne Therapeutics, Inc.",2025,1,revenue
1819142,,SES AI Corporation,2025,1,acq_cf_bs_disagreement
1819394,,"Matterport, Inc./DE",2024,1,acq_cf_bs_disagreement
1819516,,WHEELS UP EXPERIENCE INC.,2025,1,acq_cf_bs_disagreement
1819810,,Redwire Corporation,2025,1,acq_cf_bs_disagreement
1819848,,"Joby Aviation, Inc.",2025,1,acq_cf_bs_disagreement
1819994,,Rocket Lab Corp,2025,1,acq_cf_bs_disagreement
1820302,,"Bakkt, Inc.",2025,1,capex
1820566,,INSPIRATO INCORPORATED,2024,1,operating_income
1820721,,"ARRAY TECHNOLOGIES, INC.",2025,1,acq_cf_bs_disagreement
1820872,,"Global Business Travel Group, Inc.",2025,1,acq_cf_bs_disagreement
1820875,,CXApp Inc.,2025,1,sbc
1820953,,"Affirm Holdings, Inc.",2026,1,acq_cf_bs_disagreement
1821534,,"Exodus Movement, Inc.",2025,1,operating_income
1821586,,MOONLAKE IMMUNOTHERAPEUTICS,2025,1,revenue
1821769,,Navitas Semiconductor Corp,2025,1,acq_cf_bs_disagreement
1821806,,"LESLIE’S, INC.",2025,1,acq_cf_bs_disagreement
1821825,,Organon & Co.,2025,1,operating_income
1822250,,ContextLogic Inc.,2024,1,capex
1822359,,DocGo Inc.,2025,1,acq_cf_bs_disagreement
1823239,,"Maravai LifeSciences Holdings, Inc.",2025,1,acq_cf_bs_disagreement
1823306,,LIGHTSPEED COMMERCE INC.,2025,1,acq_cf_bs_disagreement
1823406,,"Affinity Bancshares, Inc.",2025,1,operating_income
1823466,,"FiscalNote Holdings, Inc.",2025,1,acq_cf_bs_disagreement
1823584,,ALLIANCE ENTERTAINMENT HOLDING CORP,2025,1,acq_cf_bs_disagreement
1823608,,Amalgamated Financial Corp.,2025,1,operating_income
1823652,,"EVE HOLDING, INC.",2025,1,revenue
1823878,,"PLAYSTUDIOS, Inc.",2025,1,acq_cf_bs_disagreement
1824293,,"GRI BIO, INC.",2025,1,revenue
1824502,,Archer Aviation Inc.,2025,1,acq_cf_bs_disagreement
1824920,,"IONQ, INC.",2025,1,acq_cf_bs_disagreement
1825155,,TELUS International (Cda) Inc.,2024,1,acq_cf_bs_disagreement
1825349,,Chanson International Holding,2025,1,sbc
1825875,,ERAYAK Power Solution Group Inc.,2025,1,sbc
1826000,,"Latch, Inc.",2025,1,acq_cf_bs_disagreement
1826286,,Vinci Partners Investments Ltd.,2024,1,revenue
1826376,,Golden Sun Technology Group Limited,2025,1,sbc
1826667,,"TriSalus Life Sciences, Inc.",2025,1,intangibles
1827087,,"VIGIL NEUROSCIENCE, INC.",2024,1,revenue
1827090,,"Certara, Inc.",2025,1,acq_cf_bs_disagreement
1827506,,"TOURMALINE BIO, INC.",2024,1,revenue
1827635,,"Veradermics, Inc",2025,1,revenue
1828016,,PLAYTIKA HOLDING CORP.,2025,1,acq_cf_bs_disagreement
1828105,,HIPPO HOLDINGS INC.,2025,1,operating_income
1828161,,"FTC Solar, Inc.",2025,1,acq_cf_bs_disagreement
1828316,,Pharming Group N.V.,2025,1,goodwill
1828318,,Enovix Corporation,2025,1,acq_cf_bs_disagreement
1828376,,WILLIAM PENN BANCORPORATION,2024,1,operating_income
1828377,,Fortitude Gold Corporation,2025,1,operating_income
1828588,,"Hanover Bancorp, Inc. /MD",2025,1,operating_income
1828748,,ASIAFIN HOLDINGS CORP.,2025,1,sbc
1828791,,Viant Technology Inc.,2025,1,acq_cf_bs_disagreement
1828972,,"BuzzFeed, Inc.",2025,1,acq_cf_bs_disagreement
1829280,,FORIAN INC.,2025,1,capex
1829635,,"TRANSCODE THERAPEUTICS, INC.",2025,1,revenue
1829667,,Regencell Bioscience Holdings Limited,2025,1,revenue
1829726,,Triple Flag Precious Metals Corp.,2025,1,capex
1829802,,"Faeth Therapeutics, Inc.",2025,1,revenue
1829864,,"TaskUs, Inc.",2025,1,acq_cf_bs_disagreement
1829959,,Docebo Inc.,2025,1,acq_cf_bs_disagreement
1830072,,iPower Inc.,2025,1,sbc
1830081,,RUM GROUP INC.,2025,1,acq_cf_bs_disagreement
1830188,,"UNITED HOMES GROUP, INC.",2025,1,intangibles
1830214,,"GINKGO BIOWORKS HOLDINGS, INC.",2025,1,acq_cf_bs_disagreement
1830487,,Pharvaris N.V.,2025,1,revenue
1831097,,"agilon health, inc.",2025,1,acq_cf_bs_disagreement
1831363,,"Terns Pharmaceuticals, Inc.",2025,1,revenue
1831651,,"Shoals Technologies Group, Inc.",2025,1,acq_cf_bs_disagreement
1831828,,"Vera Therapeutics, Inc.",2025,1,revenue
1831840,,"Semrush Holdings, Inc.",2025,1,acq_cf_bs_disagreement
1831868,,SeaStar Medical Holding Corp,2025,1,capex
1831979,,STARDUST POWER INC.,2025,1,revenue
1832466,,"ALIGNMENT HEALTHCARE, INC.",2025,1,acq_cf_bs_disagreement
1832483,,SERVE ROBOTICS INC.,2025,1,acq_cf_bs_disagreement
1832928,,Cresco Labs Inc.,2025,1,acq_cf_bs_disagreement
1833197,,"Latham Group, Inc.",2025,1,acq_cf_bs_disagreement
1833498,,"SPECTRAL AI, INC.",2025,1,capex
1834105,,"Impact     BioMedical, INC.",2025,1,capex
1834253,,Smart Share Global Ltd,2024,1,capex
1834488,,"N-able, Inc.",2025,1,acq_cf_bs_disagreement
1834489,,Genius Sports Limited,2025,1,acq_cf_bs_disagreement
1834494,,"MeridianLink, Inc.",2024,1,acq_cf_bs_disagreement
1834584,,"COUPANG, INC.",2025,1,goodwill
1834622,,"Hayward Holdings, Inc.",2025,1,acq_cf_bs_disagreement
1835022,,"Coya Therapeutics, Inc.",2025,1,capex
1835256,,"The Duckhorn Portfolio, Inc.",2024,1,acq_cf_bs_disagreement
1835385,,"MARATHON BANCORP, INC.",2025,1,operating_income
1835579,,"ImageneBio, Inc.",2025,1,capex
1835597,,PEPGEN INC.,2025,1,revenue
1835615,,"MEIHUA INTERNATIONAL MEDICAL TECHNOLOGIES cO., LTD.",2025,1,sbc
1835632,,"MARVELL TECHNOLOGY, INC",2026,1,acq_cf_bs_disagreement
1835963,,Global-E Online Ltd.,2025,1,acq_cf_bs_disagreement
1836242,,"Tokyo Lifestyle Co., Ltd.",2026,1,sbc
1836564,,Valneva SE,2025,1,goodwill
1836833,,Planet Labs PBC,2026,1,acq_cf_bs_disagreement
1836875,,NUVVE HOLDING CORP.,2025,1,acq_cf_bs_disagreement
1836981,,"BigBear.ai Holdings, Inc.",2025,1,acq_cf_bs_disagreement
1837240,,SYMBOTIC INC.,2025,1,capex
1837607,,"AEON Biopharma, Inc.",2025,1,revenue
1837686,,"VIMEO, INC.",2024,1,acq_cf_bs_disagreement
1838359,,"RIGETTI COMPUTING, INC.",2025,1,goodwill
1838413,,Full Truck Alliance Co. Ltd.,2025,1,acq_cf_bs_disagreement
1838615,,"AlTi Global, Inc.",2025,1,acq_cf_bs_disagreement
1839439,,"PAYCOR HCM, INC.",2024,1,acq_cf_bs_disagreement
1840102,,"SPECIFICITY, INC.",2025,1,capex
1840292,,"Heliogen, Inc.",2024,1,acq_cf_bs_disagreement
1840502,,TABOOLA.COM LTD.,2025,1,acq_cf_bs_disagreement
1840572,,LUCKY STRIKE ENTERTAINMENT CORPORATION,2026,1,acq_cf_bs_disagreement
1840574,,"VERVE THERAPEUTICS, INC.",2024,1,revenue
1840856,,"SOUNDHOUND AI, INC.",2025,1,acq_cf_bs_disagreement
1841387,,"CANDEL THERAPEUTICS, INC.",2025,1,revenue
1841408,,Dave Inc./DE,2025,1,operating_income
1841425,,"Verde Clean Fuels, Inc.",2025,1,revenue
1841925,,"indie Semiconductor, Inc.",2025,1,acq_cf_bs_disagreement
1841968,,"Ridgepost Capital, Inc.",2025,1,acq_cf_bs_disagreement
1842022,,"DT Midstream, Inc.",2025,1,acq_cf_bs_disagreement
1842295,,"MAZE THERAPEUTICS, INC.",2025,1,revenue
1842718,,INTEGRAL AD SCIENCE HOLDING CORP.,2024,1,acq_cf_bs_disagreement
1842731,,Similarweb Ltd.,2025,1,acq_cf_bs_disagreement
1842827,,KANZHUN LIMITED,2025,1,acq_cf_bs_disagreement
1842952,,CONTEXT THERAPEUTICS INC.,2025,1,revenue
1844392,,"MARPAI, INC.",2025,1,capex
1844452,,"INTUITIVE MACHINES, INC.",2025,1,acq_cf_bs_disagreement
1845123,,"AleAnna, Inc.",2025,1,capex
1845257,,"LifeStance Health Group, Inc.",2025,1,acq_cf_bs_disagreement
1845459,,"NKGen Biotech, Inc.",2024,1,revenue
1845815,,Payoneer Global Inc.,2025,1,acq_cf_bs_disagreement
1846715,,ECO WAVE POWER GLOBAL AB (PUBL),2025,1,ocf
1846839,,SOL Strategies Inc.,2025,1,operating_income
1847345,,"ASPIRE     BIOPHARMA HOLDINGS, INC.",2025,1,capex
1847846,,EUDA Health Holdings Ltd,2025,1,sbc
1847874,,MOBILE INFRASTRUCTURE CORPORATION,2025,1,operating_income
1848416,,VERANO HOLDINGS CORP.,2025,1,acq_cf_bs_disagreement
1849056,,Oklo Inc.,2025,1,revenue
1849253,,"RYAN SPECIALTY HOLDINGS, INC.",2025,1,acq_cf_bs_disagreement
1849466,,"Texas Community Bancshares, Inc.",2025,1,operating_income
1849670,,"PB BANKSHARES, INC",2024,1,operating_income
1849820,,"NAUTICUS ROBOTICS, INC.",2025,1,acq_cf_bs_disagreement
1849853,,Stevanato Group S.p.A.,2025,1,sbc
1849867,,"CATALYST BANCORP, INC.",2025,1,operating_income
1850270,,ProKidney Corp.,2025,1,intangibles
1851003,,ZETA GLOBAL HOLDINGS CORP.,2025,1,acq_cf_bs_disagreement
1852131,,Nextpower Inc.,2026,1,acq_cf_bs_disagreement
1852244,,"GXO Logistics, Inc.",2025,1,acq_cf_bs_disagreement
1852353,,Dakota Gold Corp.,2025,1,revenue
1853145,,EverCommerce Inc.,2025,1,acq_cf_bs_disagreement
1854183,,ORION BLISS CORP.,2026,1,sbc
1855129,,GH Research PLC,2025,1,revenue
1855175,,"Contineum Therapeutics, Inc.",2025,1,revenue
1855474,,AIRJOULE TECHNOLOGIES CORPORATION,2025,1,revenue
1855485,,"Calidi Biotherapeutics, Inc.",2025,1,revenue
1855644,,ZURA BIO LIMITED,2025,1,revenue
1855747,,"BLEND LABS, INC.",2025,1,goodwill
1856031,,Vivid Seats Inc.,2025,1,operating_income
1856084,,"Ridgetech, Inc.",2026,1,sbc
1856314,,"CLEAR SECURE, INC.",2025,1,acq_cf_bs_disagreement
1856365,,FINWISE BANCORP,2025,1,operating_income
1856437,,VICTORIA'S SECRET & CO.,2025,1,acq_cf_bs_disagreement
1857030,,INTERCURE LTD.,2024,1,intangibles
1857154,,"Krispy Kreme, Inc.",2025,1,acq_cf_bs_disagreement
1857190,,NYXOAH SA,2025,1,revenue
1857475,,Dole plc,2025,1,acq_cf_bs_disagreement
1857853,,"Traeger, Inc",2025,1,acq_cf_bs_disagreement
1858848,,"Tenaya Therapeutics, Inc.",2025,1,revenue
1859199,,reAlpha Tech Corp.,2025,1,acq_cf_bs_disagreement
1859392,,Galaxy Digital Inc.,2025,1,operating_income
1860160,,Firefly Aerospace Inc.,2025,1,acq_cf_bs_disagreement
1860543,,"Cadre Holdings, Inc.",2025,1,acq_cf_bs_disagreement
1860805,,ALGOMA STEEL GROUP INC.,2025,1,sbc
1860871,,Tevogen Inc.,2025,1,revenue
1861622,,Jet.AI Inc.,2025,1,capex
1861737,,Hesai Group,2025,1,goodwill
1861795,,Definitive Healthcare Corp.,2025,1,acq_cf_bs_disagreement
1862150,,Cingulate Inc.,2025,1,revenue
1863127,,"TYRA BIOSCIENCES, INC.",2025,1,revenue
1863218,,Shengfeng Development Limited,2025,1,sbc
1863362,,"SOFGEN PHARMA, S.A.",2024,1,sbc
1865107,,a.k.a. Brands Holding Corp.,2025,1,acq_cf_bs_disagreement
1865494,,"IO Biotech, Inc.",2024,1,revenue
1865506,,Zeo Energy Corp.,2025,1,acq_cf_bs_disagreement
1865782,,"BrightSpring Health Services, Inc.",2025,1,acq_cf_bs_disagreement
1866175,,Crescent Energy Company,2025,1,goodwill
1866364,,Webull Corporation,2025,1,operating_income
1866368,,"Clearwater Analytics Holdings, Inc.",2025,1,acq_cf_bs_disagreement
1866581,,Dutch Bros Inc.,2025,1,acq_cf_bs_disagreement
1866633,,"Consensus Cloud Solutions, Inc.",2025,1,acq_cf_bs_disagreement
1866816,,"SYNTEC OPTICS HOLDINGS, INC.",2025,1,intangibles
1867066,,Journey Medical Corp,2025,1,capex
1867072,,"Kyndryl Holdings, Inc.",2026,1,operating_income
1867096,,"XERIS BIOPHARMA HOLDINGS, INC.",2025,1,capex
1868159,,"Lineage, Inc.",2025,1,acq_cf_bs_disagreement
1868275,,CONSTELLATION ENERGY CORPORATION,2025,1,acq_cf_bs_disagreement
1868516,,"StratCap Digital Infrastructure REIT, Inc.",2025,1,operating_income
1868778,,Informatica Inc.,2024,1,acq_cf_bs_disagreement
1869105,,"BridgeBio Oncology Therapeutics, Inc.",2025,1,revenue
1870600,,"Solo Brands, Inc.",2025,1,acq_cf_bs_disagreement
1871181,,"FAMILY OFFICE OF AMERICA, INC.",2025,1,capex
1871321,,Alpha Tau Medical Ltd.,2025,1,revenue
1871983,,ANGHAMI INC.,2024,1,sbc
1872195,,Bullish,2025,1,operating_income
1872292,,RAINMAKER WORLDWIDE INC.,2024,1,capex
1873093,,CytoMed Therapeutics Limited,2025,1,operating_income
1873213,,BIRDIE WIN CORPORATION,2025,1,capex
1873529,,"KinderCare Learning Companies, Inc.",2025,1,acq_cf_bs_disagreement
1873722,,"Bubblr, Inc.",2025,1,capex
1873835,,"IMMIX BIOPHARMA, INC.",2025,1,revenue
1873875,,Incannex Healthcare Inc.,2025,1,intangibles
1874474,,Allego N.V.,2024,1,goodwill
1874944,,"Vacasa, Inc.",2024,1,acq_cf_bs_disagreement
1875091,,NeuroSense Therapeutics Ltd.,2025,1,revenue
1875994,,Xinxu Copper Industry Technology Limited,2025,1,sbc
1876042,,"CIRCLE INTERNET GROUP, INC.",2025,1,acq_cf_bs_disagreement
1876183,,IHS Holding Ltd,2025,1,acq_cf_bs_disagreement
1876431,,Prenetics Global Limited,2024,1,acq_cf_bs_disagreement
1879016,,Ivanhoe Electric Inc.,2025,1,intangibles
1879270,,"The Cannaisseur Group, Inc.",2025,1,capex
1879293,,"MAG MILE CAPITAL, INC.",2025,1,capex
1879848,,Phoenix Motor Inc.,2024,1,intangibles
1880613,,"DIRECT DIGITAL HOLDINGS, INC.",2025,1,capex
1881487,,ProFrac Holding Corp.,2025,1,acq_cf_bs_disagreement
1881592,,"NSTS Bancorp, Inc.",2025,1,operating_income
1882850,,"Apollo Realty Income Solutions, Inc.",2025,1,sbc
1883085,,Pagaya Technologies Ltd.,2025,1,acq_cf_bs_disagreement
1883313,,"Savers Value Village, Inc.",2025,1,acq_cf_bs_disagreement
1883437,,EPSIUM ENTERPRISE LIMITED,2025,1,sbc
1883814,,"SOUTHLAND HOLDINGS, INC.",2025,1,sbc
1884164,,"KwikClick, Inc.",2025,1,capex
1884516,,DRILLING TOOLS INTERNATIONAL CORPORATION,2025,1,operating_income
1885336,,"FORMATION MINERALS, INC.",2024,1,capex
1885827,,Virax Biolabs Group Ltd,2025,1,intangibles
1885849,,TOFLA MEGALINE INC.,2024,1,sbc
1886190,,GOGORO INC.,2025,1,intangibles
1886428,,"Slide Insurance Holdings, Inc.",2025,1,operating_income
1886894,,"SNAIL, INC.",2025,1,goodwill
1888012,,"HILLEVAX, INC.",2024,1,revenue
1888274,,DEFI TECHNOLOGIES INC.,2025,1,acq_cf_bs_disagreement
1888447,,"Excelerate Energy, Inc",2025,1,acq_cf_bs_disagreement
1888525,,U-BX Technology Ltd.,2025,1,sbc
1888654,,"5E ADVANCED MATERIALS, INC.",2025,1,revenue
1888886,,Structure Therapeutics Inc.,2025,1,revenue
1889109,,"Belite Bio, Inc",2025,1,revenue
1889123,,"Fold Holdings, Inc.",2025,1,operating_income
1891856,,"GEN Restaurant Group, Inc.",2025,1,intangibles
1893645,,Polyrizon Ltd.,2025,1,revenue
1895262,,Noble Corporation plc,2025,1,goodwill
1896425,,Li Bang International Corporation Inc.,2025,1,sbc
1897245,,HWH     INTERNATIONAL INC.,2025,1,operating_income
1897982,,"ASPEN TECHNOLOGY, INC.",2024,1,acq_cf_bs_disagreement
1898496,,"GETTY IMAGES HOLDINGS, INC.",2025,1,acq_cf_bs_disagreement
1898643,,MOBILICOM LIMITED,2025,1,operating_income
1899123,,BITDEER TECHNOLOGIES GROUP,2024,1,ocf
1900304,,Haleon plc,2025,1,intangibles
1900720,,EPWK HOLDINGS LTD.,2025,1,sbc
1901297,,ZRCN INC.,2025,1,goodwill
1901440,,UL Solutions Inc.,2025,1,acq_cf_bs_disagreement
1901637,,"USCB Financial Holdings, Inc.",2025,1,operating_income
1902733,,"nCino, Inc.",2026,1,acq_cf_bs_disagreement
1903709,,ANGKASA-X HOLDINGS CORP.,2024,1,sbc
1903870,,FORAFRIC GLOBAL PLC,2025,1,acq_cf_bs_disagreement
1903995,,Millennium Group International Holdings Limited,2025,1,sbc
1904501,,Zentek Ltd.,2025,1,revenue
1905511,,JE CLEANTECH HOLDINGS LIMITED,2025,1,sbc
1905920,,Galaxy Payroll Group Limited,2025,1,sbc
1905956,,Treasure Global Inc,2025,1,goodwill
1906324,,QUIDELORTHO CORP,2025,1,acq_cf_bs_disagreement
1907085,,Oddity Tech Ltd,2025,1,acq_cf_bs_disagreement
1907108,,"Lexeo Therapeutics, Inc.",2025,1,revenue
1908705,,GLOBAL ENGINE GROUP HOLDING LIMITED,2025,1,sbc
1909747,,Jushi Holdings Inc.,2025,1,acq_cf_bs_disagreement
1909770,,KHEOBA CORP.,2024,1,sbc
1911467,,"Circle Energy, Inc./NV",2025,1,sbc
1913510,,VinFast Auto Ltd.,2024,1,goodwill
1913838,,"VWF Bancorp, Inc.",2024,1,operating_income
1913971,,"PRINCETON BANCORP, INC.",2025,1,operating_income
1914605,,"ECB Bancorp, Inc. /MD/",2025,1,operating_income
1914805,,CBL INTERNATIONAL LIMITED,2025,1,sbc
1914818,,Starbox Group Holdings Ltd.,2024,1,sbc
1916331,,Neo-Concept International Group Holdings Limited,2025,1,sbc
1918102,,"Deep Fission, Inc.",2025,1,revenue
1919182,,"UNIVERSAL TOKEN, INC.",2025,1,sbc
1920092,,Gelteq Limited,2025,1,sbc
1921158,,BitFuFu Inc.,2025,1,intangibles
1922097,,LANVIN GROUP HOLDINGS LIMITED,2024,1,acq_cf_bs_disagreement
1922446,,Diversified Energy Company,2025,1,goodwill
1922639,,Permex Petroleum Corporation,2024,1,sbc
1922641,,Enlight Renewable Energy Ltd.,2025,1,goodwill
1923840,,"THIRD HARMONIC BIO, INC.",2024,1,revenue
1927719,,Freightos Ltd,2025,1,acq_cf_bs_disagreement
1928340,,Golden Heaven Group Holdings Ltd.,2025,1,capex
1928581,,FITELL CORPORATION,2025,1,capex
1929017,,"Sealy Industrial Partners IV, LP",2025,1,sbc
1929561,,"RXO, INC.",2025,1,acq_cf_bs_disagreement
1931055,,Medinotec Inc.,2026,1,sbc
1931717,,CCSC Technology International Holdings Limited,2026,1,sbc
1932072,,LOBO TECHNOLOGIES LTD.,2025,1,sbc
1932393,,GE HEALTHCARE TECHNOLOGIES INC.,2025,1,acq_cf_bs_disagreement
1932737,,Robo.ai Inc.,2025,1,capex
1933414,,"MINERALYS THERAPEUTICS, INC.",2025,1,revenue
1933951,,INNEOVA Holdings Limited,2025,1,sbc
1934642,,"MDB CAPITAL HOLDINGS, LLC",2025,1,revenue
1935979,,Biohaven Ltd.,2025,1,revenue
1936258,,NewAmsterdam Pharma Company N.V.,2025,1,intangibles
1936817,,Haoxin Holdings Limited,2025,1,sbc
1937993,,"Cadrenal Therapeutics, Inc.",2025,1,revenue
1938046,,"Mangoceuticals, Inc.",2025,1,capex
1938109,,PINEAPPLE FINANCIAL INC.,2025,1,capex
1938186,,Jayud Global Logistics Limited,2025,1,goodwill
1938338,,GLOBALTECH CORPORATION,2025,1,sbc
1939433,,"Cohen & Steers Income Opportunities REIT, Inc.",2025,1,operating_income
1940941,,mF International Limited,2025,1,sbc
1941365,,"MasterBrand, Inc.",2025,1,acq_cf_bs_disagreement
1941500,,Multi Ways Holdings Limited,2025,1,sbc
1941536,,"BRIDGER AEROSPACE GROUP HOLDINGS, INC.",2025,1,operating_income
1943421,,Rubico Inc.,2025,1,sbc
1943444,,TUNGRAY TECHNOLOGIES INC,2025,1,sbc
1943896,,"RUBRIK, INC.",2026,1,intangibles
1944013,,CRANE COMPANY,2025,1,acq_cf_bs_disagreement
1944057,,Cool Company Ltd.,2024,1,sbc
1944399,,"Earlyworks Co., Ltd.",2025,1,sbc
1944552,,Adlai Nortye Ltd.,2024,1,revenue
1944885,,Apollomics Inc.,2024,1,operating_income
1944902,,Ohmyhome Limited,2025,1,acq_cf_bs_disagreement
1945240,,ROMA GREEN FINANCE LIMITED,2026,1,sbc
1946573,,NAKAMOTO INC.,2025,1,capex
1946703,,WEBUY GLOBAL LTD,2025,1,sbc
1946746,,LEET Inc.,2025,1,sbc
1948697,,SIMPPLE LTD.,2025,1,sbc
1949257,,Radiopharm Theranostics Limited,2025,1,capex
1949543,,Sitio Royalties Corp.,2024,1,capex
1951229,,Reitar Logtech Holdings Limited,2026,1,sbc
1951667,,Cheetah Net Supply Chain Service Inc.,2025,1,capex
1953021,,Mega Matrix Inc,2025,1,capex
1953530,,Oculis Holding AG,2025,1,revenue
1953575,,Collective Mining Ltd.,2025,1,revenue
1953984,,"Binah Capital Group, Inc.",2025,1,operating_income
1953988,,HELIO CORPORATION,2025,1,capex
1954269,,GARDEN STAGE LIMITED,2026,1,operating_income
1954594,,Haoxi Health Technology Limited,2025,1,capex
1954694,,Lucas GC Limited,2025,1,sbc
1954705,,Fuxing China Group Limited,2025,1,sbc
1955520,,Knife River Corporation,2025,1,acq_cf_bs_disagreement
1956744,,TRON INC.,2025,1,goodwill
1956827,,Abivax S.A.,2025,1,revenue
1956955,,"Unusual Machines, Inc.",2025,1,acq_cf_bs_disagreement
1957001,,FENBO HOLDINGS LIMITED,2025,1,sbc
1957146,,Almacenes Exito S.A.,2024,1,sbc
1957489,,Able View Global Inc.,2025,1,sbc
1958086,,CORE LABORATORIES INC.,2025,1,acq_cf_bs_disagreement
1958133,,Decent Holding Inc.,2025,1,sbc
1958399,,"Huachen AI Parking Management Technology Holding Co., Ltd",2025,1,capex
1958777,,"FibroBiologics, Inc.",2025,1,revenue
1959224,,"Solowin Holdings, Ltd.",2026,1,operating_income
1959726,,AUTOZI INTERNET TECHNOLOGY (GLOBAL) LTD.,2025,1,capex
1959994,,AUSTRALIAN OILSEEDS HOLDINGS LIMITED,2025,1,sbc
1960208,,Carbon Revolution Public Limited Company,2024,1,operating_income
1961847,,INNO HOLDINGS INC.,2025,1,capex
1962481,,BranchOut Food Inc.,2025,1,intangibles
1962918,,"ACELYRIN, INC.",2024,1,revenue
1964314,,JBDI Holdings Limited,2026,1,sbc
1964664,,ORIENTAL RISE HOLDINGS LIMITED,2025,1,sbc
1964738,,SOLVENTUM CORPORATION,2025,1,acq_cf_bs_disagreement
1964946,,Youxin Technology Ltd,2025,1,capex
1964979,,"Allurion Technologies, Inc.",2025,1,capex
1966233,,NIP Group Inc.,2024,1,sbc
1966287,,Greenfire Resources Ltd.,2025,1,operating_income
1966394,,Fortress Net Lease REIT,2025,1,operating_income
1966494,,"CARGO Therapeutics, Inc.",2024,1,revenue
1966750,,Zhibao Technology Inc.,2025,1,capex
1967306,,"Mercer Bancorp, Inc.",2025,1,operating_income
1967649,,Vestis Corp,2025,1,acq_cf_bs_disagreement
1967656,,"PFS Bancorp, Inc.",2025,1,operating_income
1967680,,VERALTO CORPORATION,2025,1,acq_cf_bs_disagreement
1967822,,Creative Global Technology Holdings Limited,2025,1,capex
1968487,,"WORTHINGTON STEEL, INC.",2026,1,acq_cf_bs_disagreement
1968915,,PHINIA INC.,2025,1,acq_cf_bs_disagreement
1969373,,"Vesta Real Estate Corporation, S.A.B. de C.V.",2025,1,operating_income
1969863,,SU Group Holdings Ltd,2025,1,sbc
1969928,,TJGC Group Limited,2026,1,sbc
1971213,,"Sinclair, Inc.",2025,1,acq_cf_bs_disagreement
1971542,,QMMM Holdings Limited,2025,1,sbc
1971543,,Mural Oncology plc,2024,1,revenue
1971828,,Energys Group Ltd,2025,1,sbc
1972074,,Linkers Industries Limited,2025,1,sbc
1972529,,Armlogi Holding Corp.,2025,1,sbc
1973047,,MARKY CORP.,2024,1,sbc
1973368,,SRIVARU Holding Limited,2025,1,sbc
1974044,,MoneyHero Limited,2024,1,goodwill
1974138,,NCR ATLEOS CORPORATION,2025,1,acq_cf_bs_disagreement
1974640,,"Apogee Therapeutics, Inc.",2025,1,revenue
1975641,,Zhengye Biotechnology Holding Limited,2025,1,sbc
1976695,,Mobile-health Network Solutions,2025,1,operating_income
1976900,,DFP HOLDINGS LIMITED,2025,1,sbc
1977102,,Birkenstock Holding plc,2025,1,sbc
1978111,,NAPLOY CORP.,2025,1,sbc
1978133,,YERBAE BRANDS CORP.,2024,1,capex
1978811,,"Gouverneur Bancorp, Inc.",2025,1,operating_income
1979332,,"Central Plains Bancshares, Inc.",2026,1,operating_income
1979407,,Orangekloud Technology Inc.,2025,1,sbc
1980210,,WF Holding Ltd,2025,1,sbc
1980845,,enGene Therapeutics Inc.,2025,1,revenue
1981519,,MIXED MARTIAL ARTS GROUP LIMITED,2025,1,operating_income
1981546,,"Commercial Bancgroup, Inc.",2025,1,operating_income
1981599,,"Centuri Holdings, Inc.",2025,1,acq_cf_bs_disagreement
1981662,,NEWGENIVF GROUP LIMITED,2025,1,sbc
1982012,,Ten-League International Holdings Limited,2025,1,sbc
1982518,,Smith Douglas Homes Corp.,2025,1,operating_income
1982960,,KNOREX LTD.,2025,1,sbc
1982961,,ENIGMATIG LTD,2025,1,sbc
1983550,,Trident Digital Tech Holdings Ltd,2025,1,operating_income
1984124,,Luda Technology Group Limited,2025,1,sbc
1985139,,"Leishen Energy Holding Co., Ltd.",2025,1,sbc
1985487,,Joint Stock Company Kaspi.kz,2025,1,operating_income
1985554,,Londax Corp.,2025,1,sbc
1988494,,"FRONTVIEW REIT, INC.",2025,1,capex
1988894,,"Amer Sports, Inc.",2025,1,acq_cf_bs_disagreement
1990251,,Wellchange Holdings Company Limited,2025,1,capex
1990354,,Waystar Holding Corp.,2025,1,acq_cf_bs_disagreement
1990950,,Semilux International Ltd.,2024,1,sbc
1991792,,"CG Oncology, Inc.",2025,1,acq_cf_bs_disagreement
1992243,,T1 Energy Inc.,2025,1,acq_cf_bs_disagreement
1993344,,ALLIED GOLD CORPORATION,2025,1,operating_income
1993431,,Micropolis Holding Company,2024,1,sbc
1994214,,NOMADAR CORP.,2025,1,capex
1994702,,"Kyverna Therapeutics, Inc.",2025,1,revenue
1995075,,MEGAN HOLDINGS LIMITED,2025,1,sbc
1995116,,Rectitude Holdings Ltd,2026,1,sbc
1995574,,Icon Energy Corp,2025,1,sbc
1995704,,Cuprina Holdings (Cayman) Limited,2025,1,sbc
1995807,,LandBridge Company LLC,2025,1,goodwill
1997377,,IsoEnergy Ltd.,2025,1,revenue
1997637,,iOThree Limited,2026,1,sbc
1997711,,Logistic Properties of the Americas,2025,1,ocf
1997859,,WEBTOON Entertainment Inc.,2025,1,acq_cf_bs_disagreement
1998056,,Premium Catering (Holdings) Limited,2025,1,sbc
1998560,,Mint Inc Ltd,2026,1,revenue
1999001,,Six Flags Entertainment Corporation/NEW,2025,1,acq_cf_bs_disagreement
1999480,,"Alto Neuroscience, Inc.",2025,1,revenue
2000530,,Gamehaus Holdings Inc.,2025,1,sbc
2000640,,DAMON INC.,2025,1,capex
2001288,,Skycorp Solar Group Limited,2025,1,sbc
2001557,,"INNVENTURE, INC.",2025,1,acq_cf_bs_disagreement
2001699,,Helport AI Limited,2025,1,capex
2001794,,CONCORDE INTERNATIONAL GROUP LTD,2024,1,operating_income
2002236,,Springview Holdings Ltd,2025,1,capex
2002473,,Bowhead Specialty Holdings Inc.,2025,1,operating_income
2003061,,Star Fashion Culture Holdings Limited,2025,1,capex
2003750,,"MAITONG SUNSHINE CULTURAL DEVELOPMENT CO., LIMITED",2025,1,capex
2003977,,Cre8 Enterprise Limited,2025,1,sbc
2005951,,Smurfit Westrock plc,2025,1,acq_cf_bs_disagreement
2007191,,Telix Pharmaceuticals Limited,2025,1,acq_cf_bs_disagreement
2007587,,"American Integrity Insurance Group, Inc.",2025,1,operating_income
2007702,,"Cellyan Biotechnology Co., Ltd",2025,1,sbc
2008007,,MaxsMaking Inc.,2025,1,sbc
2008861,,"Endo, Inc.",2024,1,operating_income
2009233,,Agroz Inc.,2024,1,sbc
2009684,,Seaport Entertainment Group Inc.,2025,1,capex
2010788,,EXOZYMES INC.,2025,1,revenue
2010959,,AMBITIONS ENTERPRISE MANAGEMENT CO. L.L.C,2025,1,sbc
2011053,,POWERBANK CORPORATION,2025,1,capex
2011286,,"Amentum Holdings, Inc.",2025,1,acq_cf_bs_disagreement
2011641,,Ferguson Enterprises Inc. /DE/,2025,1,acq_cf_bs_disagreement
2011674,,YD Bio Limited,2025,1,sbc
2012096,,Powell Max Limited,2024,1,sbc
2012219,,OMS Energy Technologies Inc.,2025,1,sbc
2012318,,INFLECTION POINT ACQUISITION CORP. III,2025,1,capex
2012383,,"BlackRock, Inc.",2025,1,acq_cf_bs_disagreement
2012593,,"Rapport Therapeutics, Inc.",2025,1,revenue
2012726,,"Fifth District Bancorp, Inc.",2025,1,operating_income
2013639,,"FB Bancorp, Inc.",2025,1,operating_income
2013792,,"EWSB BANCORP, INC",2025,1,operating_income
2014254,,FST Corp.,2025,1,sbc
2014337,,Texxon Holding Limited,2025,1,sbc
2014596,,"CONCENTRA GROUP HOLDINGS PARENT, INC.",2025,1,acq_cf_bs_disagreement
2015691,,Elong Power Holding Ltd.,2025,1,sbc
2016337,,PTL Limited,2025,1,capex
2017206,,"Millrose Properties, Inc.",2025,1,capex
2017758,,Linkhome Holdings Inc.,2025,1,sbc
2018064,,"TECHTARGET, INC.",2025,1,acq_cf_bs_disagreement
2018529,,Intercont (Cayman) Limited,2025,1,sbc
2019435,,Blue Gold Ltd,2025,1,revenue
2019505,,"Health In Tech, Inc.",2025,1,operating_income
2019793,,"XCF GLOBAL, INC.",2025,1,capex
2019804,,TERRESTRIAL ENERGY INC.,2025,1,revenue
2020228,,Masonglory Limited,2026,1,sbc
2020919,,DeltaSoft     Corp.,2026,1,sbc
2021938,,Sunrise Communications AG,2025,1,acq_cf_bs_disagreement
2023153,,HomesToLife Ltd,2025,1,sbc
2023311,,ASCENTAGE PHARMA GROUP INTERNATIONAL,2024,1,operating_income
2023658,,Bicara Therapeutics Inc.,2025,1,revenue
2023796,,Fitness Champs Holdings Limited,2025,1,sbc
2024114,,THE GROWHUB LIMITED,2025,1,sbc
2024258,,Phaos Technology Holdings (Cayman) Limited,2026,1,sbc
2024306,,JFB CONSTRUCTION HOLDINGS,2025,1,sbc
2024656,,Kandal M Venture Limited,2025,1,sbc
2025410,,"StandardAero, Inc.",2025,1,acq_cf_bs_disagreement
2026514,,Namib Minerals,2025,1,operating_income
2026738,,Fortress Credit Realty Income Trust,2025,1,operating_income
2027160,,Vantage     Corp,2026,1,sbc
2027262,,FAST TRACK GROUP,2026,1,sbc
2027317,,Curbline Properties Corp.,2025,1,operating_income
2028177,,Youlife Group Inc.,2025,1,sbc
2028293,,"RAIN ENHANCEMENT TECHNOLOGIES HOLDCO, INC.",2025,1,revenue
2029014,,MERCALOT INC.,2025,1,sbc
2029138,,SAGTEC GLOBAL LIMITED,2024,1,operating_income
2030277,,"LEIFRAS Co., Ltd.",2025,1,sbc
2030617,,"Picard Medical, Inc.",2025,1,capex
2030763,,"DataMeds AI, Inc.",2025,1,capex
2030781,,"SailPoint, Inc.",2026,1,acq_cf_bs_disagreement
2030954,,"TEN Holdings, Inc.",2025,1,capex
2031688,,RICH SPARKLE HOLDINGS LIMITED,2025,1,sbc
2032609,,Scientist Home Future Health Limited,2025,1,sbc
2032966,,"TIC Solutions, Inc.",2025,1,acq_cf_bs_disagreement
2033264,,VERTICAL DATA INC.,2025,1,operating_income
2033515,,AsiaStrategy,2025,1,sbc
2033535,,COSTAMARE BULKERS HOLDINGS LIMITED,2025,1,capex
2034723,,One and one Green Technologies. INC,2025,1,sbc
2035304,,TITAN AMERICA SA,2025,1,sbc
2035697,,Polibeli Group Ltd,2025,1,sbc
2035989,,Amrize Ltd,2025,1,acq_cf_bs_disagreement
2035992,,Charming Medical Limited,2026,1,sbc
2036042,,"SIONNA THERAPEUTICS, INC.",2025,1,revenue
2038118,,"FIRSTENERGY TRANSMISSION, LLC",2025,1,sbc
2038378,,ACCO GROUP HOLDINGS LIMITED,2025,1,sbc
2039060,,Robin Energy Ltd.,2025,1,sbc
2040127,,KARMAN HOLDINGS INC.,2025,1,acq_cf_bs_disagreement
2040491,,ATEGRITY SPECIALTY INSURANCE COMPANY HOLDINGS,2025,1,operating_income
2040807,,"METSERA, INC.",2024,1,revenue
2041385,,Ralliant Corporation,2025,1,acq_cf_bs_disagreement
2041829,,ChowChow Cloud International Holdings Limited,2025,1,sbc
2046042,,"Jefferson Capital, Inc. / DE",2025,1,capex
2046117,,Magnitude International Ltd,2025,1,sbc
2046386,,Medline Inc.,2025,1,acq_cf_bs_disagreement
2046573,,PITANIUM LIMITED,2025,1,sbc
2046656,,Happy City Holdings Limited,2025,1,sbc
2047148,,CTW Cayman,2025,1,sbc
2047273,,BUUU Group Limited,2025,1,sbc
2049187,,K-TECH SOLUTIONS COMPANY LIMITED,2026,1,sbc
2050338,,COLLAB Z INC.,2025,1,sbc
2052568,,Legence Corp.,2025,1,acq_cf_bs_disagreement
2053641,,Elite Express Holding Inc.,2025,1,sbc
2054696,,NIQ Global Intelligence plc,2025,1,acq_cf_bs_disagreement
2056016,,RADIANT STRATEGIES CORPORATION,2026,1,sbc
2058349,,"Etoiles Capital Group Co., Ltd.",2025,1,sbc
2058873,,"QNITY ELECTRONICS, INC.",2025,1,operating_income
2063196,,"Netskope, Inc.",2026,1,acq_cf_bs_disagreement
2063863,,"Elauwit Connection, Inc.",2025,1,capex
2064764,,Pulsenmore Ltd.,2025,1,operating_income
2064947,,WaterBridge Infrastructure LLC,2025,1,acq_cf_bs_disagreement
2064953,,Solstice Advanced Materials Inc.,2025,1,operating_income
2065601,,"Central Bancompany, Inc.",2025,1,operating_income
2067627,,TERRA INNOVATUM GLOBAL N.V.,2025,1,revenue
2067876,,"Versant Media Group, Inc.",2025,1,acq_cf_bs_disagreement
2069785,,"Gloo Holdings, Inc.",2025,1,acq_cf_bs_disagreement
2069858,,APEX Global Solutions Limited,2025,1,sbc
2070954,,SMJ International Holdings Inc.,2026,1,sbc
2071489,,YELLOWSTONE GROUP LTD,2026,1,sbc
2072421,,"Seneca Bancorp, Inc.",2025,1,operating_income
2073153,,"Hoyne Bancorp, Inc.",2025,1,operating_income
2074652,,VENYRA CORPORATION,2026,1,sbc
2077709,,RANK ONE COMPUTING CORPORATION,2025,1,capex
2078416,,"Liberty Live Holdings, Inc.",2025,1,capex
2078856,,Hyperliquid Strategies Inc,2026,1,capex
2079720,,"BUDA JUICE, INC.",2025,1,sbc
2079999,,Cardinal Infrastructure Group Inc,2025,1,acq_cf_bs_disagreement
2083526,,"Micware Co., Ltd.",2026,1,sbc
2084698,,KHEOBA Limited,2025,1,sbc
2091467,,Boyd Group Services Inc.,2025,1,operating_income
1984060,,Atlas Energy Solutions Inc.,2025,1,acq_cf_bs_disagreement
1157762,,"China Automotive Systems, Inc.",2024,1,sbc
1047862,,CONSOLIDATED EDISON INC,2025,1,capex
45876,,ENVIRI CORPORATION,2025,1,acq_cf_bs_disagreement
1109357,,EXELON CORPORATION,2025,1,sbc
1943802,,"First Seacoast Bancorp, Inc.",2025,1,operating_income
1657853,,"HERTZ GLOBAL HOLDINGS, INC",2025,1,operating_income
1482512,,"Hudson Pacific Properties, Inc.",2025,1,operating_income
1307954,,Huntsman Corporation,2024,1,acq_cf_bs_disagreement
1287865,,MEDICAL PROPERTIES TRUST INC,2025,1,operating_income
912595,,"MID-AMERICA APARTMENT COMMUNITIES, INC.",2025,1,operating_income
753308,,NEXTERA ENERGY INC,2025,1,capex
1859807,,"PROFUSA, INC.",2025,1,revenue
1045609,,"Prologis, Inc.",2025,1,goodwill
1416265,,"PROSPER MARKETPLACE, INC.",2025,1,operating_income
52827,,RAYONIER INC.,2025,1,intangibles
1095651,,Safehold Inc.,2025,1,capex
1126956,,Spire Inc.,2025,1,intangibles
1620280,,Uniti Group Inc.,2024,1,operating_income
1711570,,Uranium Royalty Corp.,2025,1,capex
