ticker,cik,company_name,sic,sic_description,latest_fiscal_year,period_end
,2178,"ADAMS RESOURCES & ENERGY, INC.",,,2023,2023-12-31
,6769,APACHE CORP,,,2023,2023-12-31
,7332,SOUTHWESTERN ENERGY COMPANY,,,2023,2023-12-31
,9984,BARNES GROUP INC.,,,2023,2023-12-31
,29952,"CHINA CHANGJIANG MINING & NEW ENERGY COMPANY, LTD.",,,2023,2023-12-31
,54381,KAMAN CORPORATION,,,2023,2023-12-31
,59440,VECTOR GROUP LTD.,,,2023,2023-12-31
,61398,Tellurian Inc.,,,2023,2023-12-31
,65759,"MICROPAC INDUSTRIES, INC.",,,2023,2023-11-30
,75208,"Overseas Shipholding Group, Inc",,,2023,2023-12-31
,84129,Rite Aid Corporation,,,2023,2023-03-04
SFES,86115,SAFEGUARD SCIENTIFICS INC,6799,"Investors, NEC",2023,2023-12-31
,93676,The L.S. Starrett Company,,,2023,2023-06-30
,98338,"TSR, INC.",,,2023,2023-05-31
,99250,"Transcontinental Gas Pipe Line Company, LLC",,,2023,2023-12-31
,101778,Marathon Oil Corporation,,,2023,2023-12-31
,110019,Northwest Pipeline LLC,,,2023,2023-12-31
,319458,Enservco Corporation,,,2023,2023-12-31
,351817,"SilverBow Resources, Inc.",,,2023,2023-12-31
,356590,"Global Tech Industries Group, Inc.",,,2023,2023-12-31
,700764,"Victory     Clean Energy, Inc.",,,2023,2023-12-31
,701288,Atrion Corporation,,,2023,2023-12-31
,701374,Six Flags Entertainment Corp/OLD,,,2023,2023-12-31
,708818,"NEXTGEN HEALTHCARE, INC.",,,2023,2023-03-31
,711772,CAMBRIDGE BANCORP,,,2023,2023-12-31
,719274,"Gresham Worldwide, Inc.",,,2023,2023-12-31
,719494,"Inrad Optics, Inc.",,,2023,2023-12-31
,723733,"MULTI SOLUTIONS II, INC.",,,2023,2024-01-31
,730255,CalAmp Corp.,,,2023,2023-02-28
,741516,AMERICAN NATIONAL BANKSHARES INC.,,,2023,2023-12-31
,743758,"AiADVERTISING, INC.",,,2023,2023-12-31
,745543,"PETRO USA, INC.",,,2023,2023-06-30
,748790,"GLOBAL CLEAN ENERGY HOLDINGS, INC.",,,2023,2023-12-31
,752294,ELECTRONIC SYSTEMS TECHNOLOGY INC,,,2023,2023-12-31
,764195,VBI Vaccines Inc/BC,,,2023,2023-12-31
,766404,"MULTI SOFT II, INC",,,2023,2024-01-31
,768216,"COYNI, INC.",,,2023,2023-12-31
,768835,"BIG LOTS, INC.",,,2023,2024-02-03
,790179,PRESTIGE CAPITAL CORPORATION,,,2023,2023-12-31
HSTC,797564,"HST Global, Inc.",2834,Pharmaceutical Preparations,2023,2023-12-31
,806279,"CODORUS VALLEY BANCORP, INC.",,,2023,2023-12-31
,809248,"CARROLS RESTAURANT GROUP, INC.",,,2023,2023-12-31
,811212,"THERMOGENESIS HOLDINGS, INC.",,,2023,2023-12-31
,811240,"BIOLASE, INC.",,,2023,2023-12-31
,811532,CEDAR FAIR L P,,,2023,2023-12-31
,811808,"SUMMIT FINANCIAL GROUP, INC.",,,2023,2023-12-31
,811868,"ECRID, INC.",,,2023,2023-03-31
,819050,"FRESH TRACKS THERAPEUTICS, INC.",,,2023,2023-12-31
,823546,"RocketFuel Blockchain, Inc.",,,2023,2023-03-31
,828530,ADMIRAL FINANCIAL CORP.,,,2023,2025-06-30
,830524,CHASE CORPORATION,,,2023,2023-08-31
,830656,"PRESSURE BIOSCIENCES, INC.",,,2023,2023-12-31
,835357,EQUITABLE FINANCIAL LIFE INSURANCE COMPANY OF AMERICA,,,2023,2023-12-31
,837852,"IDEANOMICS, INC.",,,2023,2023-12-31
,846901,LAKELAND BANCORP INC,,,2023,2023-12-31
,850460,ENCORE WIRE CORPORATION,,,2023,2023-12-31
,855787,"TRULEUM, INC.",,,2023,2023-12-31
,858655,"HAYNES INTERNATIONAL, INC.",,,2023,2023-09-30
,860543,Jacksam Corporation,,,2023,2023-12-31
,861878,"Stericycle, Inc.",,,2023,2023-12-31
,867028,"FOMO WORLDWIDE, INC.",,,2023,2023-03-31
,876378,"Asensus Surgical, Inc.",,,2023,2023-12-31
,884713,Primo Water Corporation,,,2023,2023-12-30
,886835,"SUPERIOR ENERGY SERVICES, INC.",,,2023,2023-12-31
,890447,"VERTEX ENERGY, INC.",,,2023,2023-12-31
,891417,Nano Magic Inc.,,,2023,2023-12-31
,893691,Masonite International Corporation,,,2023,2023-12-31
,906338,TARO PHARMACEUTICAL INDUSTRIES LTD,,,2023,2023-03-31
PREJF,911421,PartnerRe Ltd.,6321,Accident & Health Insurance,2023,2023-12-31
,920112,HEARTLAND FINANCIAL USA INC,,,2023,2023-12-31
,920990,"METRO ONE TELECOMMUNICATIONS, INC.",,,2023,2023-07-20
,921183,"HMN Financial, Inc.",,,2023,2023-12-31
,922247,"CYCLO THERAPEUTICS, INC.",,,2023,2023-12-31
MVCO,924095,"METAVESCO, INC.",6199,Finance Services,2023,2023-06-30
,925660,"FLEXPOINT SENSOR SYSTEMS, INC.",,,2023,2023-12-31
,926042,TATA MOTORS LTD/FI,,,2023,2023-03-31
,927355,TESSCO Technologies Incorporated,,,2023,2023-03-26
,928022,Callon Petroleum Co,,,2023,2023-12-31
,931059,"RENNOVA HEALTH, INC.",,,2023,2023-12-31
,931584,UNIVERSAL STAINLESS & ALLOY PRODUCTS INC,,,2023,2023-12-31
,933738,ENGlobal Corporation,,,2023,2023-12-30
,934796,NETWORK CN INC.,,,2023,2023-12-31
,944480,"GSE SYSTEMS, INC.",,,2023,2023-12-31
,945617,"AMERICAN CANNABIS COMPANY, INC.",,,2023,2023-12-31
,949039,"Diamond Offshore Drilling, Inc.",,,2023,2023-12-31
,1008653,"Ecomax,     Inc.",,,2023,2023-06-30
,1008848,"Acorda Therapeutics, Inc.",,,2023,2023-12-31
BJRI,1013488,"BJ’S RESTAURANTS, INC.",5812,Retail-Eating  Places,2023,2025-12-30
DTGI,1014052,"Digerati Technologies, Inc.",7374,Services-Computer Processing & Data Preparation,2023,2023-07-31
,1017491,"Seelos Therapeutics, Inc.",,,2023,2023-12-31
,1019671,SEACHANGE INTERNATIONAL INC,,,2023,2023-01-31
,1029125,"Panbela Therapeutics, Inc.",,,2023,2023-12-31
,1029744,"Sonic Foundry, Inc.",,,2023,2023-09-30
,1035976,"FNCB Bancorp, Inc.",,,2023,2023-12-31
,1037676,"Arch Resources, Inc.",,,2023,2023-12-31
FNCTF,1038143,ORANGE,4813,Telephone Communications (No Radiotelephone),2023,2023-12-31
,1038357,PIONEER NATURAL RESOURCES CO,,,2023,2023-12-31
,1038572,BRAZILIAN DISTRIBUTION CO COMPANHIA BRASILEIRA DE DISTR CBD,,,2023,2023-12-31
,1042074,"CymaBay Therapeutics, Inc.",,,2023,2023-12-31
,1043894,WOLF ENERGY SERVICES INC.,,,2023,2023-03-31
,1049011,Kid   Castle Educational Corporation,,,2023,2023-12-31
,1053584,MACATAWA BANK CORPORATION,,,2023,2023-12-31
,1059262,SP Plus Corp,,,2023,2023-12-31
,1061027,"Viracta Therapeutics, Inc.",,,2023,2023-12-31
,1061164,"PEREGRINE INDUSTRIES, INC.",,,2023,2023-07-31
,1063537,RICEBRAN TECHNOLOGIES,,,2023,2023-12-31
,1067837,"AUDACY, INC.",,,2023,2023-12-31
TKC,1071321,TURKCELL ILETISIM HIZMETLERI A S,4813,Telephone Communications (No Radiotelephone),2023,2023-12-31
GDRZF,1072725,GOLD RESERVE LTD.,1040,Gold and Silver Ores,2023,2023-12-31
,1072842,"First Capital International, Inc.",,,2023,2023-12-31
,1073748,"YUMMIES, INC.",,,2023,2023-09-30
CIZN,1075706,CITIZENS HOLDING COMPANY,6022,State Commercial Banks,2023,2023-12-31
,1080319,"Elys BMG Group, Inc.",,,2023,2023-06-30
,1083922,"AuraSource, Inc.",,,2023,2023-03-31
,1084133,REAL BRANDS INC.,,,2023,2023-12-31
,1085869,PERFICIENT INC,,,2023,2023-12-31
,1088638,"MASTERMIND, INC.",,,2023,2023-09-30
,1089297,NOVAGANT CORP.,,,2023,2023-03-31
ABBNY,1091587,ABB Ltd,3613,Switchgear & Switchboard Apparatus,2023,2023-12-31
FULO,1092570,FULLNET COMMUNICATIONS INC,4813,Telephone Communications (No Radiotelephone),2023,2023-12-31
,1093636,"Saxon Capital Group, Inc./DE",,,2023,2023-12-31
,1098880,IntelGenx Technologies Corp.,,,2023,2023-12-31
,1099132,"MANHATTAN SCIENTIFICS, INC.",,,2023,2023-12-31
,1100397,"AYALA PHARMACEUTICALS, INC.",,,2023,2023-12-31
,1101396,"DELTA APPAREL, INC.",,,2023,2023-09-30
,1101680,DZS INC.,,,2023,2023-12-31
RSCF,1103090,"REFLECT SCIENTIFIC, INC.",3821,Laboratory Apparatus & Furniture,2023,2023-12-31
,1108645,CORRELATE ENERGY CORP.,,,2023,2023-12-31
,1109486,Endexx Corporation,,,2023,2023-03-31
,1110805,NuStar Energy L.P.,,,2023,2023-12-31
MMMW,1117228,Mass Megawatts Wind Power Inc.,4991,Cogeneration Services & Small Power Producers,2023,2023-04-30
,1118072,SKINOVATION PHARMACEUTICAL INCORPORATED,,,2023,2023-12-31
,1118417,"MODEL N, INC.",,,2023,2023-09-30
,1121702,"YIELD10 BIOSCIENCE, INC.",,,2023,2023-12-31
,1124610,VMWARE LLC,,,2023,2023-02-03
,1126234,"LUMOS PHARMA, INC.",,,2023,2023-12-31
,1126874,ENERPLUS CORPORATION,,,2023,2023-12-31
,1130889,CANCER CAPITAL CORP.,,,2023,2023-12-31
,1136294,"NOS4-1, INC.",,,2023,2023-06-30
MRPT,1143994,"THE MACREPORT.NET, INC.",7389,"Services-Business Services, NEC",2023,2023-11-30
,1156174,"LAKE AREA CORN PROCESSORS, LLC",,,2023,2023-12-31
,1158420,Green Giant Inc.,,,2023,2023-09-30
,1160945,"NOVA STAR INNOVATIONS, INC.",,,2023,2023-12-31
,1161582,"GrowLife, Inc.",,,2023,2023-03-31
,1162461,"Cutera, Inc.",,,2023,2023-12-31
,1164256,"DAYBREAK OIL AND GAS, INC.",,,2023,2023-02-28
,1168081,Desert Hawk Gold Corp.,,,2023,2023-12-31
,1172222,HAWAIIAN HOLDINGS INC,,,2023,2023-12-31
,1182731,CONNEXIONONE CORP.,,,2023,2023-12-31
,1183765,"Molecular Templates, Inc.",,,2023,2023-12-31
,1213660,BIMI Holdings Inc.,,,2023,2023-03-15
,1253176,"Vapotherm, Inc.",,,2023,2023-12-31
,1260990,"Oncternal Therapeutics, Inc.",,,2023,2023-12-31
,1261249,"Agile Therapeutics, Inc.",,,2023,2023-12-31
,1267425,BF Garden Tax Credit Fund V L.P.,,,2023,2023-03-31
,1267426,BCTC V ASSIGNOR CORP.,,,2023,2023-12-31
,1267602,"ALIMERA SCIENCES, INC.",,,2023,2023-12-31
,1267813,"MARINUS PHARMACEUTICALS, INC.",,,2023,2023-12-31
,1274792,MERRIMACK PHARMACEUTICALS INC,,,2023,2023-12-31
,1277250,"Charge Enterprises, Inc.",,,2023,2022-12-31
,1288750,Timberline Resources Corporation,,,2023,2023-09-30
,1289636,"PROFIRE ENERGY, INC.",,,2023,2023-12-31
,1291733,GOL Intelligent Airlines Inc.,,,2023,2023-12-31
,1293282,TechTarget Holdings Inc.,,,2023,2023-12-31
,1302028,"MANITEX INTERNATIONAL, INC.",,,2023,2023-12-31
,1304421,"Consolidated Communications Holdings, Inc.",,,2023,2023-12-31
,1305168,"ARC DOCUMENT SOLUTIONS, INC.",,,2023,2023-12-31
,1305253,"EIGER BIOPHARMACEUTICALS, INC.",,,2023,2023-12-31
,1309057,"CHINA HEALTH INDUSTRIES HOLDINGS, INC.",,,2023,2023-06-30
,1310527,"TELIX QSAM, INC.",,,2023,2023-12-31
,1313275,BRIGHTCOVE INC,,,2023,2023-12-31
,1321828,"DATA CALL TECHNOLOGIES, INC.",,,2023,2023-12-31
,1322439,Eagle Bulk Shipping Inc.,,,2023,2023-12-31
,1326003,BLACKROCK CAPITAL INVESTMENT CORPORATION,,,2023,2023-12-31
,1326141,Lazard Group LLC,,,2023,2023-12-31
NMPGY,1333172,NAVIOS MARITIME HOLDINGS INC.,4412,Deep Sea Foreign Transportation of  Freight,2023,2023-03-31
,1335112,"LOGIQ, INC.",,,2023,2023-12-31
,1337619,"Envestnet, Inc.",,,2023,2023-12-31
,1340122,"CALUMET SPECIALTY PRODUCTS PARTNERS, L.P.",,,2023,2023-12-31
,1340243,MorphoSys AG,,,2023,2023-12-31
,1342219,"NAMLIONG SKYCOSMOS, INC.",,,2023,2023-12-31
,1346655,"CMG HOLDINGS GROUP, INC.",,,2023,2023-12-31
,1347652,"CORENERGY INFRASTRUCTURE TRUST, INC.",,,2023,2023-12-31
,1352081,"CARDINAL ETHANOL, LLC",,,2023,2023-09-30
,1353283,Splunk Inc.,,,2023,2023-01-31
,1354327,"PGT INNOVATIONS, INC.",,,2023,2023-12-30
,1355250,INNOVATION PHARMACEUTICALS INC.,,,2023,2023-06-30
,1355677,Mexus Gold us,,,2023,2023-03-31
,1357450,HOLLYSYS AUTOMATION TECHNOLOGIES LTD.,,,2023,2023-06-30
,1362703,"THERALINK TECHNOLOGIES, INC.",,,2023,2023-09-30
,1364742,"BLACKROCK FINANCE, INC.",,,2023,2023-12-31
,1368365,"Remark Holdings, Inc.",,,2023,2023-12-31
,1375195,THE     CORETEC GROUP INC.,,,2023,2023-12-31
RDCT,1376804,"VNUE, Inc.",7822,Services-Motion Picture & Video Tape Distribution,2023,2023-12-31
,1381871,"bowmo, Inc.",,,2023,2023-12-31
,1389002,Marin Software Incorporated,,,2023,2023-12-31
,1389518,"Clubhouse Media Group, Inc.",,,2023,2023-12-31
,1392545,"Lightning Gaming, Inc.",,,2023,2023-12-31
,1394319,"TRACON Pharmaceuticals, Inc.",,,2023,2023-12-31
,1396033,"LL Flooring Holdings, Inc.",,,2023,2023-12-31
,1397047,"FLEXSHOPPER, INC.",,,2023,2023-12-31
,1397702,"SILK ROAD MEDICAL, INC.",,,2023,2023-12-31
,1399306,BREWBILT BREWING COMPANY,,,2023,2023-12-31
,1401395,NEPTUNE WELLNESS SOLUTIONS INC.,,,2023,2023-03-31
,1401564,"FIRST FINANCIAL NORTHWEST, INC.",,,2023,2023-12-31
,1402945,Progressive Care Inc.,,,2023,2023-12-31
,1407623,RETAIL OPPORTUNITY INVESTMENTS CORP,,,2023,2023-12-31
,1407878,"DIGITAL     LOCATIONS, INC.",,,2023,2023-12-31
SCYYF,1408146,SCANDIUM INTERNATIONAL MINING CORP.,1000,Metal Mining,2023,2022-12-31
,1409446,NATE’S FOOD CO.,,,2023,2023-05-31
,1410187,CANNONAU CORP,,,2023,2023-12-31
,1411688,"THE CONTAINER STORE GROUP, INC.",,,2023,2024-03-30
,1411906,"AMPIO PHARMACEUTICALS, INC.",,,2023,2023-12-31
,1413159,Textainer Group Holdings Limited,,,2023,2023-09-30
,1413754,"MARIZYME, INC.",,,2023,2023-12-31
,1417664,"Value Exchange International, Inc.",,,2023,2023-12-31
,1419051,"THERAPEUTIC     SOLUTIONS INTERNATIONAL, INC.",,,2023,2023-12-31
DLTI,1420368,"DLT RESOLUTION, INC",7200,Services-Personal Services,2023,2023-12-31
,1421636,"C-Bond Systems, Inc.",,,2023,2023-12-31
,1424404,WOLVERINE RESOURCES CORP.,,,2023,2023-05-31
,1426332,NGM BIOPHARMACEUTICALS INC,,,2023,2023-12-31
,1429560,"TREVENA, INC.",,,2023,2023-12-31
GWSO,1430300,"GLOBAL WARMING SOLUTIONS, INC.",5960,Retail-Nonstore Retailers,2023,2023-12-31
,1430319,"C & C TOURS, INC",,,2023,2023-12-31
,1431074,"BERGIO INTERNATIONAL, INC.",,,2023,2023-12-31
,1431959,Meta Materials Inc.,,,2023,2023-12-31
,1435812,Arem Pacific Corporation,,,2023,2023-06-30
,1437352,"Everbridge, Inc.",,,2023,2023-12-31
,1438901,"AUTO PARTS 4LESS GROUP, INC.",,,2023,2023-01-31
,1441082,THE HEALING COMPANY INC.,,,2023,2023-06-30
,1443089,"Wearable Health Solutions, Inc.",,,2023,2023-06-30
,1446371,"Strategic Realty Trust, Inc.",,,2023,2023-12-31
,1448056,"New Relic, Inc.",,,2023,2023-03-31
,1449488,CSI Compressco LP,,,2023,2023-12-31
GMBL,1451448,"ESPORTS ENTERTAINMENT GROUP, INC.",7900,Services-Amusement & Recreation Services,2023,2023-06-30
,1458412,"CROSSFIRST     BANKSHARES, INC.",,,2023,2023-12-31
,1459417,"2U, INC.",,,2023,2023-12-31
,1463389,"ATEL 14, LLC",,,2023,2023-12-31
ASII,1464865,"Accredited Solutions, Inc.",2080,Beverages,2023,2023-12-31
VICP,1468639,"VICAPSYS LIFE SCIENCES, INC.",2834,Pharmaceutical Preparations,2023,2023-12-31
,1474835,INTELLIPHARMACEUTICS INTERNATIONAL INC.,,,2023,2022-11-30
CANN,1477009,TREES CORPORATION,5912,Retail-Drug Stores and Proprietary Stores,2023,2023-12-31
,1478069,ContraFect Corporation,,,2023,2023-12-31
,1479290,"Revance Therapeutics, Inc.",,,2023,2023-12-31
,1483510,"EXP OldCo Winddown, Inc.",,,2023,2024-02-03
,1485029,"NEW ASIA HOLDINGS, INC.",,,2023,2023-12-31
,1487839,Luokung Technology Corp.,,,2023,2023-12-31
APHD,1490054,"VERDE BIO HOLDINGS, INC.",1311,Crude Petroleum & Natural Gas,2023,2023-04-30
FPHOY,1490078,First Phosphate Corp.,1400,Mining & Quarrying of  Nonmetallic Minerals (No Fuels),2023,2024-02-29
,1491829,ALPHA     NETWORK ALLIANCE VENTURES INC.,,,2023,2023-06-30
,1492674,"T2 Biosystems, Inc.",,,2023,2023-12-31
,1496963,"SQUARESPACE, INC.",,,2023,2023-12-31
,1498233,"Cepton, Inc.",,,2023,2023-12-31
,1499717,"STAFFING 360 SOLUTIONS, INC.",,,2023,2023-12-30
,1500305,Sustainable Projects group Inc.,,,2023,2023-12-31
,1502152,GlobeStar Therapeutics Corp,,,2023,2023-09-30
,1504239,"Point of Care Nano-Technology, Inc.",,,2023,2023-07-31
,1505611,"DecisionPoint Systems, Inc.",,,2023,2023-12-31
,1506042,Navios South American Logistics Inc.,,,2023,2023-12-31
,1506928,"Avinger, Inc.",,,2023,2023-12-31
,1508381,BIONIK LABORATORIES CORP.,,,2023,2023-03-31
,1509786,GUSKIN GOLD CORP.,,,2023,2023-09-30
NASC,1509957,Can B Corp.,5122,"Wholesale-Drugs, Proprietaries & Druggists' Sundries",2023,2023-12-31
,1510518,GENUFOOD ENERGY ENZYMES CORP.,,,2023,2023-09-30
NTRR,1512886,NEUTRA CORP.,2833,Medicinal Chemicals & Botanical Products,2023,2023-01-31
,1513818,"Aravive, Inc.",,,2023,2023-09-30
AXIM,1514946,"AXIM BIOTECHNOLOGIES, INC.",2834,Pharmaceutical Preparations,2023,2023-12-31
,1517006,"GATOS SILVER, INC.",,,2023,2023-12-31
,1519117,"ATEL 15, LLC",,,2023,2023-12-31
,1524741,"U.S. Silica Holdings, Inc.",,,2023,2023-12-31
,1524872,THUNDER ENERGIES CORPORATION,,,2023,2023-12-31
,1524931,"CHUY’S HOLDINGS, INC.",,,2023,2023-12-31
WNFT,1528188,Worldwide     NFT Inc.,7374,Services-Computer Processing & Data Preparation,2023,2023-06-30
,1530163,"SAMSARA LUGGAGE, INC.",,,2023,2023-12-31
,1531048,"Inari Medical, Inc.",,,2023,2023-12-31
WTER,1532390,ALKALINE WATER Co         INC,5140,Wholesale-Groceries & Related Products,2023,2023-03-31
,1533030,Cryomass Technologies Inc,,,2023,2023-12-31
,1534126,GasLog Ltd.,,,2023,2023-12-31
,1535079,MCX TECHNOLOGIES CORPORATION,,,2023,2023-12-31
,1536089,VIRTUAL INTERACTIVE TECHNOLOGIES CORP.,,,2023,2023-09-30
,1536394,"U.S. Lighting Group, Inc.",,,2023,2023-12-31
,1537028,"Independence Contract Drilling, Inc.",,,2023,2023-12-31
,1537561,"ARCH THERAPEUTICS, INC.",,,2023,2023-09-30
,1538210,"NEXIMMUNE, INC.",,,2023,2023-12-31
,1543268,Bit Brother Limited,,,2023,2023-06-30
,1549922,"Summit Midstream Partners, LP",,,2023,2023-12-31
PLSH,1552189,"Panacea Life Sciences Holdings, Inc.",2833,Medicinal Chemicals & Botanical Products,2023,2023-12-31
,1554906,CROWN BAUS CAPITAL CORP,,,2023,2023-04-30
,1555074,ALTISOURCE ASSET MANAGEMENT CORPORATION,,,2023,2023-12-31
,1555214,"WALLY WORLD MEDIA, INC.",,,2023,2023-09-30
,1556179,"Rocky Mountain Industrials, Inc.",,,2023,2023-03-31
,1556263,"SYROS PHARMACEUTICALS, INC.",,,2023,2023-12-31
,1556266,"BAIYU Holdings, Inc.",,,2023,2023-12-31
,1559157,"SUNSTOCK, INC.",,,2023,2023-12-31
,1559356,Biostax Corp.,,,2023,2023-12-31
,1559998,"Gaucho Group Holdings, Inc.",,,2023,2023-12-31
,1560241,"G1 THERAPEUTICS, INC.",,,2023,2023-12-31
,1561566,QIWI PLC,,,2023,2023-12-31
,1564618,"Independent Bank Group, Inc.",,,2023,2023-12-31
,1567388,NAMI CORP.,,,2023,2023-06-30
,1569083,"MAKINGORG, INC.",,,2023,2023-12-31
,1572565,INDOOR HARVEST CORP,,,2023,2023-12-31
,1572621,AENZA S.A.A.,,,2023,2023-12-31
,1574540,PHYSICIANS REALTY TRUST,,,2023,2023-12-31
,1575434,"VERICITY, INC.",,,2023,2023-12-31
,1576914,MIX TELEMATICS LIMITED,,,2023,2023-03-31
,1580063,"Biora Therapeutics, Inc.",,,2023,2023-12-31
RTON,1580262,"Right On Brands, Inc.",5900,Retail-Miscellaneous Retail,2023,2023-03-31
,1582249,"ACTAVIA LIFE SCIENCES, INC.",,,2023,2023-09-30
,1584425,TRICON RESIDENTIAL INC.,,,2023,2022-12-31
,1584751,Talis Biomedical Corporation,,,2023,2023-12-31
,1586454,Prime Meridian Holding Co,,,2023,2023-12-31
,1588972,"Societal CDMO, Inc.",,,2023,2023-12-31
,1589361,White River Energy Corp,,,2023,2023-03-31
,1591165,"Innoveren Scientific, Inc.",,,2023,2023-09-30
,1591587,"ASSETMARK FINANCIAL HOLDINGS, INC.",,,2023,2023-12-31
,1592000,"EnLink Midstream, LLC",,,2023,2023-12-31
,1592057,Enviva Inc.,,,2023,2023-12-31
,1592782,NUKKLEUS INC.,,,2023,2023-03-01
,1593034,Endo International plc,,,2023,2023-12-31
,1596856,Leju Holdings Ltd,,,2023,2023-12-31
JRSS,1597892,JRSIS HEALTH CARE CORPORATION,8060,Services-Hospitals,2023,2023-12-31
,1600422,"Superior Drilling Products, Inc.",,,2023,2023-12-31
,1600847,Gamida Cell Ltd.,,,2023,2023-12-31
,1601280,"MediXall Group, Inc.",,,2023,2023-12-31
,1602078,NEMAURA MEDICAL INC.,,,2023,2023-03-31
,1603207,"NOTABLE LABS, LTD.",,,2023,2023-12-31
,1603756,"Axonics, Inc.",,,2023,2023-12-31
VMNT,1605057,"VEMANTI GROUP, INC.",6199,Finance Services,2023,2023-12-31
KITL,1608092,Kisses From Italy Inc.,5810,Retail-Eating & Drinking Places,2023,2023-12-31
,1608390,Affimed N.V.,,,2023,2023-12-31
,1611282,"PishPosh, Inc.",,,2023,2023-12-31
,1613685,"TRENDMAKER, INC. LIMITED",,,2023,2023-12-31
,1616291,Jupai Holdings Limited,,,2023,2023-12-31
GGBY,1616736,Alpha Investment Inc.,6500,Real Estate,2023,2023-12-31
,1616741,"PATRIOT TRANSPORTATION HOLDING, INC.",,,2023,2023-09-30
,1617765,"Evome Medical Technologies, Inc.",,,2023,2023-12-31
,1620179,"EXELA TECHNOLOGIES, INC.",,,2023,2023-12-31
,1621563,"Summit Materials, Inc.",,,2023,2023-12-30
,1622879,"Medicine Man Technologies, Inc.",,,2023,2023-12-31
,1623590,FINTECH SCION LIMITED,,,2023,2023-12-31
,1624140,"CORETAG, INC.",,,2023,2023-09-30
,1625285,"ARMA SERVICES, INC.",,,2023,2022-10-31
,1626199,"ALPINE IMMUNE SCIENCES, INC.",,,2023,2023-12-31
FVTI,1626745,"FORTUNE VALLEY TREASURES, INC.",5900,Retail-Miscellaneous Retail,2023,2023-12-31
,1627480,"PV Nano Cell, Ltd.",,,2023,2023-12-31
,1628945,Cue Health Inc.,,,2023,2023-12-31
,1629205,INNOVATION1                                          BIOTECH INC.,,,2023,2023-08-31
,1629665,MULIANG VIAGOO TECHNOLOGY INC.,,,2023,2023-12-31
,1631256,"KBS GROWTH & INCOME REIT, INC.",,,2023,2023-12-31
,1633438,Azure Power Global Limited,,,2023,2023-03-31
,1634447,"ISUN, INC.",,,2023,2023-12-31
,1634997,"Avangrid, Inc.",,,2023,2023-12-31
,1635136,"DUO WORLD, INC.",,,2023,2023-03-31
,1635984,"NATIONAL WESTERN LIFE GROUP, INC.",,,2023,2023-12-31
,1637736,ELECTRAMECCANICA VEHICLES CORP.,,,2023,2023-12-31
,1639142,AETHER GLOBAL INNOVATIONS CORP.,,,2023,2023-11-30
,1642375,"GUARDION HEALTH SCIENCES, INC.",,,2023,2023-12-31
,1642453,"DASEKE, INC.",,,2023,2023-12-31
,1642545,"Shockwave Medical, Inc.",,,2023,2023-12-31
,1643269,"Sumo Logic, Inc.",,,2023,2023-01-31
,1643301,"AVENIR WELLNESS SOLUTIONS, INC.",,,2023,2023-12-31
,1645070,Sterling Check Corp.,,,2023,2023-12-31
,1650739,"AJIA INNOGROUP HOLDINGS, LTD.",,,2023,2023-06-30
,1651944,"DERMTECH, INC.",,,2023,2023-12-31
,1651958,EOS INC.,,,2023,2023-12-31
,1653876,MOMENTOUS HOLDINGS CORPORATION,,,2023,2023-05-31
,1654151,"Deciphera Pharmaceuticals, Inc.",,,2023,2023-12-31
,1656501,"BorrowMoney.com, Inc.",,,2023,2023-08-31
,1656634,"Gritstone bio, Inc.",,,2023,2023-12-31
,1658521,"MOUNTAIN TOP PROPERTIES, INC.",,,2023,2023-12-31
,1659520,SilverCrest Metals Inc.,,,2023,2023-12-31
,1661039,"TPT Global Tech, Inc.",,,2023,2023-12-31
,1661460,"Poseida Therapeutics, Inc.",,,2023,2023-12-31
,1662574,"GROM SOCIAL ENTERPRISES, INC.",,,2023,2023-12-31
,1668370,"TOUGHBUILT INDUSTRIES, INC.",,,2023,2023-12-31
,1668523,GSG GROUP INC.,,,2023,2023-12-31
,1668673,"PetIQ, Inc.",,,2023,2023-12-31
,1670196,Universal Gaming Corporation,,,2023,2023-12-31
,1673431,SOUTH EAST ASIA DEVELOPMENT CORP.,,,2023,2023-12-31
,1675634,"SHIFTPIXY, INC.",,,2023,2023-08-31
,1676479,"CAPSTAR FINANCIAL HOLDINGS, INC.",,,2023,2023-12-31
,1679063,Chicken Soup for the Soul Entertainment Inc.,,,2023,2023-12-31
,1679363,"Morphic Holding, Inc.",,,2023,2023-12-31
,1679379,"NYIAX, Inc.",,,2023,2023-12-31
,1680935,HUAHUI EDUCATION GROUP LIMITED,,,2023,2023-12-31
GXXM,1681556,GEX MANAGEMENT INC.,8742,Services-Management Consulting Services,2023,2023-12-31
,1681903,"ICC Holdings, Inc.",,,2023,2023-12-31
,1683131,"FORZA INNOVATIONS, INC.",,,2023,2023-06-30
,1686850,"MOTUS GI HOLDINGS, INC.",,,2023,2023-12-31
,1687926,"ZEUUS, INC.",,,2023,2023-09-30
,1689923,"ALTERYX, INC.",,,2023,2023-12-31
,1691936,"STRYVE FOODS, INC.",,,2023,2023-12-31
,1692780,MIDNIGHT GAMING CORPORATION,,,2023,2023-12-31
,1697834,"STEM HOLDINGS, INC.",,,2023,2023-09-30
,1698702,ARION GROUP CORP.,,,2023,2023-01-31
,1700849,Vado Corp.,,,2023,2023-12-31
,1704795,"Bantec, Inc.",,,2023,2023-09-30
,1709505,BEST Inc.,,,2023,2023-12-31
,1714367,SIGMARENOPRO INC.,,,2023,2023-06-30
,1715268,"Golub Capital BDC 3, Inc.",,,2023,2023-09-30
,1715611,BODY AND MIND INC.,,,2023,2023-07-31
,1715768,"TRANSPHORM, INC.",,,2023,2023-03-31
EMED,1715819,"ELECTROMEDICAL TECHNOLOGIES, INC.",3841,Surgical & Medical Instruments & Apparatus,2023,2023-12-31
,1716583,Hyzon Motors Inc.,,,2023,2023-12-31
,1720990,Fisker Inc./DE,,,2023,2023-12-31
,1722438,"Doma Holdings, Inc.",,,2023,2023-12-31
,1722926,ASLAN Pharmaceuticals Limited,,,2023,2023-12-31
,1723580,"BurgerFi International, Inc.",,,2023,2024-01-01
,1725134,"Digital Media Solutions, Inc.",,,2023,2023-12-31
,1725293,Grindrod Shipping Holdings Ltd.,,,2023,2023-12-31
,1725872,"BM TECHNOLOGIES, INC.",,,2023,2023-12-31
,1732845,WestRock Company,,,2023,2023-09-30
,1733257,"FINCH THERAPEUTICS GROUP, INC.",,,2023,2023-12-31
,1733413,"TFF PHARMACEUTICALS, INC.",,,2023,2023-12-31
,1735092,"GOFBA, INC.",,,2023,2023-12-31
,1735948,GREENBROOK TMS INC.,,,2023,2023-12-31
,1739614,"INHIBRX, INC.",,,2023,2023-12-31
,1741257,"BANGFU TECHNOLOGY GROUP CO., LTD.",,,2023,2023-06-30
,1747009,Equitrans Midstream Corp,,,2023,2023-12-31
,1749704,"AGILITI, INC. \DE",,,2023,2023-12-31
,1749849,Organic Agricultural Co Ltd,,,2023,2023-03-31
,1750153,CANOO INC,,,2023,2023-12-31
,1752036,CALIFORNIA BANCORP,,,2023,2023-12-31
,1752474,KLDiscovery Inc.,,,2023,2023-12-31
,1753706,"Whole Earth Brands, Inc.",,,2023,2023-12-31
,1754820,"Desktop Metal, Inc.",,,2023,2023-12-31
,1757097,Centogene N.V.,,,2023,2023-12-31
,1762359,"ACREAGE HOLDINGS, INC.",,,2023,2023-12-31
,1765159,NUVEI CORPORATION,,,2023,2023-12-31
,1768946,Biophytis SA,,,2023,2023-12-31
,1769804,"Augmedix, Inc.",,,2023,2023-12-31
,1770141,"UpHealth, Inc.",,,2023,2023-12-31
,1771917,"Karuna Therapeutics, Inc.",,,2023,2023-12-31
,1771951,DYNAMIC SHARES TRUST,,,2023,2023-12-31
,1774983,BROOGE ENERGY LIMITED,,,2023,2023-12-31
,1775085,China Liberal Education Holdings Limited,,,2023,2023-12-31
,1775625,"SmileDirectClub, Inc.",,,2023,2023-03-31
,1776967,Natura &Co Holding S.A.,,,2023,2023-12-31
,1777946,"IronNet, Inc.",,,2023,2023-01-31
,1779020,"DANIMER SCIENTIFIC, INC.",,,2023,2023-12-31
ACAT,1781726,NP     Life Sciences Health Industry Group Inc.,8200,Services-Educational Services,2023,2023-12-31
,1781870,"New Mountain Guardian III BDC, L.L.C.",,,2023,2023-12-31
,1783875,4Front Ventures Corp.,,,2023,2023-12-31
,1784567,"Harbor Custom Development, Inc.",,,2023,2023-12-31
,1784851,"SHAPEWAYS HOLDINGS, INC.",,,2023,2023-12-31
,1785345,"Landos Biopharma, Inc.",,,2023,2023-12-31
WBQNL,1785494,Woodbridge Liquidation Trust,6500,Real Estate,2023,2023-06-30
,1786182,"First High-School Education Group Co., Ltd.",,,2023,2023-12-31
,1787412,"WB Burgers Asia, Inc.",,,2023,2023-07-31
,1795938,"CREATIONS, INC.",,,2023,2023-12-31
,1796160,QMIS TBS CAPITAL GROUP CORP.,,,2023,2023-12-31
,1797768,KINNATE BIOPHARMA INC.,,,2023,2023-12-31
,1798270,ASSURE HOLDINGS CORP.,,,2023,2023-12-31
,1800682,"Cano Health, Inc.",,,2023,2023-12-31
,1803112,TDCX Inc.,,,2023,2023-12-31
,1805012,Vitru Ltd,,,2023,2023-12-31
,1805387,"CEREVEL THERAPEUTICS HOLDINGS, INC.",,,2023,2023-12-31
,1805890,Fusion Pharmaceuticals Inc.,,,2023,2023-12-31
,1807427,BLUE OWL CAPITAL CORPORATION III,,,2023,2023-12-31
MDNAF,1807983,Medicenna Therapeutics Corp.,2834,Pharmaceutical Preparations,2023,2023-03-31
,1810140,Polished.com Inc.,,,2023,2023-03-31
,1811109,"APPLIED UV, INC.",,,2023,2023-12-31
NXMH,1811530,"Next Meats Holdings, Inc.",2000,Food and Kindred Products,2023,2023-04-30
,1811623,"KUVATRIS THERAPEUTICS, INC.",,,2023,2023-12-31
,1813658,"TEMPO AUTOMATION HOLDINGS, INC.",,,2023,2023-03-31
,1813756,WEWORK INC.,,,2023,2023-04-30
,1813914,"CareMax, Inc.",,,2023,2023-12-31
,1814329,"Astra Space, Inc.",,,2023,2023-12-31
,1815436,ADVANCED HEALTH INTELLIGENCE LTD,,,2023,2023-06-30
TGCB,1815632,TEGO CYBER INC.,7370,"Services-Computer Programming, Data Processing, Etc.",2023,2023-06-30
,1816233,"SHARECARE, INC.",,,2023,2023-12-31
,1818674,SYBLEU INC.,,,2023,2023-06-30
,1819615,Clever Leaves Holdings Inc.,,,2023,2023-12-31
,1820175,OCA ACQUISITION CORP.,,,2023,2023-12-31
,1820877,APARTMENT INCOME REIT CORP.,,,2023,2023-12-31
,1821349,NEOGAMES S.A.,,,2023,2023-12-31
,1821393,"THE AARON'S COMPANY, INC.",,,2023,2023-12-31
,1822145,PRESTO AUTOMATION INC.,,,2023,2023-06-30
,1822372,STREETEX CORP.,,,2023,2023-06-30
,1822886,HHG     CAPITAL CORPORATION,,,2023,2023-12-31
GBNY,1823365,"Generations Bancorp NY, Inc.",6035,"Savings Institution, Federally Chartered",2023,2023-12-31
,1823882,Airspan Networks Holdings Inc.,,,2023,2023-12-31
,1824153,Leo Holdings Corp. II,,,2023,2023-06-30
,1825367,"RayzeBio, Inc.",,,2023,2023-06-30
PAX,1825570,Patria Investments Limited,6282,Investment Advice,2023,2023-12-31
,1825590,SL Investment Corp.,,,2023,2023-12-31
,1825962,QUADRO ACQUISITION ONE CORP.,,,2023,2023-12-31
,1828248,CHURCHILL CAPITAL CORP VII,,,2023,2023-12-31
,1828522,"eFFECTOR Therapeutics, Inc.",,,2023,2023-12-31
,1828723,"Altus Power, Inc.",,,2023,2023-12-31
,1828852,"MONDEE HOLDINGS, INC.",,,2023,2023-12-31
,1829432,ARES ACQUISITION CORPORATION,,,2023,2023-09-30
,1829966,"EBET, Inc.",,,2023,2023-09-30
,1830029,GRIID INFRASTRUCTURE INC.,,,2023,2023-12-31
,1830210,"Benson Hill, Inc.",,,2023,2023-12-31
,1830503,BUSINESS WARRIOR CORPORATION,,,2023,2023-08-31
,1831006,BLUERIVER ACQUISITION CORP.,,,2023,2023-12-31
,1831270,BITE ACQUISITION CORP.,,,2023,2023-12-31
,1831964,NORTHERN REVIVAL ACQUISITION CORPORATION,,,2023,2023-12-31
,1831978,Newbury Street Acquisition Corp,,,2023,2023-12-31
,1832136,OSIRIS ACQUISITION CORP.,,,2023,2023-12-31
,1832168,"Longboard Pharmaceuticals, Inc.",,,2023,2023-12-31
,1832433,Ferguson plc,,,2023,2023-07-31
,1832950,"KERNEL GROUP HOLDINGS, INC.",,,2023,2023-12-31
,1834045,"Vintage Wine Estates, Inc.",,,2023,2023-06-30
,1834585,JOANN Inc.,,,2023,2023-01-28
,1834645,"Peak Bio, Inc.",,,2023,2023-12-31
,1834975,VICINITY MOTOR CORP.,,,2023,2023-12-31
,1835378,Innovid Corp.,,,2023,2023-12-31
,1835416,MORINGA ACQUISITION CORP,,,2023,2023-12-31
,1835512,TERRAN ORBITAL CORPORATION,,,2023,2023-12-31
,1835539,Olink Holding AB (publ),,,2023,2023-12-31
,1835591,VIZIO HOLDING CORP.,,,2023,2023-12-31
,1835972,"ILEARNINGENGINES, INC.",,,2023,2023-12-31
,1836100,GOAL     ACQUISITIONS CORP.,,,2023,2023-12-31
,1836176,Fathom Digital Manufacturing Corporation,,,2023,2023-12-31
,1837929,NEW PROVIDENCE ACQUISITION CORP. II,,,2023,2023-12-31
,1838128,LOWELL FARMS INC.,,,2023,2023-12-31
,1838293,CATCHA INVESTMENT CORP,,,2023,2023-12-31
,1838672,"AdTheorent Holding Company, Inc.",,,2023,2023-12-31
,1838821,ARYA SCIENCES ACQUISITION CORP IV,,,2023,2023-12-31
,1839519,CF ACQUISITION CORP. VII,,,2023,2023-12-31
,1839608,"GETAROUND, INC.",,,2023,2023-12-31
,1841804,"Instructure Holdings, Inc.",,,2023,2023-12-31
,1843370,bleuacacia ltd,,,2023,2023-12-31
,1843988,two,,,2023,2023-12-31
,1844149,SPECTAIRE HOLDINGS INC.,,,2023,2023-12-31
,1844389,ACE GLOBAL BUSINESS ACQUISITION LIMITED,,,2023,2023-12-31
,1844419,MAQUIA CAPITAL ACQUISITION CORPORATION,,,2023,2023-12-31
,1844507,ACHARI VENTURES HOLDINGS CORP. I,,,2023,2023-12-31
,1844817,Armada Acquisition Corp. I,,,2023,2023-09-30
,1844981,DIGIASIA CORP.,,,2023,2023-12-31
CULL,1845799,"CULLMAN BANCORP, INC.",6036,"Savings Institutions, Not Federally Chartered",2023,2023-12-31
,1846809,OceanTech     Acquisitions I Corp.,,,2023,2023-12-31
,1846975,SDCL EDGE Acquisition Corporation,,,2023,2023-12-31
,1847112,TORTOISEECOFIN ACQUISITION CORP. III,,,2023,2023-12-31
,1847241,PROJECT ENERGY REIMAGINED ACQUISITION CORP.,,,2023,2023-12-31
,1847440,Coliseum Acquisition Corp.,,,2023,2023-12-31
,1847577,LEARN CW INVESTMENT CORP,,,2023,2023-12-31
,1847584,WalkMe Ltd.,,,2023,2023-12-31
,1848821,GLOBAL TECHNOLOGY ACQUISITION CORP. I,,,2023,2023-12-31
,1848898,AFRICAN AGRICULTURE HOLDINGS INC.,,,2023,2023-12-31
,1849058,CLOVER LEAF CAPITAL CORP.,,,2023,2023-12-31
,1849294,FORTUNE RISE ACQUISITION CORPORATION,,,2023,2023-12-31
,1849548,ONYX ACQUISITION CO. I,,,2023,2023-12-31
,1849902,SEP ACQUISITION CORP.,,,2023,2023-12-31
,1850079,Telesis Bio Inc.,,,2023,2023-12-31
,1850266,"Akili, Inc.",,,2023,2023-12-31
,1850398,"TC Bancshares, Inc.",,,2023,2023-12-31
,1850453,MYNARIC AG,,,2023,2023-12-31
,1850502,ENPHYS ACQUISITION CORP.,,,2023,2023-12-31
,1850838,"Omega Therapeutics, Inc.",,,2023,2023-12-31
,1850906,"Singular Genomics Systems, Inc.",,,2023,2023-12-31
,1851048,CYBER APP SOLUTIONS CORP.,,,2023,2023-12-31
,1851182,Future Health ESG Corp.,,,2023,2023-12-31
,1851277,Carlyle Secured Lending III,,,2023,2023-12-31
,1851657,"VAXXINITY, INC.",,,2023,2023-12-31
,1851860,"SMART FOR LIFE, INC.",,,2023,2023-12-31
,1852061,GENERATION ASIA I ACQUISITION LIMITED,,,2023,2023-12-31
,1852736,TRISTAR ACQUISITION I CORP.,,,2023,2023-12-31
,1852749,EXCELFIN ACQUISITION CORP.,,,2023,2023-12-31
,1853580,PERCEPTION CAPITAL CORP. III,,,2023,2023-12-31
RLFTY,1854078,RELIEF THERAPEUTICS HOLDING SA,2834,Pharmaceutical Preparations,2023,2023-12-31
,1854583,"Collective Audience, Inc.",,,2023,2023-12-31
CGAU,1854640,CENTERRA GOLD INC.,1040,Gold and Silver Ores,2023,2023-12-31
,1855631,AERWINS TECHNOLOGIES INC.,,,2023,2023-12-31
ARRKF,1855743,Arras Minerals Corp.,1000,Metal Mining,2023,2023-10-31
,1855756,Lilium N.V.,,,2023,2023-12-31
,1856028,"Stronghold Digital Mining, Inc.",,,2023,2023-12-31
,1856161,PEARL HOLDINGS ACQUISITION CORP,,,2023,2023-12-31
,1856430,SNAP ONE HOLDINGS CORP.,,,2023,2023-12-29
CNM,1856525,"Core & Main, Inc.",5099,"Wholesale-Durable Goods, NEC",2023,2026-02-01
,1856608,"Sovos Brands, Inc.",,,2023,2023-12-30
,1856995,MOUNTAIN & CO. I ACQUISITION CORP.,,,2023,2023-12-31
,1857410,Invest Acquisition Corporation,,,2023,2023-12-31
,1857803,DP CAP ACQUISITION CORP I,,,2023,2023-12-31
,1858028,NOVA     VISION ACQUISITION CORP.,,,2023,2023-12-31
,1859285,HireRight Holdings Corp,,,2023,2023-12-31
,1859686,SILVERBOX CORP III,,,2023,2023-12-31
,1860514,ROTH CH ACQUISITION CO.,,,2023,2023-12-31
,1860879,Rigel Resource Acquisition Corp,,,2023,2024-12-31
,1861522,Kidpik Corp.,,,2023,2023-12-30
,1861541,PEGASUS DIGITAL MOBILITY ACQUISITION CORP.,,,2023,2023-12-31
,1862068,"Rubicon Technologies, Inc.",,,2023,2023-12-31
,1862993,AP Acquisition Corp,,,2023,2023-12-31
,1864032,AULT DISRUPTIVE TECHNOLOGIES CORPORATION,,,2023,2023-12-31
,1865127,Lucy Scientific Discovery Inc.,,,2023,2023-06-30
,1865407,KENSINGTON CAPITAL ACQUISITION CORP. V,,,2023,2023-12-31
,1865482,REUNION NEUROSCIENCE INC.,,,2023,2023-03-31
,1865697,NEUROMIND AI CORP.,,,2023,2023-12-31
,1865852,"Keypath Education International, Inc.",,,2023,2023-06-30
,1866547,AETHERIUM ACQUISITION CORP.,,,2023,2023-12-31
,1866550,"THOUGHTWORKS HOLDING, INC.",,,2023,2023-12-31
,1867443,Canna-Global Acquisition Corp,,,2023,2023-12-31
,1867956,LINKTORY INC.,,,2023,2023-05-31
,1868079,PREDICTMEDIX INC.,,,2023,2023-01-31
,1868269,Chenghe Acquisition I Co.,,,2023,2023-12-31
,1868775,ASPAC I Acquisition Corp.,,,2023,2023-12-31
,1869673,Berenson Acquisition Corp. I,,,2023,2023-12-31
,1871745,DIRECT SELLING ACQUISITION CORP.,,,2023,2023-12-31
,1873331,PropertyGuru Group Limited,,,2023,2023-12-31
,1873441,BLOCKCHAIN COINVESTORS ACQUISITION CORP. I,,,2023,2023-12-31
,1873723,"Harden Technologies, Inc.",,,2023,2023-12-31
,1874074,MULTIMETAVERSE HOLDINGS LIMITED,,,2023,2023-12-31
SHGI,1874138,"Sparx Holdings Group, Inc.",3585,Air-Cond & Warm Air Heatg Equip & Comm & Indl Refrig Equip,2023,2023-06-30
,1876945,Gold Flora Corporation,,,2023,2023-12-31
,1878074,BLUE WORLD ACQUISITION CORPORATION,,,2023,2023-06-30
,1879297,LAMF GLOBAL VENTURES CORP. I,,,2023,2023-12-31
,1879851,TMT     Acquisition Corp,,,2023,2023-12-31
,1880249,"WeCapital Holdings, Inc.",,,2023,2023-07-31
,1880441,Battery Future Acquisition Corp.,,,2023,2023-12-31
,1881462,Spree Acquisition Corp. 1 Limited,,,2023,2023-12-31
,1882078,ARISZ ACQUISITION CORP.,,,2023,2023-09-30
,1882963,AIB ACQUISITION CORPORATION,,,2023,2023-12-31
GPLL,1883083,"GPL Holdings, Inc.",6770,Blank Checks,2023,2023-07-31
,1883983,Vision Sensing Acquisition Corp.,,,2023,2023-12-31
,1884072,ADAMAS ONE CORP.,,,2023,2023-09-30
,1886799,BRIGHT GREEN CORPORATION,,,2023,2023-12-31
,1890671,DUET Acquisition Corp.,,,2023,2023-12-31
,1892025,"OPTIMUS HEALTHCARE SERVICES, INC.",,,2023,2023-12-31
,1892480,"HEMPACCO CO., INC.",,,2023,2023-12-31
,1892922,Mars Acquisition Corp.,,,2023,2023-09-30
,1893311,LUXURBAN HOTELS INC.,,,2023,2023-12-31
,1893325,SCREAMING EAGLE ACQUISITION CORP.,,,2023,2023-12-31
,1893448,"STRONG GLOBAL ENTERTAINMENT, INC.",,,2023,2023-12-31
,1894210,Qomolangma Acquisition Corp.,,,2023,2023-12-31
,1894630,"GORES HOLDINGS IX, INC.",,,2023,2023-12-31
,1894951,GLOBAL BLOCKCHAIN ACQUISITION CORP.,,,2023,2023-12-31
,1895144,GOLDEN STAR ACQUISITION CORPORATION,,,2023,2023-12-31
SGTM,1895251,"THE SUSTAINABLE GREEN TEAM, LTD.",0700,Agricultural Services,2023,2023-03-31
DAZSF,1896511,ZKGC NEW ENERGY LIMITED,3690,"Miscellaneous Electrical Machinery, Equipment & Supplies",2023,2023-05-31
,1897971,Global Lights Acquisition Corp,,,2023,2023-12-31
,1900564,WARRANTEE INC.,,,2023,2023-03-31
,1901305,"FORZA X1, INC.",,,2023,2023-12-31
,1902700,"Pioneer Green Farms, Inc.",,,2023,2023-12-31
,1902794,MGO GLOBAL INC.,,,2023,2023-12-31
ENDI,1908984,ENDI CORP.,6282,Investment Advice,2023,2023-12-31
,1910851,R1 RCM Inc. /DE,,,2023,2023-12-31
,1914023,Acri Capital Acquisition Corporation,,,2023,2023-12-31
,1922981,"DILIGENT CAPITAL HOLDINGS, INC.",,,2023,2023-03-31
,1929231,PLUTONIAN ACQUISITION CORP.,,,2023,2023-12-31
,1929589,MariaDB plc,,,2023,2023-09-30
,1932244,"AI UNLIMITED GROUP, INC.",,,2023,2023-12-31
,1934064,"PROSOMNUS, INC.",,,2023,2023-12-31
,1936702,CETUS CAPITAL ACQUISITION CORP.,,,2023,2023-12-31
,1948565,Investcorp US Institutional Private Credit Fund,,,2023,2023-06-30
,1948884,GAMER PAKISTAN INC.,,,2023,2023-12-31
,1950429,99 Acquisition Group Inc.,,,2023,2023-12-31
,1955514,RANMARINE TECHNOLOGY B.V.,,,2023,2023-12-31
,1956746,Equifax do Brasil S.A.,,,2023,2023-12-31
MACT,1957783,"MachTen, Inc.",4813,Telephone Communications (No Radiotelephone),2023,2023-03-31
,1966734,AI Transportation Acquisition Corp,,,2023,2023-12-31
,1975931,Bloom HoldCo LLC,,,2023,2023-09-30
,1990145,Holdco Nuvo Group D.G Ltd.,,,2023,2023-12-31
BCOW,1847360,"1895 Bancorp of Wisconsin, Inc.",6036,"Savings Institutions, Not Federally Chartered",2023,2023-12-31
LUCN,1726079,"LUCENT, INC.",7389,"Services-Business Services, NEC",2023,2023-12-31
,6494,ANDREA ELECTRONICS CORPORATION,,,2022,2022-12-31
,8868,"Avon Products, Inc.",,,2022,2022-12-31
,10254,EARTHSTONE ENERGY INC,,,2022,2022-12-31
CAJPY,16988,CANON INC,3861,Photographic Equipment & Supplies,2022,2022-12-31
,23111,COMPUTER TASK GROUP INC,,,2022,2022-12-31
,40888,"Aerojet Rocketdyne Holdings, Inc.",,,2022,2022-12-31
,54480,KANSAS CITY SOUTHERN,,,2022,2022-12-31
,55772,KIMBALL INTERNATIONAL INC,,,2022,2022-06-30
,57183,Spire Missouri Inc.,,,2022,2022-09-30
,57725,LANNETT CO INC,,,2022,2022-06-30
,59860,GOLDRICH MINING COMPANY,,,2022,2022-12-31
,66600,"Quad     M Solutions, Inc.",,,2022,2022-12-31
,73088,NorthWestern Corporation,,,2022,2022-12-31
,75340,"P&F INDUSTRIES, INC.",,,2022,2022-12-31
,77159,RANGER OIL CORPORATION,,,2022,2022-12-31
,77281,PENNSYLVANIA REAL ESTATE INVESTMENT TRUST,,,2022,2022-12-31
,77877,"PDC ENERGY, INC.",,,2022,2022-12-31
,81157,PGI INCORPORATED,,,2022,2022-12-31
,96699,Technical Communications Corporation,,,2022,2022-09-24
,315858,BLUEGREEN VACATIONS HOLDING CORPORATION,,,2022,2022-12-31
FZMD,319016,"FUSE MEDICAL, INC.",5047,"Wholesale-Medical, Dental & Hospital Equipment & Supplies",2022,2022-12-31
,355379,Midwest Holding Inc.,,,2022,2022-12-31
,707511,"REGENERX BIOPHARMACEUTICALS, INC.",,,2022,2022-12-31
,710782,"Liaoning Shuiyun Qinghe Rice Industry Co., Ltd.",,,2022,2022-04-30
,716006,Yellow Corporation,,,2022,2022-12-31
,718877,"ACTIVISION BLIZZARD, INC.",,,2022,2022-12-31
,719739,SVB FINANCIAL GROUP,,,2022,2022-12-31
,725929,"B2Digital, Incorporated",,,2022,2022-03-31
,726516,"Direct Investment Holdings Group, Inc.",,,2022,2022-12-31
,727538,OFFSHORE PETROLEUM INVESTMENT PARTNERSHIP,,,2022,2022-12-31
,727634,iSign Solutions Inc.,,,2022,2022-12-31
,728447,"EVO Transportation & Energy Services, Inc.",,,2022,2022-12-31
,731245,PRESIDENTIAL REALTY CORPORATION,,,2022,2022-12-31
,737207,"Adhera Therapeutics, Inc.",,,2022,2022-12-31
,742112,INVACARE HOLDINGS CORPORATION,,,2022,2022-12-31
,783280,DUKE REALTY CORPORATION,,,2022,2022-06-30
,794172,"MERIDIAN BIOSCIENCE, INC.",,,2022,2022-09-30
,795212,KASPIEN HOLDINGS INC.,,,2022,2023-01-28
,798949,Unit Corporation,,,2022,2022-12-31
,806592,"Sunwin Stevia International, Inc.",,,2022,2022-04-30
,808362,Baker Hughes Holdings LLC,,,2022,2022-12-31
,810509,"NAVIDEA BIOPHARMACEUTICALS, INC.",,,2022,2022-12-31
,814549,EBIX INC,,,2022,2022-12-31
,815094,ABIOMED INC,,,2022,2022-03-31
,819913,"Hallmark Financial Services, Inc",,,2022,2022-12-31
,822746,AMERICAN NOBLE GAS INC,,,2022,2022-12-31
,825322,"mPHASE TECHNOLOGIES, INC.",,,2022,2022-03-31
,827871,"Eagle Pharmaceuticals, Inc.",,,2022,2022-12-31
,831547,SPECTRUM PHARMACEUTICALS INC,,,2022,2022-12-31
,832090,Partners Bancorp,,,2022,2022-12-31
,836937,UPD HOLDING CORP.,,,2022,2022-06-30
,842183,RPT Realty,,,2022,2022-12-31
,846546,BONSO ELECTRONICS INTERNATIONAL INC.,,,2022,2022-03-31
,849636,RESPIRERX PHARMACEUTICALS INC.,,,2022,2022-12-31
,850261,"SORRENTO THERAPEUTICS, INC.",,,2022,2022-12-31
,851726,SANTA FE GOLD CORPORATION,,,2022,2022-06-30
,854800,"Tingo Group, Inc.",,,2022,2022-12-31
,855654,"ImmunoGen, Inc.",,,2022,2022-12-31
,855874,THE COMMUNITY FINANCIAL CORPORATION,,,2022,2022-12-31
,861838,"Aceragen, Inc.",,,2022,2022-12-31
,866028,POLYMET MINING CORP.,,,2022,2022-12-31
,866368,"PS BUSINESS PARKS, INC./MD",,,2022,2022-12-31
,867665,ABRAXAS PETROLEUM CORP,,,2022,2022-12-31
,867773,SUNPOWER CORP,,,2022,2023-01-01
,874292,"ADDvantage Technologies Group, Inc.",,,2022,2022-12-31
,874710,"ALLIED HEALTHCARE PRODUCTS, INC.",,,2022,2022-06-30
,878726,TUESDAY MORNING CORP/DE,,,2022,2022-07-02
,878828,"Wireless Telecom Group, Inc.",,,2022,2022-12-31
,882800,"PACIFIC VENTURES GROUP, INC.",,,2022,2022-12-31
,884247,LIQUID MEDIA GROUP LTD.,,,2022,2022-08-31
,884363,"Evolutionary Genomics, Inc.",,,2022,2022-12-31
,886158,"20230930-DK-BUTTERFLY-1, INC.",,,2022,2023-02-25
,887247,DMK PHARMACEUTICALS CORPORATION,,,2022,2022-12-31
,887921,"Revlon, Inc.",,,2022,2022-12-31
,889123,REDWOOD MORTGAGE INVESTORS VIII,,,2022,2022-12-31
,891293,CTI BIOPHARMA CORP,,,2022,2022-12-31
,892832,SANDSTON CORP,,,2022,2022-12-31
,895665,"Clearday, Inc.",,,2022,2022-12-31
,896494,Senstar Technologies Ltd.,,,2022,2022-12-31
,896747,AMERICAN BIO MEDICA CORPORATION,,,2022,2022-12-31
,896841,"AVID TECHNOLOGY, INC.",,,2022,2022-12-31
,897429,"Chico’s FAS, Inc.",,,2022,2023-01-28
SPTJF,908732,Sinopec Shanghai Petrochemical Company Limited,2821,"Plastic Materials, Synth Resins & Nonvulcan Elastomers",2022,2022-12-31
,910467,CAMPBELL STRATEGIC ALLOCATION FUND LP,,,2022,2022-12-31
,912752,"SINCLAIR BROADCAST GROUP, LLC",,,2022,2022-12-31
,914025,"PLANTRONICS, INC.",,,2022,2022-04-02
,919175,"SUGARMADE, INC.",,,2022,2022-06-30
,922521,"FALCONSTOR SOFTWARE, INC.",,,2022,2022-12-31
,922612,"SCHMITT INDUSTRIES, INC.",,,2022,2022-05-31
,923571,US XPRESS ENTERPRISES INC,,,2022,2022-12-31
,925661,"SECTOR 10, Inc.",,,2022,2023-03-31
,932872,Shaw Communications Inc.,,,2022,2022-08-31
,934543,AMERICAN CHURCH MORTGAGE COMPANY,,,2022,2022-06-30
,935494,NATIONAL INSTRUMENTS CORPORATION,,,2022,2022-12-31
,944314,"LIFE STORAGE, INC.",,,2022,2022-12-31
,945764,DENBURY INC.,,,2022,2022-12-31
,945828,AMERITYRE CORPORATION,,,2022,2022-06-30
,946454,FG GROUP HOLDINGS INC.,,,2022,2022-12-31
,1000229,CORE LABORATORIES N.V.,,,2022,2022-12-31
,1000298,"Impac Mortgage Holdings, Inc.",,,2022,2022-12-31
,1000683,"BLONDER TONGUE LABORATORIES, INC.",,,2022,2022-12-31
,1005276,MOHEGAN TRIBAL GAMING AUTHORITY,,,2022,2022-09-30
,1007273,Bank of South Carolina Corporation,,,2022,2022-12-31
,1008654,TUPPERWARE BRANDS CORPORATION,,,2022,2022-12-31
,1011662,"GLOBAL DIGITAL SOLUTIONS, INC.",,,2022,2022-12-31
,1014111,"GLASSBRIDGE ENTERPRISES, INC.",,,2022,2022-12-31
,1021096,"Troika Media Group, Inc.",,,2022,2022-12-31
,1021435,HOPTO     INC.,,,2022,2022-12-31
,1025561,SHARPLINK GAMING LTD.,,,2022,2022-12-31
,1029800,URSTADT BIDDLE PROPERTIES INC,,,2022,2022-10-31
,1031029,"STARTEK, INC.",,,2022,2022-12-31
,1037390,"INDUS REALTY TRUST, INC.",,,2022,2022-12-31
,1038133,HESKA CORPORATION,,,2022,2022-12-31
CHKIF,1041668,CHINA SOUTHERN AIRLINES COMPANY LIMITED,4512,"Air Transportation, Scheduled",2022,2022-12-31
,1044378,"BIOCEPT, INC.",,,2022,2022-12-31
,1046995,eMagin Corporation,,,2022,2022-12-31
SALM,1050606,"SALEM MEDIA GROUP, INC.",4832,Radio Broadcasting Stations,2022,2022-12-31
MADL,1052354,MAN AHL DIVERSIFIED I LP,6221,Commodity Contracts Brokers & Dealers,2022,2022-12-31
,1054721,BSQUARE CORP/WA,,,2022,2022-12-31
,1057083,PC TEL INC,,,2022,2022-12-31
,1060219,"SALISBURY BANCORP, INC.",,,2022,2022-12-31
,1060736,Seagen Inc.,,,2022,2022-12-31
,1062128,"MANUKA, INC.",,,2022,2022-12-31
,1063344,HERSHA HOSPITALITY TRUST,,,2022,2022-12-31
,1065201,"AmerInst Insurance Group, Ltd.",,,2022,2022-12-31
,1066719,"TAIHE GROUP, INC.",,,2022,2022-12-31
,1067428,AngloGold Ashanti Limited,,,2022,2022-12-31
,1067873,"AS-IP TECH, INC.",,,2022,2022-06-30
,1068875,"AVANTAX, INC.",,,2022,2022-12-31
,1069308,ACER THERAPEUTICS INC.,,,2022,2022-12-31
,1071058,ABSOLUTE SOFTWARE CORPORATION,,,2022,2022-06-30
,1076682,"POLARITYTE, INC.",,,2022,2022-12-31
,1077771,UMPQUA HOLDINGS CORP,,,2022,2022-12-31
CRDV,1084551,COMMUNITY REDEVELOPMENT INC.,6552,Land Subdividers & Developers (No Cemeteries),2022,2022-12-31
UBOH,1087456,UNITED BANCSHARES INC/OH,6021,National Commercial Banks,2022,2022-12-31
,1091883,"CIRCOR INTERNATIONAL, INC.",,,2022,2022-12-31
,1091907,"World Wrestling Entertainment, LLC",,,2022,2022-12-31
,1092662,"CHEMBIO DIAGNOSTICS, INC.",,,2022,2022-12-31
,1094084,"TELKONET, INC.",,,2022,2022-12-31
,1095315,"PFSweb, Inc.",,,2022,2022-12-31
,1102112,PacWest Bancorp,,,2022,2022-12-31
,1102432,"Viking Energy Group, Inc.",,,2022,2022-12-31
,1102942,"INNOVAQOR, INC.",,,2022,2022-12-31
,1104280,SANGUI BIOTECH INTERNATIONAL INC,,,2022,2022-06-30
PCCYF,1108329,PETROCHINA CO LTD,1311,Crude Petroleum & Natural Gas,2022,2022-12-31
,1108630,"LIVE CURRENT MEDIA, INC.",,,2022,2022-12-31
,1108967,"Orbital Infrastructure Group, Inc.",,,2022,2022-12-31
,1113148,"Infinity Pharmaceuticals, Inc.",,,2022,2022-12-31
,1115128,Quotient Technology Inc.,,,2022,2022-12-31
,1115837,MOBILE TELESYSTEMS PUBLIC JOINT STOCK Co,,,2022,2022-12-31
,1121142,Maxar Technologies Inc.,,,2022,2022-12-31
SNPMF,1123658,CHINA PETROLEUM & CHEMICAL CORPORATION,2911,Petroleum Refining,2022,2022-12-31
,1125699,DAIS CORPORATION,,,2022,2022-12-31
,1126115,"LZG INTERNATIONAL, INC.",,,2022,2022-05-31
,1126162,PURTHANOL RESOURCES LIMITED,,,2022,2022-11-30
,1126975,"MAGELLAN MIDSTREAM PARTNERS, L.P.",,,2022,2022-12-31
,1127993,"GALAXY NEXT GENERATION, INC.",,,2022,2022-06-30
,1128353,ENERTECK CORPORATION,,,2022,2022-12-31
,1135185,"Atlas Air Worldwide Holdings, Inc.",,,2022,2022-12-31
,1136352,CRESTWOOD EQUITY PARTNERS LP,,,2022,2022-12-31
,1138608,"Bloomios, Inc.",,,2022,2022-12-31
EESH,1138867,"EESTech, Inc",4941,Water Supply,2022,2022-12-31
,1142596,NUVASIVE INC,,,2022,2022-12-31
,1144519,BUNGELTD,,,2022,2022-12-31
,1144546,"HFactor, Inc.",,,2022,2022-12-31
,1156784,"CARBONMETA TECHNOLOGIES, INC.",,,2022,2022-12-31
BRCNF,1158399,Burcon NutraScience Corporation,2020,Dairy Products,2022,2022-03-31
,1159510,Credit Suisse Group AG,,,2022,2022-12-31
,1160798,C2E ENERGY INC.,,,2022,2022-12-31
,1160951,"Duck Creek Technologies, Inc.",,,2022,2022-08-31
ALMMF,1161611,ALUMINUM CORP OF CHINA LTD,3334,Primary Production of  Aluminum,2022,2022-12-31
MGHL,1162283,Morgan Group Holding Co,6200,"Security & Commodity Brokers, Dealers, Exchanges & Services",2022,2022-12-31
,1169987,"HTG Molecular Diagnostics, Inc.",,,2022,2022-12-31
ADMG,1171008,Adamant DRI Processing and Minerals Group,1000,Metal Mining,2022,2022-12-31
,1172631,"SUNWORKS, INC.",,,2022,2022-12-31
,1173281,"NeuBase Therapeutics, Inc.",,,2022,2022-09-30
,1178711,"PARATEK PHARMACEUTICALS, INC.",,,2022,2022-12-31
,1178727,COMSOVEREIGN HOLDING CORP.,,,2022,2022-12-31
,1180145,"CARDIOVASCULAR SYSTEMS, INC.",,,2022,2022-06-30
,1205059,REPLICEL LIFE SCIENCES INC.,,,2022,2022-12-31
,1209028,ARLINGTON ASSET INVESTMENT CORP.,,,2022,2022-12-31
,1210618,"SPI Energy Co., Ltd.",,,2022,2022-12-31
,1239819,LUNA INNOVATIONS INC,,,2022,2022-12-31
,1251769,"Apollo Endosurgery, Inc.",,,2022,2022-12-31
,1253347,COMMONWEALTH INCOME & GROWTH FUND V,,,2022,2022-12-31
,1259942,BELLUS HEALTH INC.,,,2022,2022-12-31
,1264089,YAMANA GOLD INC.,,,2022,2022-12-31
CILJF,1268896,China Life Insurance Company Limited,6311,Life Insurance,2022,2022-12-31
,1270073,"Intercept Pharmaceuticals, Inc.",,,2022,2022-12-31
ERLFF,1271554,ENTREE RESOURCES LTD.,1040,Gold and Silver Ores,2022,2022-12-31
,1273636,APPLIED GENETIC TECHNOLOGIES CORP,,,2022,2022-06-30
,1273931,MONEYGRAM INTERNATIONAL INC,,,2022,2022-12-31
,1276671,BANCO ITAU CHILE,,,2022,2022-12-31
,1277998,MANUFACTURED HOUSING PROPERTIES INC.,,,2022,2022-12-31
WDLF,1281984,"Decentral Life, Inc.",6199,Finance Services,2022,2022-12-31
,1282977,"GREENHILL & CO., INC.",,,2022,2022-12-31
,1283140,HOLLY ENERGY PARTNERS LP,,,2022,2022-12-31
,1283789,"REYNALDO’S MEXICAN FOOD COMPANY, INC.",,,2022,2022-12-31
,1285543,"ZERIFY, INC.",,,2022,2022-12-31
,1286459,ALL FOR ONE MEDIA CORP.,,,2022,2022-09-30
,1286648,GZ6G Technologies Corp.,,,2022,2022-12-31
,1292519,INVIVO THERAPEUTICS HOLDINGS CORP.,,,2022,2022-12-31
,1293310,"Humanigen, Inc.",,,2022,2022-12-31
,1295961,"QUANTUM ENERGY, INC.",,,2022,2022-02-28
,1300524,AMERICAN INTERNATIONAL HOLDINGS CORP.,,,2022,2022-12-31
,1300699,"ATHENEX, INC.",,,2022,2022-12-31
,1300938,"ABCO ENERGY, INC.",,,2022,2022-12-31
,1301713,Starcore International Mines Ltd.,,,2022,2022-04-30
,1302084,NEXTSOURCE MATERIALS INC.,,,2022,2022-06-30
,1303313,"LHC Group, Inc.",,,2022,2022-12-31
,1305773,"Conformis, Inc.",,,2022,2022-12-31
,1307624,"HEALTHTECH SOLUTIONS, INC./UT",,,2022,2022-12-31
,1308569,"Major League Football, Inc.",,,2022,2022-04-30
,1308606,"SPIRIT REALTY CAPITAL, INC.",,,2022,2022-12-31
,1317833,"Golden Ally Lifetech Group, Inc.",,,2022,2022-12-31
,1324272,"Ruths Hospitality Group, Inc.",,,2022,2022-12-25
,1324736,"HERO TECHNOLOGIES, INC",,,2022,2022-12-31
,1326321,AEI INCOME & GROWTH FUND 26 LLC,,,2022,2022-12-31
,1333835,"Casa Systems, Inc.",,,2022,2022-12-31
,1338065,"DCP MIDSTREAM, LP",,,2022,2022-12-31
,1341726,"GULFSLOPE ENERGY, INC.",,,2022,2022-09-30
,1342792,WORLDWIDE STRATEGIES INC.,,,2022,2022-07-31
SNPW,1343465,Sun Pacific Holding Corp.,7310,Services-Advertising,2022,2022-12-31
,1349929,"VYANT BIO, INC",,,2022,2022-12-31
,1350073,"ICONIC BRANDS, INC.",,,2022,2022-12-31
,1351172,LIMINAL BIOSCIENCES INC.,,,2022,2022-12-31
,1351901,COMMONWEALTH INCOME & GROWTH FUND VI,,,2022,2022-12-31
,1353282,MANAGED FUTURES PREMIER WARRINGTON L.P.,,,2022,2022-12-31
,1353538,"Appgate, Inc.",,,2022,2022-12-31
,1354730,INVESCO DB G10 CURRENCY HARVEST FUND,,,2022,2022-12-31
,1358356,"LIMESTONE BANCORP, INC.",,,2022,2022-12-31
,1358403,"Bellicum Pharmaceuticals, Inc.",,,2022,2022-12-31
,1358762,REATA PHARMACEUTICALS INC,,,2022,2022-12-31
,1362705,Evolve Transition Infrastructure LP,,,2022,2022-12-31
HSTI,1365388,"HIGH SIERRA TECHNOLOGIES, INC.",6770,Blank Checks,2022,2022-12-31
,1365916,"Amyris, Inc.",,,2022,2022-12-31
,1367408,Sino American Oil Co,,,2022,2022-09-30
,1368148,"ATHERSYS, INC / NEW",,,2022,2022-12-31
,1368275,W&E Source Corp.,,,2022,2022-06-30
,1368637,Petrolia Energy Corporation,,,2022,2022-12-31
,1370431,Vedanta Limited,,,2022,2022-03-31
,1372183,"NextPlay Technologies, Inc.",,,2022,2022-02-28
,1374535,ALTRA INDUSTRIAL MOTION CORP.,,,2022,2022-12-31
,1378453,TravelCenters of America Inc.,,,2022,2022-12-31
,1381507,"Limeade, Inc.",,,2022,2022-12-31
,1383054,INVESCO DB SILVER FUND,,,2022,2022-12-31
,1383055,INVESCO DB GOLD FUND,,,2022,2022-12-31
,1383701,Histogen Inc.,,,2022,2022-12-31
,1385867,Coupa Software Inc,,,2022,2022-01-31
,1386049,"Beyond Commerce, Inc.",,,2022,2022-12-31
,1388319,"U.S. STEM CELL, INC.",,,2022,2022-12-31
,1389067,"ARtelligence Holdings, Inc.",,,2022,2022-12-31
,1391127,"EDGIO, INC.",,,2022,2022-12-31
,1393540,IGEN NETWORKS CORPORATION,,,2022,2022-12-31
,1399352,"Cool Technologies, Inc.",,,2022,2022-12-31
,1401708,"NS Wind Down Co., Inc.",,,2022,2022-12-31
,1402479,"MedAvail Holdings, Inc.",,,2022,2022-12-31
,1403256,"SCULPTOR CAPITAL MANAGEMENT, INC.",,,2022,2022-12-31
,1403431,"HERITAGE-CRYSTAL CLEAN, INC.",,,2022,2022-12-31
,1404123,"1LIFE HEALTHCARE, INC.",,,2022,2022-12-31
,1405663,I-MINERALS INC.,,,2022,2022-04-30
,1407573,"AMERICREW, INC.",,,2022,2022-09-30
,1409175,MOTOS AMERICA INC.,,,2022,2022-07-31
,1409999,"Black Bird Biotech, Inc.",,,2022,2022-12-31
,1410172,"RUBICON TECHNOLOGY, INC.",,,2022,2022-12-31
,1410939,"IVERIC bio, Inc.",,,2022,2022-12-31
,1411059,"KBS REAL ESTATE INVESTMENT TRUST II, INC.",,,2022,2022-12-31
,1411494,"Apollo Asset Management, Inc.",,,2022,2022-12-31
,1412659,"Regenicin, Inc.",,,2022,2022-09-30
DSGT,1413909,"DSG Global, Inc.",7373,Services-Computer Integrated Systems Design,2022,2022-12-31
,1418100,AVAYA HOLDINGS CORP.,,,2022,2022-09-30
,1421204,"REBUS HOLDINGS, INC.",,,2022,2022-12-31
,1424844,"SOUTHWEST IOWA RENEWABLE ENERGY, LLC",,,2022,2022-09-30
,1426506,SMG INDUSTRIES INC.,,,2022,2022-12-31
,1435049,"Chinook Therapeutics, Inc.",,,2022,2022-12-31
PHBI,1435181,PHARMAGREEN BIOTECH INC.,4581,"Airports, Flying Fields & Airport Terminal Services",2022,2022-09-30
,1435387,DISCOVERY ENERGY CORP.,,,2022,2022-02-28
GSFI,1437476,"GREEN STREAM HOLDINGS, INC.",6500,Real Estate,2022,2023-04-30
,1439237,QUALITY ONLINE EDUCATION GROUP INC.,,,2022,2022-08-31
,1444307,ONCOSEC MEDICAL INCORPORATED,,,2022,2022-07-31
,1445109,"NEWSTREAM ENERGY TECHNOLOGIES GROUP, INC.",,,2022,2022-12-31
,1445499,IMPEL PHARMACEUTICALS INC,,,2022,2022-12-31
,1445831,NEWPOINT FINANCIAL CORP.,,,2022,2022-12-31
,1446687,"SILVER STAR PROPERTIES REIT, INC.",,,2022,2022-12-31
,1450307,"CORPORATE UNIVERSE, INC.",,,2022,2022-12-31
,1450335,"COMMONWEALTH INCOME & GROWTH FUND VII, LP",,,2022,2022-12-31
,1450416,LEXAGENE HOLDINGS INC.,,,2022,2022-02-28
RMHI,1452804,"PEAK PHARMACEUTICALS, INC.",2834,Pharmaceutical Preparations,2022,2022-09-30
,1452965,"MINERVA SURGICAL, INC.",,,2022,2022-12-31
,1454510,LNPR GROUP INC.,,,2022,2022-12-31
,1456857,"MJ Holdings, Inc.",,,2022,2022-12-31
,1458631,HALBERD CORPORATION,,,2022,2022-01-31
,1462103,"MEWBOURNE ENERGY PARTNERS 09-A, L.P.",,,2022,2022-12-31
,1463833,"IDW MEDIA HOLDINGS, INC.",,,2022,2022-10-31
,1465872,Vantage Drilling International,,,2022,2022-12-31
,1465885,Western Asset Mortgage Capital Corporation,,,2022,2022-12-31
,1466538,Cowen Inc.,,,2022,2022-12-31
,1467154,"NVN Liquidation, Inc.",,,2022,2022-12-31
,1467808,Global Cord Blood Corp,,,2022,2022-03-31
,1467913,808 Renewable Energy Corporation,,,2022,2022-12-31
,1469038,X METAVERSE INC.,,,2022,2022-12-31
,1473579,NANOMIX CORPORATION,,,2022,2022-12-31
,1475348,Luther Burbank Corp,,,2022,2022-12-31
,1487198,"ASPEN GROUP, INC.",,,2022,2022-04-30
,1488638,MBG Holdings Inc.,,,2022,2022-02-01
,1489588,"Home Bistro, Inc.",,,2022,2021-10-31
,1490927,FRANKLIN BSP LENDING CORPORATION,,,2022,2022-12-31
,1491262,"MEWBOURNE ENERGY PARTNERS 10-A, L.P.",,,2022,2022-12-31
,1491487,"TAKUNG ART CO., LTD",,,2022,2022-12-31
,1492074,Abcam plc,,,2022,2022-12-31
,1492091,AUSCRETE CORPORATION,,,2022,2022-12-31
,1492426,Horizon Therapeutics Public Ltd Co,,,2022,2022-12-31
,1494319,Univar Solutions Inc.,,,2022,2022-12-31
,1496671,"CALITHERA BIOSCIENCES, INC.",,,2022,2022-12-31
,1498576,ChinaCache     International Holdings Ltd.,,,2022,2022-12-31
,1499785,Tengjun Biotechnology Corp.,,,2022,2022-12-31
,1500123,ITEM 9 LABS CORP.,,,2022,2022-09-30
,1501078,OCONEE FEDERAL FINANCIAL CORP.,,,2022,2022-06-30
,1501134,Invitae Corporation,,,2022,2022-12-31
,1501958,"CHINA LIAONING DINGXU ECOLOGICAL AGRICULTURE DEVELOPMENT, INC.",,,2022,2022-03-31
,1504167,"TREX WIND-DOWN, INC.",,,2022,2022-12-31
,1510832,BioPower Operations Corporation,,,2022,2022-11-30
,1512927,"CHINA UNITED INSURANCE SERVICE, INC.",,,2022,2022-12-31
,1517498,"Merion, Inc.",,,2022,2022-01-01
,1519177,Sollensys Corp,,,2022,2022-12-31
,1522602,"COHBAR, INC.",,,2022,2022-12-31
,1527096,Miromatrix Medical Inc.,,,2022,2022-12-31
,1527102,"Evergreen Sustainable Enterprises, Inc.",,,2022,2022-12-31
ENDV,1528172,"ENDONOVO THERAPEUTICS, INC.",3845,Electromedical & Electrotherapeutic Apparatus,2022,2022-12-31
,1528930,"Franchise Group, Inc.",,,2022,2022-12-31
,1532346,"Atreca, Inc.",,,2022,2022-12-31
,1534992,"FIESTA RESTAURANT GROUP, INC.",,,2022,2023-01-01
,1537917,"Tyme Technologies, Inc.",,,2022,2022-03-31
,1538217,"SRAX, Inc.",,,2022,2022-12-31
,1538789,Just Energy Group Inc.,,,2022,2022-03-31
,1539778,RAYONT INC.,,,2022,2022-06-30
,1540755,"ANAPLAN, INC.",,,2022,2022-01-31
,1541884,"ProLung, Inc.",,,2022,2022-12-31
,1543916,"ForgeRock, Inc.",,,2022,2022-12-31
,1550222,"AROWANA MEDIA HOLDINGS, INC.",,,2022,2022-12-31
,1550603,"MALVERN BANCORP, INC.",,,2022,2022-09-30
,1551693,"PROJECT SAGE OLDCO, INC.",,,2022,2022-12-31
,1551887,DUESENBERG TECHNOLOGIES INC.,,,2022,2022-10-31
,1551986,"9 Meters Biopharma, Inc.",,,2022,2022-12-31
,1552358,"CGS INTERNATIONAL, INC.",,,2022,2022-04-30
,1552743,UNIVERSAL GLOBAL HUB INC.,,,2022,2022-12-31
,1552979,"CHINA DE XIAO QUAN CARE GROUP CO., LTD",,,2022,2022-12-31
APSI,1553264,AQUA POWER SYSTEMS INC.,4911,Electric Services,2022,2022-03-31
,1558583,"ARCIMOTO, INC.",,,2022,2022-12-31
,1560905,TORtec Group Corp.,,,2022,2022-03-31
,1561880,"LEGACY EDUCATION ALLIANCE, INC.",,,2022,2022-12-31
,1564406,"Oak Street Health, Inc.",,,2022,2022-12-31
,1566469,"NantHealth, Inc.",,,2022,2022-12-31
,1568162,"The Necessity Retail REIT, Inc.",,,2022,2022-12-31
BQST,1568628,BIOQUEST CORP.,2834,Pharmaceutical Preparations,2022,2022-04-30
,1571398,Vecta Inc.,,,2022,2022-12-31
,1571804,GREEN VISION BIOTECHNOLOGY CORP.,,,2022,2022-01-01
,1575051,Sisecam Resources LP,,,2022,2022-12-31
,1575311,BROOKFIELD DTLA FUND OFFICE TRUST INVESTOR INC.,,,2022,2022-12-31
,1575659,"Rapid Therapeutic Science Laboratories, Inc.",,,2022,2022-12-31
,1576263,"MIRATI THERAPEUTICS, INC.",,,2022,2022-12-31
,1579717,"PERK INTERNATIONAL, INC.",,,2022,2022-05-31
,1581874,"TERRA SECURED INCOME FUND 5, LLC",,,2022,2022-12-31
,1582581,voxeljet AG,,,2022,2022-12-31
,1585149,Dengfeng Group Ltd,,,2022,2022-08-31
,1587264,ENETI INC.,,,2022,2022-12-31
,1592016,"AgroFresh Solutions, Inc.",,,2022,2022-12-31
,1592058,Party City Holdco Inc.,,,2022,2022-12-31
,1593204,HUAIZHONG HEALTH GROUP INC.,,,2022,2022-10-31
,1594114,ZHRH CORPORATION,,,2022,2022-06-30
,1594555,"HV Bancorp, Inc.",,,2022,2022-12-31
,1596062,Q BIOMED INC.,,,2022,2022-11-30
,1596946,QUOTIENT LIMITED,,,2022,2022-03-31
,1597313,"ViewRay, Inc.",,,2022,2022-12-31
,1598308,GLOBAL WHOLEHEALTH PARTNERS CORPORATION,,,2022,2022-06-30
,1599489,VERITIV CORPORATION,,,2022,2022-12-31
,1600132,"Bellerophon Therapeutics, Inc.",,,2022,2022-12-31
,1602813,"FRONTERA GROUP, INC.",,,2022,2022-06-30
,1603016,Hoegh LNG Partners LP,,,2022,2022-03-31
,1604477,SQZ BIOTECHNOLOGIES COMPANY,,,2022,2022-12-31
,1604643,EVOQUA WATER TECHNOLOGIES CORP.,,,2022,2022-09-30
,1606457,Atento S.A.,,,2022,2022-12-31
,1606698,"Alpine 4 Holdings, Inc.",,,2022,2022-12-31
,1610682,USD Partners LP,,,2022,2022-12-31
,1610950,"SYNEOS HEALTH, INC.",,,2022,2022-12-31
,1611852,"Roan Holdings Group Co., Ltd.",,,2022,2022-12-31
,1612188,TEO Foods Inc.,,,2022,2022-12-31
,1612851,"Palayan Resources, Inc.",,,2022,2022-03-31
,1614067,"Aridis Pharmaceuticals, Inc.",,,2022,2022-12-31
,1615055,IsoPlexis Corporation,,,2022,2022-12-31
,1615780,"THE TEARDROPPERS, INC.",,,2022,2022-12-31
,1621443,"ZYNERBA PHARMACEUTICALS, INC.",,,2022,2022-12-31
,1622408,FRITZY TECH INC.,,,2022,2022-06-30
,1624422,PHAXIAM Therapeutics S.A.,,,2022,2022-12-31
,1627014,"BLACK KNIGHT, INC.",,,2022,2022-12-31
,1627041,VISIBER57 CORP.,,,2022,2022-08-31
,1627554,"Pedro’s List, Inc.",,,2022,2022-10-31
,1627606,DAVIDsTEA Inc.,,,2022,2022-01-29
,1633070,AXCELLA HEALTH INC.,,,2022,2022-12-31
,1635650,GREEN PLAINS PARTNERS LP,,,2022,2022-12-31
,1636050,Sio Gene Therapies Inc.,,,2022,2022-03-31
,1637890,CELYAD ONCOLOGY SA,,,2022,2022-12-31
,1640455,"JOUNCE THERAPEUTICS, INC.",,,2022,2022-12-31
,1641640,Nabriva Therapeutics plc,,,2022,2022-12-31
,1641751,BrewBilt Manufacturing Inc.,,,2022,2022-12-31
,1642363,SEGUIN NATURAL HAIR PRODUCTS INC.,,,2022,2022-03-31
ALTB,1642365,Alpine Auto Brokers Inc.,5990,"Retail-Retail Stores, NEC",2022,2022-12-31
,1642862,"Venture Lending & Leasing VIII, Inc.",,,2022,2022-12-31
,1642985,Mobile Infrastructure Corp,,,2022,2022-12-31
,1644406,"Hostess Brands, Inc.",,,2022,2022-12-31
,1645569,"DICE THERAPEUTICS, INC.",,,2022,2022-12-31
,1648365,"AGRI-FINTECH HOLDINGS, INC.",,,2022,2022-12-31
,1648903,"FIRST FOODS GROUP, INC.",,,2022,2022-12-31
,1651052,FOCUS FINANCIAL PARTNERS INC.,,,2022,2022-12-31
,1651561,"Tabula Rasa HealthCare, Inc.",,,2022,2022-12-31
,1653247,WAITR HOLDINGS INC.,,,2022,2022-12-31
,1654672,"PINEAPPLE, INC.",,,2022,2022-12-31
,1654948,"Hartman vREIT XXI, Inc.",,,2022,2022-12-31
,1655971,"GLACIER WORLDWIDE, INC.",,,2022,2022-12-31
,1656536,"Decibel Therapeutics, Inc.",,,2022,2022-12-31
,1657249,"Road Marshall, Inc.",,,2022,2022-03-31
,1658520,"OS Support, Inc.",,,2022,2022-06-30
,1659207,FELLAZO CORP.,,,2022,2022-08-31
,1662244,"Cyteir Therapeutics, Inc.",,,2022,2022-12-31
,1662382,BRAIN SCIENTIFIC INC.,,,2022,2022-12-31
,1664127,"ALTITUDE INTERNATIONAL HOLDINGS, INC.",,,2022,2022-12-31
,1666384,"AG Twin Brook BDC, Inc.",,,2022,2022-12-31
,1669400,"Veritas     Farms, Inc.",,,2022,2022-12-31
,1671077,MED SPA VACATIONS INC.,,,2022,2021-12-31
,1671818,"ONCORUS, INC.",,,2022,2022-12-31
,1674365,APTINYX INC.,,,2022,2022-12-31
,1676580,VISION ENERGY CORPORATION,,,2022,2022-12-31
,1676852,OMNIA WELLNESS INC,,,2022,2022-03-31
,1679082,Myovant Sciences Ltd.,,,2022,2022-03-31
,1680237,CHINA KING SPIRIT GROUP LTD.,,,2022,2022-06-30
,1685316,OBSEVA SA,,,2022,2022-12-31
,1685428,LUMIRADX LIMITED,,,2022,2022-12-31
,1686515,ECCO AUTO WORLD CORPORATION,,,2022,2022-03-31
,1687065,"CHINA WUYI MOUNTAIN, LTD.",,,2022,2022-08-31
,1688476,NexTier Oilfield Solutions Inc.,,,2022,2022-12-31
,1688487,METAURUS EQUITY COMPONENT TRUST,,,2022,2022-12-21
,1689382,Trilogy International Partners Inc.,,,2022,2022-12-31
,1689657,PhenomeX Inc.,,,2022,2022-12-31
,1690947,HEXO CORP.,,,2022,2022-07-31
,1691077,"EVmo, Inc.",,,2022,2022-12-31
,1691337,PCSB Financial Corporation,,,2022,2022-06-30
,1692830,"Satsuma Pharmaceuticals, Inc.",,,2022,2022-12-31
,1694665,"EVELO BIOSCIENCES, INC.",,,2022,2022-12-31
,1695357,"Provention Bio, Inc.",,,2022,2022-12-31
,1695519,ALTAGAS LTD.,,,2022,2022-12-31
,1697935,"MAPTELLIGENT, INC.",,,2022,2021-12-31
,1698113,"ID Auto, Inc.",,,2022,2022-12-31
,1698287,"Banco Santander Mexico S.A., Institucion de Banca Multiple, Grupo Financiero Santander Mexico",,,2022,2022-12-31
,1699126,Ciclet Holdings Inc.,,,2022,2022-01-31
,1701114,"Blue Apron Holdings, Inc.",,,2022,2022-12-31
,1703785,STR Sub Inc.,,,2022,2022-06-06
,1704596,"EVO PAYMENTS, INC.",,,2022,2022-12-31
,1704760,"American Virtual Cloud Technologies, Inc.",,,2022,2022-12-31
,1705338,Spark Networks SE,,,2022,2022-12-31
,1705682,Venator Materials PLC,,,2022,2022-12-31
,1708410,SIMPLICITY ESPORTS AND GAMING COMPANY,,,2022,2022-05-31
,1708493,"Harpoon Therapeutics, Inc.",,,2022,2022-12-31
,1709401,"RUBIUS THERAPEUTICS, INC.",,,2022,2022-12-31
,1709768,SENTINEL ENERGY SERVICES INC.,,,2022,2022-12-31
,1711291,CURO GROUP HOLDINGS CORP.,,,2022,2022-12-31
,1713952,"VIVINT SMART HOME, INC.",,,2022,2022-12-31
LCHD,1715433,LEADER CAPITAL HOLDINGS CORP.,7371,Services-Computer Programming Services,2022,2022-08-31
,1716324,Regnum Corp.,,,2022,2022-12-31
,1718108,"SURFACE ONCOLOGY, INC.",,,2022,2022-12-31
,1718852,"PROMETHEUS BIOSCIENCES, INC.",,,2022,2022-12-31
,1719395,"EARGO, INC.",,,2022,2022-12-31
,1719489,"KALEYRA, INC.",,,2022,2022-12-31
,1721181,HeadHunter Group PLC,,,2022,2022-12-31
,1723648,"LIVEVOX HOLDINGS, INC.",,,2022,2022-12-31
,1724979,Rain Oncology Inc.,,,2022,2022-12-31
,1725516,"RENEWABLE INNOVATIONS, INC.",,,2022,2022-11-30
,1726822,Adorbs Inc,,,2022,2022-12-31
,1729750,"KUBIENT, INC.",,,2022,2022-12-31
,1730346,"CHARAH SOLUTIONS, INC.",,,2022,2022-12-31
,1730732,3FORCES INC.,,,2022,2022-12-31
,1731805,Hut 8 Mining Corp.,,,2022,2022-12-31
,1734768,IMV Inc.,,,2022,2022-12-31
,1734875,"Mid-Southern Bancorp, Inc.",,,2022,2022-12-31
,1735184,Retail Value Inc.,,,2022,2022-12-31
,1736865,"GOLDEN     DEVELOPING SOLUTIONS, INC.",,,2022,2022-12-31
,1737372,"SYSOREX, INC.",,,2022,2022-12-31
,1739208,"Tenaya Group, Inc.",,,2022,2022-12-31
,1739426,RVL Pharmaceuticals plc,,,2022,2022-12-31
,1739936,Momentive Global Inc.,,,2022,2022-12-31
,1740594,Arco Platform Ltd.,,,2022,2022-12-31
,1740915,Farfetch Ltd,,,2022,2022-12-31
,1741231,"TATTOOED CHEF, INC.",,,2022,2022-12-31
,1741603,"ACCEL LIQUID GELS, INC.",,,2022,2022-05-31
,1742924,LIVENT CORPORATION,,,2022,2022-12-31
PYRGF,1743344,PYROGENESIS CANADA INC.,2834,Pharmaceutical Preparations,2022,2022-12-31
,1745020,"THESEUS PHARMACEUTICALS, INC.",,,2022,2022-12-31
,1745041,"IAA, Inc.",,,2022,2023-01-01
,1746278,"GoLogiq, Inc.",,,2022,2022-12-31
,1747748,QUALTRICS INTERNATIONAL INC.,,,2022,2022-12-31
,1748907,ORCHARD THERAPEUTICS PLC,,,2022,2022-12-31
,1750019,TCR2 Therapeutics Inc.,,,2022,2022-12-31
,1751143,"ATLAS TECHNICAL CONSULTANTS, INC.",,,2022,2022-12-30
,1753931,"SHENGDA NETWORK TECHNOLOGY, INC.",,,2022,2022-06-30
,1753945,"OPTI-HARVEST, INC.",,,2022,2022-12-31
,1755281,Sands China Ltd.,,,2022,2022-12-31
,1756497,Change Healthcare Inc.,,,2022,2022-03-31
,1756704,SOLAR INTEGRATED ROOFING CORP.,,,2022,2022-03-31
,1759424,"EVIL EMPIRE DESIGNS, INC.",,,2022,2022-12-31
,1760173,"SURGALIGN HOLDINGS, INC.",,,2022,2022-12-31
,1760717,SCIPLAY CORPORATION,,,2022,2022-12-31
,1760764,G Medical Innovations Holdings Ltd.,,,2022,2022-12-31
,1762322,"SHIFT TECHNOLOGIES, INC.",,,2022,2022-12-31
,1763657,"ONE WORLD VENTURES, INC.",,,2022,2022-12-31
,1765826,"Blubuzzard, Inc.",,,2022,2022-12-31
,1768910,GREENCITY ACQUISITION CORPORATION,,,2022,2022-12-31
,1769116,VIA optronics AG,,,2022,2022-12-31
,1772028,SCOPUS BIOPHARMA INC.,,,2022,2022-12-31
,1776197,AKUMIN INC.,,,2022,2022-12-31
,1776932,MEDMEN ENTERPRISES INC.,,,2022,2022-06-25
VQSSF,1777765,VIQ SOLUTIONS INC.,7370,"Services-Computer Programming, Data Processing, Etc.",2022,2022-12-31
,1780097,"Baudax Bio, Inc.",,,2022,2022-12-31
,1781405,"Odyssey Semiconductor Technologies, Inc.",,,2022,2022-12-31
,1782594,Genetron Holdings Ltd,,,2022,2022-12-31
,1784797,BROADMARK REALTY CAPITAL INC.,,,2022,2022-12-31
,1786255,"ICOSAVAX, INC.",,,2022,2022-12-31
,1786511,Fresh2 Group Limited,,,2022,2022-12-31
,1787123,QLY BIOTECH GROUP CORP.,,,2022,2022-08-31
,1788717,F45 Training Holdings Inc.,,,2022,2022-12-31
,1789330,"MJ Harvest, Inc.",,,2022,2022-05-31
,1790515,EQONEX LIMITED,,,2022,2022-03-31
,1790625,"AgileThought, Inc.",,,2022,2022-12-31
,1790982,ARCONIC CORPORATION,,,2022,2022-12-31
,1791325,Freedom Internet Group Inc.,,,2022,2022-10-31
,1794905,"Cyxtera Technologies, Inc.",,,2022,2022-12-31
,1797336,"Old Ayala, Inc.",,,2022,2022-12-31
,1797762,"KENONGWO GROUP US, INC.",,,2022,2022-12-31
,1801754,"TREAN INSURANCE GROUP, INC.",,,2022,2022-12-31
,1801777,APPLIED MOLECULAR TRANSPORT INC.,,,2022,2022-12-31
,1802546,"KONA GOLD BEVERAGE, INC.",,,2022,2022-12-31
,1802749,"Lightning eMotors, Inc.",,,2022,2022-12-31
,1805024,AMERGENT HOSPITALITY GROUP INC.,,,2022,2022-12-31
,1805087,"Gelesis Holdings, Inc.",,,2022,2022-12-31
,1807192,Chindata Group Holdings Limited,,,2022,2022-12-31
,1807594,Malacca Straits Acquisition Co Ltd,,,2022,2022-12-31
,1807707,"AppHarvest, Inc.",,,2022,2022-12-31
,1809353,HPX Corp.,,,2022,2022-12-31
,1810031,Freeline Therapeutics Holdings plc,,,2022,2022-12-31
,1810739,"Radius Global Infrastructure, Inc.",,,2022,2022-12-31
,1811764,POINT BIOPHARMA GLOBAL INC.,,,2022,2022-12-31
,1811856,"VIEW, INC.",,,2022,2022-12-31
,1812234,Churchill Capital Corp V,,,2022,2022-12-31
,1814140,"Apexigen, Inc.",,,2022,2022-12-31
,1815086,Bridgetown Holdings Ltd,,,2022,2022-12-31
,1815737,FAST ACQUISITION CORP.,,,2022,2022-03-31
,1815753,"THUNDER BRIDGE CAPITAL PARTNERS III, INC.",,,2022,2022-12-31
,1816723,Graphex Group Limited,,,2022,2022-12-31
,1816906,"Gaming Technologies, Inc.",,,2022,2022-12-31
,1817153,EdtechX Holdings Acquisition Corp. II,,,2022,2022-06-30
,1817218,ConvexityShares Trust,,,2022,2022-12-31
,1817868,Jupiter Acquisition Corporation,,,2022,2022-12-31
,1818089,BLUESCAPE OPPORTUNITIES ACQUISITION CORP.,,,2022,2022-12-31
,1819074,ParcelPal Logistics Inc.,,,2022,2022-12-31
,1819113,"SCIENCE 37 HOLDINGS, INC.",,,2022,2022-12-31
PRIAF,1819175,Prime Impact Acquisition I,6770,Blank Checks,2022,2022-12-31
,1819498,TWELVE SEAS INVESTMENT COMPANY II,,,2022,2022-12-31
,1819584,Volta Inc.,,,2022,2022-12-31
,1819876,"TRITERRAS, INC.",,,2022,2022-02-28
,1819881,Paya Holdings Inc.,,,2022,2022-12-31
,1820630,Proterra Inc,,,2022,2022-12-31
,1821146,Better World Acquisition Corp.,,,2022,2022-12-31
,1821323,"Sigilon Therapeutics, Inc.",,,2022,2022-12-31
,1821329,CC NEUBERGER PRINCIPAL HOLDINGS III,,,2022,2022-12-31
,1821606,Priveterra Acquisition Corp. II,,,2022,2022-12-31
,1821788,HORIZON ACQUISITION CORPORATION II,,,2022,2022-12-31
,1821812,Stratim Cloud Acquisition Corp.,,,2022,2022-12-31
,1821850,Sunlight Financial Holdings Inc.,,,2022,2022-12-31
,1822366,Altitude Acquisition Corp.,,,2022,2022-12-31
,1822691,"GreenLight Biosciences Holdings, PBC",,,2022,2022-12-31
,1822711,"PARDES BIOSCIENCES, INC.",,,2022,2022-12-31
,1822792,Goldenbridge Acquisition Ltd,,,2022,2022-06-30
,1822829,Ozon Holdings PLC,,,2022,2022-12-31
,1822912,26 CAPITAL ACQUISITION CORP.,,,2022,2022-12-31
,1822929,Eucrates Biomedical Acquisition Corp.,,,2022,2022-12-31
,1823086,Kingswood Acquisition Corp.,,,2022,2022-12-31
TSPH,1823593,TuSimple Holdings Inc.,7373,Services-Computer Integrated Systems Design,2022,2022-12-31
,1823826,Aequi Acquisition Corp.,,,2022,2022-12-31
,1823854,SENIOR CONNECT ACQUISITION CORP. I,,,2022,2022-12-31
,1823857,VIVEON HEALTH ACQUISITION CORP.,,,2022,2022-12-31
,1823896,Golden Falcon Acquisition Corp.,,,2022,2022-12-31
,1824036,IDEX Biometrics ASA,,,2022,2022-12-31
,1824185,HH&L Acquisition Co.,,,2022,2022-12-31
,1824734,"Berkshire Grey, Inc.",,,2022,2022-12-31
,1824884,EDOC ACQUISITION CORP.,,,2022,2022-12-31
,1825249,CF ACQUISITION CORP. IV,,,2022,2022-12-31
,1825473,PROSPECTOR CAPITAL CORP.,,,2022,2022-12-31
,1826018,"Rover Group, Inc.",,,2022,2022-12-31
,1826492,Gracell Biotechnologies Inc.,,,2022,2022-12-31
,1826669,GX ACQUISITION CORP. II,,,2022,2022-12-31
,1826671,"Near Intelligence, Inc.",,,2022,2022-12-31
,1827075,CVENT HOLDING CORP.,,,2022,2022-12-31
,1827871,"ELECTRIQ POWER HOLDINGS, INC.",,,2022,2022-12-31
,1827980,"EMBARK TECHNOLOGY, INC.",,,2022,2022-12-31
,1828182,"Signify Health, Inc.",,,2022,2022-12-31
,1828250,Churchill Capital Corp VI,,,2022,2022-12-31
,1828443,Ortho Clinical Diagnostics Holdings plc,,,2022,2022-01-02
,1828608,Compute Health Acquisition Corp.,,,2022,2022-12-31
,1828613,STEM CELL INC.,,,2022,2022-12-31
,1828989,PANACEA ACQUISITION CORP. II,,,2022,2022-12-31
,1829322,SIZZLE ACQUISITION CORP.,,,2022,2022-12-31
,1829426,Far Peak Acquisition Corp,,,2022,2022-09-30
,1830197,Home Point Capital Inc.,,,2022,2022-12-31
,1830392,Pontem Corporation,,,2022,2022-12-31
,1830795,QUANTUM FINTECH ACQUISITION CORPORATION,,,2022,2022-12-31
LIANY,1831283,LianBio,2834,Pharmaceutical Preparations,2022,2022-12-31
,1831617,"DIVERSEY HOLDINGS, LTD.",,,2022,2022-12-31
,1832415,"BETTER THERAPEUTICS, INC.",,,2022,2022-12-31
,1832765,EDIFY ACQUISITION CORP.,,,2022,2022-12-31
,1834336,FinServ Acquisition Corp. II,,,2022,2022-12-31
,1834342,EVO ACQUISITION CORP.,,,2022,2022-12-31
,1834518,NORTHERN STAR INVESTMENT CORP. II,,,2022,2022-12-31
,1834755,SOCIAL LEVERAGE ACQUISITION CORP I,,,2022,2022-12-31
,1835567,"Pear Therapeutics, Inc.",,,2022,2022-12-31
,1835800,PIVOTAL INVESTMENT CORPORATION III,,,2022,2022-12-31
,1835814,NORTHERN STAR INVESTMENT CORP. IV,,,2022,2022-09-30
,1835817,NORTHERN STAR INVESTMENT CORP. III,,,2022,2022-09-30
,1835881,Tailwind International Acquisition Corp.,,,2022,2022-12-31
,1836274,ATLANTIC COASTAL ACQUISITION CORP.,,,2022,2022-12-31
,1836379,VectivBio Holding AG,,,2022,2022-12-31
,1836478,AVALON ACQUISITION INC.,,,2022,2022-12-31
,1837248,Sustainable Development Acquisition I Corp.,,,2022,2022-12-31
,1837344,NOCTURNE ACQUISITION CORPORATION,,,2022,2022-12-31
,1837412,"SOMALOGIC, INC.",,,2022,2022-12-31
,1837824,Sprott     ESG Gold ETF,,,2022,2022-12-31
,1838000,CLEAN ENERGY SPECIAL SITUATIONS CORP.,,,2022,2022-12-31
,1838108,RMG ACQUISITION CORP. III,,,2022,2022-12-31
,1838814,JUNIPER II CORP.,,,2022,2022-12-31
,1838831,DISRUPTIVE ACQUISITION CORPORATION I,,,2022,2022-12-31
,1838937,Zhangmen Education Inc.,,,2022,2022-12-31
,1839132,Movella Holdings Inc.,,,2022,2022-12-31
,1839175,M3-BRIGADE ACQUISITION II CORP.,,,2022,2022-12-31
,1839360,FAZE HOLDINGS INC.,,,2022,2022-12-31
,1839412,QUALTEK SERVICES INC.,,,2022,2022-12-31
,1839610,INTERPRIVATE III FINANCIAL PARTNERS INC.,,,2022,2022-12-31
,1839824,FAST ACQUISITION CORP. II,,,2022,2022-12-31
,1839990,Artemis Strategic Investment Corp,,,2022,2022-12-31
,1840161,FOREST ROAD ACQUISITION CORP. II,,,2022,2022-12-31
,1840225,FUSION ACQUISITION CORP. II,,,2022,2022-12-31
,1840353,TWIN RIDGE CAPITAL ACQUISITION CORP.,,,2022,2022-12-31
,1840859,TPG PACE BENEFICIAL II CORP.,,,2022,2022-12-31
,1840920,Tech and Energy Transition Corporation,,,2022,2022-03-31
,1841004,ALTIMAR ACQUISITION CORP. III,,,2022,2022-12-31
,1841024,L Catterton Asia Acquisition Corp,,,2022,2022-12-31
,1841137,CONYERS PARK III ACQUISITION CORP.,,,2022,2022-12-31
,1841144,HAWKS ACQUISITION CORP,,,2022,2022-12-31
,1841230,Trine II Acquisition Corp.,,,2022,2022-12-31
,1841258,European Biotech Acquisition Corp.,,,2022,2022-12-31
,1841338,"CIIG CAPITAL PARTNERS II, INC.",,,2022,2022-12-31
,1841383,Levere Holdings Corp.,,,2022,2022-12-31
,1841586,"INDUSTRIAL TECH ACQUISITIONS II, INC.",,,2022,2022-12-31
,1841800,"Nogin, Inc.",,,2022,2022-12-31
,1841873,Khosla Ventures Acquisition Co.,,,2022,2022-12-31
,1842384,Belong Acquisition Corp.,,,2022,2022-12-31
,1842386,VECTOR ACQUISITION CORPORATION II,,,2022,2022-12-31
,1842498,OTONOMO TECHNOLOGIES LTD.,,,2022,2022-12-31
,1842609,Jaws Juggernaut Acquisition Corp,,,2022,2022-12-31
,1842644,SILVERSPAC INC.,,,2022,2022-12-31
,1842659,CORSAIR PARTNERING CORP,,,2022,2022-12-31
,1842916,Forum Merger IV Corp,,,2022,2022-12-31
,1843091,VALOR LATITUDE ACQUISITION CORP.,,,2022,2022-12-31
,1843100,Schultze Special Purpose Acquisition Corp. II,,,2022,2022-12-31
,1843121,MAGNUM OPUS ACQUISITION LIMITED,,,2022,2022-12-31
,1843205,Jaws Hurricane Acquisition Corp,,,2022,2022-12-31
,1843248,"Global System Dynamics, Inc.",,,2022,2022-12-31
,1843388,"Virgin Orbit Holdings, Inc.",,,2022,2022-12-31
,1843716,Post Holdings Partnering Corporation,,,2022,2022-12-31
,1843762,"EQRx, Inc.",,,2022,2022-12-31
,1843862,ELLIOTT OPPORTUNITY II CORP.,,,2022,2022-12-31
,1844211,B. Riley Principal 250 Merger Corp.,,,2022,2022-12-31
,1844224,FREYR Battery,,,2022,2022-12-31
,1844270,FTAC ZEUS ACQUISITION CORP.,,,2022,2022-12-31
,1844280,"Thorne HealthTech, Inc.",,,2022,2022-12-31
,1844363,ROCKET INTERNET GROWTH OPPORTUNITIES CORP.,,,2022,2022-12-31
,1844635,CORAZON CAPITAL V838 MONOCEROS CORP,,,2022,2022-12-31
,1844642,"Landcadia Holdings IV, Inc.",,,2022,2022-12-31
,1844793,"YO-HEALTH, INC.",,,2022,2022-12-31
,1845013,HEALTHWELL ACQUISITION CORP. I,,,2022,2022-12-31
,1845368,HCM ACQUISITION CORP,,,2022,2022-12-31
,1845618,Bilander Acquisition Corp.,,,2022,2022-12-31
,1846068,KHOSLA VENTURES ACQUISITION CO. III,,,2022,2022-12-31
,1846163,TIO TECH A,,,2022,2022-12-31
,1846750,ZALATORIS ACQUISITION CORP.,,,2022,2022-12-31
,1846968,CASCADIA ACQUISITION CORP.,,,2022,2022-12-31
,1846996,MSD ACQUISITION CORP. / NEW,,,2022,2022-12-31
,1847152,SKYDECK ACQUISITION CORP.,,,2022,2022-12-31
,1847351,Beard Energy Transition Acquisition Corp.,,,2022,2022-12-31
,1847416,Orion Biotech Opportunities Corp.,,,2022,2022-12-31
,1847891,ACROPOLIS INFRASTRUCTURE ACQUISITION CORP.,,,2022,2022-12-31
,1848020,BLACK MOUNTAIN ACQUISITION CORP.,,,2022,2022-12-31
,1848323,LIVE OAK CRESTVIEW CLIMATE ACQUISITION CORP.,,,2022,2022-12-31
,1848364,Logistics Innovation Technologies Corp.,,,2022,2022-12-31
,1848948,10X CAPITAL VENTURE ACQUISITION CORP. III,,,2022,2022-12-31
,1849011,APEIRON CAPITAL INVESTMENT CORP.,,,2022,2022-12-31
,1849280,G SQUARED ASCEND II INC.,,,2022,2022-12-31
,1849408,ZIMMER ENERGY TRANSITION ACQUISITION CORP.,,,2022,2022-12-31
,1849475,NEWCOURT ACQUISITION CORP,,,2022,2022-12-31
,1849580,WAVERLEY CAPITAL ACQUISITION CORP. 1,,,2022,2022-12-31
,1850051,INTELLIGENT MEDICINE ACQUISITION CORP.,,,2022,2022-12-31
,1850271,SOCIAL CAPITAL SUVRETTA HOLDINGS CORP. II,,,2022,2022-12-31
,1850272,SOCIAL CAPITAL SUVRETTA HOLDINGS CORP. IV,,,2022,2022-12-31
,1850529,HEARTLAND MEDIA ACQUISITION CORP.,,,2022,2022-12-31
,1850699,7 ACQUISITION CORPORATION,,,2022,2022-12-31
,1851230,Crescera Capital Acquisition Corp.,,,2022,2022-12-31
,1851266,LF Capital Acquisition Corp. II,,,2022,2022-12-31
,1851682,Missfresh Ltd,,,2022,2022-12-31
,1851908,BLACK SPADE ACQUISITION CO,,,2022,2022-12-31
,1852117,Rockley Photonics Holdings Limited,,,2022,2022-12-31
,1852332,Banner Acquisition Corp.,,,2022,2022-12-31
,1852407,FINTECH ECOSYSTEM DEVELOPMENT CORP.,,,2022,2022-12-31
,1852432,ARYA SCIENCES ACQUISITION CORP V,,,2022,2022-12-31
,1852495,Jackson Acquisition Company,,,2022,2022-12-31
,1852931,NewHold Investment Corp. II,,,2022,2022-12-31
,1852940,GOGREEN INVESTMENTS CORPORATION,,,2022,2022-12-31
,1853021,METALS ACQUISITION CORP,,,2022,2022-12-31
,1853084,Blue Safari Group Acquisition Corp,,,2022,2022-12-31
,1853112,GENESIS UNICORN CAPITAL CORP.,,,2022,2022-12-31
,1853314,GESHER I ACQUISITION CORP.,,,2022,2022-09-30
,1853397,ZALATORIS II ACQUISITION CORP.,,,2022,2022-12-31
,1853436,Mercato Partners Acquisition Corporation,,,2022,2022-12-31
,1853594,SCULPTOR ACQUISITION CORP I,,,2022,2022-12-31
,1853774,MOUNTAIN CREST ACQUISITION CORP. IV,,,2022,2022-12-31
,1853920,VISCOGLIOSI BROTHERS ACQUISITION CORP.,,,2022,2022-12-31
,1853928,ANTHEMIS DIGITAL ACQUISITIONS I CORP,,,2022,2022-12-31
EGLXF,1854233,ENTHUSIAST GAMING HOLDINGS INC. / Canada,7900,Services-Amusement & Recreation Services,2022,2022-12-31
,1854458,NABORS ENERGY TRANSITION CORP.,,,2022,2022-12-31
,1854461,MOUNT RAINIER ACQUISITION CORP,,,2022,2022-12-31
,1854863,Blue Whale Acquisition Corp I,,,2022,2022-12-31
,1855168,WILLIAMS ROWLAND ACQUISITION CORP.,,,2022,2022-12-31
,1855351,SAGALIAM ACQUISITION CORP.,,,2022,2022-12-31
,1855450,LAVA MEDTECH ACQUISITION CORP.,,,2022,2022-12-31
,1855555,ACCRETION ACQUISITION CORP.,,,2022,2022-12-31
,1855693,FRONTIER INVESTMENT CORP,,,2022,2022-12-31
,1855885,SIGNAL HILL ACQUISITION CORP.,,,2022,2022-12-31
,1856242,C5 Acquisition Corporation,,,2022,2022-12-31
,1856589,M3-BRIGADE ACQUISITION III CORP.,,,2022,2022-12-31
,1856653,BioPlus Acquisition Corp.,,,2022,2022-12-31
,1856689,SANABY HEALTH ACQUISITION CORP. I,,,2022,2022-06-30
,1856696,Ahren Acquisition Corp.,,,2022,2022-12-31
,1856724,BULLPEN PARLAY ACQUISITION COMPANY,,,2022,2022-12-31
,1856774,Games & Esports Experience Acquisition Corp.,,,2022,2022-12-31
,1856948,CHENGHE ACQUISITION CO.,,,2022,2022-12-31
,1857518,Jaguar Global Growth Corporation I,,,2022,2022-12-31
,1857662,AXONPRIME INFRASTRUCTURE ACQUISITION CORP,,,2022,2022-12-31
,1857951,Weber Inc.,,,2022,2022-09-30
,1858180,Prime Number Acquisition I Corp.,,,2022,2022-12-31
,1858327,"DMY TECHNOLOGY GROUP, INC. VI",,,2022,2022-12-31
,1858351,Iconic Sports Acquisition Corp.,,,2022,2022-12-31
,1858503,GREEN VISOR FINANCIAL TECHNOLOGY ACQUISITION CORP. I,,,2022,2022-12-31
,1858684,ST Energy Transition I Ltd.,,,2022,2022-12-31
,1859310,Minority Equality Opportunities Acquisition Inc.,,,2022,2022-12-31
,1859639,Cazoo Group Ltd,,,2022,2022-12-31
,1860482,TALON 1 ACQUISITION CORP.,,,2022,2022-12-31
,1860663,MONTEREY INNOVATION ACQUISITION CORP.,,,2022,2022-12-31
,1861121,EVE MOBILITY ACQUISITION CORP,,,2022,2022-12-31
ILLMF,1861233,AcuityAds Holdings Inc.,7374,Services-Computer Processing & Data Preparation,2022,2022-12-31
,1861449,"Bird Global, Inc.",,,2022,2022-12-31
,1862327,INFINITE ACQUISITION CORP.,,,2022,2022-12-31
,1862490,Tritium DCFC Limited,,,2022,2022-06-30
,1863099,Kimbell Tiger Acquisition Corp,,,2022,2022-12-31
,1863105,"EngageSmart, Inc.",,,2022,2022-12-31
,1863181,HOME PLATE ACQUISITION CORP.,,,2022,2022-12-31
,1863294,DA32 LIFE SCIENCE TECH ACQUISITION CORP.,,,2022,2022-12-31
,1863460,PHP Ventures Acquisition Corp.,,,2022,2022-12-31
,1863719,Everest Consolidator Acquisition Corporation,,,2022,2022-12-31
,1864448,Wejo Group Limited,,,2022,2022-12-31
,1865045,Fat Projects Acquisition Corp,,,2022,2022-12-31
,1865191,TG Venture Acquisition Corp.,,,2022,2022-12-31
,1865701,KEYARCH ACQUISITION CORPORATION,,,2022,2022-12-31
,1865975,AfterNext HealthTech Acquisition Corp.,,,2022,2022-12-31
,1866390,BABYLON HOLDINGS LIMITED,,,2022,2022-12-31
,1867287,Lakeshore Acquisition II Corp.,,,2022,2022-12-31
,1867752,Cian PLC,,,2022,2023-03-29
,1867757,BLOCKCHAIN MOON ACQUISITION CORP.,,,2022,2022-12-31
,1869141,ATHENA CONSUMER ACQUISITION CORP.,,,2022,2022-12-31
,1869824,Seaport Global Acquisition II Corp.,,,2022,2022-12-31
,1869858,SIGNA Sports United N.V.,,,2022,2022-09-30
,1870129,ROSE HILL ACQUISITION CORPORATION,,,2022,2022-12-31
,1870258,MELI Kaszek Pioneer Corp,,,2022,2022-12-31
,1870778,OPY ACQUISITION CORP. I,,,2022,2022-12-31
,1870925,Enterprise 4.0 Technology Acquisition Corp.,,,2022,2022-12-31
,1871149,"THE REAL GOOD FOOD COMPANY, INC.",,,2022,2022-12-31
,1872356,"Molekule Group, Inc.",,,2022,2022-12-31
,1873324,PEPPERLIME HEALTH ACQUISITION CORPORATION,,,2022,2022-12-31
,1874218,REVELSTONE CAPITAL ACQUISITION CORP.,,,2022,2022-12-31
,1874259,Maxpro Capital Acquisition Corp.,,,2022,2022-12-31
,1874440,"VICTORIA LAKE, INC.",,,2022,2022-05-31
,1874495,FORBION EUROPEAN ACQUISITION CORP.,,,2022,2022-12-31
,1875257,LIV CAPITAL ACQUISITION CORP. II,,,2022,2022-12-31
,1875746,"Entertainment Holdings, Inc./OK",,,2022,2022-06-30
,1875943,VMG Consumer Acquisition Corp.,,,2022,2022-09-30
,1876714,Growth for Good Acquisition Corp,,,2022,2022-12-31
,1877561,"NRI Real Estate Investment and Technology, Inc.",,,2022,2022-12-31
,1877788,CuraScientific Corp.,,,2022,2022-12-31
,1879221,UTA Acquisition Corporation,,,2022,2022-12-31
,1880151,Liberty Resources Acquisition Corp.,,,2022,2022-12-31
,1880968,"Sound Point Acquisition Corp I, Ltd",,,2022,2022-12-31
,1882607,"ALPINE SUMMIT ENERGY PARTNERS, INC.",,,2022,2022-12-31
,1883389,Da Zhong Trading Group Holding Company,,,2022,2022-12-31
,1883799,JUPITER     WELLNESS ACQUISITION CORP.,,,2022,2022-09-30
,1883962,ALSP ORCHID ACQUISITION CORPORATION I,,,2022,2022-12-31
,1885444,KNIGHTSWAN ACQUISITION CORPORATION,,,2022,2022-12-31
,1885754,MOTIVE CAPITAL CORP II,,,2022,2022-12-31
,1886268,SHUAA Partners Acquisition Corp I,,,2022,2022-12-31
XTXXF,1891512,ADASTRA HOLDINGS LTD.,2834,Pharmaceutical Preparations,2022,2022-12-31
,1891791,TRANS GLOBAL GROUP INC.,,,2022,2022-12-31
,1894370,Hainan Manaslu Acquisition Corp.,,,2022,2022-12-31
,1896049,"SEMANTIX, INC.",,,2022,2022-12-31
,1901056,ENERGIEINVESTING.COM INC.,,,2022,2022-12-31
,1907685,"Comera Life Sciences Holdings, Inc.",,,2022,2022-12-31
,1909152,Kalera Public Limited Company,,,2022,2022-03-31
,1909417,SELINA HOSPITALITY PLC,,,2022,2022-12-31
,1911500,catTHIS HOLDINGS CORP.,,,2022,2022-12-31
,1912331,ELEKTOR INDUSTRIES INC.,,,2022,2022-03-31
,1913210,BRUUSH ORAL CARE INC.,,,2022,2022-10-31
,1918884,Metaterra Corp.,,,2022,2022-12-31
,1931691,Mobiv Acquisition Corp,,,2022,2022-12-31
,1936737,"EASTERN GAS TRANSMISSION AND STORAGE, INC.",,,2022,2022-03-31
,1939696,"ETAO International Co., Ltd.",,,2022,2022-12-31
,1946425,Hammerhead Energy Inc.,,,2022,2022-12-31
,1951378,Qilun Group Inc.,,,2022,2022-12-31
,1836056,Ambrx Biopharma Inc.,,,2022,2022-12-31
,1408057,iCoreConnect Inc.,,,2022,2022-12-31
,7039,TRECORA RESOURCES,,,2021,2021-12-31
,8328,"APPLIED MINERALS, INC.",,,2021,2021-12-31
,16099,LUB Liquidating Trust,,,2021,2021-08-25
,21510,"COHERENT, INC.",,,2021,2021-10-02
,29669,RR Donnelley & Sons Co,,,2021,2021-12-31
,35214,FERRO CORP,,,2021,2021-12-31
,47518,"HILL-ROM HOLDINGS, INC.",,,2021,2021-09-30
,48039,HOLLYFRONTIER CORP,,,2021,2021-12-31
,51011,INTERDYNE COMPANY,,,2021,2021-06-30
,65011,"Hawkeye Acquisition, Inc.",,,2021,2021-06-30
,67625,MONMOUTH REAL ESTATE INVESTMENT CORPORATION,,,2021,2021-09-30
,76063,"PANHANDLE EASTERN PIPE LINE COMPANY, LP",,,2021,2021-12-31
,82166,"RAVEN INDUSTRIES, INC.",,,2021,2021-01-31
,87047,SB PARTNERS,,,2021,2021-12-31
,88790,INTRICON CORP,,,2021,2021-12-31
,91928,"SOUTH JERSEY INDUSTRIES, INC.",,,2021,2021-12-31
,100716,Unico American Corporation,,,2021,2021-12-31
,103872,"VOLT INFORMATION SCIENCES, INC.",,,2021,2021-10-31
,225211,"Touchpoint Group Holdings, Inc.",,,2021,2021-12-31
,225628,"PASSUR AEROSPACE, INC.",,,2021,2021-10-31
,225648,COVANTA HOLDING CORP,,,2021,2021-06-30
,310826,PROTECTIVE LIFE INSURANCE CO,,,2021,2021-12-31
,350737,OCEAN BIO CHEM INC,,,2021,2021-12-31
,353569,QUIDEL CORP,,,2021,2021-12-31
,704415,"TIVITY HEALTH, INC.",,,2021,2021-12-31
,715812,BIOSYNERGY INC,,,2021,2021-04-30
,722723,"Hanger, Inc.",,,2021,2021-12-31
,726037,"WINDGEN ENERGY, INC.",,,2021,2021-12-31
,736744,TransGlobe Energy Corporation,,,2021,2021-12-31
,743316,"MAXIM INTEGRATED PRODUCTS, INC.",,,2021,2021-06-26
,743988,"XILINX, INC.",,,2021,2021-04-03
,761238,RADA ELECTRONIC INDUSTRIES LTD.,,,2021,2021-12-31
,768411,CyberOptics Corporation,,,2021,2021-12-31
,775368,ALLEGHANY CORP /DE,,,2021,2021-12-31
,781902,INTERNATIONAL BALER CORPORATION,,,2021,2021-10-31
,786947,"ACURA PHARMACEUTICALS, INC.",,,2021,2021-12-31
,804753,CERNER Corp,,,2021,2021-12-31
,812128,SANDERSON FARMS INC,,,2021,2021-10-31
,813639,Nomad Royalty Co Ltd.,,,2021,2021-12-31
,820608,QUANTRX BIOMEDICAL CORPORATION,,,2021,2021-12-31
,829325,"SPYR, INC.",,,2021,2021-12-31
,830122,"VIDLER WATER RESOURCES, INC.",,,2021,2021-12-31
,834285,"REPUBLIC FIRST BANCORP, INC.",,,2021,2021-12-31
,837342,Cordia Corporation,,,2021,2021-12-31
,840551,Titan Medical Inc.,,,2021,2021-12-31
,850971,"FOVEA JEWELRY HOLDINGS, LTD.",,,2021,2021-12-31
,853464,"HERZOG INTERNATIONAL HOLDINGS, INC.",,,2021,2021-12-31
,858800,EMCLAIRE FINANCIAL CORP,,,2021,2021-12-31
,860131,WAVE SYNC CORP.,,,2021,2021-12-31
,865058,"NATIONAL SECURITY GROUP, INC",,,2021,2021-12-31
,870826,"Legacy IMBDS, Inc.",,,2021,2022-01-29
,877890,CITRIX SYSTEMS INC,,,2021,2021-12-31
,878526,Natus Medical Inc,,,2021,2021-12-31
,879682,"VIVEVE MEDICAL, INC.",,,2021,2021-12-31
,880224,INTERTAPE POLYMER GROUP INC.,,,2021,2021-12-31
,880432,"MISONIX, INC.",,,2021,2021-06-30
,883945,USA TRUCK INC.,,,2021,2021-12-31
,886093,NUNZIA PHARMACEUTICAL COMPANY,,,2021,2021-12-31
,892482,Qumu Corporation,,,2021,2021-12-31
,892537,MANTECH INTERNATIONAL CORP,,,2021,2021-12-31
,894245,AEI NET LEASE INCOME & GROWTH FUND XX LIMITED PARTNERSHIP,,,2021,2021-12-31
,898770,SHARPS COMPLIANCE CORP.,,,2021,2021-06-30
,899749,"HRTI, LLC",,,2021,2021-12-31
,910679,WVS Financial Corp.,,,2021,2021-06-30
,920465,LA JOLLA PHARMACEUTICAL CO,,,2021,2021-12-31
,927761,MYMETICS CORPORATION,,,2021,2021-12-31
,929058,"HUANENG POWER INTERNATIONAL, INC.",,,2021,2021-12-31
,929545,"Condor Hospitality Trust, Inc.",,,2021,2021-12-01
,929940,ASPENTECH Corp,,,2021,2021-06-30
,941685,"IMAGEWARE SYSTEMS, INC.",,,2021,2021-12-31
AATC,943034,AUTOSCOPE TECHNOLOGIES CORP,3829,"Measuring & Controlling Devices, NEC",2021,2021-12-31
,943184,"EVER-GLORY INTERNATIONAL GROUP, INC.",,,2021,2021-12-31
,1002135,"WESTELL TECHNOLOGIES, INC.",,,2021,2021-03-31
,1002517,"NUANCE COMMUNICATIONS, INC.",,,2021,2021-09-30
,1002771,"Integrated Cannabis Solutions, Inc.",,,2021,2021-12-31
,1004530,Mountain Province Diamonds Inc.,,,2021,2021-12-31
,1006840,"CANG BAO TIAN XIA INTERNATIONAL ART TRADE CENTER, INC.",,,2021,2021-06-30
,1011432,"CYNERGISTEK, INC.",,,2021,2021-12-31
,1012139,GUANGSHEN RAILWAY COMPANY LIMITED,,,2021,2021-12-31
,1016169,"ANTARES PHARMA, INC.",,,2021,2021-12-31
,1016708,"RENOVACARE, INC.",,,2021,2021-12-31
,1017110,"GeneThera, Inc.",,,2021,2021-12-31
,1021270,"BBQ HOLDINGS, INC.",,,2021,2022-01-02
,1021604,On Track Innovations Ltd.,,,2021,2021-12-31
,1023364,"AutoWeb, Inc.",,,2021,2021-12-31
,1024725,TENNECO INC,,,2021,2021-12-31
,1030475,China Eastern Airlines Corporation Limited,,,2021,2021-12-31
,1033012,FLAGSTAR BANCORP INC,,,2021,2021-12-31
,1036188,QAD Inc.,,,2021,2021-01-31
,1044896,Industrias Bachoco S.A.B. de C.V.,,,2021,2021-12-31
,1046203,"Guaranty Federal Bancshares, Inc.",,,2021,2021-12-31
,1046327,"RealNetworks, Inc.",,,2021,2021-12-31
,1052054,"Symbolic Logic, Inc.",,,2021,2021-12-31
,1058057,MARVELL TECHNOLOGY GROUP LTD,,,2021,2021-01-30
,1060349,"GAMCO INVESTORS, INC. ET AL",,,2021,2021-12-31
,1069996,FEDNAT HOLDING COMPANY,,,2021,2021-12-31
,1072772,TOMBSTONE EXPLORATION CORPORATION,,,2021,2021-12-31
,1073349,BOTTOMLINE TECHNOLOGIES INC,,,2021,2021-06-30
,1077618,OPTIBASE LTD.,,,2021,2021-12-31
,1078799,"MARIJUANA COMPANY OF AMERICA, INC.",,,2021,2021-12-31
,1079282,"Rivulet Media, Inc.",,,2021,2021-07-31
,1080709,"Arena Pharmaceuticals, Inc.",,,2021,2021-12-31
,1084577,CYREN LTD.,,,2021,2021-12-31
,1084580,JEFFERIES GROUP LLC,,,2021,2021-11-30
,1087022,ALR TECHNOLOGIES INC.,,,2021,2021-12-31
,1089143,COLLECTORS UNIVERSE INC,,,2021,2020-06-30
,1093082,"HUTTIG BUILDING PRODUCTS, INC.",,,2021,2021-12-31
,1095348,O2MICRO INTERNATIONAL LTD,,,2021,2021-12-31
,1096339,SARATOGA RESOURCES INC /TX,,,2021,2021-12-31
,1096691,PARTNER COMMUNICATIONS CO LTD,,,2021,2021-12-31
,1096934,"ENTERPRISE DIVERSIFIED, INC.",,,2021,2021-12-31
,1096950,"ADVANCED                     CONTAINER TECHNOLOGIES, INC.",,,2021,2021-12-31
,1102934,"CMC Materials, Inc.",,,2021,2021-09-30
,1103021,"BioDelivery Sciences International, Inc.",,,2021,2021-12-31
,1104462,"Colambda Technologies, Inc.",,,2021,2021-12-31
,1111863,"SIERRA WIRELESS, INC",,,2021,2021-12-31
,1113256,"MERITOR, INC.",,,2021,2021-09-30
,1113513,"MOBILESMITH, INC.",,,2021,2021-12-31
,1117795,CHINA MOBILE LTD /ADR/,,,2021,2021-12-31
,1119897,PCT LTD,,,2021,2021-12-31
,1122742,"FEARLESS FILMS, INC.",,,2021,2021-12-31
,1126961,GrandSouth Bancorporation,,,2021,2021-12-31
,1128173,IRSA Propiedades Comerciales S.A.,,,2021,2021-06-30
,1129260,"VOCERA COMMUNICATIONS, INC.",,,2021,2021-12-31
,1130758,AEI INCOME & GROWTH FUND 24 LLC,,,2021,2021-12-31
,1142790,"TAURIGA SCIENCES, INC.",,,2021,2021-03-31
,1142801,AMANASU ENVIRONMENT CORPORATION,,,2021,2021-12-31
,1144169,"ECO INNOVATION GROUP, INC.",,,2021,2021-12-31
,1156831,QUEBECOR MEDIA INC,,,2021,2021-12-31
,1158041,TURQUOISE HILL RESOURCES LTD.,,,2021,2021-12-31
,1159281,AlerisLife Inc.,,,2021,2021-12-31
,1164888,"KYTO TECHNOLOGY AND LIFE SCIENCE, INC.",,,2021,2021-03-31
,1165639,EARTH LIFE SCIENCES INC.,,,2021,2021-12-31
,1167609,BRIGHTHOUSE LIFE INSURANCE Co OF NY,,,2021,2021-12-31
,1168663,AMANASU TECHNO HOLDINGS CORPORATION,,,2021,2021-12-31
,1169245,"PhaseBio Pharmaceuticals, Inc.",,,2021,2021-12-31
,1169652,CHANNELADVISOR CORP,,,2021,2021-12-31
,1172706,"UNIROYAL GLOBAL ENGINEERED PRODUCTS, INC.",,,2021,2022-01-02
,1175483,Drive Shack Inc.,,,2021,2021-12-31
,1181749,"GRANITE FALLS ENERGY, LLC",,,2021,2021-10-31
,1204413,POINTS.COM INC.,,,2021,2021-12-31
,1205181,"Grapefruit USA, Inc.",,,2021,2021-12-31
,1206942,"GOLDEN GRAIN ENERGY, LLC",,,2021,2021-10-31
,1212787,KBRIDGE ENERGY CORP.,,,2021,2021-12-31
,1227025,NEOPHOTONICS CORP,,,2021,2021-12-31
,1255474,WHITING HOLDINGS LLC,,,2021,2021-12-31
,1263011,EXCELLON RESOURCES INC,,,2021,2021-12-31
,1271214,"Intersect ENT, Inc.",,,2021,2021-12-31
,1272830,VONAGE HOLDINGS CORP,,,2021,2021-12-31
,1274032,"Simply, Inc.",,,2021,2022-01-29
,1280396,"VETANOVA, INC.",,,2021,2021-12-31
,1283630,"American Campus Communities, Inc.",,,2021,2021-12-31
,1286964,"HERON LAKE BIOENERGY, LLC",,,2021,2021-01-31
,1287808,"HILL INTERNATIONAL, INC.",,,2021,2021-12-31
,1290149,"SIERRA ONCOLOGY, INC.",,,2021,2021-12-31
,1296435,Neenah Inc,,,2021,2021-12-31
,1300050,GREAT PANTHER MINING Ltd,,,2021,2021-12-31
,1302362,MECHEL PAO,,,2021,2021-12-31
,1304730,HQDA     ELDERLY LIFE NETWORK CORP.,,,2021,2021-06-30
,1304741,"CANNAGISTICS, INC.",,,2021,2021-07-31
,1305323,ZOVIO INC,,,2021,2021-12-31
MALG,1309251,Microalliance Group Inc.,2080,Beverages,2021,2021-12-31
,1310114,"Concentrix SREV, Inc.",,,2021,2021-12-31
,1312109,Silvergate Capital Corp,,,2021,2021-12-31
,1314772,"SUMMER INFANT,     INC.",,,2021,2022-01-01
,1318641,"Statera Biopharma, Inc.",,,2021,2021-12-31
,1321646,Kraton Corp,,,2021,2021-12-31
,1321847,Gold Standard Ventures Corp.,,,2021,2021-12-31
,1322505,"ALBIREO PHARMA, INC.",,,2021,2021-12-31
,1325879,"AVEO Pharmaceuticals, Inc.",,,2021,2021-12-31
,1337553,"Aerie Pharmaceuticals, Inc.",,,2021,2021-12-31
,1340652,"ChemoCentryx, Inc.",,,2021,2021-12-31
,1341141,"CATCHMARK TIMBER TRUST, INC.",,,2021,2021-12-31
,1346526,"ESP Resources, Inc.",,,2021,2021-12-31
,1348036,"AVALARA, INC.",,,2021,2021-12-31
,1353499,MAX SOUND CORPORATION,,,2021,2021-12-31
,1358656,MILLENNIUM SUSTAINABLE VENTURES CORP.,,,2021,2021-12-31
,1359711,Micro Focus International plc,,,2021,2021-10-31
,1363958,"Western Capital Resources, Inc.",,,2021,2021-12-31
,1364128,ALEXCO RESOURCE CORP,,,2021,2021-12-31
,1365357,"ZZLL INFORMATION TECHNOLOGY, INC",,,2021,2021-12-31
,1366744,"HOMELAND ENERGY SOLUTIONS, LLC",,,2021,2021-12-31
,1367920,"Concert Pharmaceuticals, Inc.",,,2021,2021-12-31
,1369128,Digatrade Financial Corp,,,2021,2021-12-31
,1370880,"Mandiant, Inc.",,,2021,2021-12-31
,1372184,"New You, Inc.",,,2021,2021-03-31
,1373690,Indigenous Roots Corp.,,,2021,2021-08-31
,1375151,"ZOGENIX, INC.",,,2021,2021-12-31
FGCO,1377167,"Financial Gravity Companies, Inc.",6199,Finance Services,2021,2021-09-30
,1378946,"People's United Financial, Inc.",,,2021,2021-12-31
,1379043,"XTREME FIGHTING CHAMPIONSHIPS, INC.",,,2021,2021-12-31
,1380846,"TRISTATE CAPITAL HOLDINGS, INC.",,,2021,2021-12-31
,1382298,ALTERA INFRASTRUCTURE L.P.,,,2021,2021-12-31
,1384135,"LITHIUM & BORON TECHNOLOGY, INC.",,,2021,2021-12-31
,1385508,"OPIANT PHARMACEUTICALS, INC.",,,2021,2021-12-31
,1387998,Snoogoo Corp,,,2021,2021-12-31
,1389034,KALLO INC.,,,2021,2021-12-31
,1392091,"BLUEKNIGHT ENERGY PARTNERS, L.P.",,,2021,2021-12-31
,1393066,RESOLUTE FOREST PRODUCTS INC.,,,2021,2021-12-31
,1393548,CLICKSTREAM CORPORATION,,,2021,2021-09-30
,1399249,"PZENA INVESTMENT MANAGEMENT, INC.",,,2021,2021-12-31
,1399708,Neovasc Inc.,,,2021,2021-12-31
,1403752,Zymeworks BC Inc.,,,2021,2021-12-31
,1411165,EVER HARVEST INTERNATIONAL GROUP INC.,,,2021,2021-12-31
,1412707,"LEVEL ONE BANCORP, INC.",,,2021,2021-12-31
,1413263,"CHINA JO-JO DRUGSTORES, INC.",,,2021,2021-03-31
,1413488,"CANNABIS GLOBAL, INC.",,,2021,2021-08-31
,1414043,"Friendable, Inc.",,,2021,2021-12-31
,1415684,MusclePharm Corporation,,,2021,2021-12-31
,1418091,"Twitter, Inc.",,,2021,2021-12-31
,1418115,"HEALTHCARE SOLUTIONS MANAGEMENT GROUP, INC.",,,2021,2021-09-30
,1421182,VERSO CORPORATION,,,2021,2021-12-31
,1421819,"Hanjiao Group, Inc.",,,2021,2021-12-31
,1421907,Trident Brands Incorporated,,,2021,2021-11-30
,1422296,WEDOTALK INC.,,,2021,2021-12-31
,1422768,ALMOST NEVER FILMS INC.,,,2021,2021-06-30
,1425203,ASTRO AEROSPACE LTD.,,,2021,2021-03-31
,1428522,"RADIUS HEALTH, INC.",,,2021,2021-12-31
,1428875,"Terminix Global Holdings, Inc.",,,2021,2021-12-31
,1430523,"VERUS INTERNATIONAL, INC.",,,2021,2021-10-31
,1432271,Rampart Studios Inc.,,,2021,2021-12-31
,1437260,NAVIOS MARITIME ACQUISITION CORPORATION,,,2021,2021-03-31
,1438731,"ALJ Regional Holdings, Inc.",,,2021,2021-09-30
,1439404,ZYNGA INC,,,2021,2021-12-31
,1441693,MARRONE BIO INNOVATIONS INC.,,,2021,2021-12-31
,1442626,"Bluerock Residential Growth REIT, Inc.",,,2021,2021-12-31
,1443388,Green Hygienics Holdings Inc.,,,2021,2021-07-31
,1451512,"UNRIVALED BRANDS, INC.",,,2021,2022-12-31
,1453818,HGR Liquidating Trust,,,2021,2021-12-31
,1456802,CENTURY COBALT CORP.,,,2021,2021-11-30
,1457612,"GENOCEA BIOSCIENCES, INC.",,,2021,2021-12-31
,1458023,"Flowerkist Skin Care and Cosmetics, Inc.",,,2021,2021-12-31
,1458581,"Zenosense, Inc.",,,2021,2021-12-31
,1458891,Noble Corp,,,2021,2021-12-31
,1463172,"ZENDESK, INC.",,,2021,2021-12-31
,1463258,"Renewable Energy Group, Inc.",,,2021,2021-12-31
,1464963,"FIRST EAGLE ALTERNATIVE CAPITAL BDC, INC.",,,2021,2021-12-31
,1466301,"Clovis Oncology, Inc.",,,2021,2021-12-31
,1468679,American CryoStem Corporation,,,2021,2021-09-30
,1472595,R1 RCM Holdco Inc.,,,2021,2021-12-31
,1475430,JOSHUA GOLD RESOURCES INC.,,,2021,2021-12-31
USCI,1479247,United States Commodity Index Funds Trust,6221,Commodity Contracts Brokers & Dealers,2021,2021-12-31
,1481832,"Preferred Apartment Communities, Inc.",,,2021,2021-12-31
,1487931,FISION Corporation,,,2021,2021-12-31
,1488419,"Sino Agro Food, Inc",,,2021,2021-12-31
,1492633,Nielsen Holdings plc,,,2021,2021-12-31
,1493566,"Otonomy, Inc.",,,2021,2021-12-31
,1497504,PLx Pharma Winddown Corp.,,,2021,2021-12-31
,1498291,"DANIELS CORPORATE ADVISORY COMPANY, INC.",,,2021,2021-11-30
,1499355,"Quinton Group, Inc.",,,2021,2021-06-30
,1499453,"Spirit of Texas Bancshares, Inc.",,,2021,2021-12-31
,1499684,Qiansui International Group Co. Ltd.,,,2021,2021-12-31
,1500122,"NOBLE VICI GROUP, INC.",,,2021,2021-03-31
,1501862,"EMPIRE GLOBAL GAMING, INC.",,,2021,2021-12-31
,1510247,"LGBTQ LOYALTY HOLDINGS, INC.",,,2021,2021-12-31
,1516887,"WELLNESS CENTER USA, INC.",,,2021,2021-09-30
,1517130,PINGTAN MARINE ENTERPRISE LTD.,,,2021,2021-12-31
,1523486,"Mojo Data Solutions, Inc.",,,2021,2021-12-31
,1524223,"MANNING & NAPIER, INC.",,,2021,2021-12-31
,1525287,SPRAGUE RESOURCES LP,,,2021,2021-12-31
,1525852,"BOTS, Inc./PR",,,2021,2021-04-30
,1527383,BankGuam Holding Co,,,2021,2021-12-31
,1528308,"IONIX TECHNOLOGY, INC.",,,2021,2021-06-30
,1528760,"EXEO ENTERTAINMENT, INC.",,,2021,2021-11-30
,1532595,SINCERITY APPLIED MATERIALS HOLDINGS CORP.,,,2021,2021-12-31
,1534155,"AMERI METRO, INC.",,,2021,2021-07-31
,1535379,"CLOUDERA, INC.",,,2021,2021-01-31
,1538927,"FORMA THERAPEUTICS HOLDINGS, INC.",,,2021,2021-12-31
,1539894,"Atlas Financial Holdings, Inc.",,,2021,2021-12-31
,1541165,ONE 4 ART LIMITED,,,2021,2021-11-30
,1543066,EZRAIDER CO.,,,2021,2021-02-28
SILEF,1545224,SILVER ELEPHANT MINING CORP.,1000,Metal Mining,2021,2021-12-31
,1550020,eWELLNESS HEALTHCARE CORPORATION,,,2021,2021-12-31
,1551206,PATAGONIA GOLD CORP.,,,2021,2021-12-31
,1553023,CYRUSONE INC.,,,2021,2021-12-31
,1555972,STERLING CONSOLIDATED Corp,,,2021,2021-12-31
,1557127,"UserTesting, Inc.",,,2021,2021-12-31
,1558235,CORPORATE PROPERTY ASSOCIATES 18 - GLOBAL INCORPORATED,,,2021,2021-12-31
,1559172,"Diego Pellicer Worldwide, Inc.",,,2021,2021-12-31
,1559484,"RESOURCE REIT, INC.",,,2021,2021-12-31
,1561180,Petroteq Energy Inc.,,,2021,2021-08-31
,1563227,Sipup Corp,,,2021,2021-11-30
,1563463,"NUTRALIFE     BIOSCIENCES, INC.",,,2021,2021-12-31
,1566373,"F-STAR THERAPEUTICS, INC.",,,2021,2021-12-31
,1566895,"nCino OpCo, Inc.",,,2021,2021-01-31
,1567098,Luckwel Pharmaceuticals Inc.,,,2021,2021-03-31
,1567345,"HEMISPHERE MEDIA GROUP, INC.",,,2021,2021-12-31
,1568139,Bio-En Holdings Corp.,,,2021,2021-12-31
,1571498,"EPIZYME, INC.",,,2021,2021-12-31
,1572384,PHOENIX RISING COMPANIES,,,2021,2021-12-31
,1572910,Phillips 66 Partners LP,,,2021,2021-12-31
,1575420,BIONOVATE TECHNOLOGIES CORP.,,,2021,2021-06-30
,1576169,"BENEFITFOCUS, INC.",,,2021,2021-12-31
,1578776,"Prudential Bancorp, Inc.",,,2021,2021-09-30
,1579010,"LIFE ON EARTH, INC.",,,2021,2021-05-31
,1579026,TOWER ONE WIRELESS CORP.,,,2021,2021-12-31
,1579823,"NewAge, Inc.",,,2021,2021-06-02
,1579910,Resonant INC.,,,2021,2021-12-31
,1580156,Houghton Mifflin Harcourt Co,,,2021,2021-12-31
,1582244,Corning Natural Gas Holding Corporation,,,2021,2021-09-30
,1582568,PBF LOGISTICS LP,,,2021,2021-12-31
,1585583,"Del Taco Restaurants, Inc.",,,2021,2021-12-28
,1587221,Zosano Pharma Corp,,,2021,2021-12-31
,1587246,"Cypress Environmental Partners, L.P.",,,2021,2021-12-31
,1590383,"RENOVARE ENVIRONMENTAL, INC.",,,2021,2021-12-31
,1592603,"GULF WEST SECURITY NETWORK, INC.",,,2021,2021-12-31
,1594012,"INVESTORS BANCORP, INC.",,,2021,2021-12-31
,1595585,"TRICIDA, INC.",,,2021,2021-12-31
,1595893,"Turning Point Therapeutics, Inc.",,,2021,2021-12-31
,1596964,Hailiang Education Group Inc.,,,2021,2021-06-30
,1598014,IHS MARKIT LTD.,,,2021,2021-11-30
,1598924,"IMAGE CHAIN GROUP LIMITED, INC.",,,2021,2021-12-31
,1602143,TOUCAN INTERACTIVE CORP.,,,2021,2021-02-28
,1604924,Forward Pharma A/S,,,2021,2021-12-31
,1604930,"Life Clips, Inc.",,,2021,2021-06-30
,1605810,"PORTER HOLDING INTERNATIONAL, INC.",,,2021,2021-12-31
,1609471,"WATERMARK LODGING TRUST, INC.",,,2021,2021-12-31
,1609702,"CDK GLOBAL, INC.",,,2021,2021-06-30
,1610466,"Shell Midstream Partners, L.P.",,,2021,2021-12-31
,1613665,"GREAT WESTERN BANCORP, INC.",,,2021,2021-09-30
,1614826,"EDGE DATA SOLUTIONS, INC.",,,2021,2021-12-31
,1615999,"NEUROPATHIX, INC.",,,2021,2021-12-31
,1617351,"MU YAN TECHNOLOGY GROUP CO., LIMITED",,,2021,2021-07-31
,1617669,"UNIQUE FABRICATING, INC.",,,2021,2021-12-31
,1622231,BOATIM INC.,,,2021,2021-08-31
,1623360,MIRAGE ENERGY CORPORATION,,,2021,2021-07-31
,1623715,"Imago BioSciences, Inc.",,,2021,2021-12-31
,1624658,"ALLENA PHARMACEUTICALS, INC.",,,2021,2021-12-31
,1627452,ME RENEWABLE POWER CORPORATION,,,2021,2021-12-31
,1627611,12 RETECH CORPORATION,,,2021,2021-12-31
,1627857,"SailPoint Technologies Holdings, Inc.",,,2021,2021-12-31
,1629137,"Global Blood Therapeutics, Inc.",,,2021,2021-12-31
,1630856,Professional Holding Corp.,,,2021,2021-12-31
,1632081,"MAKAMER HOLDINGS, INC.",,,2021,2021-12-31
,1633441,Secoo Holding Limited,,,2021,2021-12-31
,1634379,"Metacrine, Inc.",,,2021,2021-12-31
,1635881,Exterran Corp,,,2021,2021-12-31
,1637242,"STRONG SOLUTIONS, INC.",,,2021,2021-12-31
,1637655,HORIZON GLOBAL CORP,,,2021,2021-12-31
,1637761,SeaSpine Holdings Corp,,,2021,2021-12-31
,1641991,"SPX FLOW, INC.",,,2021,2021-12-31
,1642081,"Allegiance Bancshares, Inc.",,,2021,2021-12-31
,1643542,EXSULAR FINANCIAL GROUP INC.,,,2021,2021-12-31
,1644440,GCP Applied Technologies Inc.,,,2021,2021-12-31
,1644675,Mimecast Ltd,,,2021,2021-03-31
,1645260,Todos Medical Ltd.,,,2021,2021-12-31
,1645842,Zymergen Inc.,,,2021,2021-12-31
,1650962,"Welbilt, Inc.",,,2021,2021-12-31
,1651094,"ELEVATE CREDIT, INC.",,,2021,2021-12-31
,1651431,"Checkmate Pharmaceuticals, Inc.",,,2021,2021-12-31
,1652362,"INFRASTRUCTURE AND ENERGY ALTERNATIVES, INC.",,,2021,2021-12-31
,1652724,"Lucira Health, Inc.",,,2021,2021-12-31
,1653821,"CEN BIOTECH, INC.",,,2021,2021-12-31
,1655020,"Extraction Oil & Gas, Inc.",,,2021,2021-01-20
,1655075,"ARMSTRONG FLOORING, INC.",,,2021,2021-12-31
,1655349,"messageBgone, Inc.",,,2021,2021-08-31
,1656936,MGM Growth Properties LLC,,,2021,2021-12-31
,1657564,GABBIT CORP.,,,2021,2021-02-28
,1659183,NDIVISION INC.,,,2021,2021-12-31
,1659352,"Codiak BioSciences, Inc.",,,2021,2021-12-31
,1664106,"LogicBio Therapeutics, Inc.",,,2021,2021-12-31
,1664780,"Rodin Income Trust, Inc.",,,2021,2021-12-31
,1664998,"KNOWBE4, INC.",,,2021,2021-12-31
,1666178,Lazuriton Nano Biotechnology (U.S.A.) Inc.,,,2021,2021-12-31
,1667161,"Randolph Bancorp, Inc.",,,2021,2021-12-31
,1668082,BYLOG GROUP CORP.,,,2021,2021-03-31
,1670349,"U.S. Well Services Holdings, LLC",,,2021,2021-12-31
,1674988,ZEALAND PHARMA A/S,,,2021,2021-12-31
,1678463,"FORTERRA, INC.",,,2021,2021-12-31
,1679826,PING IDENTITY HOLDING CORP.,,,2021,2021-12-31
,1682325,GTY TECHNOLOGY HOLDINGS INC.,,,2021,2021-12-31
,1685237,TEMIR CORP.,,,2021,2021-08-31
,1686400,Salt Blockchain Inc.,,,2021,2021-12-31
,1689813,Biohaven Pharmaceutical Holding Company Ltd.,,,2021,2021-12-31
,1691430,"QUANTA, INC.",,,2021,2021-12-31
,1693690,VERONI BRANDS CORP.,,,2021,2021-12-31
,1693696,UNITED CAPITAL CONSULTANTS INC.,,,2021,2021-12-31
,1696396,STEALTH BIOTHERAPEUTICS CORP,,,2021,2021-12-31
,1697412,MIGOM GLOBAL CORP.,,,2021,2021-12-31
,1697587,IDP HOLDINGS (USA) CORP.,,,2021,2021-11-30
,1698832,WALL STREET ACQUISITIONS CORP,,,2021,2021-12-31
,1700357,CRANK MEDIA INC,,,2021,2021-06-30
,1703489,PDL Community Bancorp,,,2021,2021-06-30
,1705259,Sierra Metals Inc.,,,2021,2021-12-31
,1706573,"Tribus Enterprises, Inc.",,,2021,2021-03-31
,1708301,BP Midstream Partners LP,,,2021,2021-12-31
,1710583,"SWITCH, INC.",,,2021,2021-12-31
,1712543,Andover National Corp,,,2021,2021-12-31
,1712923,"GREENSKY, INC.",,,2021,2021-12-31
,1713832,"HC Liquidating, Inc.",,,2021,2021-12-31
,1714379,"FACT, INC",,,2021,2021-01-31
,1715194,Jinxuan Coking Coal Ltd,,,2021,2021-12-31
,1717556,"VINCO VENTURES, INC.",,,2021,2021-12-31
,1720725,"Oyster Point Pharma, Inc.",,,2021,2021-12-31
,1722271,"Akouos, Inc.",,,2021,2021-12-31
,1723187,LEADER HILL CORPORATION,,,2021,2021-11-30
,1724344,ENTASIS THERAPEUTICS HOLDINGS INC.,,,2021,2021-12-31
,1724570,DATTO HOLDING CORP.,,,2021,2021-12-31
,1729089,"Puhui Wealth Investment Management Co., Ltd.",,,2021,2021-06-30
XRTX,1729214,XORTX Therapeutics Inc.,2834,Pharmaceutical Preparations,2021,2021-12-31
,1731727,"LMP     Automotive Holdings, Inc.",,,2021,2021-09-30
,1733186,"Veoneer, Inc.",,,2021,2021-12-31
,1734902,Weidai Ltd.,,,2021,2021-12-31
,1735803,"Apria, Inc.",,,2021,2021-12-31
,1740695,"Lux Amber, Corp.",,,2021,2021-04-30
,1742056,LAIX Inc.,,,2021,2021-12-31
,1745317,"VELODYNE LIDAR, INC.",,,2021,2021-12-31
,1745797,"Brigham Minerals, Inc.",,,2021,2021-12-31
,1746214,BIOPLUS LIFE CORP,,,2021,2021-12-31
,1748621,ALBERTON ACQUISITION CORPORATION,,,2021,2021-12-31
,1748773,RATTLER MIDSTREAM LP,,,2021,2021-12-31
,1749797,China Index Holdings Limited,,,2021,2021-12-31
,1751299,"KALEIDO BIOSCIENCES, INC.",,,2021,2021-12-31
,1751700,"TEB Bancorp, Inc.",,,2021,2021-06-30
,1752836,"COVETRUS, INC.",,,2021,2021-12-31
,1753886,STONEMOR INC.,,,2021,2021-12-31
,1756499,mCloud Technologies Corp.,,,2021,2021-12-31
,1756574,"New World Technologies, Inc.",,,2021,2021-10-31
,1757399,TUFIN SOFTWARE TECHNOLOGIES LTD.,,,2021,2021-12-31
,1757932,"ROMEO POWER, INC.",,,2021,2021-12-31
,1759008,"CARLOTZ, INC.",,,2021,2021-12-31
,1760683,East Stone Acquisition Corporation,,,2021,2021-12-31
,1761540,Stratus Capital Corp.,,,2021,2021-12-31
,1762459,Atotech Limited,,,2021,2021-12-31
,1763197,ECMOHO Ltd,,,2021,2021-12-31
,1763543,United World Holding Group Ltd.,,,2021,2021-12-31
,1764791,Orphazyme A/S,,,2021,2021-12-31
,1766016,CRUCIAL INNOVATIONS CORP.,,,2021,2021-12-31
,1766352,"Carrier EQ, LLC",,,2021,2021-09-30
,1768012,"GOLDEN NUGGET ONLINE GAMING, INC.",,,2021,2021-12-31
,1769725,"EUREKA HOMESTEAD BANCORP, INC.",,,2021,2021-12-31
,1773086,YUNHONG INTERNATIONAL,,,2021,2021-06-30
,1773087,TUSCAN HOLDINGS CORP. II,,,2021,2021-12-31
,1773250,MAVERIX METALS INC.,,,2021,2021-12-31
,1774155,BTRS HOLDINGS INC.,,,2021,2021-12-31
,1776048,"AMERAMEX INTERNATIONAL, INC.",,,2021,2021-12-31
,1782627,"Winc, Inc.",,,2021,2021-12-31
,1783010,Amryt Pharma plc,,,2021,2021-12-31
,1783317,McAfee Corp.,,,2021,2021-12-25
,1783400,"US ECOLOGY, INC.",,,2021,2021-12-31
,1785041,CHP MERGER CORP.,,,2021,2021-12-31
,1786119,"Excellerant, Inc.",,,2021,2021-09-30
,1786989,INDUSTRIAL TECHNICAL HOLDINGS CORPORATION,,,2021,2021-12-31
,1787005,"Cincinnati Bancorp, Inc.",,,2021,2021-12-31
,1787384,"FFBW, Inc. /MD/",,,2021,2021-12-31
,1787640,"Convey Health Solutions Holdings, Inc.",,,2021,2021-12-31
,1790121,ACKRELL SPAC PARTNERS I CO.,,,2021,2021-12-31
,1790665,Greenrose Holding Co Inc.,,,2021,2021-12-31
,1791091,"SOC TELEMED, INC.",,,2021,2021-12-31
,1791278,BlueCity Holdings Limited,,,2021,2021-12-31
,1792045,Technip Energies N.V.,,,2021,2021-12-31
,1792627,Just Eat Takeaway.com N.V.,,,2021,2021-12-31
,1793330,DongFang City Holding Group Company Limited,,,2021,2021-10-31
,1794621,"QUANERGY SYSTEMS, INC.",,,2021,2021-12-31
,1794717,SCVX Corp.,,,2021,2021-12-31
,1796297,BYMAX CORP.,,,2021,2021-04-30
,1799850,"Renovacor, Inc.",,,2021,2021-12-31
,1799858,wShares Enhanced Gold ETF,,,2021,2021-12-31
,1800199,"iCap Vault 1, LLC",,,2021,2021-12-31
,1801762,WESTERN MAGNESIUM CORPORATION,,,2021,2021-10-31
,1805508,ITIQUIRA ACQUISITION CORP.,,,2021,2021-12-31
,1805795,MALLARD ACQUISITION CORP.,,,2021,2021-12-31
,1806156,GAMING & HOSPITALITY ACQUISITION CORP.,,,2021,2021-12-31
,1811882,"PERSHING SQUARE TONTINE HOLDINGS, LTD.",,,2021,2021-12-31
,1813793,"Blockchain of Things, Inc.",,,2021,2021-12-31
,1814728,E.MERGE TECHNOLOGY ACQUISITION CORP.,,,2021,2021-12-31
,1815184,RedBall Acquisition Corp.,,,2021,2021-12-31
,1816114,Enigma MPC,,,2021,2021-02-28
,1816176,GO ACQUISITION CORP.,,,2021,2021-12-31
,1816261,Executive Network Partnering Corp,,,2021,2021-12-31
,1816901,"SAWAI GROUP HOLDINGS Co., Ltd.",,,2021,2021-03-31
,1817565,FINANCIAL STRATEGIES ACQUISITION CORP.,,,2021,2021-12-31
,1817786,Recharge Acquisition Corp.,,,2021,2021-12-31
,1817944,"CLARUS THERAPEUTICS HOLDINGS, INC.",,,2021,2021-12-31
,1818212,COHN ROBBINS HOLDINGS CORP.,,,2021,2021-12-31
,1818221,EQUITY DISTRIBUTION ACQUISITION CORP.,,,2021,2021-12-31
,1818346,"Ribbit LEAP, Ltd",,,2021,2021-12-31
,1818787,PRIMAVERA CAPITAL ACQUISITION CORPORATION,,,2021,2021-12-31
,1818873,Social Capital Hedosophia Holdings Corp. VI,,,2021,2021-12-31
,1818876,Social Capital Hedosophia Holdings Corp. IV,,,2021,2021-12-31
,1818880,Glenfarne Merger Corp.,,,2021,2021-12-31
,1819035,"METROMILE, INC.",,,2021,2021-12-31
,1819157,NORTH MOUNTAIN MERGER CORP.,,,2021,2021-12-31
,1819399,TPG PACE BENEFICIAL FINANCE CORP.,,,2021,2021-12-31
,1819496,IG Acquisition Corp.,,,2021,2021-12-31
,1819510,Atlantic Avenue Acquisition Corp,,,2021,2021-12-31
,1819608,AVANTI ACQUISITION CORP.,,,2021,2021-12-31
,1819663,"Coeptis Therapeutics, Inc.",,,2021,2021-12-31
,1819724,Research Alliance Corp. II,,,2021,2021-12-31
,1820160,SCP & CO HEALTHCARE ACQUISITION COMPANY,,,2021,2021-12-31
,1820191,AEA-BRIDGES IMPACT CORP.,,,2021,2021-12-31
,1820201,Redbox Entertainment Inc.,,,2021,2021-12-31
,1820209,Warrior Technologies Acquisition Co,,,2021,2021-12-31
,1820727,Mudrick Capital Acquisition Corp. II,,,2021,2021-12-31
,1820931,Oaktree Acquisition Corp. II,,,2021,2021-12-31
,1821075,"Appreciate Holdings, Inc.",,,2021,2021-12-31
,1821169,Global SPAC Partners Co.,,,2021,2021-12-31
,1821682,SARISSA CAPITAL ACQUISITION CORP.,,,2021,2021-12-31
,1821742,"DPCM Capital, Inc.",,,2021,2021-12-31
,1822027,Tekkorp Digital Acquisition Corp.,,,2021,2021-12-31
,1822219,FirstMark Horizon Acquisition Corp.,,,2021,2021-12-31
,1822309,CASCADE ACQUISITION CORP.,,,2021,2021-12-31
,1822312,JACK CREEK INVESTMENT CORP.,,,2021,2021-12-31
,1822835,PINE ISLAND ACQUISITION CORP.,,,2021,2021-12-31
,1822862,FORTISTAR SUSTAINABLE SOLUTIONS CORP.,,,2021,2021-12-31
,1822873,LEFTERIS ACQUISITION CORP.,,,2021,2021-12-31
,1822877,Vy Global Growth,,,2021,2021-12-31
,1822935,Healthcare Capital Corp/DE,,,2021,2021-12-31
,1823033,HUDSON EXECUTIVE INVESTMENT CORP. II,,,2021,2021-12-31
,1823034,HUDSON EXECUTIVE INVESTMENT CORP. III,,,2021,2021-12-31
,1823143,MDH ACQUISITION CORP.,,,2021,2021-12-31
,1823200,BCLS Acquisition Corp.,,,2021,2021-12-31
,1823323,KL Acquisition Corp,,,2021,2021-12-31
,1823340,Altimeter Growth Corp.,,,2021,2021-03-31
,1823383,GLOBIS ACQUISITION CORP.,,,2021,2021-12-31
,1823465,5:01 ACQUISITION CORP.,,,2021,2021-12-31
,1823481,TZP STRATEGIES ACQUISITION CORP.,,,2021,2021-12-31
,1823524,TURMERIC ACQUISITION CORP.,,,2021,2021-12-31
,1823634,Carney Technology Acquisition Corp. II,,,2021,2021-12-31
,1823707,Global Synergy Acquisition Corp.,,,2021,2021-12-31
,1823733,FORTRESS CAPITAL ACQUISITION CORP.,,,2021,2021-12-31
,1823766,ARCHAEA ENERGY INC.,,,2021,2021-12-31
,1823767,Lux Health Tech Acquisition Corp.,,,2021,2021-12-31
,1823776,H.I.G. ACQUISITION CORP.,,,2021,2021-12-31
,1823855,MARLIN TECHNOLOGY CORPORATION,,,2021,2021-12-31
,1823884,VECTOIQ ACQUISITION CORP. II,,,2021,2021-12-31
,1824013,HEALTH ASSURANCE ACQUISITION CORP.,,,2021,2021-12-31
,1824119,JIYA ACQUISITION CORP.,,,2021,2021-12-31
,1824149,JOFF FINTECH ACQUISITION CORP.,,,2021,2021-12-31
,1824171,KAIROS ACQUISITION CORP.,,,2021,2021-12-31
,1824211,ASTREA ACQUISITION CORP.,,,2021,2021-12-31
,1824301,Concord Acquisition Corp,,,2021,2021-12-31
,1824434,FORTRESS VALUE ACQUISITION CORP. III,,,2021,2021-12-31
,1824677,ONE EQUITY PARTNERS OPEN WATER I CORP.,,,2021,2021-12-31
,1824846,Healthcare Services Acquisition Corp,,,2021,2021-12-31
,1824888,NATURAL ORDER ACQUISITION CORP.,,,2021,2021-12-31
,1824993,PERIPHAS CAPITAL PARTNERING CORPORATION,,,2021,2021-12-31
,1825254,AMERICAS TECHNOLOGY ACQUISITION CORP.,,,2021,2021-12-31
,1825413,BIOTECH ACQUISITION COMPANY,,,2021,2021-12-31
,1825437,LightJump Acquisition Corporation,,,2021,2021-12-31
,1825480,"POSHMARK, INC.",,,2021,2021-12-31
,1825497,CRUCIBLE ACQUISITION CORPORATION,,,2021,2021-12-31
,1825720,EMPOWERMENT & INCLUSION CAPITAL I CORP.,,,2021,2021-12-31
,1825724,"Population Health Investment Co., Inc.",,,2021,2021-12-31
,1825739,PWP Forward Acquisition Corp. I,,,2021,2021-12-31
,1826058,"MASON INDUSTRIAL TECHNOLOGY, INC.",,,2021,2021-12-31
,1826059,KISMET ACQUISITION THREE CORP.,,,2021,2021-12-31
,1826333,POEMA GLOBAL HOLDINGS CORP.,,,2021,2021-12-31
,1826435,Silver Spike Acquisition Corp II,,,2021,2021-12-31
,1826574,Sports Ventures Acquisition Corp.,,,2021,2021-12-31
,1826729,EQ HEALTH ACQUISITION CORP.,,,2021,2021-12-31
,1826814,"HAMILTON LANE ALLIANCE HOLDINGS I, INC.",,,2021,2021-12-31
,1826855,Class Acceleration Corp.,,,2021,2021-12-31
,1826991,Trepont Acquisition Corp I,,,2021,2021-12-31
,1827076,DRAGONEER GROWTH OPPORTUNITIES CORP. III,,,2021,2021-12-31
,1827248,Epiphany Technology Acquisition Corp.,,,2021,2021-12-31
,1827328,BRIGHT LIGHTS ACQUISITION CORP.,,,2021,2021-12-31
,1827392,AUTHENTIC EQUITY ACQUISITION CORP.,,,2021,2021-12-31
,1827669,OMNICHANNEL ACQUISITION CORP.,,,2021,2021-12-31
,1828096,"GORES HOLDINGS VII, INC.",,,2021,2021-12-31
,1828183,FORTRESS VALUE ACQUISITION CORP. IV,,,2021,2021-12-31
,1828325,Monument Circle Acquisition Corp.,,,2021,2021-12-31
,1828326,FRAZIER LIFESCIENCES ACQUISITION CORPORATION,,,2021,2021-12-31
,1828438,Z-Work Acquisition Corp.,,,2021,2021-12-31
,1828478,SVF INVESTMENT CORP.,,,2021,2021-12-31
,1828672,"Boxed, Inc.",,,2021,2021-12-31
,1828735,Benessere Capital Acquisition Corp.,,,2021,2021-12-31
,1828817,HIGHLAND TRANSCEND PARTNERS I CORP.,,,2021,2021-12-31
,1828914,ATHLON ACQUISITION CORP.,,,2021,2021-12-31
,1828957,CODERE ONLINE U.S. CORP.*,,,2021,2021-09-30
,1828985,SCION TECH GROWTH I,,,2021,2021-12-31
,1829042,HUMANCO ACQUISITION CORP.,,,2021,2021-12-31
,1829328,FINTECH ACQUISITION CORP. V,,,2021,2021-12-31
,1829427,POWERED BRANDS,,,2021,2021-12-31
,1829455,HENNESSY CAPITAL INVESTMENT CORP. V,,,2021,2021-12-31
,1829558,ARCTOS NORTHSTAR ACQUISITION CORP.,,,2021,2021-12-31
,1829615,COLICITY INC.,,,2021,2021-12-31
,1829797,PIONEER MERGER CORP.,,,2021,2021-12-31
,1829889,INSU ACQUISITION CORP. III,,,2021,2021-12-31
,1829948,CI Financial Corp.,,,2021,2021-12-31
,1829949,Onion Global Ltd,,,2021,2021-12-31
,1829999,FOXWAYNE ENTERPRISES ACQUISITION CORP.,,,2021,2021-12-31
,1830063,North Atlantic Acquisition Corp,,,2021,2021-12-31
,1830162,4D pharma plc,,,2021,2021-12-31
,1830180,"Legacy EJY, Inc.",,,2021,2021-12-31
,1830232,ALTIMETER GROWTH CORP. 2,,,2021,2021-12-31
,1830374,D and Z Media Acquisition Corp.,,,2021,2021-12-31
,1830531,PROVIDENT ACQUISITION CORP.,,,2021,2021-12-31
,1830547,Science Strategic Acquisition Corp. Alpha,,,2021,2021-12-31
,1831928,DEEP LAKE CAPITAL ACQUISITION CORP.,,,2021,2021-12-31
,1831937,Clarim Acquisition Corp.,,,2021,2021-12-31
,1831992,LIBERTY MEDIA ACQUISITION CORPORATION,,,2021,2021-12-31
,1832010,OMEGA ALPHA SPAC,,,2021,2021-12-31
,1832250,GROUP NINE ACQUISITION CORP.,,,2021,2021-12-31
,1832300,LONGVIEW ACQUISITION CORP. II,,,2021,2021-12-31
,1832351,"Fast Radius, Inc.",,,2021,2021-12-31
,1832352,CA Healthcare Acquisition Corp.,,,2021,2021-01-29
,1832371,VELOCITY ACQUISITION CORP.,,,2021,2021-12-31
,1832505,EUROPEAN SUSTAINABLE GROWTH ACQUISITION CORP.,,,2021,2021-10-31
,1832696,FTAC ATHENA ACQUISITION CORP.,,,2021,2021-12-31
,1832737,TISHMAN SPEYER INNOVATION CORP. II,,,2021,2021-12-31
,1833213,PROGRESS ACQUISITION CORP.,,,2021,2021-12-31
,1833235,PROPERTY SOLUTIONS ACQUISITION CORP. II,,,2021,2021-12-31
,1833764,ABG Acquisition Corp. I,,,2021,2021-12-31
,1833908,"Alfi, Inc.",,,2021,2021-12-31
,1833909,African Gold Acquisition Corp,,,2021,2021-12-31
,1834226,Oyster Enterprises Acquisition Corp.,,,2021,2021-12-31
,1834628,"LEAD EDGE GROWTH OPPORTUNITIES, LTD",,,2021,2021-12-31
,1835059,Arrival,,,2021,2021-12-31
,1835205,Ibere Pharmaceuticals,,,2021,2021-12-31
,1835236,The Music Acquisition Corporation,,,2021,2021-12-31
,1835636,"ADVANCED MERGER PARTNERS, INC.",,,2021,2021-12-31
,1835713,Climate Real Impact Solutions II Acquisition Corp,,,2021,2021-12-31
,1836074,Warburg Pincus Capital Corporation I-B,,,2021,2021-12-31
,1836075,Warburg Pincus Capital Corporation I-A,,,2021,2021-12-31
,1836129,ORION ACQUISITION CORP.,,,2021,2021-12-31
,1836190,Queen’s Gambit Growth Capital,,,2021,2021-12-31
,1836259,SportsTek Acquisition Corp.,,,2021,2021-12-31
,1836337,LAZARD GROWTH ACQUISITION CORP. I,,,2021,2021-12-31
,1836517,MEDICUS SCIENCES ACQUISITION CORP.,,,2021,2021-12-31
,1836547,ALPHA CAPITAL ACQUISITION COMPANY,,,2021,2021-12-31
,1836707,SBEA MERGER SUB LLC,,,2021,2021-12-31
,1836894,USHG Acquisition Corp.,,,2021,2021-12-31
,1837067,NIGHTDRAGON ACQUISITION CORP.,,,2021,2021-12-31
,1837105,"GORES TECHNOLOGY PARTNERS, INC.",,,2021,2021-12-31
,1837160,COVA ACQUISITION CORP.,,,2021,2021-12-31
,1837207,G SQUARED ASCEND I INC.,,,2021,2021-12-31
,1837238,SVF INVESTMENT CORP. 2,,,2021,2021-12-31
,1837393,Independence Holdings Corp.,,,2021,2021-12-31
,1837430,ironSource Ltd,,,2021,2021-12-31
,1837739,COLONNADE ACQUISITION CORP. II,,,2021,2021-12-31
,1837997,ISLEWORTH HEALTHCARE ACQUISITION CORP.,,,2021,2021-12-31
,1838176,DHB CAPITAL CORP.,,,2021,2021-12-31
,1838207,Austerlitz Acquisition Corp I,,,2021,2021-12-31
,1838219,TCW SPECIAL PURPOSE ACQUISITION CORP.,,,2021,2021-12-31
,1838238,PINE TECHNOLOGY ACQUISITION CORP.,,,2021,2021-12-31
,1838337,APOLLO STRATEGIC GROWTH CAPITAL II,,,2021,2022-12-31
,1838361,"SUPERNOVA PARTNERS ACQUISITION COMPANY III, LTD.",,,2021,2021-12-31
,1838431,SCION TECH GROWTH II,,,2021,2021-12-31
,1838433,New Vista Acquisition Corp,,,2021,2021-12-31
,1838544,BOA ACQUISITION CORP.,,,2021,2021-12-31
,1838666,BUILD ACQUISITION CORP.,,,2021,2021-12-31
,1838697,BROADSCALE ACQUISITION CORP.,,,2021,2021-12-31
,1838883,ACCELERATE ACQUISITION CORP.,,,2021,2021-12-31
,1839121,G&P ACQUISITION CORP.,,,2021,2021-12-31
,1839127,"SIMON PROPERTY GROUP ACQUISITION HOLDINGS, INC.",,,2021,2021-12-31
,1839185,SUMMIT HEALTHCARE ACQUISITION CORP.,,,2021,2021-12-31
,1839191,AUSTERLITZ ACQUISITION CORPORATION II,,,2021,2021-12-31
,1839434,EJF Acquisition Corp.,,,2021,2021-12-31
,1839550,Figure Acquisition Corp. I,,,2021,2021-12-31
,1839569,FINTECH EVOLUTION ACQUISITION GROUP,,,2021,2021-12-31
,1839611,INTERPRIVATE IV INFRATECH PARTNERS INC.,,,2021,2021-12-31
,1839972,FTAC PARNASSUS ACQUISITION CORP.,,,2021,2021-12-31
,1840148,MISSION ADVANCEMENT CORP.,,,2021,2021-12-31
,1840463,RXR ACQUISITION CORP.,,,2021,2021-12-31
,1840792,VPC IMPACT ACQUISITION HOLDINGS II,,,2021,2021-12-31
,1841080,"GORES HOLDINGS VIII, INC.",,,2021,2021-12-31
,1841389,REVOLUTION HEALTHCARE ACQUISITION CORP.,,,2021,2021-12-31
,1841420,ESM Acquisition Corporation,,,2021,2021-12-31
,1841585,Live Oak Mobility Acquisition Corp.,,,2021,2021-12-31
,1841661,AF ACQUISITION CORP.,,,2021,2021-12-31
,1841734,GLASS HOUSES ACQUISITION CORP.,,,2021,2021-12-31
,1841845,PERIDOT ACQUISITION CORP. II,,,2021,2021-12-31
,1841867,ARIES I ACQUISITION CORPORATION,,,2021,2021-12-31
,1841948,LERER HIPPEAU ACQUISITION CORP.,,,2021,2021-12-31
,1841993,MODEL PERFORMANCE ACQUISITION CORP.,,,2021,2021-12-31
,1842046,"GORES TECHNOLOGY PARTNERS II, INC.",,,2021,2021-12-31
,1842219,AGRICO ACQUISITION CORP.,,,2021,2021-12-31
,1842223,FRONTIER ACQUISITION CORP.,,,2021,2021-12-31
,1842329,AGILE GROWTH CORP.,,,2021,2021-12-31
,1842373,LDH Growth Corp I,,,2021,2021-12-31
,1842430,ANGEL POND HOLDINGS CORPORATION,,,2021,2021-12-31
,1842729,SANDBRIDGE X2 CORP,,,2021,2021-12-31
,1842883,First Reserve Sustainable Growth Corp.,,,2021,2021-12-31
,1842912,FTAC HERA ACQUISITION CORP.,,,2021,2021-12-31
,1843212,KKR ACQUISITION HOLDINGS I CORP.,,,2021,2021-12-31
,1843249,NORTHERN GENESIS ACQUISITION CORP. III,,,2021,2021-12-31
,1843351,Kadem Sustainable Impact Corporation,,,2021,2021-12-31
,1843608,DILA CAPITAL ACQUISITION CORP,,,2021,2021-12-31
,1843764,TB SA ACQUISITION CORP,,,2021,2021-01-26
,1844135,SIERRA LAKE ACQUISITION CORP.,,,2021,2021-01-25
,1844336,FINTECH ACQUISITION CORP. VI,,,2021,2021-12-31
,1844519,"Drax, Industries Inc.",,,2021,2021-12-31
,1844579,ION ACQUISITION CORP 3 LTD.,,,2021,2021-12-31
,1844650,SOAR TECHNOLOGY ACQUISITION CORP.,,,2021,2021-12-31
,1844744,"Alight, Inc. /DE",,,2021,2021-03-31
,1844840,ARTISAN ACQUISITION CORP.,,,2021,2021-12-31
,1844908,SHELTER ACQUISITION CORPORATION I,,,2021,2021-12-31
,1845290,"MACQUARIE INFRASTRUCTURE HOLDINGS, LLC",,,2021,2021-12-31
,1845580,TCV ACQUISITION CORP.,,,2021,2021-12-31
,1845601,IRON SPARK I INC.,,,2021,2021-12-31
,1845842,TELESAT PARTNERSHIP LP,,,2021,2021-12-31
,1845991,LIONHEART III CORP,,,2021,2021-12-31
,1846136,Riverview Acquisition Corp.,,,2021,2021-02-03
,1846288,GLOBAL CONSUMER ACQUISITION CORP.,,,2021,2021-12-31
,1846804,"BIG SKY GROWTH PARTNERS, INC.",,,2021,2021-02-10
,1847090,TPB ACQUISITION CORPORATION I,,,2021,2021-12-31
,1847127,"GORES GUGGENHEIM, INC.",,,2021,2021-12-31
,1848000,LAKESHORE ACQUISITION I CORP.,,,2021,2021-12-31
,1848097,SPK ACQUISITION CORP.,,,2021,2021-12-31
,1848165,Parabellum Acquisition Corp.,,,2021,2021-12-31
,1848410,Catalyst Partners Acquisition Corp.,,,2021,2021-12-31
,1848558,Spindletop Health Acquisition Corp.,,,2021,2021-02-16
,1848795,"GigInternational1, Inc.",,,2021,2021-02-22
,1848959,Decarbonization Plus Acquisition Corporation IV,,,2021,2021-02-21
,1849489,ARENA FORTIFY ACQUISITION CORP.,,,2021,2021-01-25
,1850038,HUNT COMPANIES ACQUISITION CORP. I,,,2021,2021-12-31
,1850316,ASCENDANT DIGITAL ACQUISITION CORP. III,,,2021,2021-12-31
,1850487,GOOD WORKS II ACQUISITION CORP.,,,2021,2021-12-31
,1851174,WORLD QUANTUM GROWTH ACQUISITION CORP.,,,2021,2021-03-08
,1851625,MCLAREN TECHNOLOGY ACQUISITION CORP.,,,2021,2021-12-31
,1852597,"Land Newco, Inc.",,,2021,2021-03-31
,1852771,Macondray Capital Acquisition Corp. I,,,2021,2021-12-31
,1853506,"JANGIT ENTERPRISES, INC.",,,2021,2021-04-30
,1853651,ALPINE ACQUISITION CORPORATION,,,2021,2021-12-31
,1853775,MOUNTAIN CREST ACQUISITION CORP. III,,,2021,2021-12-31
,1854593,Gobi Acquisition Corp.,,,2021,2021-12-31
,1855302,"Industrial Human Capital, Inc.",,,2021,2021-12-31
,1855751,Parsec Capital Acquisitions Corp.,,,2021,2021-12-31
,1855886,Arbor Rapha Capital Bioholdings Corp. I,,,2021,2021-12-31
,1856519,G3 VRM ACQUISITION CORP.,,,2021,2021-12-31
,1858414,PACIFICO ACQUISITION CORP.,,,2021,2021-12-31
,1858912,GARDINER HEALTHCARE ACQUISITIONS CORP.,,,2021,2022-12-31
,1859902,The Valens Company Inc.,,,2021,2021-11-30
,1861645,"PEGASUS MEDICAL HOLDINGS, INC.",,,2021,2021-12-31
,1863428,Seaport Calibre Materials Acquisition Corp.,,,2021,2021-12-31
,1863685,THRIVE ACQUISITION CORPORATION,,,2021,2021-12-31
,1864891,Endurance Acquisition Corp.,,,2021,2021-12-31
,1865377,Argus Capital Corp.,,,2021,2021-04-21
,1865533,EMERGING MARKETS HORIZON CORP.,,,2021,2021-05-05
,1865537,DTRT Health Acquisition Corp.,,,2021,2021-04-18
,1867325,Getnet Adquirencia E Servicos Para Meios De Pagamento S.A.,,,2021,2021-12-31
,1867388,GAMESQUARE ESPORTS INC.,,,2021,2021-12-31
,1868734,"CinCor Pharma, Inc.",,,2021,2021-12-31
,1870471,CRYPTO 1 ACQUISITION CORP,,,2021,2021-12-31
,1870997,LOYALTY VENTURES INC.,,,2021,2021-12-31
,1873964,Counter Press Acquisition Corporation,,,2021,2021-06-30
,1878835,Very Good Food Company Inc.,,,2021,2021-12-31
,1884697,"STARRY GROUP HOLDINGS, INC.",,,2021,2021-12-31
,1898019,AXIOS Sustainable Growth Acquisition Corporation,,,2021,2021-12-31
,1906195,"ABRI SPAC 2, INC.",,,2021,2021-12-31
GSTK,1917993,GROWTH STALK HOLDINGS CORP.,0100,Agricultural Production-Crops,2021,2021-12-31
,4969,AMERICAN EXPRESS CREDIT CORP,,,2020,2020-12-31
,9346,Protective Insurance Corporation,,,2020,2020-12-31
,13239,HEXION INC.,,,2020,2020-12-31
,13573,BOWL AMERICA INC,,,2020,2020-06-28
,18172,A. M. CASTLE & CO.,,,2020,2020-12-31
,19411,MAGELLAN HEALTH INC,,,2020,2020-12-31
,19446,CANTEL MEDICAL LLC,,,2020,2020-07-31
,19612,TCF FINANCIAL CORPORATION,,,2020,2020-12-31
,24491,COOPER TIRE & RUBBER CO,,,2020,2020-12-31
,26076,Cubic Corporation,,,2020,2020-09-30
,31978,EL PASO ELECTRIC CO /TX/,,,2020,2020-03-31
,36047,"CORELOGIC, INC.",,,2020,2020-12-31
,36506,MACKINAC FINANCIAL CORPORATION,,,2020,2020-12-31
,49279,HUSKY ENERGY INC,,,2020,2020-12-31
,49728,IEC ELECTRONICS CORP,,,2020,2020-09-30
,60977,"LYDALL, INC.",,,2020,2020-12-31
,68709,MTS SYSTEMS CORPORATION,,,2020,2020-10-03
,70415,GP STRATEGIES CORP,,,2020,2020-12-31
,86759,SANTA FE FINANCIAL CORP,,,2020,2020-06-30
,98752,TOROTEL INC,,,2020,2020-04-30
,104819,WASHINGTON GAS LIGHT CO,,,2020,2020-12-31
,203527,VARIAN MEDICAL SYSTEMS INC,,,2020,2020-10-02
,311817,HMG COURTLAND PROPERTIES INC,,,2020,2020-12-31
,313151,SADDLEBROOK RESORTS INC,,,2020,2020-12-31
,320575,Pioneer Energy Services LLC,,,2020,2020-12-31
,350797,EATON VANCE CORP.,,,2020,2020-10-31
,352998,"TELIGENT, INC.",,,2020,2020-12-31
,353020,AEGION CORPORATION,,,2020,2020-12-31
,354908,FLIR SYSTEMS INC,,,2020,2020-12-31
,355573,REAL ESTATE ASSOCIATES LIMITED IV,,,2020,2020-12-31
,701869,INDEPENDENCE HOLDING COMPANY,,,2020,2020-12-31
,702325,FIRST MIDWEST BANCORP INC,,,2020,2020-12-31
,702513,Bank of Commerce Holdings,,,2020,2020-12-31
,711477,KIEWIT ROYALTY TRUST,,,2020,2020-12-31
,733337,"PwrCor, Inc.",,,2020,2020-12-31
,749038,"CCUR HOLDINGS, INC.",,,2020,2020-06-30
,766701,CAPSTEAD MORTGAGE CORP,,,2020,2020-12-31
,772320,"Gene Biotherapeutics, Inc.",,,2020,2020-12-31
,774569,CORTLAND BANCORP INC,,,2020,2020-12-31
,778946,BLUEGREEN VACATIONS CORPORATION,,,2020,2020-12-31
,783005,EMMIS COMMUNICATIONS CORP,,,2020,2020-02-29
,802681,Bryn Mawr Bank Corporation,,,2020,2020-12-31
,808450,NAVISTAR INTERNATIONAL CORP,,,2020,2020-10-31
,812348,"CENTURY BANCORP, INC.",,,2020,2020-12-31
,821127,BOSTON PRIVATE FINANCIAL HOLDINGS INC,,,2020,2020-12-31
,828916,WEINGARTEN REALTY INVESTORS,,,2020,2020-12-31
,842013,Coro Global Inc.,,,2020,2020-12-31
,844161,APEX GLOBAL BRANDS INC.,,,2020,2020-02-01
,852747,CONTINENTAL ENERGY CORP,,,2020,2020-06-30
,855612,ZIX CORP,,,2020,2020-12-31
,857737,"ICONIX BRAND GROUP, INC.",,,2020,2020-12-31
,859598,SEACOR HOLDINGS INC /NEW/,,,2020,2020-12-31
,866609,ION Geophysical Corporation,,,2020,2020-12-31
,868271,"Severn Bancorp, Inc.",,,2020,2020-12-31
,869495,DEEP WELL OIL & GAS INC,,,2020,2020-09-30
,874977,STATE AUTO FINANCIAL CORPORATION,,,2020,2020-12-31
,877365,NORBORD INC.,,,2020,2020-12-31
,882104,"PDL BioPharma, Inc.",,,2020,2020-12-31
,887226,PERCEPTRON INC/MI,,,2020,2020-06-30
,887730,KEMET Corp,,,2020,2020-03-31
,887919,"PREMIER FINANCIAL BANCORP, INC.",,,2020,2020-12-31
,890547,Revlon Consumer Products Corporation,,,2020,2020-12-31
,899866,"ALEXION PHARMACEUTICALS, INC.",,,2020,2020-12-31
,903571,GOLDEN STAR RESOURCES LTD.,,,2020,2020-12-31
,912505,ENEL AMERICAS S.A.,,,2020,2020-12-31
,915778,"DSP GROUP, INC.",,,2020,2020-12-31
,919956,"Diversicare Healthcare Services, Inc.",,,2020,2020-12-31
,943861,GOODRICH PETROLEUM CORPORATION,,,2020,2020-12-31
,1000232,"KENTUCKY BANCSHARES, INC.",,,2020,2020-12-31
,1003201,"MMA Capital Holdings, LLC",,,2020,2020-12-31
,1005011,"GRAPHIC PACKAGING INTERNATIONAL, LLC",,,2020,2020-12-31
,1006269,LORAL SPACE & COMMUNICATIONS INC.,,,2020,2020-12-31
,1010612,SYKES ENTERPRISES INC,,,2020,2020-12-31
,1011570,"Knoll, Inc.",,,2020,2020-12-31
,1011659,MUFG Americas Holdings Corporation,,,2020,2020-12-31
,1012771,"FBL FINANCIAL GROUP, INC.",,,2020,2020-12-31
,1017673,DOVER MOTORSPORTS INC,,,2020,2020-12-31
,1023844,NATIONAL HOLDINGS CORP,,,2020,2020-09-30
,1025953,"NOVATION COMPANIES, INC.",,,2020,2020-12-31
,1029831,"The Hillman Companies, Inc.",,,2020,2020-12-26
,1031233,PINNACLE BANKSHARES CORPORATION,,,2020,2020-12-31
,1033905,LUMINEX CORP,,,2020,2020-12-31
,1045309,W. R. GRACE & CO.,,,2020,2020-12-31
,1047884,ANWORTH MORTGAGE ASSET CORPORATION,,,2020,2020-12-31
,1052100,"WADDELL & REED FINANCIAL, INC.",,,2020,2020-12-31
,1056757,SEYCHELLE ENVIRONMENTAL TECHNOLOGIES INC /CA,,,2020,2020-02-29
,1058330,"ROGUE ONE, INC.",,,2020,2020-12-31
,1059784,GENEREX BIOTECHNOLOGY CORP,,,2020,2020-07-31
,1065332,NIC Inc.,,,2020,2020-12-31
,1069680,"HANNOVER HOUSE, INC.",,,2020,2020-12-31
,1070154,Sterling Bancorp,,,2020,2020-12-31
,1071993,CONTANGO OIL & GAS CO,,,2020,2020-12-31
,1073429,"U.S. CONCRETE, INC.",,,2020,2020-12-31
,1075607,"TC PipeLines, LP",,,2020,2020-12-31
,1075857,VIEW SYSTEMS INC,,,2020,2020-12-31
,1077561,"China Elite Information Co., Ltd.",,,2020,2020-11-30
,1078037,"REMEDENT, INC.",,,2020,2020-03-31
,1082027,"Northstar Electronics, Inc",,,2020,2020-12-31
,1082506,"GREAT ELM CAPITAL GROUP, INC.",,,2020,2020-06-30
,1082923,STAMPS.COM INC,,,2020,2020-12-31
,1083643,"Fauquier Bankshares, Inc.",,,2020,2020-12-31
,1084384,Pareteum Corp,,,2020,2020-12-31
,1089511,ALASKA COMMUNICATIONS SYSTEMS GROUP INC,,,2020,2020-12-31
,1095595,CNOOC LTD,,,2020,2020-12-31
,1098996,ORANCO INC,,,2020,2020-06-30
,1104855,"SUPPORT.COM, INC.",,,2020,2020-12-31
,1108236,American River Bankshares,,,2020,2020-12-31
,1108320,SMTC CORP,,,2020,2021-01-03
,1108827,"QEP RESOURCES, INC.",,,2020,2020-12-31
,1109189,"Basic Energy Services, Inc.",,,2020,2020-12-31
,1109504,EMPOWER CLINICS INC.,,,2020,2020-12-31
,1109546,PACIFIC MERCANTILE BANCORP,,,2020,2020-12-31
,1113866,CHINA UNICOM (HONG KONG) Ltd,,,2020,2020-12-31
,1116284,EXFO INC.,,,2020,2020-08-31
,1124160,ZIM CORP,,,2020,2020-03-31
,1141788,HEALTH DISCOVERY CORPORATION,,,2020,2020-12-31
,1141807,1ST CONSTITUTION BANCORP,,,2020,2020-12-31
,1160846,OI S.A. - In Judicial Reorganization,,,2020,2020-12-31
,1160958,INPHI CORPORATION,,,2020,2020-12-31
,1161154,"Energy Transfer Operating, L.P.",,,2020,2020-12-31
,1162112,"RigNet, Inc.",,,2020,2020-12-31
,1168054,CIMAREX ENERGY CO.,,,2020,2020-12-31
,1169988,"BOINGO WIRELESS, INC.",,,2020,2020-12-31
,1171662,TRIPLE-S MANAGEMENT CORPORATION,,,2020,2020-12-31
,1171825,CIT GROUP INC,,,2020,2020-12-31
,1175505,"Five Prime Therapeutics, Inc.",,,2020,2020-12-31
,1177167,Lingo Media Corporation,,,2020,2020-12-31
,1182737,Dakota Territory Resource Corp.,,,2020,2021-03-31
,1186258,ATEL CAPITAL EQUIPMENT FUND X LLC,,,2020,2020-12-31
,1191255,CHINA TELECOM CORP LTD,,,2020,2020-12-31
,1191334,CHUN CAN CAPITAL GROUP,,,2020,2020-12-31
,1196501,HMS HOLDINGS CORP.,,,2020,2020-12-31
,1207074,VIRTUSA CORPORATION,,,2020,2020-03-31
,1212458,PROOFPOINT INC,,,2020,2020-12-31
,1222840,"RETAIL PROPERTIES OF AMERICA, INC.",,,2020,2020-12-31
,1225307,IBM CREDIT LLC,,,2020,2020-12-31
,1236997,COUNTERPATH CORP,,,2020,2020-04-30
,1245791,"GI DYNAMICS, INC.",,,2020,2020-12-31
,1252849,"Columbia Property Trust, Inc.",,,2020,2020-12-31
,1260968,MARLIN BUSINESS SERVICES CORP,,,2020,2020-12-31
,1263762,"SELECT BANCORP, INC.",,,2020,2020-12-31
,1265107,"MONITRONICS INTERNATIONAL, INC",,,2020,2020-12-31
,1267919,SIGNATURE DEVICES INC,,,2020,2020-12-31
,1278465,EURASIA ENERGY LTD,,,2020,2020-12-31
,1279695,"Universal Biosensors, Inc.",,,2020,2020-12-31
,1280600,ACCELERON PHARMA INC.,,,2020,2020-12-31
,1284196,MADISON AVE HOLDINGS INC,,,2020,2020-12-31
,1284450,"CHINA CARBON GRAPHITE GROUP, INC.",,,2020,2020-12-31
,1286225,"RealPage, Inc.",,,2020,2020-12-31
,1288359,OTELCO INC.,,,2020,2020-12-31
,1289790,MACQUARIE INFRASTRUCTURE CORPORATION,,,2020,2020-12-31
,1295484,"51job, Inc.",,,2020,2020-12-31
,1297830,China Finance Online Co. LTD,,,2020,2020-12-31
,1301838,"PREMIER PRODUCT GROUP, INC.",,,2020,2020-12-31
,1302350,JMP Group LLC,,,2020,2020-12-31
,1316644,"AeroGrow International, Inc.",,,2020,2020-03-31
,1317839,UMATRIN HOLDING LIMITED,,,2020,2020-12-31
,1318084,"Core-Mark Holding Company, LLC",,,2020,2020-12-31
,1323648,Community Bankers Trust Corp,,,2020,2020-12-31
,1326089,Sundance Energy Inc.,,,2020,2020-12-31
,1328143,"Adamas Pharmaceuticals, Inc.",,,2020,2020-12-31
,1334740,"Utilicraft Aerospace Industries, Inc",,,2020,2020-12-31
GIGGF,1336364,Giga Metals Corp,1000,Metal Mining,2020,2020-12-31
,1339469,"CHIASMA, INC",,,2020,2020-12-31
,1342287,General Finance Corporation,,,2020,2020-06-30
,1346302,XERIS PHARMACEUTICALS INC,,,2020,2020-12-31
,1350420,"LINCOLNWAY ENERGY, LLC",,,2020,2020-09-30
,1351051,"Genesis Healthcare, Inc.",,,2020,2020-12-31
,1351285,ROSETTA STONE INC,,,2020,2020-01-01
,1351288,GW PHARMACEUTICALS PLC,,,2020,2020-12-31
,1351573,"PURE HARVEST CORPORATE GROUP, INC.",,,2020,2020-12-31
,1353406,REDHAWK HOLDINGS CORP.,,,2020,2020-06-30
,1353970,China XD Plastics Co Ltd,,,2020,2020-12-31
,1355559,"Celexus, Inc",,,2020,2020-03-31
,1356949,HOUSTON WIRE & CABLE COMPANY,,,2020,2020-12-31
,1358071,CONCHO RESOURCES INC,,,2020,2020-01-01
,1361983,ORBCOMM Inc.,,,2020,2020-12-31
AVLNF,1362898,AVALON ADVANCED MATERIALS INC.,1000,Metal Mining,2020,2020-08-31
,1365038,LEAF GROUP LTD.,,,2020,2020-12-31
,1366246,Glu Mobile Inc.,,,2020,2020-12-31
,1371217,RESHAPE LIFESCIENCES INC.,,,2020,2020-12-31
,1372954,AMERITRUST CORPORATION,,,2020,2020-09-30
,1379245,"ENIGMA-BULWARK, LTD.",,,2020,2020-12-31
,1379661,TARGA RESOURCES PARTNERS LP,,,2020,2020-12-31
,1382231,Fortem Resources Inc.,,,2020,2020-02-29
,1382943,"PREDICTIVE TECHNOLOGY GROUP, INC.",,,2020,2020-06-30
,1385145,Cellcom Israel Ltd.,,,2020,2020-12-31
,1385799,"Advanced BioMedical Technologies, Inc.",,,2020,2020-10-31
,1388430,"CAI International, Inc.",,,2020,2020-12-31
,1390162,Howard Bancorp Inc,,,2020,2020-12-31
,1398137,"GENERATION ALPHA, INC.",,,2020,2020-12-31
,1399529,Dicerna Pharmaceuticals Inc,,,2020,2020-12-31
,1401680,Cornerstone OnDemand Inc,,,2020,2020-12-31
,1403853,"Nuverra Environmental Solutions, Inc.",,,2020,2020-12-31
,1407298,FLY LEASING LIMITED,,,2020,2020-12-31
,1408278,"Synacor, Inc.",,,2020,2020-12-31
,1409775,"BBVA USA Bancshares, Inc.",,,2020,2020-12-31
,1415916,GOLAR LNG PARTNERS LP,,,2020,2020-12-31
,1419242,ATLANTIC POWER CORPORATION,,,2020,2020-12-31
,1419600,"Flexion Therapeutics, Inc.",,,2020,2020-12-31
,1422141,ZETA ACQUISITION CORP I,,,2020,2020-12-31
,1423579,"LegacyXChange, Inc.",,,2020,2020-03-31
,1423723,QHY GROUP,,,2020,2020-12-31
,1426945,"ECHO GLOBAL LOGISTICS, INC.",,,2020,2020-12-31
,1428389,"Blox, Inc.",,,2020,2020-03-31
,1432939,CREDEX CORPORATION,,,2020,2020-12-31
,1433714,"CASTLIGHT HEALTH, INC.",,,2020,2020-12-31
,1434418,CONSTELLATION PHARMACEUTICALS INC,,,2020,2020-12-31
,1434674,China Media Inc.,,,2020,2020-06-30
,1435375,XG SCIENCES INC,,,2020,2020-12-31
,1438644,China Distance Education Holdings Limited,,,2020,2020-09-30
,1445175,"Xiamen Lutong International Travel Agency Co., Ltd.",,,2020,2020-06-30
,1448558,"GROW CAPITAL, INC.",,,2020,2020-06-30
,1461119,CRH Medical Corp,,,2020,2020-12-31
,1461755,"Atlantic Capital Bancshares, Inc.",,,2020,2020-12-31
,1465191,Telesat Canada,,,2020,2020-12-31
,1469317,"Altegris QIM Futures Fund, L.P.",,,2020,2020-12-31
,1469372,MSG NETWORKS INC.,,,2020,2020-06-30
,1470205,"County Bancorp, Inc.",,,2020,2020-12-31
,1473287,SMSA Crane Acquisition Corp.,,,2020,2020-12-31
,1474439,"TELENAV, INC.",,,2020,2020-06-30
,1485538,Ossen Innovation Co. Ltd.,,,2020,2020-12-31
,1487371,"GENMARK DIAGNOSTICS, INC.",,,2020,2020-12-31
,1490892,CoreSite Realty Corp,,,2020,2020-12-31
MAJI,1492448,GRN HOLDING CORP,4899,"Communications Services, NEC",2020,2020-04-30
,1492915,STANDARD AVB FINANCIAL CORP.,,,2020,2020-12-31
,1496048,Brookfield Property REIT Inc.,,,2020,2020-12-31
,1498232,"TripBorn, Inc.",,,2020,2020-03-31
,1498301,"Mahwah Bergen Retail Group, Inc.",,,2020,2020-08-01
,1498542,"CIM Income NAV, Inc.",,,2020,2020-12-31
,1506439,"SharpSpring, Inc",,,2020,2020-12-31
,1506756,China Zenix Auto International Ltd,,,2020,2020-12-31
,1507181,Mountain High Acquisitions Corp.,,,2020,2020-03-31
,1507385,"VEREIT, INC.",,,2020,2020-12-31
,1508844,PRETIUM RESOURCES INC.,,,2020,2020-12-31
FENG,1509646,Phoenix New Media Limited,4833,Television Broadcasting Stations,2020,2020-12-31
,1516805,"Moxian, Inc.",,,2020,2020-09-30
,1517342,PACIFIC DRILLING S.A.,,,2020,2020-09-30
,1518720,"BIGtoken, Inc.",,,2020,2020-12-31
,1522690,"GWG Holdings, Inc.",,,2020,2020-12-31
,1525773,INTELSAT S.A.,,,2020,2020-12-31
,1529463,"FTS INTERNATIONAL, INC.",,,2020,2020-12-31
,1532981,Eros STX Global Corp,,,2020,2020-03-31
,1536577,MEDLEY LLC,,,2020,2020-12-31
,1540184,"Medallia, Inc.",,,2020,2021-01-31
,1540615,"Puget Technologies, Inc.",,,2020,2020-10-31
,1544238,"CARDAX, INC.",,,2020,2020-12-31
,1548187,"SOLITON, INC.",,,2020,2020-12-31
,1548240,"Yew Bio-Pharm Group, Inc.",,,2020,2020-12-31
,1553467,SEADRILL PARTNERS LLC,,,2020,2020-12-31
,1556753,"3D PIONEER SYSTEMS, INC.",,,2020,2020-03-31
,1557142,"Kadmon Holdings, Inc.",,,2020,2020-12-31
,1558465,"Petrogress, Inc.",,,2020,2020-12-31
,1561627,ExOne Co,,,2020,2020-12-31
,1561743,"KINDRED BIOSCIENCES, INC.",,,2020,2020-12-31
,1562622,CAVENDISH FUTURES FUND LLC,,,2020,2020-12-31
,1563536,E-QURE CORP.,,,2020,2020-12-31
,1566912,"Griffin-American Healthcare REIT III, Inc.",,,2020,2020-12-31
,1567771,BRIDGEWAY NATIONAL CORP.,,,2020,2020-12-31
,1572702,"ATLAS GROWTH PARTNERS, L.P.",,,2020,2020-12-31
,1573097,"HD SUPPLY HOLDINGS, INC.",,,2020,2020-02-02
,1574291,CC HOLDINGS GS V LLC,,,2020,2020-12-31
,1574596,The New Home Company Inc.,,,2020,2020-12-31
,1574910,"RENAVOTIO, INC.",,,2020,2020-12-31
,1575345,"BLGI, INC.",,,2020,2020-04-30
,1575969,Avianca Holdings S.A.,,,2020,2020-12-31
,1577368,"QTS Realty Trust, Inc.",,,2020,2020-12-31
,1578735,NATIONAL GENERAL HOLDINGS CORP.,,,2020,2020-12-31
,1580608,SANTANDER CONSUMER USA HOLDINGS INC.,,,2020,2020-12-31
,1581164,"EXTENDED STAY AMERICA, INC.",,,2020,2020-12-31
,1583077,"Hospitality Investors Trust, Inc.",,,2020,2020-12-31
,1585219,"STEADFAST APARTMENT REIT, INC.",,,2020,2020-12-31
,1590799,Riverview Financial Corp,,,2020,2020-12-31
,1591763,"ENABLE MIDSTREAM PARTNERS, LP",,,2020,2020-12-31
,1593195,TRIBUNE PUBLISHING COMPANY,,,2020,2020-12-27
,1593936,"Michaels Companies, Inc.",,,2020,2021-01-30
,1594109,GRUBHUB INC.,,,2020,2020-12-31
,1594686,WASHINGTON PRIME GROUP INC.,,,2020,2020-12-31
,1598674,CASPER SLEEP INC.,,,2020,2020-12-31
,1600125,"Meridian Bancorp, Inc.",,,2020,2020-12-31
,1601669,Watford Holdings Ltd.,,,2020,2020-12-31
,1604627,"KUSHCO HOLDINGS, INC.",,,2020,2020-08-31
,1606254,Nogales Resources Corp,,,2020,2020-04-30
,1606440,"Reliant Bancorp, Inc.",,,2020,2020-12-31
,1607450,"ABV CONSULTING, INC.",,,2020,2020-12-31
,1609139,"INNERSCOPE HEARING TECHNOLOGIES, INC.",,,2020,2020-12-31
,1610114,New Senior Investment Group Inc.,,,2020,2020-12-31
,1611110,MEDLEY MANAGEMENT INC.,,,2020,2020-12-31
,1613170,Itamar Medical Ltd.,,,2020,2020-12-31
,1613859,"PRA Health Sciences, Inc.",,,2020,2020-12-31
,1614184,Cadence Bancorporation,,,2020,2020-12-31
,1614466,Kibush Capital Corp.,,,2020,2020-09-30
,1615346,LANDMARK INFRASTRUCTURE PARTNERS LP,,,2020,2020-12-31
,1616212,TRILLIUM THERAPEUTICS INC.,,,2020,2020-12-31
,1617227,"J. Alexander’s Holdings, Inc.",,,2020,2021-01-03
,1619954,"INOVALON HOLDINGS, INC.",,,2020,2020-12-31
,1620664,"China Customer Relations Centers, Inc.",,,2020,2020-12-31
,1622353,"Jernigan Capital, Inc.",,,2020,2020-02-20
,1626556,"AMERICAN EDUCATION CENTER, INC.",,,2020,2020-12-31
,1626853,Majesco,,,2020,2020-03-31
,1628228,"OPTILEAF, INC.",,,2020,2020-12-31
,1632275,CAT9 Group Inc.,,,2020,2020-12-31
,1634038,"ProSight Global, Inc.",,,2020,2020-12-31
,1634432,STRONGBRIDGE BIOPHARMA plc,,,2020,2020-12-31
,1635748,"Zoompass Holdings, Inc.",,,2020,2020-12-31
,1636286,Altabancorp,,,2020,2020-12-31
,1636760,HUALE ACOUSTICS Ltd,,,2020,2020-12-31
,1638381,INTEC PHARMA LTD.,,,2020,2020-12-31
,1639234,China VTV Ltd,,,2020,2020-02-29
,1646228,AT HOME GROUP INC.,,,2020,2021-01-30
,1646576,Rito Group Corp.,,,2020,2020-06-30
,1647513,NOBLE MIDSTREAM PARTNERS LP,,,2020,2020-12-31
,1648428,"SEQUENTIAL BRANDS GROUP, INC.",,,2020,2020-12-31
,1651235,"Acacia Communications, Inc.",,,2020,2020-12-31
,1652133,OASIS MIDSTREAM PARTNERS LP,,,2020,2020-12-31
,1652842,"TrueNorth Quantum, Inc.",,,2020,2020-12-31
,1655008,HAHA Generation Corp.,,,2020,2020-12-31
,1659559,JIALIJIA GROUP CORPORATION LIMITED,,,2020,2020-12-31
,1661920,Lonestar Resources US Inc.,,,2020,2020-12-31
,1665598,"RC-1, INC.",,,2020,2020-12-31
,1667489,Liberated Syndication Inc.,,,2020,2020-09-30
,1667615,3AM TECHNOLOGIES INC,,,2020,2020-05-31
,1668105,Talend S.A.,,,2020,2020-12-31
,1671013,Cardtronics plc,,,2020,2020-12-31
,1672885,Doers Education Asean Ltd,,,2020,2020-12-31
,1678022,"Newater Technology, Inc.",,,2020,2020-12-31
,1678746,"BOOMER HOLDINGS, INC.",,,2020,2020-07-31
,1681941,iFresh Inc.,,,2020,2020-04-22
,1684506,FOLKUP DEVELOPMENT INC.,,,2020,2020-12-31
,1685570,"NANOVATION MICROTECH, INC.",,,2020,2020-08-31
,1687999,"EMR Technology Solutions, Inc.",,,2020,2020-12-31
,1689490,"NetPay International, Inc.",,,2020,2020-12-31
,1689662,ARDAGH GROUP S.A.,,,2020,2020-12-31
,1691507,"COMMUNITY FIRST BANCSHARES, INC.",,,2020,2020-01-10
,1692981,"Diamond Holdings, Inc.",,,2020,2020-10-31
,1693415,"Translate Bio, Inc.",,,2020,2020-12-31
,1693853,Vine Energy Inc.,,,2020,2020-12-31
,1694688,Xplosion Incorporated,,,2020,2020-10-31
,1696898,Chee Corp.,,,2020,2020-01-31
,1701859,TGS INTERNATIONAL LTD,,,2020,2020-12-31
,1702388,"Father Time, Inc.",,,2020,2020-03-31
,1707178,CorePoint Lodging Inc.,,,2020,2020-12-31
,1707210,NAVIOS MARITIME CONTAINERS L.P.,,,2020,2020-03-31
,1708405,TREMONT MORTGAGE TRUST,,,2020,2020-12-31
,1712641,Biofrontera AG,,,2020,2020-12-31
,1713443,Kirkland Lake Gold Ltd.,,,2020,2020-12-31
,1713809,"Chengda Technology Co., Ltd.",,,2020,2020-12-31
,1713947,SOGOU INC.,,,2020,2020-12-31
,1715629,"RANGERS SUB I, LLC",,,2020,2020-12-31
,1716697,FIRST CHOICE BANCORP,,,2020,2020-12-31
,1717452,"Odonate Therapeutics, Inc.",,,2020,2020-12-31
,1719435,"Assisted 4 Living, Inc.",,,2020,2020-12-31
,1720821,PAE Inc,,,2020,2020-12-31
,1722890,"Taiwan Liposome Company, Ltd.",,,2020,2020-12-31
,1723177,"SYNDICATED RESORTS ASSOCIATION,INC.",,,2020,2020-03-31
UCASU,1723517,UC ASSET LP,6799,"Investors, NEC",2020,2020-09-30
,1723866,"SELECT INTERIOR CONCEPTS, INC.",,,2020,2020-12-31
,1724001,AXELEREX CORP.,,,2020,2020-06-30
,1724670,PERSPECTA INC.,,,2020,2020-03-31
,1725526,HighPoint Resources Corporation,,,2020,2020-12-31
,1725579,"PLURALSIGHT, INC.",,,2020,2020-12-31
,1726189,Puxin Limited,,,2020,2020-12-31
,1726744,Exent Corp.,,,2020,2020-12-31
,1733418,Aphria Inc.,,,2020,2020-05-31
,1734517,"VIELA BIO, INC.",,,2020,2020-12-31
,1736874,HL Acquisitions Corp.,,,2020,2020-06-30
,1737422,New Frontier Health Corp,,,2020,2020-12-31
,1740547,Urovant Sciences Ltd.,,,2020,2020-03-31
,1742089,"CBM BANCORP, INC.",,,2020,2020-12-31
,1743858,Longevity Acquisition Corp,,,2020,2020-02-29
,1744345,Red White & Bloom Brands Inc.,,,2020,2020-12-31
,1745931,JS BEAUTY LAND NETWORK TECHNOLOGY INC.,,,2020,2020-12-31
,1746563,"DIAMOND WELLNESS HOLDINGS, INC.",,,2020,2020-12-31
,1750398,"YUMBA RECORDS STORAGE, INC.",,,2020,2020-08-31
,1753268,RUHNN HOLDING LIMITED,,,2020,2020-03-31
,1753648,8i Enterprises Acquisition Corp.,,,2020,2020-07-31
,1756640,WISEMAN GLOBAL LIMITED,,,2020,2020-12-31
,1758736,Molecular Data Inc.,,,2020,2020-12-31
,1760439,HARVEST HEALTH & RECREATION INC.,,,2020,2020-12-31
,1761940,Diamond S Shipping Inc.,,,2020,2020-12-31
,1763731,REPLAY ACQUISITION CORP.,,,2020,2020-12-31
,1764301,SC Health Corp,,,2020,2020-12-31
,1764443,FHT Future Technology Ltd.,,,2020,2020-03-31
,1764925,"Slack Technologies, Inc.",,,2020,2021-01-31
,1766146,UNION ACQUISITION CORP. II,,,2020,2020-09-30
,1769318,"Thunder Bridge Acquisition II, LTD",,,2020,2020-12-31
,1770883,Linx S.A.,,,2020,2020-12-31
,1778805,"Taronis Fuels, Inc.",,,2020,2020-05-26
,1780262,Newborn Acquisition Corp,,,2020,2020-12-31
,1781115,Alussa Energy Acquisition Corp.,,,2020,2020-12-31
,1784168,"ELECTRIC LAST MILE SOLUTIONS, INC.",,,2020,2020-12-31
,1787791,"Juniper Industrial Holdings, Inc.",,,2020,2020-12-31
,1789760,CIIG MERGER CORP.,,,2020,2020-12-31
,1793294,"PPD, Inc.",,,2020,2020-12-31
,1796303,Roth CH Acquisition I Co,,,2020,2020-12-31
,1797099,PTK ACQUISITION CORP.,,,2020,2020-12-31
,1797956,"RCMW Group, Inc.",,,2020,2020-04-30
,1799611,Collective Growth Corp,,,2020,2020-12-31
,1802830,"Pelican Delivers, Inc.",,,2020,2020-03-31
,1803284,Hygge Integrated Brands Corp.,,,2020,2020-05-31
,1803827,Pipergy Inc.,,,2020,2020-01-02
,1804506,HUB DEALS CORP.,,,2020,2020-06-30
,1804585,"Nugenerex Immuno-oncology, Inc.",,,2020,2020-07-31
,1807901,"PANDION THERAPEUTICS, INC.",,,2020,2020-12-31
,1810491,Vistas Media Acquisition Co Inc.,,,2020,2020-12-31
,1812667,CC Neuberger Principal Holdings II,,,2020,2021-12-31
,1814824,Kismet Acquisition One Corp,,,2020,2020-12-31
,1815302,Yucaipa Acquisition Corp,,,2020,2020-12-31
,1815495,Northern Genesis Acquisition Corp.,,,2020,2020-12-31
,1815526,Burgundy Technology Acquisition Corporation,,,2020,2020-06-03
,1815547,EMERGING OPPORTUNITIES CORP,,,2020,2021-06-30
,1815805,BROADSTONE ACQUISITION CORP.,,,2020,2020-12-31
,1816048,Software Acquisition Group Inc. II,,,2020,2020-06-30
,1816090,FTAC Olympus Acquisition Corp.,,,2020,2020-12-31
,1816101,"dMY Technology Group, Inc. II",,,2020,2020-12-31
,1816696,"INDUSTRIAL TECH ACQUISITIONS, INC.",,,2020,2020-06-30
,1816816,Ardagh MP USA Inc.,,,2020,2020-12-31
,1817071,HORIZON ACQUISITION CORPORATION,,,2020,2020-12-31
,1818355,Foley Trasimene Acquisition II,,,2020,2020-12-31
,1819006,"XXSTREAM ENTERTAINMENT, INC.",,,2020,2020-05-31
,1819263,MONTES ARCHIMEDES ACQUISITION CORP.,,,2020,2020-12-31
,1819313,TWC Tech Holdings II Corp.,,,2020,2020-12-31
,1820143,RMG Acquisition Corp. II,,,2020,2020-12-31
,1820272,LEGATO MERGER CORP.,,,2020,2020-12-31
,1820852,SPORTS ENTERTAINMENT ACQUISITION CORP.,,,2020,2020-07-29
,1821018,ION Acquisition Corp 1 Ltd.,,,2020,2020-12-31
,1821171,Qell Acquisition Corp,,,2020,2020-12-31
,1821317,PERIDOT ACQUISITION CORP.,,,2020,2020-12-31
,1821318,OTR Acquisition Corp.,,,2020,2021-12-31
,1821595,10X Capital Venture Acquisition Corp,,,2020,2020-12-31
,1822553,SPARTACUS ACQUISITION CORPORATION,,,2020,2020-12-31
,1822888,Virtuoso Acquisition Corp.,,,2020,2020-12-31
,1824577,CERBERUS TELECOM ACQUISITION CORP.,,,2020,2020-12-31
,1824963,AJAX I,,,2020,2020-12-31
,1825042,INVESTINDUSTRIAL ACQUISITION CORP.,,,2020,2020-09-06
,1826553,SILVER CREST ACQUISITION CORPORATION,,,2020,2021-12-31
,1828049,CF ACQUISITION CORP. V,,,2020,2020-09-30
,1828650,Long Mall Internet Technology Co Ltd,,,2020,2020-06-30
,1829730,Switchback II Corp,,,2020,2020-12-31
,1831236,Bridgetown 2 Holdings Ltd,,,2020,2020-12-31
,1832459,Thoma Bravo Advantage,,,2020,2020-12-31
,1836154,Decarbonization Plus Acquisition Corporation II,,,2020,2020-12-31
,1836935,Centricus Acquisition Corp.,,,2020,2020-12-31
,1836967,ALKURI GLOBAL ACQUISITION CORP.,,,2020,2020-12-31
,1838527,Spartan Acquisition Corp. III,,,2020,2020-12-31
,1838614,ATLAS CREST INVESTMENT CORP. II,,,2020,2021-12-31
,3116,AKORN INC,,,2019,2019-12-31
,12400,BLACK HILLS POWER INC,,,2019,2019-12-31
,14195,BRIGGS & STRATTON CORP,,,2019,2019-06-30
,22872,"ADVANZEON SOLUTIONS, INC.",,,2019,2019-12-31
,24104,CONTINENTAL MATERIALS CORP,,,2019,2019-12-28
,30831,DYNASIL CORP OF AMERICA,,,2019,2019-09-30
,32567,EMERGE HEALTH INTERNATIONAL INC,,,2019,2019-06-30
,40730,MOTORS LIQUIDATION CO,,,2019,2020-03-31
,42316,GOLDFIELD CORP,,,2019,2019-12-31
,52795,ANIXTER                                          INTERNATIONAL INC.,,,2019,2020-01-03
,72127,NEC CORP,,,2019,2020-03-31
,72207,NOBLE ENERGY INC,,,2019,2019-12-31
,75679,"GCI, LLC",,,2019,2019-12-31
,76321,PARKER DRILLING CO /DE/,,,2019,2019-12-31
,86264,Carbon Energy Corp,,,2019,2019-12-31
,97517,TEXAS PACIFIC LAND TRUST,,,2019,2019-12-31
,98246,TIFFANY & CO,,,2019,2020-01-31
,101830,SPRINT CORP,,,2019,2019-04-01
,110390,UNILEVER N V,,,2019,2019-12-31
,276283,EVANS & SUTHERLAND COMPUTER CORPORATION,,,2019,2019-12-31
,315849,SOUTHWEST GEORGIA FINANCIAL CORP,,,2019,2019-12-31
,317340,MIKROS SYSTEMS CORP,,,2019,2019-12-31
,318996,KEY ENERGY SERVICES INC,,,2019,2019-12-31
,352736,ALLSTATE LIFE INSURANCE CO,,,2019,2019-12-31
,704051,"LEGG MASON, INC.",,,2019,2020-03-31
,704366,"WOD Retail Solutions, Inc.",,,2019,2019-12-31
,706688,AARON'S INC,,,2019,2019-12-31
,708819,"McDERMOTT INTERNATIONAL, INC.",,,2019,2019-12-31
,714284,"SORL Auto Parts, Inc.",,,2019,2019-12-31
,715788,"EVIO, INC.",,,2019,2019-09-30
,722830,"IMMUNOMEDICS, INC.",,,2019,2019-12-31
,756620,BT GROUP PLC,,,2019,2020-03-31
,758938,QUALSTAR CORP,,,2019,2019-12-31
,768710,RELIV INTERNATIONAL INC,,,2019,2019-12-31
,784011,POPE RESOURCES LTD PARTNERSHIP,,,2019,2019-12-31
,790703,TECH DATA CORP,,,2019,2020-01-31
,791915,Cypress Semiconductor Corporation,,,2019,2019-12-29
,792977,"AMAG PHARMACEUTICALS, INC.",,,2019,2019-12-31
,808461,"GRIZZLY MERGER SUB 1, LLC",,,2019,2019-12-31
,809933,ECOLOGY & ENVIRONMENT INC,,,2019,2019-07-31
,813920,CEC ENTERTAINMENT INC,,,2019,2019-12-29
,819220,MULTI COLOR Corp,,,2019,2019-03-31
,819689,MICRON SOLUTIONS INC /DE/,,,2019,2019-12-31
,835887,Progenics Pharmaceuticals Inc,,,2019,2019-12-31
,836809,"AFTERMASTER, INC.",,,2019,2019-06-30
,856135,AMERICAN TAX CREDIT PROPERTIES III LP,,,2019,2019-03-30
,858339,"CAESARS HOLDINGS, INC.",,,2019,2019-12-31
,859163,AVX Corp,,,2019,2019-03-31
,867374,ELECTRONICS FOR IMAGING INC,,,2019,2019-01-01
,869531,ADVANTEGO CORPORATION,,,2019,2019-12-31
,870385,CAROLINA FINANCIAL CORPORATION,,,2019,2019-12-31
,872248,PETROQUEST ENERGY INC,,,2019,2019-02-08
,873799,MORGAN STANLEY SMITH BARNEY SPECTRUM SELECT LP,,,2019,2019-12-31
,875622,BIOSPECIFICS TECHNOLOGIES CORP,,,2019,2019-12-31
,878004,CHUGACH ELECTRIC ASSOCIATION INC,,,2019,2019-12-31
,881524,VIVUS INC,,,2019,2019-12-31
,883943,CHRISTOPHER & BANKS CORPORATION,,,2019,2020-02-01
,884217,"Tailored Brands, Inc.",,,2019,2020-02-01
,884940,STEIN MART INC,,,2019,2020-02-01
,885074,Aeon Global Health Corp.,,,2019,2019-06-30
,890319,"TAUBMAN CENTERS, INC.",,,2019,2019-12-31
,890491,BARNES & NOBLE INC,,,2019,2019-04-27
,892222,"CRAFT BREW ALLIANCE, INC.",,,2019,2019-12-31
,902274,LIBBEY INC,,,2019,2019-12-31
,904163,AMERICAN NATIONAL INSURANCE CO,,,2019,2019-12-31
,904979,"SHILOH INDUSTRIES, INC.",,,2019,2019-10-31
,911109,MOBILE MINI INC,,,2019,2019-12-31
,911649,STANDARD DIVERSIFIED INC.,,,2019,2019-12-31
,916457,CALPINE CORP,,,2019,2019-12-31
,918160,AK STEEL HOLDING CORP,,,2019,2019-12-31
,922330,REGI U S INC,,,2019,2019-04-30
,925645,CENTRAL EUROPEAN MEDIA ENTERPRISES LTD.,,,2019,2019-12-31
,926864,ENEL GENERACION CHILE S.A.,,,2019,2019-12-31
,927720,SPANISH BROADCASTING SYSTEM INC,,,2019,2019-12-31
,931336,DEAN FOODS COMPANY,,,2019,2019-12-31
,933141,IBERIABANK CORP,,,2019,2019-12-31
,936446,Amerinac Holding Corp.,,,2019,2019-12-31
,945384,CICERO INC,,,2019,2019-12-31
,949852,THANKSGIVING COFFEE CO INC,,,2019,2019-12-31
,1001258,ASTA FUNDING INC,,,2019,2019-09-30
,1001463,"Acacia Diversified Holdings, Inc.",,,2019,2019-12-31
,1005201,"ASSERTIO THERAPEUTICS, INC.",,,2019,2019-12-31
,1005409,"DIME COMMUNITY BANCSHARES, INC.",,,2019,2019-12-31
,1007330,"PRGX GLOBAL, INC.",,,2019,2019-12-31
,1009672,CARBO CERAMICS INC,,,2019,2019-12-31
,1011452,"MEDICAL INFORMATION TECHNOLOGY, INC.",,,2019,2019-12-31
,1013606,ENDOLOGIX INC /DE/,,,2019,2019-12-31
,1015780,E TRADE FINANCIAL CORP,,,2019,2019-12-31
,1016125,ULTIMATE SOFTWARE GROUP INC,,,2019,2019-01-01
,1019787,PURADYN FILTER TECHNOLOGIES INC,,,2019,2019-12-31
,1022646,ULTRA PETROLEUM CORP.,,,2019,2019-12-31
,1024095,"Carnegie Development, Inc",,,2019,2019-12-31
,1028954,SB ONE BANCORP,,,2019,2019-12-31
,1029730,LADENBURG THALMANN FINANCIAL SERVICES INC.,,,2019,2019-12-31
,1034594,BAY BANKS OF VIRGINIA INC,,,2019,2019-12-31
,1036141,Correvio Pharma Corp.,,,2019,2019-12-31
,1037016,NII HOLDINGS INC,,,2019,2019-01-01
,1040850,"AGRITEK HOLDINGS, INC.",,,2019,2019-12-31
,1043565,POTOMAC FUTURES FUND LP,,,2019,2019-12-31
,1047122,RAYTHEON CO/,,,2019,2019-12-31
,1052595,RED LION HOTELS CORP,,,2019,2019-12-31
,1055454,SCHOOL SPECIALTY INC,,,2019,2019-12-28
,1056087,MCCLATCHY CO,,,2019,2019-12-29
,1056386,Internap Corp,,,2019,2019-12-31
,1063104,PROTEO INC,,,2019,2019-12-31
,1063197,"CURAEGIS TECHNOLOGIES, INC.",,,2019,2019-12-31
,1065598,"DIGITALTOWN, INC.",,,2019,2019-02-28
,1066116,TIM PARTICIPACOES SA,,,2019,2019-12-31
,1078099,"MEET GROUP, INC.",,,2019,2019-12-31
,1080056,"THESTREET, INC.",,,2019,2019-03-31
,1084067,WNC HOUSING TAX CREDIT FUND VI LP SERIES 7,,,2019,2019-03-31
,1084332,SALON MEDIA GROUP INC,,,2019,2019-03-31
,1084370,"BLOCKCHAIN INDUSTRIES, INC.",,,2019,2018-04-30
,1086082,"CANNAPOWDER, INC.",,,2019,2019-12-31
,1089598,Baynon International Corp.,,,2019,2019-12-31
,1090061,OMNOVA SOLUTIONS INC,,,2019,2019-11-30
,1091983,FOREVERGREEN WORLDWIDE CORP,,,2019,2018-12-31
,1092289,TRANSATLANTIC PETROLEUM LTD.,,,2019,2019-12-31
,1094005,SINA CORPORATION,,,2019,2019-12-31
,1094739,FINISAR CORP,,,2019,2019-04-28
,1094810,"MutualFirst Financial Inc,",,,2019,2019-12-31
,1095130,"IOTA COMMUNICATIONS, INC.",,,2019,2019-05-31
,1097396,CERES TACTICAL GLOBAL L.P.,,,2019,2019-12-31
,1100778,ROKK3R INC.,,,2019,2019-05-21
,1101246,"TELIDYNE, INC.",,,2019,2020-01-31
,1102266,CENTERSTATE BANK CORPORATION,,,2019,2019-12-31
,1103640,"OMPHALOS, CORP",,,2019,2019-12-31
,1112920,"GlobalSCAPE, Inc",,,2019,2019-12-31
,1117095,TIKCRO TECHNOLOGIES LTD,,,2019,2019-12-31
,1122063,"FTE NETWORKS, INC.",,,2019,2019-12-31
,1129096,INFITECH VENTURES INC,,,2019,2019-07-31
,1131227,HORNBECK OFFSHORE SERVICES INC /LA,,,2019,2019-12-31
TXRP,1133798,"TX HOLDINGS, INC.",5084,Wholesale-Industrial Machinery & Equipment,2019,2019-09-30
,1142412,"MISSION BROADCASTING, INC.",,,2019,2019-12-31
,1143238,TRITON EMISSION SOLUTIONS INC.,,,2019,2019-12-31
,1145057,"FORESCOUT TECHNOLOGIES, INC",,,2019,2019-12-31
,1157806,ENCANA CORP,,,2019,2019-02-27
,1159275,KIWA BIO-TECH PRODUCTS GROUP CORP,,,2019,2019-12-31
,1166126,"OLD COPPER COMPANY, INC.",,,2019,2020-02-01
,1172298,Petro River Oil Corp.,,,2019,2019-04-30
,1172318,Asia Interactive Media Inc.,,,2019,2019-12-31
,1172494,AU OPTRONICS CORP,,,2019,2019-12-31
,1173431,TD AMERITRADE HOLDING CORP,,,2019,2019-09-30
,1179060,"ENLINK MIDSTREAM PARTNERS, LP",,,2019,2019-12-31
,1211351,"RTW RETAILWINDS, INC.",,,2019,2020-02-01
,1235010,MOMENTA PHARMACEUTICALS INC,,,2019,2019-12-31
,1237746,"Endurance International Group Holdings, Inc.",,,2019,2019-12-31
,1259515,CONTROL4 CORP,,,2019,2019-02-01
,1261379,FRONTIER FUNDS,,,2019,2019-12-31
,1264587,STEMLINE THERAPEUTICS INC,,,2019,2019-12-31
,1267612,GUOZI ZHONGYU CAPITAL HOLDINGS,,,2019,2019-12-31
,1269021,"Portola Pharmaceuticals, Inc.",,,2019,2019-12-31
,1269190,EMERGING CTA PORTFOLIO LP,,,2019,2019-12-31
,1275229,"General Moly, Inc",,,2019,2019-12-31
,1281774,TOWN SPORTS INTERNATIONAL HOLDINGS INC,,,2019,2019-12-31
,1282266,"WINDSTREAM HOLDINGS, INC.",,,2019,2019-12-31
,1282723,MEWBOURNE ENERGY PARTNERS 05-A LP,,,2019,2019-12-31
,1289496,"CBA Florida, Inc.",,,2019,2019-12-31
,1296205,ZAGG INC,,,2019,2019-12-31
,1299139,TearLab Corp,,,2019,2019-12-31
,1300482,CPFL Energy INC,,,2019,2019-12-31
,1302946,TWO RIVERS WATER & FARMING Co,,,2019,2019-07-31
,1309442,InsPro Technologies Corp,,,2019,2019-12-31
,1311538,Castle Brands Inc,,,2019,2019-03-31
,1315255,"GTT Communications, Inc.",,,2019,2019-12-31
,1321228,"WNC HOUSING TAX CREDIT FUND VI, L.P., SERIES 13",,,2019,2020-03-31
,1325740,"ADVANCED     BIOENERGY, LLC",,,2019,2019-09-30
,1330436,"LIQUIDIA TECHNOLOGIES, INC.",,,2019,2019-12-31
,1333519,Baying Ecological Holding Group Inc.,,,2019,2019-06-30
,1334589,Plyzer Technologies Inc.,,,2019,2019-03-31
,1339947,VIACOM INC.,,,2019,2019-09-30
,1343304,AVEDRO INC,,,2019,2019-01-01
,1346980,"CHAPARRAL ENERGY, INC.",,,2019,2019-12-31
,1350381,INNERWORKINGS INC,,,2019,2019-12-31
,1353487,"TARONIS TECHNOLOGIES, INC.",,,2019,2019-01-16
,1355754,INSTRUCTURE INC,,,2019,2019-12-31
,1356104,"Mellanox Technologies, Ltd.",,,2019,2019-12-31
,1357204,"DUNKIN' BRANDS GROUP, INC.",,,2019,2019-12-28
,1361937,Harvest Oil & Gas Corp.,,,2019,2019-12-31
,1365742,"Acorn International, Inc.",,,2019,2019-12-31
,1366340,"FINJAN HOLDINGS, INC.",,,2019,2019-12-31
,1367064,"ARCHROCK PARTNERS, L.P.",,,2019,2019-12-31
,1369868,"China Biologic Products Holdings, Inc.",,,2019,2019-12-31
,1373707,TETRAPHASE PHARMACEUTICALS INC,,,2019,2019-12-31
,1375063,SYNTHESIS ENERGY SYSTEMS INC,,,2019,2019-06-30
,1375618,"AMAZING ENERGY OIL AND GAS, CO.",,,2019,2019-07-31
,1375796,"TELARIA, INC.",,,2019,2019-12-31
,1378125,Toga Limited,,,2019,2019-07-31
,1378624,"CELLULAR BIOMEDICINE GROUP, INC.",,,2019,2019-12-31
,1378718,"Wesco Aircraft Holdings, Inc.",,,2019,2019-09-30
,1379527,WISDOMTREE CONTINUOUS COMMODITY INDEX MASTER FUND,,,2019,2019-12-31
,1381240,GSRX INDUSTRIES INC.,,,2019,2019-12-31
,1385329,"Creative Waste Solutions, Inc.",,,2019,2019-09-30
,1386164,CERES ABINGDON L.P.,,,2019,2019-12-31
,1388410,"PARALLAX HEALTH SCIENCES, INC.",,,2019,2019-06-30
,1390844,WABCO HOLDINGS INC.,,,2019,2019-12-31
,1395848,ADESTO TECHNOLOGIES CORPORATION,,,2019,2019-12-31
,1396633,SUMMER ENERGY HOLDINGS INC,,,2019,2019-12-31
,1397403,IMH Financial Corp,,,2019,2019-12-31
,1399855,"National American University Holdings, Inc.",,,2019,2019-05-31
,1399935,Francesca's Holdings CORP,,,2019,2020-02-01
,1400683,"STWC. Holdings, Inc.",,,2019,2019-01-31
,1402606,B COMMUNICATIONS LTD,,,2019,2019-12-31
,1402902,COSAN LTD.,,,2019,2019-12-31
,1403570,QUANTUM MATERIALS CORP.,,,2019,2019-06-30
,1404079,Samson Oil & Gas LTD,,,2019,2019-06-30
,1405660,ALTERNATIVE INVESTMENT CORP,,,2019,2019-09-30
,1407067,Franklin Financial Network Inc.,,,2019,2019-12-31
,1409431,Theron Resource Group,,,2019,2019-12-31
,1420302,"LOGMEIN, INC.",,,2019,2019-12-31
,1420811,"ON DECK CAPITAL, INC.",,,2019,2019-12-31
,1422841,AQUAVENTURE HOLDINGS LTD,,,2019,2019-12-31
,1425289,BRIGHTLANE CORP.,,,2019,2019-12-31
,1434842,FORBES ENERGY SERVICES LTD.,,,2019,2019-12-31
,1435163,"CENTAURUS DIAMOND TECHNOLOGIES, INC.",,,2019,2019-03-31
,1436942,MEWBOURNE ENERGY PARTNERS 08-A LP,,,2019,2019-12-31
,1437557,"Lilis Energy, Inc.",,,2019,2019-12-31
,1440024,"Roadrunner Transportation Systems, Inc.",,,2019,2019-12-31
,1442101,Zhong Ya International Ltd,,,2019,2019-12-31
,1444363,"GAIN Capital Holdings, Inc.",,,2019,2019-12-31
,1447599,"Fitbit, Inc.",,,2019,2019-12-31
,1448695,Sylios Corp,,,2019,2019-12-31
,1449447,"ENTEST GROUP, INC.",,,2019,2019-08-31
,1451797,Anchorage International Holdings Corp.,,,2019,2019-06-30
,1452872,"ARC Group, Inc.",,,2019,2019-12-31
,1455926,IronClad Encryption Corp,,,2019,2019-03-31
,1456787,DRAGON JADE INTERNATIONAL LTD,,,2019,2019-03-31
,1459482,"Chineseinvestors.com, Inc.",,,2019,2019-05-31
,1462047,PRIME GLOBAL CAPITAL GROUP Inc,,,2019,2019-10-31
,1463471,MISSION NEWENERGY LTD,,,2019,2019-06-30
,1466225,"Resource Real Estate Opportunity REIT, Inc.",,,2019,2019-12-31
,1467652,"NEOS THERAPEUTICS, INC.",,,2019,2019-12-31
,1470099,"MobileIron, Inc.",,,2019,2019-12-31
,1471302,KEMIAO GARMENT HOLDING GROUP,,,2019,2019-12-31
,1472468,"XT ENERGY GROUP, INC.",,,2019,2019-07-31
,1478121,PFENEX INC.,,,2019,2019-12-31
,1481512,"RA PHARMACEUTICALS, INC.",,,2019,2019-12-31
,1483195,Oritani Financial Corp,,,2019,2019-06-30
,1489136,SemGroup Corp,,,2019,2019-02-25
,1490186,DHX MEDIA LTD.,,,2019,2019-06-30
,1490630,Rhino Resource Partners LP,,,2019,2019-12-31
,1492658,WRIGHT MEDICAL GROUP N.V.,,,2019,2019-12-29
,1493212,Phoenix Life Sciences International Limited.,,,2019,2019-02-28
,1494162,KinerjaPay Corp.,,,2019,2019-12-31
,1494448,"Emergent Capital, Inc.",,,2019,2019-11-30
,1498068,"AMERICAN RENAL ASSOCIATES HOLDINGS, INC.",,,2019,2019-12-31
,1499781,BITAUTO HOLDINGS LTD,,,2019,2019-12-31
,1500861,Dongxing International Inc.,,,2019,2019-12-31
,1502034,"GNC HOLDINGS, INC.",,,2019,2019-12-31
,1502154,ALIO GOLD INC.,,,2019,2019-12-31
,1502756,"Zayo Group, LLC",,,2019,2019-06-30
,1510487,PRINCIPIA BIOPHARMA INC.,,,2019,2019-12-31
,1512077,GLOBAL EAGLE ENTERTAINMENT INC.,,,2019,2019-12-31
,1513856,"Neurotrope, Inc.",,,2019,2019-12-31
,1514732,"SAExploration Holdings, Inc.",,,2019,2019-12-31
,1515740,PREMIER BIOMEDICAL INC,,,2019,2019-12-31
,1516079,"US-China Biomedical Technology, Inc.",,,2019,2019-02-28
,1517401,Peak Resorts Inc,,,2019,2019-04-30
,1518171,"Jade Global Holdings, Inc.",,,2019,2019-12-31
,1518587,Aleris Corporation,,,2019,2019-12-31
,1518832,"WPX Energy, Inc.",,,2019,2019-12-31
,1520528,"REAC GROUP, INC.",,,2019,2019-12-31
,1522787,"Cyberfort Software, Inc.",,,2019,2019-03-31
,1524829,Global Seed Corp,,,2019,2019-12-31
,1525494,58.com Inc.,,,2019,2019-12-31
,1526689,"Generation NEXT Franchise Brands, Inc.",,,2019,2019-06-30
,1526952,"WELLESLEY BANCORP, INC.",,,2019,2019-12-31
,1527709,"Mid-Con Energy Partners, LP",,,2019,2019-12-31
,1528098,"Saleen Automotive, Inc.",,,2019,2019-03-31
,1528697,Apawthecary Pets USA.,,,2019,2019-08-31
,1532158,"Rebel Group, Inc.",,,2019,2019-12-31
,1533106,"ARGENTUM 47, INC.",,,2019,2019-12-31
,1535635,Service Team Inc.,,,2019,2019-08-31
,1537069,"ATEL GROWTH CAPITAL FUND 8, LLC",,,2019,2019-12-31
,1537528,"J.E.M. CAPITAL, INC.",,,2019,2019-12-31
,1537663,"HEALTH-RIGHT DISCOVERIES, INC.",,,2019,2019-12-31
,1540729,Foresight Energy LP,,,2019,2019-12-31
,1540947,"EQM Midstream Partners, LP",,,2019,2019-12-31
,1549848,Hi-Crush Inc.,,,2019,2019-12-31
,1550053,"Grand Perfecta, Inc.",,,2019,2019-07-31
,1550935,"FRONTEO, INC.",,,2019,2019-03-31
,1551906,WEST COAST VENTURES GROUP CORP.,,,2019,2019-12-31
,1552164,Avra Inc.,,,2019,2019-01-31
,1552451,"MYOKARDIA, INC.",,,2019,2019-12-31
,1552795,BENITEC BIOPHARMA LTD/ADR,,,2019,2019-06-30
,1554054,AMPERICO LTD,,,2019,2019-05-31
,1555039,Front Yard Residential Corp,,,2019,2019-12-31
,1555082,EP Energy LLC,,,2019,2019-12-31
,1555995,"BIOSCIENCE NEUTRACEUTICALS, INC.",,,2019,2019-12-31
,1556148,"INFOR, INC.",,,2019,2019-04-30
,1557668,BLUE EAGLE LITHIUM INC.,,,2019,2019-04-30
,1558441,Industrial Property Trust,,,2019,2019-12-31
,1561387,"Benefytt Technologies, Inc.",,,2019,2019-12-31
,1561660,PATTERN ENERGY GROUP INC.,,,2019,2019-12-31
,1561694,Sibanye Gold Ltd,,,2019,2019-06-30
,1567503,"TurnKey Capital, Inc.",,,2019,2019-12-31
,1569329,"YOUNGEVITY INTERNATIONAL, INC.",,,2019,2019-12-31
,1569568,Lord Global Corp,,,2019,2019-07-31
,1570279,DOUBLE DOWN HOLDINGS INC.,,,2019,2019-12-31
,1571636,NanoFlex Power Corp,,,2019,2019-12-31
,1572758,"COLE OFFICE & INDUSTRIAL REIT (CCIT II), INC.",,,2019,2019-12-31
,1574135,"Pivotal Software, Inc.",,,2019,2019-02-01
,1574774,"BioTelemetry, Inc.",,,2019,2019-12-31
,1574815,"BMC STOCK HOLDINGS, INC.",,,2019,2019-12-31
,1575189,"MATCH GROUP HOLDINGS II, LLC",,,2019,2019-12-31
,1576724,Vilacto Bio Inc.,,,2019,2019-03-31
,1578845,ALLERGAN PLC,,,2019,2019-12-31
,1579252,"JASON INDUSTRIES, INC.",,,2019,2019-12-31
,1580673,"PACIFIC OAK STRATEGIC OPPORTUNITY REIT II, INC.",,,2019,2019-12-31
,1580836,LVYUAN GREEN BUILDING MATERIAL TECHNOLOGY CORP.,,,2019,2019-04-30
,1580988,"COLE CREDIT PROPERTY TRUST V, INC.",,,2019,2019-12-31
,1581545,"GL Brands, Inc.",,,2019,2019-06-30
,1582086,BLUE CAPITAL REINSURANCE HOLDINGS LTD.,,,2019,2019-07-31
,1584423,"APX Group Holdings, Inc.",,,2019,2019-12-31
,1584952,EP Energy Corp,,,2019,2019-12-31
,1585790,"Advanced Disposal Services, Inc.",,,2019,2019-12-31
,1586049,OXFORD IMMUNOTEC GLOBAL PLC,,,2019,2019-12-31
,1586105,Zyla Life Sciences,,,2019,2019-12-31
,1586452,"LUBOA GROUP, INC.",,,2019,2019-12-31
,1594124,"SKY SOLAR HOLDINGS, LTD.",,,2019,2019-12-31
,1594466,Pioneer PE Holding LLC,,,2019,2019-12-31
,1597659,HERMITAGE OFFSHORE SERVICES LTD.,,,2019,2019-12-31
,1599947,"TerraForm Power NY Holdings, Inc.",,,2019,2019-12-31
,1600470,MONTAGE RESOURCES CORP,,,2019,2019-12-31
,1603961,Medifocus Inc.,,,2019,2019-03-31
,1606645,Foamix Pharmaceuticals Ltd.,,,2019,2019-12-31
,1607549,Applied BioSciences Corp.,,,2019,2019-03-31
,1607716,"Vivint Solar, Inc.",,,2019,2019-12-31
,1608249,"Zayo Group Holdings, Inc.",,,2019,2019-06-30
,1609472,GH Capital Inc.,,,2019,2019-04-30
,1610418,CNX Midstream Partners LP,,,2019,2019-12-31
,1610473,ENTRANET INC.,,,2019,2019-03-31
,1611277,"Helix Technologies, Inc.",,,2019,2019-12-31
,1611820,LINE CORP,,,2019,2019-12-31
,1614976,"COLE OFFICE & INDUSTRIAL REIT (CCIT III), INC.",,,2019,2019-12-31
,1615169,JIN WAN HONG INTERNATIONAL HOLDINGS Ltd,,,2019,2019-05-31
,1617431,"Po Yuen Cultural Holdings (Hong Kong) Co., Ltd.",,,2019,2019-03-31
,1617977,"Habit Restaurants, Inc.",,,2019,2019-12-31
,1621199,Union Bridge Holdings Limited,,,2019,2019-12-31
,1621499,Alternus Energy Inc.,,,2019,2019-12-31
,1623613,MYLAN II B.V.,,,2019,2019-12-31
,1626078,SAVDEN GROUP CORP.,,,2019,2019-05-31
,1626696,STAR WEALTH GROUP INC.,,,2019,2019-09-30
,1629606,"Driven Deliveries, Inc.",,,2019,2019-12-31
,1630940,Atlantic Alliance Partnership Corp.,,,2019,2019-12-31
,1631650,"AIMMUNE THERAPEUTICS, INC.",,,2019,2019-12-31
,1631825,"Presidio, Inc.",,,2019,2019-06-30
,1632053,"Apotheca Biosciences, Inc.",,,2019,2019-01-31
,1633651,"TALLGRASS ENERGY, LP",,,2019,2019-12-31
,1635261,MSB FINANCIAL CORP,,,2019,2019-12-31
,1636509,"VITALIBIS, INC.",,,2019,2019-12-31
,1637558,CONSOL COAL RESOURCES LP,,,2019,2019-12-31
,1637921,FULING GLOBAL INC.,,,2019,2019-12-31
,1639225,"Livongo Health, Inc.",,,2019,2019-12-31
,1639836,"ORIGINAL SOURCE MUSIC, INC.",,,2019,2019-12-31
,1647338,GRIDSUM HOLDING INC.,,,2019,2019-12-31
,1647705,"Global Boatworks Holdings, Inc.",,,2019,2019-12-31
,1650205,ANDES 7 INC.,,,2019,2019-12-31
,1650445,QUORUM HEALTH CORPORATION,,,2019,2019-12-31
,1650505,"AIFARM, LTD.",,,2019,2019-12-31
,1652866,Ability Inc.,,,2019,2019-12-31
,1652926,"Resource Apartment REIT III, Inc.",,,2019,2019-12-31
,1653099,"VIGILANT DIVERSIFIED HOLDINGS, INC./NV",,,2019,2019-12-31
,1653629,HypGen Inc,,,2019,2018-05-31
,1653710,APEX RESOURCES INC/NV,,,2019,2019-06-30
,1653979,JACC STUDIOS INC.,,,2019,2019-12-31
,1657803,INBIT CORP,,,2019,2019-12-31
,1658880,BARE METAL STANDARD INC.,,,2019,2019-10-31
,1659122,Rosehill Resources Inc.,,,2019,2019-12-31
,1661125,Yintech Investment Holdings Ltd,,,2019,2019-12-31
,1662253,TIBERIUS ACQUISITION CORP,,,2019,2019-12-31
,1662524,"Akcea Therapeutics, Inc.",,,2019,2019-12-31
,1663641,Ando Holdings Ltd.,,,2019,2019-09-30
,1666267,"Arrestage International, Inc.",,,2019,2019-12-31
,1667633,"FORTY SEVEN, INC.",,,2019,2019-12-31
,1667939,"FSB BANCORP, INC.",,,2019,2019-12-31
,1668428,FGL HOLDINGS,,,2019,2019-12-31
,1669812,"LSC Communications, Inc.",,,2019,2019-12-31
,1670869,"Rocky Mountain High Brands, Inc.",,,2019,2019-12-31
,1671686,USCF FUNDS TRUST,,,2019,2019-12-31
,1675192,Ottawa Bancorp Inc,,,2019,2019-12-31
,1675820,TIVO CORP,,,2019,2019-12-31
,1680232,"Strategic Storage Trust IV, Inc.",,,2019,2019-12-31
,1681282,Anvia Holdings Corp,,,2019,2019-12-31
,1681309,Monetiva Inc.,,,2019,2019-12-31
,1682593,"Community Savings Bancorp, Inc.",,,2019,2019-06-30
,1684508,"Cannis, Inc.",,,2019,2019-08-31
,1688941,"FOUNDATION BUILDING MATERIALS, INC.",,,2019,2019-12-31
,1690666,Xperi Corp,,,2019,2019-12-31
,1690769,"Alta Mesa Resources, Inc. /DE",,,2019,2019-12-31
,1691906,"ANTILIA GROUP, CORP.",,,2019,2019-01-31
,1692144,Life Partners Position Holder Trust,,,2019,2019-12-31
,1693801,"Luxxo, Inc.",,,2019,2019-08-31
,1694187,"NEON THERAPEUTICS, INC.",,,2019,2019-12-31
,1697805,"XYNOMIC PHARMACEUTICALS HOLDINGS, INC.",,,2019,2019-12-31
,1698519,Adveco Group Inc.,,,2019,2019-01-01
,1699018,"EAGLE FINANCIAL BANCORP, INC.",,,2019,2019-12-31
,1700175,"Heritage NOLA Bancorp, Inc.",,,2019,2019-12-31
,1704235,Quintana Energy Services Inc.,,,2019,2019-12-31
,1707092,DELPHI TECHNOLOGIES PLC,,,2019,2019-12-31
,1708715,Seneca Financial Corp.,,,2019,2019-12-31
,1709017,"FFBW, INC.",,,2019,2019-12-31
,1713909,"WATER NOW, INC.",,,2019,2019-12-31
,1714368,HUDSON LTD.,,,2019,2019-12-31
,1714798,Prevail Therapeutics Inc.,,,2019,2019-12-31
,1715942,"DATA VISION, INC.",,,2019,2019-12-31
,1716188,"SSB Bancorp, Inc.",,,2019,2019-12-31
,1718644,"Zander Therapeutics, Inc",,,2019,2019-06-30
,1720353,Nebula Acquisition Corp,,,2019,2019-12-31
,1722287,COVIA HOLDINGS CORPORATION,,,2019,2019-12-31
,1722992,SMTA LIQUIDATING TRUST,,,2019,2019-12-31
,1723083,Victory Commercial Management Inc.,,,2019,2019-12-31
,1724787,ZAMEE CORP.,,,2019,2019-02-28
,1725063,Jufeel International Group,,,2019,2019-01-01
,1725750,PARINGA RESOURCES LTD,,,2019,2019-06-30
,1726293,PURE ACQUISITION CORP.,,,2019,2019-12-31
,1728041,CF FINANCE ACQUISITION CORP.,,,2019,2019-12-31
,1729751,"SOCAL HARVEST, INC.",,,2019,2019-12-31
,1729756,FINTECH ACQUISITION CORP. III,,,2019,2019-12-31
,1731176,Tottenham Acquisition I Ltd,,,2019,2019-12-31
,1731831,"EIDOS THERAPEUTICS, INC.",,,2019,2019-12-31
,1735664,JMAX INTERNATIONAL LTD,,,2019,2020-03-31
,1735828,Legacy Reserves Inc.,,,2019,2019-12-11
,1735858,Far Point Acquisition Corp,,,2019,2019-12-31
,1737204,"Riviera Resources, Inc.",,,2019,2019-12-31
,1742491,"KENLOC, INC.",,,2019,2020-03-31
,1744894,"SIRIUS INTERNATIONAL INSURANCE GROUP, LTD.",,,2019,2019-12-31
,1746037,ARYA SCIENCES ACQUISITION CORP.,,,2019,2019-12-31
,1746468,EdtechX Holdings Acquisition Corp.,,,2019,2019-12-31
,1748252,DD3 Acquisition Corp.,,,2019,2019-06-30
,1748401,"VIVI HOLDINGS, INC.",,,2019,2019-03-31
,1750384,"CareClix Holdings, Inc.",,,2019,2019-12-31
,1750506,"Voiceinterop, Inc.",,,2019,2019-09-30
,1752039,"POSITIVE PHYSICIANS HOLDINGS, INC.",,,2019,2019-12-31
,1754824,SCHULTZE SPECIAL PURPOSE ACQUISITION CORP.,,,2019,2019-12-31
,1762533,"NORTHWEST OIL & GAS TRADING COMPANY, INC.",,,2019,2019-05-31
,1764711,PROFICIENT ALPHA ACQUISITION CORP,,,2019,2019-09-30
,1766682,CCF HOLDINGS LLC,,,2019,2019-12-31
,1768206,Oxford Northeast Ltd.,,,2019,2019-09-30
,1768225,Emerald Health Therapeutics Inc.,,,2019,2019-12-31
,1770202,HANTANG CULTURE & EDUCATION HOLDING GROUP LTD,,,2019,2020-03-31
,1770251,Orisun Acquisition Corp.,,,2019,2019-12-31
,1771279,Wanda Sports Group Co Ltd,,,2019,2019-12-31
,1771908,HAYMAKER ACQUISITION CORP. II,,,2019,2019-12-31
,1771928,FELLAZO INC.,,,2019,2019-03-31
,1776903,Netfin Acquisition Corp.,,,2019,2019-12-31
,1785154,Phoenix Tree Holdings Ltd,,,2019,2019-12-31
