cik,entity_name,tag,fiscal_year_raw,form,accn,period_end
51644,"INTERPUBLIC GROUP OF COMPANIES, INC.",AllocatedShareBasedCompensationExpense,1215,10-K,0000051644-16-000056,2013-12-31
51644,"INTERPUBLIC GROUP OF COMPANIES, INC.",AllocatedShareBasedCompensationExpense,1215,10-K,0000051644-16-000056,2014-12-31
51644,"INTERPUBLIC GROUP OF COMPANIES, INC.",AllocatedShareBasedCompensationExpense,1215,10-K,0000051644-16-000056,2015-12-31
51644,"INTERPUBLIC GROUP OF COMPANIES, INC.",CashAndCashEquivalentsAtCarryingValue,1215,10-K,0000051644-16-000056,2012-12-31
51644,"INTERPUBLIC GROUP OF COMPANIES, INC.",CashAndCashEquivalentsAtCarryingValue,1215,10-K,0000051644-16-000056,2013-12-31
51644,"INTERPUBLIC GROUP OF COMPANIES, INC.",CashAndCashEquivalentsAtCarryingValue,1215,10-K,0000051644-16-000056,2014-12-31
51644,"INTERPUBLIC GROUP OF COMPANIES, INC.",CashAndCashEquivalentsAtCarryingValue,1215,10-K,0000051644-16-000056,2015-12-31
51644,"INTERPUBLIC GROUP OF COMPANIES, INC.",DepreciationDepletionAndAmortization,1215,10-K,0000051644-16-000056,2013-12-31
51644,"INTERPUBLIC GROUP OF COMPANIES, INC.",DepreciationDepletionAndAmortization,1215,10-K,0000051644-16-000056,2014-12-31
51644,"INTERPUBLIC GROUP OF COMPANIES, INC.",DepreciationDepletionAndAmortization,1215,10-K,0000051644-16-000056,2015-12-31
51644,"INTERPUBLIC GROUP OF COMPANIES, INC.",FiniteLivedIntangibleAssetsNet,1215,10-K,0000051644-16-000056,2014-12-31
51644,"INTERPUBLIC GROUP OF COMPANIES, INC.",FiniteLivedIntangibleAssetsNet,1215,10-K,0000051644-16-000056,2015-12-31
51644,"INTERPUBLIC GROUP OF COMPANIES, INC.",Goodwill,1215,10-K,0000051644-16-000056,2013-12-31
51644,"INTERPUBLIC GROUP OF COMPANIES, INC.",Goodwill,1215,10-K,0000051644-16-000056,2014-12-31
51644,"INTERPUBLIC GROUP OF COMPANIES, INC.",Goodwill,1215,10-K,0000051644-16-000056,2015-12-31
51644,"INTERPUBLIC GROUP OF COMPANIES, INC.",IncomeTaxExpenseBenefit,1215,10-K,0000051644-16-000056,2013-12-31
51644,"INTERPUBLIC GROUP OF COMPANIES, INC.",IncomeTaxExpenseBenefit,1215,10-K,0000051644-16-000056,2014-03-31
51644,"INTERPUBLIC GROUP OF COMPANIES, INC.",IncomeTaxExpenseBenefit,1215,10-K,0000051644-16-000056,2014-06-30
51644,"INTERPUBLIC GROUP OF COMPANIES, INC.",IncomeTaxExpenseBenefit,1215,10-K,0000051644-16-000056,2014-09-30
51644,"INTERPUBLIC GROUP OF COMPANIES, INC.",IncomeTaxExpenseBenefit,1215,10-K,0000051644-16-000056,2014-12-31
51644,"INTERPUBLIC GROUP OF COMPANIES, INC.",IncomeTaxExpenseBenefit,1215,10-K,0000051644-16-000056,2014-12-31
51644,"INTERPUBLIC GROUP OF COMPANIES, INC.",IncomeTaxExpenseBenefit,1215,10-K,0000051644-16-000056,2015-03-31
51644,"INTERPUBLIC GROUP OF COMPANIES, INC.",IncomeTaxExpenseBenefit,1215,10-K,0000051644-16-000056,2015-06-30
51644,"INTERPUBLIC GROUP OF COMPANIES, INC.",IncomeTaxExpenseBenefit,1215,10-K,0000051644-16-000056,2015-09-30
51644,"INTERPUBLIC GROUP OF COMPANIES, INC.",IncomeTaxExpenseBenefit,1215,10-K,0000051644-16-000056,2015-12-31
51644,"INTERPUBLIC GROUP OF COMPANIES, INC.",IncomeTaxExpenseBenefit,1215,10-K,0000051644-16-000056,2015-12-31
51644,"INTERPUBLIC GROUP OF COMPANIES, INC.",LongTermDebtCurrent,1215,10-K,0000051644-16-000056,2014-12-31
51644,"INTERPUBLIC GROUP OF COMPANIES, INC.",LongTermDebtCurrent,1215,10-K,0000051644-16-000056,2015-12-31
51644,"INTERPUBLIC GROUP OF COMPANIES, INC.",LongTermDebtNoncurrent,1215,10-K,0000051644-16-000056,2014-12-31
51644,"INTERPUBLIC GROUP OF COMPANIES, INC.",LongTermDebtNoncurrent,1215,10-K,0000051644-16-000056,2015-12-31
51644,"INTERPUBLIC GROUP OF COMPANIES, INC.",NetCashProvidedByUsedInOperatingActivities,1215,10-K,0000051644-16-000056,2013-12-31
51644,"INTERPUBLIC GROUP OF COMPANIES, INC.",NetCashProvidedByUsedInOperatingActivities,1215,10-K,0000051644-16-000056,2014-12-31
51644,"INTERPUBLIC GROUP OF COMPANIES, INC.",NetCashProvidedByUsedInOperatingActivities,1215,10-K,0000051644-16-000056,2015-12-31
51644,"INTERPUBLIC GROUP OF COMPANIES, INC.",NetIncomeLoss,1215,10-K,0000051644-16-000056,2013-12-31
51644,"INTERPUBLIC GROUP OF COMPANIES, INC.",NetIncomeLoss,1215,10-K,0000051644-16-000056,2014-12-31
51644,"INTERPUBLIC GROUP OF COMPANIES, INC.",NetIncomeLoss,1215,10-K,0000051644-16-000056,2015-12-31
51644,"INTERPUBLIC GROUP OF COMPANIES, INC.",NetIncomeLossAvailableToCommonStockholdersBasic,1215,10-K,0000051644-16-000056,2013-12-31
51644,"INTERPUBLIC GROUP OF COMPANIES, INC.",NetIncomeLossAvailableToCommonStockholdersBasic,1215,10-K,0000051644-16-000056,2014-03-31
51644,"INTERPUBLIC GROUP OF COMPANIES, INC.",NetIncomeLossAvailableToCommonStockholdersBasic,1215,10-K,0000051644-16-000056,2014-06-30
51644,"INTERPUBLIC GROUP OF COMPANIES, INC.",NetIncomeLossAvailableToCommonStockholdersBasic,1215,10-K,0000051644-16-000056,2014-09-30
51644,"INTERPUBLIC GROUP OF COMPANIES, INC.",NetIncomeLossAvailableToCommonStockholdersBasic,1215,10-K,0000051644-16-000056,2014-12-31
51644,"INTERPUBLIC GROUP OF COMPANIES, INC.",NetIncomeLossAvailableToCommonStockholdersBasic,1215,10-K,0000051644-16-000056,2014-12-31
51644,"INTERPUBLIC GROUP OF COMPANIES, INC.",NetIncomeLossAvailableToCommonStockholdersBasic,1215,10-K,0000051644-16-000056,2015-03-31
51644,"INTERPUBLIC GROUP OF COMPANIES, INC.",NetIncomeLossAvailableToCommonStockholdersBasic,1215,10-K,0000051644-16-000056,2015-06-30
51644,"INTERPUBLIC GROUP OF COMPANIES, INC.",NetIncomeLossAvailableToCommonStockholdersBasic,1215,10-K,0000051644-16-000056,2015-09-30
51644,"INTERPUBLIC GROUP OF COMPANIES, INC.",NetIncomeLossAvailableToCommonStockholdersBasic,1215,10-K,0000051644-16-000056,2015-12-31
51644,"INTERPUBLIC GROUP OF COMPANIES, INC.",NetIncomeLossAvailableToCommonStockholdersBasic,1215,10-K,0000051644-16-000056,2015-12-31
51644,"INTERPUBLIC GROUP OF COMPANIES, INC.",OperatingIncomeLoss,1215,10-K,0000051644-16-000056,2013-12-31
51644,"INTERPUBLIC GROUP OF COMPANIES, INC.",OperatingIncomeLoss,1215,10-K,0000051644-16-000056,2014-03-31
51644,"INTERPUBLIC GROUP OF COMPANIES, INC.",OperatingIncomeLoss,1215,10-K,0000051644-16-000056,2014-06-30
51644,"INTERPUBLIC GROUP OF COMPANIES, INC.",OperatingIncomeLoss,1215,10-K,0000051644-16-000056,2014-09-30
51644,"INTERPUBLIC GROUP OF COMPANIES, INC.",OperatingIncomeLoss,1215,10-K,0000051644-16-000056,2014-12-31
51644,"INTERPUBLIC GROUP OF COMPANIES, INC.",OperatingIncomeLoss,1215,10-K,0000051644-16-000056,2014-12-31
51644,"INTERPUBLIC GROUP OF COMPANIES, INC.",OperatingIncomeLoss,1215,10-K,0000051644-16-000056,2015-03-31
51644,"INTERPUBLIC GROUP OF COMPANIES, INC.",OperatingIncomeLoss,1215,10-K,0000051644-16-000056,2015-06-30
51644,"INTERPUBLIC GROUP OF COMPANIES, INC.",OperatingIncomeLoss,1215,10-K,0000051644-16-000056,2015-09-30
51644,"INTERPUBLIC GROUP OF COMPANIES, INC.",OperatingIncomeLoss,1215,10-K,0000051644-16-000056,2015-12-31
51644,"INTERPUBLIC GROUP OF COMPANIES, INC.",OperatingIncomeLoss,1215,10-K,0000051644-16-000056,2015-12-31
51644,"INTERPUBLIC GROUP OF COMPANIES, INC.",PaymentsForRepurchaseOfCommonStock,1215,10-K,0000051644-16-000056,2013-12-31
51644,"INTERPUBLIC GROUP OF COMPANIES, INC.",PaymentsForRepurchaseOfCommonStock,1215,10-K,0000051644-16-000056,2014-12-31
51644,"INTERPUBLIC GROUP OF COMPANIES, INC.",PaymentsForRepurchaseOfCommonStock,1215,10-K,0000051644-16-000056,2015-12-31
51644,"INTERPUBLIC GROUP OF COMPANIES, INC.",PaymentsOfDividendsCommonStock,1215,10-K,0000051644-16-000056,2013-12-31
51644,"INTERPUBLIC GROUP OF COMPANIES, INC.",PaymentsOfDividendsCommonStock,1215,10-K,0000051644-16-000056,2014-12-31
51644,"INTERPUBLIC GROUP OF COMPANIES, INC.",PaymentsOfDividendsCommonStock,1215,10-K,0000051644-16-000056,2015-12-31
51644,"INTERPUBLIC GROUP OF COMPANIES, INC.",PaymentsToAcquireBusinessesNetOfCashAcquired,1215,10-K,0000051644-16-000056,2013-12-31
51644,"INTERPUBLIC GROUP OF COMPANIES, INC.",PaymentsToAcquireBusinessesNetOfCashAcquired,1215,10-K,0000051644-16-000056,2014-12-31
51644,"INTERPUBLIC GROUP OF COMPANIES, INC.",PaymentsToAcquireBusinessesNetOfCashAcquired,1215,10-K,0000051644-16-000056,2015-12-31
51644,"INTERPUBLIC GROUP OF COMPANIES, INC.",PaymentsToAcquirePropertyPlantAndEquipment,1215,10-K,0000051644-16-000056,2013-12-31
51644,"INTERPUBLIC GROUP OF COMPANIES, INC.",PaymentsToAcquirePropertyPlantAndEquipment,1215,10-K,0000051644-16-000056,2014-12-31
51644,"INTERPUBLIC GROUP OF COMPANIES, INC.",PaymentsToAcquirePropertyPlantAndEquipment,1215,10-K,0000051644-16-000056,2015-12-31
51644,"INTERPUBLIC GROUP OF COMPANIES, INC.",ProfitLoss,1215,10-K,0000051644-16-000056,2013-12-31
51644,"INTERPUBLIC GROUP OF COMPANIES, INC.",ProfitLoss,1215,10-K,0000051644-16-000056,2014-03-31
51644,"INTERPUBLIC GROUP OF COMPANIES, INC.",ProfitLoss,1215,10-K,0000051644-16-000056,2014-06-30
51644,"INTERPUBLIC GROUP OF COMPANIES, INC.",ProfitLoss,1215,10-K,0000051644-16-000056,2014-09-30
51644,"INTERPUBLIC GROUP OF COMPANIES, INC.",ProfitLoss,1215,10-K,0000051644-16-000056,2014-12-31
51644,"INTERPUBLIC GROUP OF COMPANIES, INC.",ProfitLoss,1215,10-K,0000051644-16-000056,2014-12-31
51644,"INTERPUBLIC GROUP OF COMPANIES, INC.",ProfitLoss,1215,10-K,0000051644-16-000056,2015-03-31
51644,"INTERPUBLIC GROUP OF COMPANIES, INC.",ProfitLoss,1215,10-K,0000051644-16-000056,2015-06-30
51644,"INTERPUBLIC GROUP OF COMPANIES, INC.",ProfitLoss,1215,10-K,0000051644-16-000056,2015-09-30
51644,"INTERPUBLIC GROUP OF COMPANIES, INC.",ProfitLoss,1215,10-K,0000051644-16-000056,2015-12-31
51644,"INTERPUBLIC GROUP OF COMPANIES, INC.",ProfitLoss,1215,10-K,0000051644-16-000056,2015-12-31
51644,"INTERPUBLIC GROUP OF COMPANIES, INC.",Revenues,1215,10-K,0000051644-16-000056,2013-12-31
51644,"INTERPUBLIC GROUP OF COMPANIES, INC.",Revenues,1215,10-K,0000051644-16-000056,2014-03-31
51644,"INTERPUBLIC GROUP OF COMPANIES, INC.",Revenues,1215,10-K,0000051644-16-000056,2014-06-30
51644,"INTERPUBLIC GROUP OF COMPANIES, INC.",Revenues,1215,10-K,0000051644-16-000056,2014-09-30
51644,"INTERPUBLIC GROUP OF COMPANIES, INC.",Revenues,1215,10-K,0000051644-16-000056,2014-12-31
51644,"INTERPUBLIC GROUP OF COMPANIES, INC.",Revenues,1215,10-K,0000051644-16-000056,2014-12-31
51644,"INTERPUBLIC GROUP OF COMPANIES, INC.",Revenues,1215,10-K,0000051644-16-000056,2015-03-31
51644,"INTERPUBLIC GROUP OF COMPANIES, INC.",Revenues,1215,10-K,0000051644-16-000056,2015-06-30
51644,"INTERPUBLIC GROUP OF COMPANIES, INC.",Revenues,1215,10-K,0000051644-16-000056,2015-09-30
51644,"INTERPUBLIC GROUP OF COMPANIES, INC.",Revenues,1215,10-K,0000051644-16-000056,2015-12-31
51644,"INTERPUBLIC GROUP OF COMPANIES, INC.",Revenues,1215,10-K,0000051644-16-000056,2015-12-31
51644,"INTERPUBLIC GROUP OF COMPANIES, INC.",ShareBasedCompensation,1215,10-K,0000051644-16-000056,2013-12-31
51644,"INTERPUBLIC GROUP OF COMPANIES, INC.",ShareBasedCompensation,1215,10-K,0000051644-16-000056,2014-12-31
51644,"INTERPUBLIC GROUP OF COMPANIES, INC.",ShareBasedCompensation,1215,10-K,0000051644-16-000056,2015-12-31
51644,"INTERPUBLIC GROUP OF COMPANIES, INC.",StockholdersEquity,1215,10-K,0000051644-16-000056,2014-12-31
51644,"INTERPUBLIC GROUP OF COMPANIES, INC.",StockholdersEquity,1215,10-K,0000051644-16-000056,2015-12-31
51644,"INTERPUBLIC GROUP OF COMPANIES, INC.",StockholdersEquityIncludingPortionAttributableToNoncontrollingInterest,1215,10-K,0000051644-16-000056,2012-12-31
51644,"INTERPUBLIC GROUP OF COMPANIES, INC.",StockholdersEquityIncludingPortionAttributableToNoncontrollingInterest,1215,10-K,0000051644-16-000056,2013-12-31
51644,"INTERPUBLIC GROUP OF COMPANIES, INC.",StockholdersEquityIncludingPortionAttributableToNoncontrollingInterest,1215,10-K,0000051644-16-000056,2014-12-31
51644,"INTERPUBLIC GROUP OF COMPANIES, INC.",StockholdersEquityIncludingPortionAttributableToNoncontrollingInterest,1215,10-K,0000051644-16-000056,2015-12-31
51644,"INTERPUBLIC GROUP OF COMPANIES, INC.",WeightedAverageNumberOfDilutedSharesOutstanding,1215,10-K,0000051644-16-000056,2013-12-31
51644,"INTERPUBLIC GROUP OF COMPANIES, INC.",WeightedAverageNumberOfDilutedSharesOutstanding,1215,10-K,0000051644-16-000056,2014-12-31
51644,"INTERPUBLIC GROUP OF COMPANIES, INC.",WeightedAverageNumberOfDilutedSharesOutstanding,1215,10-K,0000051644-16-000056,2015-12-31
67088,"Mitsubishi UFJ Financial Group, Inc.",WeightedAverageNumberOfDilutedSharesOutstanding,0,6-K,0001193125-20-014674,2018-09-30
67088,"Mitsubishi UFJ Financial Group, Inc.",WeightedAverageNumberOfDilutedSharesOutstanding,0,6-K,0001193125-20-014674,2019-09-30
67088,"Mitsubishi UFJ Financial Group, Inc.",WeightedAverageNumberOfDilutedSharesOutstanding,0,6-K,0001193125-20-328263,2019-09-30
67088,"Mitsubishi UFJ Financial Group, Inc.",WeightedAverageNumberOfDilutedSharesOutstanding,0,6-K,0001193125-20-328263,2020-09-30
827054,MICROCHIP TECHNOLOGY INCORPORATED,CashAndCashEquivalentsAtCarryingValue,0,10-Q,0000827054-10-000049,2008-03-31
827054,MICROCHIP TECHNOLOGY INCORPORATED,CashAndCashEquivalentsAtCarryingValue,0,10-Q,0000827054-10-000049,2008-12-31
827054,MICROCHIP TECHNOLOGY INCORPORATED,CashAndCashEquivalentsAtCarryingValue,0,10-Q,0000827054-10-000049,2009-03-31
827054,MICROCHIP TECHNOLOGY INCORPORATED,CashAndCashEquivalentsAtCarryingValue,0,10-Q,0000827054-10-000049,2009-12-31
827054,MICROCHIP TECHNOLOGY INCORPORATED,DepreciationDepletionAndAmortization,0,10-Q,0000827054-10-000049,2008-12-31
827054,MICROCHIP TECHNOLOGY INCORPORATED,DepreciationDepletionAndAmortization,0,10-Q,0000827054-10-000049,2009-12-31
827054,MICROCHIP TECHNOLOGY INCORPORATED,Goodwill,0,10-Q,0000827054-10-000049,2009-03-31
827054,MICROCHIP TECHNOLOGY INCORPORATED,Goodwill,0,10-Q,0000827054-10-000049,2009-12-31
827054,MICROCHIP TECHNOLOGY INCORPORATED,IncomeTaxExpenseBenefit,0,10-Q,0000827054-10-000049,2008-12-31
827054,MICROCHIP TECHNOLOGY INCORPORATED,IncomeTaxExpenseBenefit,0,10-Q,0000827054-10-000049,2008-12-31
827054,MICROCHIP TECHNOLOGY INCORPORATED,IncomeTaxExpenseBenefit,0,10-Q,0000827054-10-000049,2009-12-31
827054,MICROCHIP TECHNOLOGY INCORPORATED,IncomeTaxExpenseBenefit,0,10-Q,0000827054-10-000049,2009-12-31
827054,MICROCHIP TECHNOLOGY INCORPORATED,IntangibleAssetsNetExcludingGoodwill,0,10-Q,0000827054-10-000049,2009-03-31
827054,MICROCHIP TECHNOLOGY INCORPORATED,IntangibleAssetsNetExcludingGoodwill,0,10-Q,0000827054-10-000049,2009-12-31
827054,MICROCHIP TECHNOLOGY INCORPORATED,NetCashProvidedByUsedInOperatingActivitiesContinuingOperations,0,10-Q,0000827054-10-000049,2008-12-31
827054,MICROCHIP TECHNOLOGY INCORPORATED,NetCashProvidedByUsedInOperatingActivitiesContinuingOperations,0,10-Q,0000827054-10-000049,2009-12-31
827054,MICROCHIP TECHNOLOGY INCORPORATED,NetIncomeLoss,0,10-Q,0000827054-10-000049,2008-12-31
827054,MICROCHIP TECHNOLOGY INCORPORATED,NetIncomeLoss,0,10-Q,0000827054-10-000049,2008-12-31
827054,MICROCHIP TECHNOLOGY INCORPORATED,NetIncomeLoss,0,10-Q,0000827054-10-000049,2009-12-31
827054,MICROCHIP TECHNOLOGY INCORPORATED,NetIncomeLoss,0,10-Q,0000827054-10-000049,2009-12-31
827054,MICROCHIP TECHNOLOGY INCORPORATED,OperatingIncomeLoss,0,10-Q,0000827054-10-000049,2008-12-31
827054,MICROCHIP TECHNOLOGY INCORPORATED,OperatingIncomeLoss,0,10-Q,0000827054-10-000049,2008-12-31
827054,MICROCHIP TECHNOLOGY INCORPORATED,OperatingIncomeLoss,0,10-Q,0000827054-10-000049,2009-12-31
827054,MICROCHIP TECHNOLOGY INCORPORATED,OperatingIncomeLoss,0,10-Q,0000827054-10-000049,2009-12-31
827054,MICROCHIP TECHNOLOGY INCORPORATED,PaymentsForRepurchaseOfCommonStock,0,10-Q,0000827054-10-000049,2008-12-31
827054,MICROCHIP TECHNOLOGY INCORPORATED,PaymentsForRepurchaseOfCommonStock,0,10-Q,0000827054-10-000049,2009-12-31
827054,MICROCHIP TECHNOLOGY INCORPORATED,PaymentsToAcquireOtherPropertyPlantAndEquipment,0,10-Q,0000827054-10-000049,2008-12-31
827054,MICROCHIP TECHNOLOGY INCORPORATED,PaymentsToAcquireOtherPropertyPlantAndEquipment,0,10-Q,0000827054-10-000049,2009-12-31
827054,MICROCHIP TECHNOLOGY INCORPORATED,PaymentsToAcquireProductiveAssets,0,10-Q,0000827054-10-000049,2008-12-31
827054,MICROCHIP TECHNOLOGY INCORPORATED,PaymentsToAcquireProductiveAssets,0,10-Q,0000827054-10-000049,2009-12-31
827054,MICROCHIP TECHNOLOGY INCORPORATED,SalesRevenueNet,0,10-Q,0000827054-10-000049,2008-12-31
827054,MICROCHIP TECHNOLOGY INCORPORATED,SalesRevenueNet,0,10-Q,0000827054-10-000049,2008-12-31
827054,MICROCHIP TECHNOLOGY INCORPORATED,SalesRevenueNet,0,10-Q,0000827054-10-000049,2009-12-31
827054,MICROCHIP TECHNOLOGY INCORPORATED,SalesRevenueNet,0,10-Q,0000827054-10-000049,2009-12-31
827054,MICROCHIP TECHNOLOGY INCORPORATED,ShareBasedCompensation,0,10-Q,0000827054-10-000049,2008-12-31
827054,MICROCHIP TECHNOLOGY INCORPORATED,ShareBasedCompensation,0,10-Q,0000827054-10-000049,2009-12-31
827054,MICROCHIP TECHNOLOGY INCORPORATED,StockholdersEquity,0,10-Q,0000827054-10-000049,2009-03-31
827054,MICROCHIP TECHNOLOGY INCORPORATED,StockholdersEquity,0,10-Q,0000827054-10-000049,2009-12-31
827054,MICROCHIP TECHNOLOGY INCORPORATED,WeightedAverageNumberOfDilutedSharesOutstanding,0,10-Q,0000827054-10-000049,2008-12-31
827054,MICROCHIP TECHNOLOGY INCORPORATED,WeightedAverageNumberOfDilutedSharesOutstanding,0,10-Q,0000827054-10-000049,2008-12-31
827054,MICROCHIP TECHNOLOGY INCORPORATED,WeightedAverageNumberOfDilutedSharesOutstanding,0,10-Q,0000827054-10-000049,2009-12-31
827054,MICROCHIP TECHNOLOGY INCORPORATED,WeightedAverageNumberOfDilutedSharesOutstanding,0,10-Q,0000827054-10-000049,2009-12-31
880460,"Perfumania Holdings, Inc.",AllocatedShareBasedCompensationExpense,29953000,10-K,0000880460-16-000041,2015-01-31
880460,"Perfumania Holdings, Inc.",AllocatedShareBasedCompensationExpense,29953000,10-K,0000880460-16-000041,2016-01-30
880460,"Perfumania Holdings, Inc.",AllocatedShareBasedCompensationExpense,29953000,10-K,0000880460-17-000007,2016-01-30
880460,"Perfumania Holdings, Inc.",AllocatedShareBasedCompensationExpense,29953000,10-K,0000880460-17-000007,2017-01-28
880460,"Perfumania Holdings, Inc.",CashAndCashEquivalentsAtCarryingValue,29953000,10-K,0000880460-16-000041,2014-02-01
880460,"Perfumania Holdings, Inc.",CashAndCashEquivalentsAtCarryingValue,29953000,10-K,0000880460-16-000041,2015-01-31
880460,"Perfumania Holdings, Inc.",CashAndCashEquivalentsAtCarryingValue,29953000,10-K,0000880460-17-000007,2015-01-31
880460,"Perfumania Holdings, Inc.",CashAndCashEquivalentsAtCarryingValue,29953000,10-K,0000880460-16-000041,2016-01-30
880460,"Perfumania Holdings, Inc.",CashAndCashEquivalentsAtCarryingValue,29953000,10-K,0000880460-17-000007,2016-01-30
880460,"Perfumania Holdings, Inc.",CashAndCashEquivalentsAtCarryingValue,29953000,10-K,0000880460-17-000007,2017-01-28
880460,"Perfumania Holdings, Inc.",DepreciationDepletionAndAmortization,29953000,10-K,0000880460-16-000041,2015-01-31
880460,"Perfumania Holdings, Inc.",DepreciationDepletionAndAmortization,29953000,10-K,0000880460-16-000041,2016-01-30
880460,"Perfumania Holdings, Inc.",DepreciationDepletionAndAmortization,29953000,10-K,0000880460-17-000007,2016-01-30
880460,"Perfumania Holdings, Inc.",DepreciationDepletionAndAmortization,29953000,10-K,0000880460-17-000007,2017-01-28
880460,"Perfumania Holdings, Inc.",FiniteLivedIntangibleAssetsNet,29953000,10-K,0000880460-16-000041,2016-01-30
880460,"Perfumania Holdings, Inc.",FiniteLivedIntangibleAssetsNet,29953000,10-K,0000880460-17-000007,2017-01-28
880460,"Perfumania Holdings, Inc.",Goodwill,29953000,10-K,0000880460-16-000041,2015-01-31
880460,"Perfumania Holdings, Inc.",Goodwill,29953000,10-K,0000880460-17-000007,2015-01-31
880460,"Perfumania Holdings, Inc.",Goodwill,29953000,10-K,0000880460-16-000041,2016-01-30
880460,"Perfumania Holdings, Inc.",Goodwill,29953000,10-K,0000880460-17-000007,2016-01-30
880460,"Perfumania Holdings, Inc.",Goodwill,29953000,10-K,0000880460-17-000007,2017-01-28
880460,"Perfumania Holdings, Inc.",IncomeTaxExpenseBenefit,29953000,10-K,0000880460-16-000041,2015-01-31
880460,"Perfumania Holdings, Inc.",IncomeTaxExpenseBenefit,29953000,10-K,0000880460-16-000041,2016-01-30
880460,"Perfumania Holdings, Inc.",IncomeTaxExpenseBenefit,29953000,10-K,0000880460-17-000007,2016-01-30
880460,"Perfumania Holdings, Inc.",IncomeTaxExpenseBenefit,29953000,10-K,0000880460-17-000007,2017-01-28
880460,"Perfumania Holdings, Inc.",IntangibleAssetsNetExcludingGoodwill,29953000,10-K,0000880460-16-000041,2015-01-31
880460,"Perfumania Holdings, Inc.",IntangibleAssetsNetExcludingGoodwill,29953000,10-K,0000880460-16-000041,2016-01-30
880460,"Perfumania Holdings, Inc.",IntangibleAssetsNetExcludingGoodwill,29953000,10-K,0000880460-17-000007,2016-01-30
880460,"Perfumania Holdings, Inc.",IntangibleAssetsNetExcludingGoodwill,29953000,10-K,0000880460-17-000007,2017-01-28
880460,"Perfumania Holdings, Inc.",NetCashProvidedByUsedInOperatingActivities,29953000,10-K,0000880460-16-000041,2015-01-31
880460,"Perfumania Holdings, Inc.",NetCashProvidedByUsedInOperatingActivities,29953000,10-K,0000880460-16-000041,2016-01-30
880460,"Perfumania Holdings, Inc.",NetCashProvidedByUsedInOperatingActivities,29953000,10-K,0000880460-17-000007,2016-01-30
880460,"Perfumania Holdings, Inc.",NetCashProvidedByUsedInOperatingActivities,29953000,10-K,0000880460-17-000007,2017-01-28
880460,"Perfumania Holdings, Inc.",NetIncomeLoss,29953000,10-K,0000880460-16-000041,2015-01-31
880460,"Perfumania Holdings, Inc.",NetIncomeLoss,29953000,10-K,0000880460-16-000041,2016-01-30
880460,"Perfumania Holdings, Inc.",NetIncomeLoss,29953000,10-K,0000880460-17-000007,2016-01-30
880460,"Perfumania Holdings, Inc.",NetIncomeLoss,29953000,10-K,0000880460-17-000007,2017-01-28
880460,"Perfumania Holdings, Inc.",OperatingIncomeLoss,29953000,10-K,0000880460-16-000041,2015-01-31
880460,"Perfumania Holdings, Inc.",OperatingIncomeLoss,29953000,10-K,0000880460-16-000041,2016-01-30
880460,"Perfumania Holdings, Inc.",OperatingIncomeLoss,29953000,10-K,0000880460-17-000007,2016-01-30
880460,"Perfumania Holdings, Inc.",OperatingIncomeLoss,29953000,10-K,0000880460-17-000007,2017-01-28
880460,"Perfumania Holdings, Inc.",Revenues,29953000,10-K,0000880460-16-000041,2015-01-31
880460,"Perfumania Holdings, Inc.",Revenues,29953000,10-K,0000880460-16-000041,2016-01-30
880460,"Perfumania Holdings, Inc.",Revenues,29953000,10-K,0000880460-17-000007,2016-01-30
880460,"Perfumania Holdings, Inc.",Revenues,29953000,10-K,0000880460-17-000007,2017-01-28
880460,"Perfumania Holdings, Inc.",SalesRevenueGoodsNet,29953000,10-K,0000880460-16-000041,2015-01-31
880460,"Perfumania Holdings, Inc.",SalesRevenueGoodsNet,29953000,10-K,0000880460-16-000041,2016-01-30
880460,"Perfumania Holdings, Inc.",SalesRevenueGoodsNet,29953000,10-K,0000880460-17-000007,2016-01-30
880460,"Perfumania Holdings, Inc.",SalesRevenueGoodsNet,29953000,10-K,0000880460-17-000007,2017-01-28
880460,"Perfumania Holdings, Inc.",ShareBasedCompensation,29953000,10-K,0000880460-16-000041,2015-01-31
880460,"Perfumania Holdings, Inc.",ShareBasedCompensation,29953000,10-K,0000880460-16-000041,2016-01-30
880460,"Perfumania Holdings, Inc.",ShareBasedCompensation,29953000,10-K,0000880460-17-000007,2016-01-30
880460,"Perfumania Holdings, Inc.",ShareBasedCompensation,29953000,10-K,0000880460-17-000007,2017-01-28
880460,"Perfumania Holdings, Inc.",StockholdersEquity,29953000,10-K,0000880460-16-000041,2014-02-01
880460,"Perfumania Holdings, Inc.",StockholdersEquity,29953000,10-K,0000880460-16-000041,2015-01-31
880460,"Perfumania Holdings, Inc.",StockholdersEquity,29953000,10-K,0000880460-17-000007,2015-01-31
880460,"Perfumania Holdings, Inc.",StockholdersEquity,29953000,10-K,0000880460-16-000041,2016-01-30
880460,"Perfumania Holdings, Inc.",StockholdersEquity,29953000,10-K,0000880460-17-000007,2016-01-30
880460,"Perfumania Holdings, Inc.",StockholdersEquity,29953000,10-K,0000880460-17-000007,2017-01-28
880460,"Perfumania Holdings, Inc.",WeightedAverageNumberOfDilutedSharesOutstanding,29953000,10-K,0000880460-16-000041,2015-01-31
880460,"Perfumania Holdings, Inc.",WeightedAverageNumberOfDilutedSharesOutstanding,29953000,10-K,0000880460-16-000041,2016-01-30
880460,"Perfumania Holdings, Inc.",WeightedAverageNumberOfDilutedSharesOutstanding,29953000,10-K,0000880460-17-000007,2016-01-30
880460,"Perfumania Holdings, Inc.",WeightedAverageNumberOfDilutedSharesOutstanding,29953000,10-K,0000880460-17-000007,2017-01-28
937098,"TRINET GROUP, INC.",AllocatedShareBasedCompensationExpense,43646,10-Q,0000937098-19-000182,2018-06-30
937098,"TRINET GROUP, INC.",AllocatedShareBasedCompensationExpense,43646,10-Q,0000937098-19-000182,2018-06-30
937098,"TRINET GROUP, INC.",AllocatedShareBasedCompensationExpense,43738,10-Q,0000937098-19-000216,2018-09-30
937098,"TRINET GROUP, INC.",AllocatedShareBasedCompensationExpense,43738,10-Q,0000937098-19-000216,2018-09-30
937098,"TRINET GROUP, INC.",AllocatedShareBasedCompensationExpense,43921,10-Q,0000937098-20-000145,2019-03-31
937098,"TRINET GROUP, INC.",AllocatedShareBasedCompensationExpense,43646,10-Q,0000937098-19-000182,2019-06-30
937098,"TRINET GROUP, INC.",AllocatedShareBasedCompensationExpense,44012,10-Q,0000937098-20-000203,2019-06-30
937098,"TRINET GROUP, INC.",AllocatedShareBasedCompensationExpense,43646,10-Q,0000937098-19-000182,2019-06-30
937098,"TRINET GROUP, INC.",AllocatedShareBasedCompensationExpense,44012,10-Q,0000937098-20-000203,2019-06-30
937098,"TRINET GROUP, INC.",AllocatedShareBasedCompensationExpense,43738,10-Q,0000937098-19-000216,2019-09-30
937098,"TRINET GROUP, INC.",AllocatedShareBasedCompensationExpense,43738,10-Q,0000937098-19-000216,2019-09-30
937098,"TRINET GROUP, INC.",AllocatedShareBasedCompensationExpense,43921,10-Q,0000937098-20-000145,2020-03-31
937098,"TRINET GROUP, INC.",AllocatedShareBasedCompensationExpense,44012,10-Q,0000937098-20-000203,2020-06-30
937098,"TRINET GROUP, INC.",AllocatedShareBasedCompensationExpense,44012,10-Q,0000937098-20-000203,2020-06-30
937098,"TRINET GROUP, INC.",CashAndCashEquivalentsAtCarryingValue,43646,10-Q,0000937098-19-000182,2018-12-31
937098,"TRINET GROUP, INC.",CashAndCashEquivalentsAtCarryingValue,43738,10-Q,0000937098-19-000216,2018-12-31
937098,"TRINET GROUP, INC.",CashAndCashEquivalentsAtCarryingValue,43646,10-Q,0000937098-19-000182,2019-06-30
937098,"TRINET GROUP, INC.",CashAndCashEquivalentsAtCarryingValue,43738,10-Q,0000937098-19-000216,2019-09-30
937098,"TRINET GROUP, INC.",CashAndCashEquivalentsAtCarryingValue,43921,10-Q,0000937098-20-000145,2019-12-31
937098,"TRINET GROUP, INC.",CashAndCashEquivalentsAtCarryingValue,44012,10-Q,0000937098-20-000203,2019-12-31
937098,"TRINET GROUP, INC.",CashAndCashEquivalentsAtCarryingValue,43921,10-Q,0000937098-20-000145,2020-03-31
937098,"TRINET GROUP, INC.",CashAndCashEquivalentsAtCarryingValue,44012,10-Q,0000937098-20-000203,2020-06-30
937098,"TRINET GROUP, INC.",CashCashEquivalentsRestrictedCashAndRestrictedCashEquivalents,43646,10-Q,0000937098-19-000182,2017-12-31
937098,"TRINET GROUP, INC.",CashCashEquivalentsRestrictedCashAndRestrictedCashEquivalents,43738,10-Q,0000937098-19-000216,2017-12-31
937098,"TRINET GROUP, INC.",CashCashEquivalentsRestrictedCashAndRestrictedCashEquivalents,43646,10-Q,0000937098-19-000182,2018-06-30
937098,"TRINET GROUP, INC.",CashCashEquivalentsRestrictedCashAndRestrictedCashEquivalents,43738,10-Q,0000937098-19-000216,2018-09-30
937098,"TRINET GROUP, INC.",CashCashEquivalentsRestrictedCashAndRestrictedCashEquivalents,43646,10-Q,0000937098-19-000182,2018-12-31
937098,"TRINET GROUP, INC.",CashCashEquivalentsRestrictedCashAndRestrictedCashEquivalents,43738,10-Q,0000937098-19-000216,2018-12-31
937098,"TRINET GROUP, INC.",CashCashEquivalentsRestrictedCashAndRestrictedCashEquivalents,43921,10-Q,0000937098-20-000145,2018-12-31
937098,"TRINET GROUP, INC.",CashCashEquivalentsRestrictedCashAndRestrictedCashEquivalents,44012,10-Q,0000937098-20-000203,2018-12-31
937098,"TRINET GROUP, INC.",CashCashEquivalentsRestrictedCashAndRestrictedCashEquivalents,43921,10-Q,0000937098-20-000145,2019-03-31
937098,"TRINET GROUP, INC.",CashCashEquivalentsRestrictedCashAndRestrictedCashEquivalents,43646,10-Q,0000937098-19-000182,2019-06-30
937098,"TRINET GROUP, INC.",CashCashEquivalentsRestrictedCashAndRestrictedCashEquivalents,44012,10-Q,0000937098-20-000203,2019-06-30
937098,"TRINET GROUP, INC.",CashCashEquivalentsRestrictedCashAndRestrictedCashEquivalents,43738,10-Q,0000937098-19-000216,2019-09-30
937098,"TRINET GROUP, INC.",CashCashEquivalentsRestrictedCashAndRestrictedCashEquivalents,43921,10-Q,0000937098-20-000145,2019-12-31
937098,"TRINET GROUP, INC.",CashCashEquivalentsRestrictedCashAndRestrictedCashEquivalents,44012,10-Q,0000937098-20-000203,2019-12-31
937098,"TRINET GROUP, INC.",CashCashEquivalentsRestrictedCashAndRestrictedCashEquivalents,43921,10-Q,0000937098-20-000145,2020-03-31
937098,"TRINET GROUP, INC.",CashCashEquivalentsRestrictedCashAndRestrictedCashEquivalents,44012,10-Q,0000937098-20-000203,2020-06-30
937098,"TRINET GROUP, INC.",DebtLongtermAndShorttermCombinedAmount,43921,10-Q,0000937098-20-000145,2020-03-31
937098,"TRINET GROUP, INC.",Goodwill,43646,10-Q,0000937098-19-000182,2018-12-31
937098,"TRINET GROUP, INC.",Goodwill,43738,10-Q,0000937098-19-000216,2018-12-31
937098,"TRINET GROUP, INC.",Goodwill,43646,10-Q,0000937098-19-000182,2019-06-30
937098,"TRINET GROUP, INC.",Goodwill,43738,10-Q,0000937098-19-000216,2019-09-30
937098,"TRINET GROUP, INC.",Goodwill,43921,10-Q,0000937098-20-000145,2019-12-31
937098,"TRINET GROUP, INC.",Goodwill,44012,10-Q,0000937098-20-000203,2019-12-31
937098,"TRINET GROUP, INC.",Goodwill,43921,10-Q,0000937098-20-000145,2020-03-31
937098,"TRINET GROUP, INC.",Goodwill,44012,10-Q,0000937098-20-000203,2020-06-30
937098,"TRINET GROUP, INC.",IncomeLossFromContinuingOperationsBeforeIncomeTaxesExtraordinaryItemsNoncontrollingInterest,43646,10-Q,0000937098-19-000182,2018-06-30
937098,"TRINET GROUP, INC.",IncomeLossFromContinuingOperationsBeforeIncomeTaxesExtraordinaryItemsNoncontrollingInterest,43646,10-Q,0000937098-19-000182,2018-06-30
937098,"TRINET GROUP, INC.",IncomeLossFromContinuingOperationsBeforeIncomeTaxesExtraordinaryItemsNoncontrollingInterest,43738,10-Q,0000937098-19-000216,2018-09-30
937098,"TRINET GROUP, INC.",IncomeLossFromContinuingOperationsBeforeIncomeTaxesExtraordinaryItemsNoncontrollingInterest,43738,10-Q,0000937098-19-000216,2018-09-30
937098,"TRINET GROUP, INC.",IncomeLossFromContinuingOperationsBeforeIncomeTaxesExtraordinaryItemsNoncontrollingInterest,43921,10-Q,0000937098-20-000145,2019-03-31
937098,"TRINET GROUP, INC.",IncomeLossFromContinuingOperationsBeforeIncomeTaxesExtraordinaryItemsNoncontrollingInterest,43646,10-Q,0000937098-19-000182,2019-06-30
937098,"TRINET GROUP, INC.",IncomeLossFromContinuingOperationsBeforeIncomeTaxesExtraordinaryItemsNoncontrollingInterest,44012,10-Q,0000937098-20-000203,2019-06-30
937098,"TRINET GROUP, INC.",IncomeLossFromContinuingOperationsBeforeIncomeTaxesExtraordinaryItemsNoncontrollingInterest,43646,10-Q,0000937098-19-000182,2019-06-30
937098,"TRINET GROUP, INC.",IncomeLossFromContinuingOperationsBeforeIncomeTaxesExtraordinaryItemsNoncontrollingInterest,44012,10-Q,0000937098-20-000203,2019-06-30
937098,"TRINET GROUP, INC.",IncomeLossFromContinuingOperationsBeforeIncomeTaxesExtraordinaryItemsNoncontrollingInterest,43738,10-Q,0000937098-19-000216,2019-09-30
937098,"TRINET GROUP, INC.",IncomeLossFromContinuingOperationsBeforeIncomeTaxesExtraordinaryItemsNoncontrollingInterest,43738,10-Q,0000937098-19-000216,2019-09-30
937098,"TRINET GROUP, INC.",IncomeLossFromContinuingOperationsBeforeIncomeTaxesExtraordinaryItemsNoncontrollingInterest,43921,10-Q,0000937098-20-000145,2020-03-31
937098,"TRINET GROUP, INC.",IncomeLossFromContinuingOperationsBeforeIncomeTaxesExtraordinaryItemsNoncontrollingInterest,44012,10-Q,0000937098-20-000203,2020-06-30
937098,"TRINET GROUP, INC.",IncomeLossFromContinuingOperationsBeforeIncomeTaxesExtraordinaryItemsNoncontrollingInterest,44012,10-Q,0000937098-20-000203,2020-06-30
937098,"TRINET GROUP, INC.",IncomeTaxExpenseBenefit,43646,10-Q,0000937098-19-000182,2018-06-30
937098,"TRINET GROUP, INC.",IncomeTaxExpenseBenefit,43646,10-Q,0000937098-19-000182,2018-06-30
937098,"TRINET GROUP, INC.",IncomeTaxExpenseBenefit,43738,10-Q,0000937098-19-000216,2018-09-30
937098,"TRINET GROUP, INC.",IncomeTaxExpenseBenefit,43738,10-Q,0000937098-19-000216,2018-09-30
937098,"TRINET GROUP, INC.",IncomeTaxExpenseBenefit,43921,10-Q,0000937098-20-000145,2019-03-31
937098,"TRINET GROUP, INC.",IncomeTaxExpenseBenefit,43646,10-Q,0000937098-19-000182,2019-06-30
937098,"TRINET GROUP, INC.",IncomeTaxExpenseBenefit,44012,10-Q,0000937098-20-000203,2019-06-30
937098,"TRINET GROUP, INC.",IncomeTaxExpenseBenefit,43646,10-Q,0000937098-19-000182,2019-06-30
937098,"TRINET GROUP, INC.",IncomeTaxExpenseBenefit,44012,10-Q,0000937098-20-000203,2019-06-30
937098,"TRINET GROUP, INC.",IncomeTaxExpenseBenefit,43738,10-Q,0000937098-19-000216,2019-09-30
937098,"TRINET GROUP, INC.",IncomeTaxExpenseBenefit,43738,10-Q,0000937098-19-000216,2019-09-30
937098,"TRINET GROUP, INC.",IncomeTaxExpenseBenefit,43921,10-Q,0000937098-20-000145,2020-03-31
937098,"TRINET GROUP, INC.",IncomeTaxExpenseBenefit,44012,10-Q,0000937098-20-000203,2020-06-30
937098,"TRINET GROUP, INC.",IncomeTaxExpenseBenefit,44012,10-Q,0000937098-20-000203,2020-06-30
937098,"TRINET GROUP, INC.",IntangibleAssetsNetExcludingGoodwill,43646,10-Q,0000937098-19-000182,2018-12-31
937098,"TRINET GROUP, INC.",IntangibleAssetsNetExcludingGoodwill,43738,10-Q,0000937098-19-000216,2018-12-31
937098,"TRINET GROUP, INC.",IntangibleAssetsNetExcludingGoodwill,43646,10-Q,0000937098-19-000182,2019-06-30
937098,"TRINET GROUP, INC.",IntangibleAssetsNetExcludingGoodwill,43738,10-Q,0000937098-19-000216,2019-09-30
937098,"TRINET GROUP, INC.",IntangibleAssetsNetExcludingGoodwill,43921,10-Q,0000937098-20-000145,2019-12-31
937098,"TRINET GROUP, INC.",IntangibleAssetsNetExcludingGoodwill,44012,10-Q,0000937098-20-000203,2019-12-31
937098,"TRINET GROUP, INC.",IntangibleAssetsNetExcludingGoodwill,43921,10-Q,0000937098-20-000145,2020-03-31
937098,"TRINET GROUP, INC.",IntangibleAssetsNetExcludingGoodwill,44012,10-Q,0000937098-20-000203,2020-06-30
937098,"TRINET GROUP, INC.",LongTermDebtCurrent,43646,10-Q,0000937098-19-000182,2018-12-31
937098,"TRINET GROUP, INC.",LongTermDebtCurrent,43738,10-Q,0000937098-19-000216,2018-12-31
937098,"TRINET GROUP, INC.",LongTermDebtCurrent,43646,10-Q,0000937098-19-000182,2019-06-30
937098,"TRINET GROUP, INC.",LongTermDebtCurrent,43738,10-Q,0000937098-19-000216,2019-09-30
937098,"TRINET GROUP, INC.",LongTermDebtCurrent,43921,10-Q,0000937098-20-000145,2019-12-31
937098,"TRINET GROUP, INC.",LongTermDebtCurrent,44012,10-Q,0000937098-20-000203,2019-12-31
937098,"TRINET GROUP, INC.",LongTermDebtCurrent,43921,10-Q,0000937098-20-000145,2020-03-31
937098,"TRINET GROUP, INC.",LongTermDebtCurrent,44012,10-Q,0000937098-20-000203,2020-06-30
937098,"TRINET GROUP, INC.",LongTermDebtNoncurrent,43646,10-Q,0000937098-19-000182,2018-12-31
937098,"TRINET GROUP, INC.",LongTermDebtNoncurrent,43738,10-Q,0000937098-19-000216,2018-12-31
937098,"TRINET GROUP, INC.",LongTermDebtNoncurrent,43646,10-Q,0000937098-19-000182,2019-06-30
937098,"TRINET GROUP, INC.",LongTermDebtNoncurrent,43738,10-Q,0000937098-19-000216,2019-09-30
937098,"TRINET GROUP, INC.",LongTermDebtNoncurrent,43921,10-Q,0000937098-20-000145,2019-12-31
937098,"TRINET GROUP, INC.",LongTermDebtNoncurrent,44012,10-Q,0000937098-20-000203,2019-12-31
937098,"TRINET GROUP, INC.",LongTermDebtNoncurrent,43921,10-Q,0000937098-20-000145,2020-03-31
937098,"TRINET GROUP, INC.",LongTermDebtNoncurrent,44012,10-Q,0000937098-20-000203,2020-06-30
937098,"TRINET GROUP, INC.",NetCashProvidedByUsedInOperatingActivities,43646,10-Q,0000937098-19-000182,2018-06-30
937098,"TRINET GROUP, INC.",NetCashProvidedByUsedInOperatingActivities,43738,10-Q,0000937098-19-000216,2018-09-30
937098,"TRINET GROUP, INC.",NetCashProvidedByUsedInOperatingActivities,43921,10-Q,0000937098-20-000145,2019-03-31
937098,"TRINET GROUP, INC.",NetCashProvidedByUsedInOperatingActivities,43646,10-Q,0000937098-19-000182,2019-06-30
937098,"TRINET GROUP, INC.",NetCashProvidedByUsedInOperatingActivities,44012,10-Q,0000937098-20-000203,2019-06-30
937098,"TRINET GROUP, INC.",NetCashProvidedByUsedInOperatingActivities,43738,10-Q,0000937098-19-000216,2019-09-30
937098,"TRINET GROUP, INC.",NetCashProvidedByUsedInOperatingActivities,43921,10-Q,0000937098-20-000145,2020-03-31
937098,"TRINET GROUP, INC.",NetCashProvidedByUsedInOperatingActivities,44012,10-Q,0000937098-20-000203,2020-06-30
937098,"TRINET GROUP, INC.",NetIncomeLoss,43646,10-Q,0000937098-19-000182,2018-06-30
937098,"TRINET GROUP, INC.",NetIncomeLoss,43646,10-Q,0000937098-19-000182,2018-06-30
937098,"TRINET GROUP, INC.",NetIncomeLoss,43738,10-Q,0000937098-19-000216,2018-09-30
937098,"TRINET GROUP, INC.",NetIncomeLoss,43738,10-Q,0000937098-19-000216,2018-09-30
937098,"TRINET GROUP, INC.",NetIncomeLoss,43921,10-Q,0000937098-20-000145,2019-03-31
937098,"TRINET GROUP, INC.",NetIncomeLoss,43646,10-Q,0000937098-19-000182,2019-06-30
937098,"TRINET GROUP, INC.",NetIncomeLoss,44012,10-Q,0000937098-20-000203,2019-06-30
937098,"TRINET GROUP, INC.",NetIncomeLoss,43646,10-Q,0000937098-19-000182,2019-06-30
937098,"TRINET GROUP, INC.",NetIncomeLoss,44012,10-Q,0000937098-20-000203,2019-06-30
937098,"TRINET GROUP, INC.",NetIncomeLoss,43738,10-Q,0000937098-19-000216,2019-09-30
937098,"TRINET GROUP, INC.",NetIncomeLoss,43738,10-Q,0000937098-19-000216,2019-09-30
937098,"TRINET GROUP, INC.",NetIncomeLoss,43921,10-Q,0000937098-20-000145,2020-03-31
937098,"TRINET GROUP, INC.",NetIncomeLoss,44012,10-Q,0000937098-20-000203,2020-06-30
937098,"TRINET GROUP, INC.",NetIncomeLoss,44012,10-Q,0000937098-20-000203,2020-06-30
937098,"TRINET GROUP, INC.",OperatingIncomeLoss,43646,10-Q,0000937098-19-000182,2018-06-30
937098,"TRINET GROUP, INC.",OperatingIncomeLoss,43646,10-Q,0000937098-19-000182,2018-06-30
937098,"TRINET GROUP, INC.",OperatingIncomeLoss,43738,10-Q,0000937098-19-000216,2018-09-30
937098,"TRINET GROUP, INC.",OperatingIncomeLoss,43738,10-Q,0000937098-19-000216,2018-09-30
937098,"TRINET GROUP, INC.",OperatingIncomeLoss,43921,10-Q,0000937098-20-000145,2019-03-31
937098,"TRINET GROUP, INC.",OperatingIncomeLoss,43646,10-Q,0000937098-19-000182,2019-06-30
937098,"TRINET GROUP, INC.",OperatingIncomeLoss,44012,10-Q,0000937098-20-000203,2019-06-30
937098,"TRINET GROUP, INC.",OperatingIncomeLoss,43646,10-Q,0000937098-19-000182,2019-06-30
937098,"TRINET GROUP, INC.",OperatingIncomeLoss,44012,10-Q,0000937098-20-000203,2019-06-30
937098,"TRINET GROUP, INC.",OperatingIncomeLoss,43738,10-Q,0000937098-19-000216,2019-09-30
937098,"TRINET GROUP, INC.",OperatingIncomeLoss,43738,10-Q,0000937098-19-000216,2019-09-30
937098,"TRINET GROUP, INC.",OperatingIncomeLoss,43921,10-Q,0000937098-20-000145,2020-03-31
937098,"TRINET GROUP, INC.",OperatingIncomeLoss,44012,10-Q,0000937098-20-000203,2020-06-30
937098,"TRINET GROUP, INC.",OperatingIncomeLoss,44012,10-Q,0000937098-20-000203,2020-06-30
937098,"TRINET GROUP, INC.",PaymentsForRepurchaseOfCommonStock,43646,10-Q,0000937098-19-000182,2018-06-30
937098,"TRINET GROUP, INC.",PaymentsForRepurchaseOfCommonStock,43738,10-Q,0000937098-19-000216,2018-09-30
937098,"TRINET GROUP, INC.",PaymentsForRepurchaseOfCommonStock,43921,10-Q,0000937098-20-000145,2019-03-31
937098,"TRINET GROUP, INC.",PaymentsForRepurchaseOfCommonStock,43646,10-Q,0000937098-19-000182,2019-06-30
937098,"TRINET GROUP, INC.",PaymentsForRepurchaseOfCommonStock,44012,10-Q,0000937098-20-000203,2019-06-30
937098,"TRINET GROUP, INC.",PaymentsForRepurchaseOfCommonStock,43738,10-Q,0000937098-19-000216,2019-09-30
937098,"TRINET GROUP, INC.",PaymentsForRepurchaseOfCommonStock,43921,10-Q,0000937098-20-000145,2020-03-31
937098,"TRINET GROUP, INC.",PaymentsForRepurchaseOfCommonStock,44012,10-Q,0000937098-20-000203,2020-06-30
937098,"TRINET GROUP, INC.",PaymentsToAcquirePropertyPlantAndEquipment,43646,10-Q,0000937098-19-000182,2018-06-30
937098,"TRINET GROUP, INC.",PaymentsToAcquirePropertyPlantAndEquipment,43738,10-Q,0000937098-19-000216,2018-09-30
937098,"TRINET GROUP, INC.",PaymentsToAcquirePropertyPlantAndEquipment,43921,10-Q,0000937098-20-000145,2019-03-31
937098,"TRINET GROUP, INC.",PaymentsToAcquirePropertyPlantAndEquipment,43646,10-Q,0000937098-19-000182,2019-06-30
937098,"TRINET GROUP, INC.",PaymentsToAcquirePropertyPlantAndEquipment,44012,10-Q,0000937098-20-000203,2019-06-30
937098,"TRINET GROUP, INC.",PaymentsToAcquirePropertyPlantAndEquipment,43738,10-Q,0000937098-19-000216,2019-09-30
937098,"TRINET GROUP, INC.",PaymentsToAcquirePropertyPlantAndEquipment,43921,10-Q,0000937098-20-000145,2020-03-31
937098,"TRINET GROUP, INC.",PaymentsToAcquirePropertyPlantAndEquipment,44012,10-Q,0000937098-20-000203,2020-06-30
937098,"TRINET GROUP, INC.",RevenueFromContractWithCustomerExcludingAssessedTax,43646,10-Q,0000937098-19-000182,2018-06-30
937098,"TRINET GROUP, INC.",RevenueFromContractWithCustomerExcludingAssessedTax,43646,10-Q,0000937098-19-000182,2018-06-30
937098,"TRINET GROUP, INC.",RevenueFromContractWithCustomerExcludingAssessedTax,43738,10-Q,0000937098-19-000216,2018-09-30
937098,"TRINET GROUP, INC.",RevenueFromContractWithCustomerExcludingAssessedTax,43738,10-Q,0000937098-19-000216,2018-09-30
937098,"TRINET GROUP, INC.",RevenueFromContractWithCustomerExcludingAssessedTax,43921,10-Q,0000937098-20-000145,2019-03-31
937098,"TRINET GROUP, INC.",RevenueFromContractWithCustomerExcludingAssessedTax,43646,10-Q,0000937098-19-000182,2019-06-30
937098,"TRINET GROUP, INC.",RevenueFromContractWithCustomerExcludingAssessedTax,44012,10-Q,0000937098-20-000203,2019-06-30
937098,"TRINET GROUP, INC.",RevenueFromContractWithCustomerExcludingAssessedTax,43646,10-Q,0000937098-19-000182,2019-06-30
937098,"TRINET GROUP, INC.",RevenueFromContractWithCustomerExcludingAssessedTax,44012,10-Q,0000937098-20-000203,2019-06-30
937098,"TRINET GROUP, INC.",RevenueFromContractWithCustomerExcludingAssessedTax,43738,10-Q,0000937098-19-000216,2019-09-30
937098,"TRINET GROUP, INC.",RevenueFromContractWithCustomerExcludingAssessedTax,43738,10-Q,0000937098-19-000216,2019-09-30
937098,"TRINET GROUP, INC.",RevenueFromContractWithCustomerExcludingAssessedTax,43921,10-Q,0000937098-20-000145,2020-03-31
937098,"TRINET GROUP, INC.",RevenueFromContractWithCustomerExcludingAssessedTax,44012,10-Q,0000937098-20-000203,2020-06-30
937098,"TRINET GROUP, INC.",RevenueFromContractWithCustomerExcludingAssessedTax,44012,10-Q,0000937098-20-000203,2020-06-30
937098,"TRINET GROUP, INC.",ShareBasedCompensation,43646,10-Q,0000937098-19-000182,2018-06-30
937098,"TRINET GROUP, INC.",ShareBasedCompensation,43738,10-Q,0000937098-19-000216,2018-09-30
937098,"TRINET GROUP, INC.",ShareBasedCompensation,43921,10-Q,0000937098-20-000145,2019-03-31
937098,"TRINET GROUP, INC.",ShareBasedCompensation,43646,10-Q,0000937098-19-000182,2019-06-30
937098,"TRINET GROUP, INC.",ShareBasedCompensation,44012,10-Q,0000937098-20-000203,2019-06-30
937098,"TRINET GROUP, INC.",ShareBasedCompensation,43738,10-Q,0000937098-19-000216,2019-09-30
937098,"TRINET GROUP, INC.",ShareBasedCompensation,43921,10-Q,0000937098-20-000145,2020-03-31
937098,"TRINET GROUP, INC.",ShareBasedCompensation,44012,10-Q,0000937098-20-000203,2020-06-30
937098,"TRINET GROUP, INC.",StockholdersEquity,43646,10-Q,0000937098-19-000182,2017-12-31
937098,"TRINET GROUP, INC.",StockholdersEquity,43738,10-Q,0000937098-19-000216,2017-12-31
937098,"TRINET GROUP, INC.",StockholdersEquity,43646,10-Q,0000937098-19-000182,2018-03-31
937098,"TRINET GROUP, INC.",StockholdersEquity,43646,10-Q,0000937098-19-000182,2018-06-30
937098,"TRINET GROUP, INC.",StockholdersEquity,43738,10-Q,0000937098-19-000216,2018-06-30
937098,"TRINET GROUP, INC.",StockholdersEquity,43738,10-Q,0000937098-19-000216,2018-09-30
937098,"TRINET GROUP, INC.",StockholdersEquity,43646,10-Q,0000937098-19-000182,2018-12-31
937098,"TRINET GROUP, INC.",StockholdersEquity,43738,10-Q,0000937098-19-000216,2018-12-31
937098,"TRINET GROUP, INC.",StockholdersEquity,43921,10-Q,0000937098-20-000145,2018-12-31
937098,"TRINET GROUP, INC.",StockholdersEquity,44012,10-Q,0000937098-20-000203,2018-12-31
937098,"TRINET GROUP, INC.",StockholdersEquity,43646,10-Q,0000937098-19-000182,2019-03-31
937098,"TRINET GROUP, INC.",StockholdersEquity,43921,10-Q,0000937098-20-000145,2019-03-31
937098,"TRINET GROUP, INC.",StockholdersEquity,44012,10-Q,0000937098-20-000203,2019-03-31
937098,"TRINET GROUP, INC.",StockholdersEquity,43646,10-Q,0000937098-19-000182,2019-06-30
937098,"TRINET GROUP, INC.",StockholdersEquity,43738,10-Q,0000937098-19-000216,2019-06-30
937098,"TRINET GROUP, INC.",StockholdersEquity,44012,10-Q,0000937098-20-000203,2019-06-30
937098,"TRINET GROUP, INC.",StockholdersEquity,43738,10-Q,0000937098-19-000216,2019-09-30
937098,"TRINET GROUP, INC.",StockholdersEquity,43921,10-Q,0000937098-20-000145,2019-12-31
937098,"TRINET GROUP, INC.",StockholdersEquity,44012,10-Q,0000937098-20-000203,2019-12-31
937098,"TRINET GROUP, INC.",StockholdersEquity,43921,10-Q,0000937098-20-000145,2020-03-31
937098,"TRINET GROUP, INC.",StockholdersEquity,44012,10-Q,0000937098-20-000203,2020-03-31
937098,"TRINET GROUP, INC.",StockholdersEquity,44012,10-Q,0000937098-20-000203,2020-06-30
937098,"TRINET GROUP, INC.",WeightedAverageNumberOfDilutedSharesOutstanding,43646,10-Q,0000937098-19-000182,2018-06-30
937098,"TRINET GROUP, INC.",WeightedAverageNumberOfDilutedSharesOutstanding,43646,10-Q,0000937098-19-000182,2018-06-30
937098,"TRINET GROUP, INC.",WeightedAverageNumberOfDilutedSharesOutstanding,43738,10-Q,0000937098-19-000216,2018-09-30
937098,"TRINET GROUP, INC.",WeightedAverageNumberOfDilutedSharesOutstanding,43738,10-Q,0000937098-19-000216,2018-09-30
937098,"TRINET GROUP, INC.",WeightedAverageNumberOfDilutedSharesOutstanding,43921,10-Q,0000937098-20-000145,2019-03-31
937098,"TRINET GROUP, INC.",WeightedAverageNumberOfDilutedSharesOutstanding,43646,10-Q,0000937098-19-000182,2019-06-30
937098,"TRINET GROUP, INC.",WeightedAverageNumberOfDilutedSharesOutstanding,44012,10-Q,0000937098-20-000203,2019-06-30
937098,"TRINET GROUP, INC.",WeightedAverageNumberOfDilutedSharesOutstanding,43646,10-Q,0000937098-19-000182,2019-06-30
937098,"TRINET GROUP, INC.",WeightedAverageNumberOfDilutedSharesOutstanding,44012,10-Q,0000937098-20-000203,2019-06-30
937098,"TRINET GROUP, INC.",WeightedAverageNumberOfDilutedSharesOutstanding,43738,10-Q,0000937098-19-000216,2019-09-30
937098,"TRINET GROUP, INC.",WeightedAverageNumberOfDilutedSharesOutstanding,43738,10-Q,0000937098-19-000216,2019-09-30
937098,"TRINET GROUP, INC.",WeightedAverageNumberOfDilutedSharesOutstanding,43921,10-Q,0000937098-20-000145,2020-03-31
937098,"TRINET GROUP, INC.",WeightedAverageNumberOfDilutedSharesOutstanding,44012,10-Q,0000937098-20-000203,2020-06-30
937098,"TRINET GROUP, INC.",WeightedAverageNumberOfDilutedSharesOutstanding,44012,10-Q,0000937098-20-000203,2020-06-30
1016178,"CARVER BANCORP, INC.",CashAndCashEquivalentsAtCarryingValue,1905,10-Q,0001016178-20-000007,2019-03-31
1016178,"CARVER BANCORP, INC.",CashAndCashEquivalentsAtCarryingValue,1905,10-Q,0001016178-20-000007,2019-12-31
1016178,"CARVER BANCORP, INC.",CashAndCashEquivalentsAtCarryingValue,1905,10-Q,0001016178-20-000027,2020-03-31
1016178,"CARVER BANCORP, INC.",CashAndCashEquivalentsAtCarryingValue,1905,10-Q,0001016178-20-000034,2020-03-31
1016178,"CARVER BANCORP, INC.",CashAndCashEquivalentsAtCarryingValue,1905,10-Q,0001016178-21-000007,2020-03-31
1016178,"CARVER BANCORP, INC.",CashAndCashEquivalentsAtCarryingValue,1905,10-Q,0001016178-20-000027,2020-06-30
1016178,"CARVER BANCORP, INC.",CashAndCashEquivalentsAtCarryingValue,1905,10-Q,0001016178-20-000034,2020-09-30
1016178,"CARVER BANCORP, INC.",CashAndCashEquivalentsAtCarryingValue,1905,10-Q,0001016178-21-000007,2020-12-31
1016178,"CARVER BANCORP, INC.",CashCashEquivalentsRestrictedCashAndRestrictedCashEquivalents,1905,10-Q,0001016178-20-000007,2018-03-31
1016178,"CARVER BANCORP, INC.",CashCashEquivalentsRestrictedCashAndRestrictedCashEquivalents,1905,10-Q,0001016178-20-000007,2018-12-31
1016178,"CARVER BANCORP, INC.",CashCashEquivalentsRestrictedCashAndRestrictedCashEquivalents,1905,10-Q,0001016178-20-000007,2019-03-31
1016178,"CARVER BANCORP, INC.",CashCashEquivalentsRestrictedCashAndRestrictedCashEquivalents,1905,10-Q,0001016178-20-000027,2019-03-31
1016178,"CARVER BANCORP, INC.",CashCashEquivalentsRestrictedCashAndRestrictedCashEquivalents,1905,10-Q,0001016178-20-000034,2019-03-31
1016178,"CARVER BANCORP, INC.",CashCashEquivalentsRestrictedCashAndRestrictedCashEquivalents,1905,10-Q,0001016178-21-000007,2019-03-31
1016178,"CARVER BANCORP, INC.",CashCashEquivalentsRestrictedCashAndRestrictedCashEquivalents,1905,10-Q,0001016178-20-000027,2019-06-30
1016178,"CARVER BANCORP, INC.",CashCashEquivalentsRestrictedCashAndRestrictedCashEquivalents,1905,10-Q,0001016178-20-000034,2019-09-30
1016178,"CARVER BANCORP, INC.",CashCashEquivalentsRestrictedCashAndRestrictedCashEquivalents,1905,10-Q,0001016178-20-000007,2019-12-31
1016178,"CARVER BANCORP, INC.",CashCashEquivalentsRestrictedCashAndRestrictedCashEquivalents,1905,10-Q,0001016178-21-000007,2019-12-31
1016178,"CARVER BANCORP, INC.",CashCashEquivalentsRestrictedCashAndRestrictedCashEquivalents,1905,10-Q,0001016178-20-000027,2020-03-31
1016178,"CARVER BANCORP, INC.",CashCashEquivalentsRestrictedCashAndRestrictedCashEquivalents,1905,10-Q,0001016178-20-000034,2020-03-31
1016178,"CARVER BANCORP, INC.",CashCashEquivalentsRestrictedCashAndRestrictedCashEquivalents,1905,10-Q,0001016178-21-000007,2020-03-31
1016178,"CARVER BANCORP, INC.",CashCashEquivalentsRestrictedCashAndRestrictedCashEquivalents,1905,10-Q,0001016178-20-000027,2020-06-30
1016178,"CARVER BANCORP, INC.",CashCashEquivalentsRestrictedCashAndRestrictedCashEquivalents,1905,10-Q,0001016178-20-000034,2020-09-30
1016178,"CARVER BANCORP, INC.",CashCashEquivalentsRestrictedCashAndRestrictedCashEquivalents,1905,10-Q,0001016178-21-000007,2020-12-31
1016178,"CARVER BANCORP, INC.",IncomeLossFromContinuingOperationsBeforeIncomeTaxesExtraordinaryItemsNoncontrollingInterest,1905,10-Q,0001016178-20-000007,2018-12-31
1016178,"CARVER BANCORP, INC.",IncomeLossFromContinuingOperationsBeforeIncomeTaxesExtraordinaryItemsNoncontrollingInterest,1905,10-Q,0001016178-20-000007,2018-12-31
1016178,"CARVER BANCORP, INC.",IncomeLossFromContinuingOperationsBeforeIncomeTaxesExtraordinaryItemsNoncontrollingInterest,1905,10-Q,0001016178-20-000027,2019-06-30
1016178,"CARVER BANCORP, INC.",IncomeLossFromContinuingOperationsBeforeIncomeTaxesExtraordinaryItemsNoncontrollingInterest,1905,10-Q,0001016178-20-000034,2019-09-30
1016178,"CARVER BANCORP, INC.",IncomeLossFromContinuingOperationsBeforeIncomeTaxesExtraordinaryItemsNoncontrollingInterest,1905,10-Q,0001016178-20-000034,2019-09-30
1016178,"CARVER BANCORP, INC.",IncomeLossFromContinuingOperationsBeforeIncomeTaxesExtraordinaryItemsNoncontrollingInterest,1905,10-Q,0001016178-20-000007,2019-12-31
1016178,"CARVER BANCORP, INC.",IncomeLossFromContinuingOperationsBeforeIncomeTaxesExtraordinaryItemsNoncontrollingInterest,1905,10-Q,0001016178-21-000007,2019-12-31
1016178,"CARVER BANCORP, INC.",IncomeLossFromContinuingOperationsBeforeIncomeTaxesExtraordinaryItemsNoncontrollingInterest,1905,10-Q,0001016178-20-000007,2019-12-31
1016178,"CARVER BANCORP, INC.",IncomeLossFromContinuingOperationsBeforeIncomeTaxesExtraordinaryItemsNoncontrollingInterest,1905,10-Q,0001016178-21-000007,2019-12-31
1016178,"CARVER BANCORP, INC.",IncomeLossFromContinuingOperationsBeforeIncomeTaxesExtraordinaryItemsNoncontrollingInterest,1905,10-Q,0001016178-20-000027,2020-06-30
1016178,"CARVER BANCORP, INC.",IncomeLossFromContinuingOperationsBeforeIncomeTaxesExtraordinaryItemsNoncontrollingInterest,1905,10-Q,0001016178-20-000034,2020-09-30
1016178,"CARVER BANCORP, INC.",IncomeLossFromContinuingOperationsBeforeIncomeTaxesExtraordinaryItemsNoncontrollingInterest,1905,10-Q,0001016178-20-000034,2020-09-30
1016178,"CARVER BANCORP, INC.",IncomeLossFromContinuingOperationsBeforeIncomeTaxesExtraordinaryItemsNoncontrollingInterest,1905,10-Q,0001016178-21-000007,2020-12-31
1016178,"CARVER BANCORP, INC.",IncomeLossFromContinuingOperationsBeforeIncomeTaxesExtraordinaryItemsNoncontrollingInterest,1905,10-Q,0001016178-21-000007,2020-12-31
1016178,"CARVER BANCORP, INC.",IncomeTaxExpenseBenefit,1905,10-Q,0001016178-20-000007,2018-12-31
1016178,"CARVER BANCORP, INC.",IncomeTaxExpenseBenefit,1905,10-Q,0001016178-20-000007,2018-12-31
1016178,"CARVER BANCORP, INC.",IncomeTaxExpenseBenefit,1905,10-Q,0001016178-20-000027,2019-06-30
1016178,"CARVER BANCORP, INC.",IncomeTaxExpenseBenefit,1905,10-Q,0001016178-20-000034,2019-09-30
1016178,"CARVER BANCORP, INC.",IncomeTaxExpenseBenefit,1905,10-Q,0001016178-20-000034,2019-09-30
1016178,"CARVER BANCORP, INC.",IncomeTaxExpenseBenefit,1905,10-Q,0001016178-20-000007,2019-12-31
1016178,"CARVER BANCORP, INC.",IncomeTaxExpenseBenefit,1905,10-Q,0001016178-21-000007,2019-12-31
1016178,"CARVER BANCORP, INC.",IncomeTaxExpenseBenefit,1905,10-Q,0001016178-20-000007,2019-12-31
1016178,"CARVER BANCORP, INC.",IncomeTaxExpenseBenefit,1905,10-Q,0001016178-21-000007,2019-12-31
1016178,"CARVER BANCORP, INC.",IncomeTaxExpenseBenefit,1905,10-Q,0001016178-20-000027,2020-06-30
1016178,"CARVER BANCORP, INC.",IncomeTaxExpenseBenefit,1905,10-Q,0001016178-20-000034,2020-09-30
1016178,"CARVER BANCORP, INC.",IncomeTaxExpenseBenefit,1905,10-Q,0001016178-20-000034,2020-09-30
1016178,"CARVER BANCORP, INC.",IncomeTaxExpenseBenefit,1905,10-Q,0001016178-21-000007,2020-12-31
1016178,"CARVER BANCORP, INC.",IncomeTaxExpenseBenefit,1905,10-Q,0001016178-21-000007,2020-12-31
1016178,"CARVER BANCORP, INC.",InterestAndDividendIncomeOperating,1905,10-Q,0001016178-20-000007,2018-12-31
1016178,"CARVER BANCORP, INC.",InterestAndDividendIncomeOperating,1905,10-Q,0001016178-20-000007,2018-12-31
1016178,"CARVER BANCORP, INC.",InterestAndDividendIncomeOperating,1905,10-Q,0001016178-20-000027,2019-06-30
1016178,"CARVER BANCORP, INC.",InterestAndDividendIncomeOperating,1905,10-Q,0001016178-20-000034,2019-09-30
1016178,"CARVER BANCORP, INC.",InterestAndDividendIncomeOperating,1905,10-Q,0001016178-20-000034,2019-09-30
1016178,"CARVER BANCORP, INC.",InterestAndDividendIncomeOperating,1905,10-Q,0001016178-20-000007,2019-12-31
1016178,"CARVER BANCORP, INC.",InterestAndDividendIncomeOperating,1905,10-Q,0001016178-21-000007,2019-12-31
1016178,"CARVER BANCORP, INC.",InterestAndDividendIncomeOperating,1905,10-Q,0001016178-20-000007,2019-12-31
1016178,"CARVER BANCORP, INC.",InterestAndDividendIncomeOperating,1905,10-Q,0001016178-21-000007,2019-12-31
1016178,"CARVER BANCORP, INC.",InterestAndDividendIncomeOperating,1905,10-Q,0001016178-20-000027,2020-06-30
1016178,"CARVER BANCORP, INC.",InterestAndDividendIncomeOperating,1905,10-Q,0001016178-20-000034,2020-09-30
1016178,"CARVER BANCORP, INC.",InterestAndDividendIncomeOperating,1905,10-Q,0001016178-20-000034,2020-09-30
1016178,"CARVER BANCORP, INC.",InterestAndDividendIncomeOperating,1905,10-Q,0001016178-21-000007,2020-12-31
1016178,"CARVER BANCORP, INC.",InterestAndDividendIncomeOperating,1905,10-Q,0001016178-21-000007,2020-12-31
1016178,"CARVER BANCORP, INC.",NetCashProvidedByUsedInOperatingActivities,1905,10-Q,0001016178-20-000007,2018-12-31
1016178,"CARVER BANCORP, INC.",NetCashProvidedByUsedInOperatingActivities,1905,10-Q,0001016178-20-000027,2019-06-30
1016178,"CARVER BANCORP, INC.",NetCashProvidedByUsedInOperatingActivities,1905,10-Q,0001016178-20-000034,2019-09-30
1016178,"CARVER BANCORP, INC.",NetCashProvidedByUsedInOperatingActivities,1905,10-Q,0001016178-20-000007,2019-12-31
1016178,"CARVER BANCORP, INC.",NetCashProvidedByUsedInOperatingActivities,1905,10-Q,0001016178-21-000007,2019-12-31
1016178,"CARVER BANCORP, INC.",NetCashProvidedByUsedInOperatingActivities,1905,10-Q,0001016178-20-000027,2020-06-30
1016178,"CARVER BANCORP, INC.",NetCashProvidedByUsedInOperatingActivities,1905,10-Q,0001016178-20-000034,2020-09-30
1016178,"CARVER BANCORP, INC.",NetCashProvidedByUsedInOperatingActivities,1905,10-Q,0001016178-21-000007,2020-12-31
1016178,"CARVER BANCORP, INC.",NetIncomeLoss,1905,10-Q,0001016178-20-000007,2018-12-31
1016178,"CARVER BANCORP, INC.",NetIncomeLoss,1905,10-Q,0001016178-20-000007,2018-12-31
1016178,"CARVER BANCORP, INC.",NetIncomeLoss,1905,10-Q,0001016178-20-000027,2019-06-30
1016178,"CARVER BANCORP, INC.",NetIncomeLoss,1905,10-Q,0001016178-20-000034,2019-09-30
1016178,"CARVER BANCORP, INC.",NetIncomeLoss,1905,10-Q,0001016178-20-000034,2019-09-30
1016178,"CARVER BANCORP, INC.",NetIncomeLoss,1905,10-Q,0001016178-20-000007,2019-12-31
1016178,"CARVER BANCORP, INC.",NetIncomeLoss,1905,10-Q,0001016178-21-000007,2019-12-31
1016178,"CARVER BANCORP, INC.",NetIncomeLoss,1905,10-Q,0001016178-20-000007,2019-12-31
1016178,"CARVER BANCORP, INC.",NetIncomeLoss,1905,10-Q,0001016178-21-000007,2019-12-31
1016178,"CARVER BANCORP, INC.",NetIncomeLoss,1905,10-Q,0001016178-20-000027,2020-06-30
1016178,"CARVER BANCORP, INC.",NetIncomeLoss,1905,10-Q,0001016178-20-000034,2020-09-30
1016178,"CARVER BANCORP, INC.",NetIncomeLoss,1905,10-Q,0001016178-20-000034,2020-09-30
1016178,"CARVER BANCORP, INC.",NetIncomeLoss,1905,10-Q,0001016178-21-000007,2020-12-31
1016178,"CARVER BANCORP, INC.",NetIncomeLoss,1905,10-Q,0001016178-21-000007,2020-12-31
1016178,"CARVER BANCORP, INC.",PaymentsForRepurchaseOfCommonStock,1905,10-Q,0001016178-21-000007,2019-12-31
1016178,"CARVER BANCORP, INC.",PaymentsForRepurchaseOfCommonStock,1905,10-Q,0001016178-20-000034,2020-09-30
1016178,"CARVER BANCORP, INC.",PaymentsForRepurchaseOfCommonStock,1905,10-Q,0001016178-21-000007,2020-12-31
1016178,"CARVER BANCORP, INC.",PaymentsToAcquirePropertyPlantAndEquipment,1905,10-Q,0001016178-20-000007,2018-12-31
1016178,"CARVER BANCORP, INC.",PaymentsToAcquirePropertyPlantAndEquipment,1905,10-Q,0001016178-20-000027,2019-06-30
1016178,"CARVER BANCORP, INC.",PaymentsToAcquirePropertyPlantAndEquipment,1905,10-Q,0001016178-20-000034,2019-09-30
1016178,"CARVER BANCORP, INC.",PaymentsToAcquirePropertyPlantAndEquipment,1905,10-Q,0001016178-20-000007,2019-12-31
1016178,"CARVER BANCORP, INC.",PaymentsToAcquirePropertyPlantAndEquipment,1905,10-Q,0001016178-21-000007,2019-12-31
1016178,"CARVER BANCORP, INC.",PaymentsToAcquirePropertyPlantAndEquipment,1905,10-Q,0001016178-20-000027,2020-06-30
1016178,"CARVER BANCORP, INC.",PaymentsToAcquirePropertyPlantAndEquipment,1905,10-Q,0001016178-20-000034,2020-09-30
1016178,"CARVER BANCORP, INC.",PaymentsToAcquirePropertyPlantAndEquipment,1905,10-Q,0001016178-21-000007,2020-12-31
1016178,"CARVER BANCORP, INC.",ShareBasedCompensation,1905,10-Q,0001016178-20-000007,2018-12-31
1016178,"CARVER BANCORP, INC.",ShareBasedCompensation,1905,10-Q,0001016178-20-000027,2019-06-30
1016178,"CARVER BANCORP, INC.",ShareBasedCompensation,1905,10-Q,0001016178-20-000034,2019-09-30
1016178,"CARVER BANCORP, INC.",ShareBasedCompensation,1905,10-Q,0001016178-20-000007,2019-12-31
1016178,"CARVER BANCORP, INC.",ShareBasedCompensation,1905,10-Q,0001016178-21-000007,2019-12-31
1016178,"CARVER BANCORP, INC.",ShareBasedCompensation,1905,10-Q,0001016178-20-000027,2020-06-30
1016178,"CARVER BANCORP, INC.",ShareBasedCompensation,1905,10-Q,0001016178-20-000034,2020-09-30
1016178,"CARVER BANCORP, INC.",ShareBasedCompensation,1905,10-Q,0001016178-21-000007,2020-12-31
1016178,"CARVER BANCORP, INC.",StockholdersEquity,1905,10-Q,0001016178-20-000007,2018-03-31
1016178,"CARVER BANCORP, INC.",StockholdersEquity,1905,10-Q,0001016178-20-000007,2018-09-30
1016178,"CARVER BANCORP, INC.",StockholdersEquity,1905,10-Q,0001016178-20-000007,2018-12-31
1016178,"CARVER BANCORP, INC.",StockholdersEquity,1905,10-Q,0001016178-20-000007,2019-03-31
1016178,"CARVER BANCORP, INC.",StockholdersEquity,1905,10-Q,0001016178-20-000027,2019-03-31
1016178,"CARVER BANCORP, INC.",StockholdersEquity,1905,10-Q,0001016178-20-000034,2019-03-31
1016178,"CARVER BANCORP, INC.",StockholdersEquity,1905,10-Q,0001016178-21-000007,2019-03-31
1016178,"CARVER BANCORP, INC.",StockholdersEquity,1905,10-Q,0001016178-20-000027,2019-06-30
1016178,"CARVER BANCORP, INC.",StockholdersEquity,1905,10-Q,0001016178-20-000034,2019-06-30
1016178,"CARVER BANCORP, INC.",StockholdersEquity,1905,10-Q,0001016178-20-000007,2019-09-30
1016178,"CARVER BANCORP, INC.",StockholdersEquity,1905,10-Q,0001016178-20-000034,2019-09-30
1016178,"CARVER BANCORP, INC.",StockholdersEquity,1905,10-Q,0001016178-21-000007,2019-09-30
1016178,"CARVER BANCORP, INC.",StockholdersEquity,1905,10-Q,0001016178-20-000007,2019-12-31
1016178,"CARVER BANCORP, INC.",StockholdersEquity,1905,10-Q,0001016178-21-000007,2019-12-31
1016178,"CARVER BANCORP, INC.",StockholdersEquity,1905,10-Q,0001016178-20-000027,2020-03-31
1016178,"CARVER BANCORP, INC.",StockholdersEquity,1905,10-Q,0001016178-20-000034,2020-03-31
1016178,"CARVER BANCORP, INC.",StockholdersEquity,1905,10-Q,0001016178-21-000007,2020-03-31
1016178,"CARVER BANCORP, INC.",StockholdersEquity,1905,10-Q,0001016178-20-000027,2020-06-30
1016178,"CARVER BANCORP, INC.",StockholdersEquity,1905,10-Q,0001016178-20-000034,2020-06-30
1016178,"CARVER BANCORP, INC.",StockholdersEquity,1905,10-Q,0001016178-20-000034,2020-09-30
1016178,"CARVER BANCORP, INC.",StockholdersEquity,1905,10-Q,0001016178-21-000007,2020-09-30
1016178,"CARVER BANCORP, INC.",StockholdersEquity,1905,10-Q,0001016178-21-000007,2020-12-31
1016178,"CARVER BANCORP, INC.",WeightedAverageNumberOfDilutedSharesOutstanding,1905,10-Q,0001016178-20-000007,2018-12-31
1016178,"CARVER BANCORP, INC.",WeightedAverageNumberOfDilutedSharesOutstanding,1905,10-Q,0001016178-20-000007,2018-12-31
1016178,"CARVER BANCORP, INC.",WeightedAverageNumberOfDilutedSharesOutstanding,1905,10-Q,0001016178-20-000027,2019-06-30
1016178,"CARVER BANCORP, INC.",WeightedAverageNumberOfDilutedSharesOutstanding,1905,10-Q,0001016178-20-000034,2019-09-30
1016178,"CARVER BANCORP, INC.",WeightedAverageNumberOfDilutedSharesOutstanding,1905,10-Q,0001016178-20-000034,2019-09-30
1016178,"CARVER BANCORP, INC.",WeightedAverageNumberOfDilutedSharesOutstanding,1905,10-Q,0001016178-20-000007,2019-12-31
1016178,"CARVER BANCORP, INC.",WeightedAverageNumberOfDilutedSharesOutstanding,1905,10-Q,0001016178-21-000007,2019-12-31
1016178,"CARVER BANCORP, INC.",WeightedAverageNumberOfDilutedSharesOutstanding,1905,10-Q,0001016178-20-000007,2019-12-31
1016178,"CARVER BANCORP, INC.",WeightedAverageNumberOfDilutedSharesOutstanding,1905,10-Q,0001016178-21-000007,2019-12-31
1016178,"CARVER BANCORP, INC.",WeightedAverageNumberOfDilutedSharesOutstanding,1905,10-Q,0001016178-20-000027,2020-06-30
1016178,"CARVER BANCORP, INC.",WeightedAverageNumberOfDilutedSharesOutstanding,1905,10-Q,0001016178-20-000034,2020-09-30
1016178,"CARVER BANCORP, INC.",WeightedAverageNumberOfDilutedSharesOutstanding,1905,10-Q,0001016178-20-000034,2020-09-30
1016178,"CARVER BANCORP, INC.",WeightedAverageNumberOfDilutedSharesOutstanding,1905,10-Q,0001016178-21-000007,2020-12-31
1016178,"CARVER BANCORP, INC.",WeightedAverageNumberOfDilutedSharesOutstanding,1905,10-Q,0001016178-21-000007,2020-12-31
1091883,"CIRCOR INTERNATIONAL, INC.",AllocatedShareBasedCompensationExpense,44561,10-Q,0001091883-21-000014,2020-03-29
1091883,"CIRCOR INTERNATIONAL, INC.",AllocatedShareBasedCompensationExpense,44561,10-Q,0001091883-21-000022,2020-06-28
1091883,"CIRCOR INTERNATIONAL, INC.",AllocatedShareBasedCompensationExpense,44561,10-Q,0001091883-21-000027,2020-09-27
1091883,"CIRCOR INTERNATIONAL, INC.",AllocatedShareBasedCompensationExpense,44561,10-Q,0001091883-21-000014,2021-04-04
1091883,"CIRCOR INTERNATIONAL, INC.",AllocatedShareBasedCompensationExpense,44561,10-Q,0001091883-21-000022,2021-07-04
1091883,"CIRCOR INTERNATIONAL, INC.",AllocatedShareBasedCompensationExpense,44561,10-Q,0001091883-21-000027,2021-10-03
1091883,"CIRCOR INTERNATIONAL, INC.",CashAndCashEquivalentsAtCarryingValue,44561,10-Q,0001091883-21-000014,2020-12-31
1091883,"CIRCOR INTERNATIONAL, INC.",CashAndCashEquivalentsAtCarryingValue,44561,10-Q,0001091883-21-000022,2020-12-31
1091883,"CIRCOR INTERNATIONAL, INC.",CashAndCashEquivalentsAtCarryingValue,44561,10-Q,0001091883-21-000027,2020-12-31
1091883,"CIRCOR INTERNATIONAL, INC.",CashAndCashEquivalentsAtCarryingValue,44561,10-Q,0001091883-21-000014,2021-04-04
1091883,"CIRCOR INTERNATIONAL, INC.",CashAndCashEquivalentsAtCarryingValue,44561,10-Q,0001091883-21-000022,2021-07-04
1091883,"CIRCOR INTERNATIONAL, INC.",CashAndCashEquivalentsAtCarryingValue,44561,10-Q,0001091883-21-000027,2021-10-03
1091883,"CIRCOR INTERNATIONAL, INC.",CashCashEquivalentsRestrictedCashAndRestrictedCashEquivalents,44561,10-Q,0001091883-21-000014,2019-12-31
1091883,"CIRCOR INTERNATIONAL, INC.",CashCashEquivalentsRestrictedCashAndRestrictedCashEquivalents,44561,10-Q,0001091883-21-000022,2019-12-31
1091883,"CIRCOR INTERNATIONAL, INC.",CashCashEquivalentsRestrictedCashAndRestrictedCashEquivalents,44561,10-Q,0001091883-21-000027,2019-12-31
1091883,"CIRCOR INTERNATIONAL, INC.",CashCashEquivalentsRestrictedCashAndRestrictedCashEquivalents,44561,10-Q,0001091883-21-000014,2020-03-29
1091883,"CIRCOR INTERNATIONAL, INC.",CashCashEquivalentsRestrictedCashAndRestrictedCashEquivalents,44561,10-Q,0001091883-21-000022,2020-06-28
1091883,"CIRCOR INTERNATIONAL, INC.",CashCashEquivalentsRestrictedCashAndRestrictedCashEquivalents,44561,10-Q,0001091883-21-000027,2020-09-27
1091883,"CIRCOR INTERNATIONAL, INC.",CashCashEquivalentsRestrictedCashAndRestrictedCashEquivalents,44561,10-Q,0001091883-21-000014,2020-12-31
1091883,"CIRCOR INTERNATIONAL, INC.",CashCashEquivalentsRestrictedCashAndRestrictedCashEquivalents,44561,10-Q,0001091883-21-000022,2020-12-31
1091883,"CIRCOR INTERNATIONAL, INC.",CashCashEquivalentsRestrictedCashAndRestrictedCashEquivalents,44561,10-Q,0001091883-21-000027,2020-12-31
1091883,"CIRCOR INTERNATIONAL, INC.",CashCashEquivalentsRestrictedCashAndRestrictedCashEquivalents,44561,10-Q,0001091883-21-000014,2021-04-04
1091883,"CIRCOR INTERNATIONAL, INC.",CashCashEquivalentsRestrictedCashAndRestrictedCashEquivalents,44561,10-Q,0001091883-21-000022,2021-07-04
1091883,"CIRCOR INTERNATIONAL, INC.",CashCashEquivalentsRestrictedCashAndRestrictedCashEquivalents,44561,10-Q,0001091883-21-000027,2021-10-03
1091883,"CIRCOR INTERNATIONAL, INC.",DepreciationDepletionAndAmortization,44561,10-Q,0001091883-21-000014,2020-03-29
1091883,"CIRCOR INTERNATIONAL, INC.",DepreciationDepletionAndAmortization,44561,10-Q,0001091883-21-000022,2020-06-28
1091883,"CIRCOR INTERNATIONAL, INC.",DepreciationDepletionAndAmortization,44561,10-Q,0001091883-21-000022,2020-06-28
1091883,"CIRCOR INTERNATIONAL, INC.",DepreciationDepletionAndAmortization,44561,10-Q,0001091883-21-000027,2020-09-27
1091883,"CIRCOR INTERNATIONAL, INC.",DepreciationDepletionAndAmortization,44561,10-Q,0001091883-21-000027,2020-09-27
1091883,"CIRCOR INTERNATIONAL, INC.",DepreciationDepletionAndAmortization,44561,10-Q,0001091883-21-000014,2021-04-04
1091883,"CIRCOR INTERNATIONAL, INC.",DepreciationDepletionAndAmortization,44561,10-Q,0001091883-21-000022,2021-07-04
1091883,"CIRCOR INTERNATIONAL, INC.",DepreciationDepletionAndAmortization,44561,10-Q,0001091883-21-000022,2021-07-04
1091883,"CIRCOR INTERNATIONAL, INC.",DepreciationDepletionAndAmortization,44561,10-Q,0001091883-21-000027,2021-10-03
1091883,"CIRCOR INTERNATIONAL, INC.",DepreciationDepletionAndAmortization,44561,10-Q,0001091883-21-000027,2021-10-03
1091883,"CIRCOR INTERNATIONAL, INC.",Goodwill,44561,10-Q,0001091883-21-000014,2020-12-31
1091883,"CIRCOR INTERNATIONAL, INC.",Goodwill,44561,10-Q,0001091883-21-000022,2020-12-31
1091883,"CIRCOR INTERNATIONAL, INC.",Goodwill,44561,10-Q,0001091883-21-000027,2020-12-31
1091883,"CIRCOR INTERNATIONAL, INC.",Goodwill,44561,10-Q,0001091883-21-000014,2021-04-04
1091883,"CIRCOR INTERNATIONAL, INC.",Goodwill,44561,10-Q,0001091883-21-000022,2021-07-04
1091883,"CIRCOR INTERNATIONAL, INC.",Goodwill,44561,10-Q,0001091883-21-000027,2021-10-03
1091883,"CIRCOR INTERNATIONAL, INC.",IncomeLossFromContinuingOperations,44561,10-Q,0001091883-21-000014,2020-03-29
1091883,"CIRCOR INTERNATIONAL, INC.",IncomeLossFromContinuingOperations,44561,10-Q,0001091883-21-000022,2020-06-28
1091883,"CIRCOR INTERNATIONAL, INC.",IncomeLossFromContinuingOperations,44561,10-Q,0001091883-21-000022,2020-06-28
1091883,"CIRCOR INTERNATIONAL, INC.",IncomeLossFromContinuingOperations,44561,10-Q,0001091883-21-000027,2020-09-27
1091883,"CIRCOR INTERNATIONAL, INC.",IncomeLossFromContinuingOperations,44561,10-Q,0001091883-21-000027,2020-09-27
1091883,"CIRCOR INTERNATIONAL, INC.",IncomeLossFromContinuingOperations,44561,10-Q,0001091883-21-000014,2021-04-04
1091883,"CIRCOR INTERNATIONAL, INC.",IncomeLossFromContinuingOperations,44561,10-Q,0001091883-21-000022,2021-07-04
1091883,"CIRCOR INTERNATIONAL, INC.",IncomeLossFromContinuingOperations,44561,10-Q,0001091883-21-000022,2021-07-04
1091883,"CIRCOR INTERNATIONAL, INC.",IncomeLossFromContinuingOperations,44561,10-Q,0001091883-21-000027,2021-10-03
1091883,"CIRCOR INTERNATIONAL, INC.",IncomeLossFromContinuingOperations,44561,10-Q,0001091883-21-000027,2021-10-03
1091883,"CIRCOR INTERNATIONAL, INC.",IncomeLossFromContinuingOperationsBeforeIncomeTaxesExtraordinaryItemsNoncontrollingInterest,44561,10-Q,0001091883-21-000022,2020-06-28
1091883,"CIRCOR INTERNATIONAL, INC.",IncomeLossFromContinuingOperationsBeforeIncomeTaxesExtraordinaryItemsNoncontrollingInterest,44561,10-Q,0001091883-21-000027,2020-09-27
1091883,"CIRCOR INTERNATIONAL, INC.",IncomeLossFromContinuingOperationsBeforeIncomeTaxesExtraordinaryItemsNoncontrollingInterest,44561,10-Q,0001091883-21-000022,2021-07-04
1091883,"CIRCOR INTERNATIONAL, INC.",IncomeLossFromContinuingOperationsBeforeIncomeTaxesExtraordinaryItemsNoncontrollingInterest,44561,10-Q,0001091883-21-000027,2021-10-03
1091883,"CIRCOR INTERNATIONAL, INC.",IncomeTaxExpenseBenefit,44561,10-Q,0001091883-21-000014,2020-03-29
1091883,"CIRCOR INTERNATIONAL, INC.",IncomeTaxExpenseBenefit,44561,10-Q,0001091883-21-000022,2020-06-28
1091883,"CIRCOR INTERNATIONAL, INC.",IncomeTaxExpenseBenefit,44561,10-Q,0001091883-21-000022,2020-06-28
1091883,"CIRCOR INTERNATIONAL, INC.",IncomeTaxExpenseBenefit,44561,10-Q,0001091883-21-000027,2020-09-27
1091883,"CIRCOR INTERNATIONAL, INC.",IncomeTaxExpenseBenefit,44561,10-Q,0001091883-21-000027,2020-09-27
1091883,"CIRCOR INTERNATIONAL, INC.",IncomeTaxExpenseBenefit,44561,10-Q,0001091883-21-000014,2021-04-04
1091883,"CIRCOR INTERNATIONAL, INC.",IncomeTaxExpenseBenefit,44561,10-Q,0001091883-21-000022,2021-07-04
1091883,"CIRCOR INTERNATIONAL, INC.",IncomeTaxExpenseBenefit,44561,10-Q,0001091883-21-000022,2021-07-04
1091883,"CIRCOR INTERNATIONAL, INC.",IncomeTaxExpenseBenefit,44561,10-Q,0001091883-21-000027,2021-10-03
1091883,"CIRCOR INTERNATIONAL, INC.",IncomeTaxExpenseBenefit,44561,10-Q,0001091883-21-000027,2021-10-03
1091883,"CIRCOR INTERNATIONAL, INC.",IntangibleAssetsNetExcludingGoodwill,44561,10-Q,0001091883-21-000014,2020-12-31
1091883,"CIRCOR INTERNATIONAL, INC.",IntangibleAssetsNetExcludingGoodwill,44561,10-Q,0001091883-21-000022,2020-12-31
1091883,"CIRCOR INTERNATIONAL, INC.",IntangibleAssetsNetExcludingGoodwill,44561,10-Q,0001091883-21-000027,2020-12-31
1091883,"CIRCOR INTERNATIONAL, INC.",IntangibleAssetsNetExcludingGoodwill,44561,10-Q,0001091883-21-000014,2021-04-04
1091883,"CIRCOR INTERNATIONAL, INC.",IntangibleAssetsNetExcludingGoodwill,44561,10-Q,0001091883-21-000022,2021-07-04
1091883,"CIRCOR INTERNATIONAL, INC.",IntangibleAssetsNetExcludingGoodwill,44561,10-Q,0001091883-21-000027,2021-10-03
1091883,"CIRCOR INTERNATIONAL, INC.",LongTermDebtNoncurrent,44561,10-Q,0001091883-21-000014,2020-12-31
1091883,"CIRCOR INTERNATIONAL, INC.",LongTermDebtNoncurrent,44561,10-Q,0001091883-21-000022,2020-12-31
1091883,"CIRCOR INTERNATIONAL, INC.",LongTermDebtNoncurrent,44561,10-Q,0001091883-21-000027,2020-12-31
1091883,"CIRCOR INTERNATIONAL, INC.",LongTermDebtNoncurrent,44561,10-Q,0001091883-21-000014,2021-04-04
1091883,"CIRCOR INTERNATIONAL, INC.",LongTermDebtNoncurrent,44561,10-Q,0001091883-21-000022,2021-07-04
1091883,"CIRCOR INTERNATIONAL, INC.",LongTermDebtNoncurrent,44561,10-Q,0001091883-21-000027,2021-10-03
1091883,"CIRCOR INTERNATIONAL, INC.",NetCashProvidedByUsedInOperatingActivities,44561,10-Q,0001091883-21-000014,2020-03-29
1091883,"CIRCOR INTERNATIONAL, INC.",NetCashProvidedByUsedInOperatingActivities,44561,10-Q,0001091883-21-000022,2020-06-28
1091883,"CIRCOR INTERNATIONAL, INC.",NetCashProvidedByUsedInOperatingActivities,44561,10-Q,0001091883-21-000027,2020-09-27
1091883,"CIRCOR INTERNATIONAL, INC.",NetCashProvidedByUsedInOperatingActivities,44561,10-Q,0001091883-21-000014,2021-04-04
1091883,"CIRCOR INTERNATIONAL, INC.",NetCashProvidedByUsedInOperatingActivities,44561,10-Q,0001091883-21-000022,2021-07-04
1091883,"CIRCOR INTERNATIONAL, INC.",NetCashProvidedByUsedInOperatingActivities,44561,10-Q,0001091883-21-000027,2021-10-03
1091883,"CIRCOR INTERNATIONAL, INC.",NetCashProvidedByUsedInOperatingActivitiesContinuingOperations,44561,10-Q,0001091883-21-000014,2020-03-29
1091883,"CIRCOR INTERNATIONAL, INC.",NetCashProvidedByUsedInOperatingActivitiesContinuingOperations,44561,10-Q,0001091883-21-000022,2020-06-28
1091883,"CIRCOR INTERNATIONAL, INC.",NetCashProvidedByUsedInOperatingActivitiesContinuingOperations,44561,10-Q,0001091883-21-000027,2020-09-27
1091883,"CIRCOR INTERNATIONAL, INC.",NetCashProvidedByUsedInOperatingActivitiesContinuingOperations,44561,10-Q,0001091883-21-000014,2021-04-04
1091883,"CIRCOR INTERNATIONAL, INC.",NetCashProvidedByUsedInOperatingActivitiesContinuingOperations,44561,10-Q,0001091883-21-000022,2021-07-04
1091883,"CIRCOR INTERNATIONAL, INC.",NetCashProvidedByUsedInOperatingActivitiesContinuingOperations,44561,10-Q,0001091883-21-000027,2021-10-03
1091883,"CIRCOR INTERNATIONAL, INC.",NetIncomeLoss,44561,10-Q,0001091883-21-000014,2020-03-29
1091883,"CIRCOR INTERNATIONAL, INC.",NetIncomeLoss,44561,10-Q,0001091883-21-000022,2020-03-29
1091883,"CIRCOR INTERNATIONAL, INC.",NetIncomeLoss,44561,10-Q,0001091883-21-000022,2020-06-28
1091883,"CIRCOR INTERNATIONAL, INC.",NetIncomeLoss,44561,10-Q,0001091883-21-000022,2020-06-28
1091883,"CIRCOR INTERNATIONAL, INC.",NetIncomeLoss,44561,10-Q,0001091883-21-000027,2020-09-27
1091883,"CIRCOR INTERNATIONAL, INC.",NetIncomeLoss,44561,10-Q,0001091883-21-000027,2020-09-27
1091883,"CIRCOR INTERNATIONAL, INC.",NetIncomeLoss,44561,10-Q,0001091883-21-000014,2021-04-04
1091883,"CIRCOR INTERNATIONAL, INC.",NetIncomeLoss,44561,10-Q,0001091883-21-000022,2021-07-04
1091883,"CIRCOR INTERNATIONAL, INC.",NetIncomeLoss,44561,10-Q,0001091883-21-000022,2021-07-04
1091883,"CIRCOR INTERNATIONAL, INC.",NetIncomeLoss,44561,10-Q,0001091883-21-000027,2021-10-03
1091883,"CIRCOR INTERNATIONAL, INC.",NetIncomeLoss,44561,10-Q,0001091883-21-000027,2021-10-03
1091883,"CIRCOR INTERNATIONAL, INC.",OperatingIncomeLoss,44561,10-Q,0001091883-21-000014,2020-03-29
1091883,"CIRCOR INTERNATIONAL, INC.",OperatingIncomeLoss,44561,10-Q,0001091883-21-000022,2020-06-28
1091883,"CIRCOR INTERNATIONAL, INC.",OperatingIncomeLoss,44561,10-Q,0001091883-21-000022,2020-06-28
1091883,"CIRCOR INTERNATIONAL, INC.",OperatingIncomeLoss,44561,10-Q,0001091883-21-000027,2020-09-27
1091883,"CIRCOR INTERNATIONAL, INC.",OperatingIncomeLoss,44561,10-Q,0001091883-21-000027,2020-09-27
1091883,"CIRCOR INTERNATIONAL, INC.",OperatingIncomeLoss,44561,10-Q,0001091883-21-000014,2021-04-04
1091883,"CIRCOR INTERNATIONAL, INC.",OperatingIncomeLoss,44561,10-Q,0001091883-21-000022,2021-07-04
1091883,"CIRCOR INTERNATIONAL, INC.",OperatingIncomeLoss,44561,10-Q,0001091883-21-000022,2021-07-04
1091883,"CIRCOR INTERNATIONAL, INC.",OperatingIncomeLoss,44561,10-Q,0001091883-21-000027,2021-10-03
1091883,"CIRCOR INTERNATIONAL, INC.",OperatingIncomeLoss,44561,10-Q,0001091883-21-000027,2021-10-03
1091883,"CIRCOR INTERNATIONAL, INC.",PaymentsToAcquirePropertyPlantAndEquipment,44561,10-Q,0001091883-21-000014,2020-03-29
1091883,"CIRCOR INTERNATIONAL, INC.",PaymentsToAcquirePropertyPlantAndEquipment,44561,10-Q,0001091883-21-000022,2020-06-28
1091883,"CIRCOR INTERNATIONAL, INC.",PaymentsToAcquirePropertyPlantAndEquipment,44561,10-Q,0001091883-21-000027,2020-09-27
1091883,"CIRCOR INTERNATIONAL, INC.",PaymentsToAcquirePropertyPlantAndEquipment,44561,10-Q,0001091883-21-000014,2021-04-04
1091883,"CIRCOR INTERNATIONAL, INC.",PaymentsToAcquirePropertyPlantAndEquipment,44561,10-Q,0001091883-21-000022,2021-07-04
1091883,"CIRCOR INTERNATIONAL, INC.",PaymentsToAcquirePropertyPlantAndEquipment,44561,10-Q,0001091883-21-000027,2021-10-03
1091883,"CIRCOR INTERNATIONAL, INC.",RevenueFromContractWithCustomerExcludingAssessedTax,44561,10-Q,0001091883-21-000014,2020-03-29
1091883,"CIRCOR INTERNATIONAL, INC.",RevenueFromContractWithCustomerExcludingAssessedTax,44561,10-Q,0001091883-21-000022,2020-06-28
1091883,"CIRCOR INTERNATIONAL, INC.",RevenueFromContractWithCustomerExcludingAssessedTax,44561,10-Q,0001091883-21-000022,2020-06-28
1091883,"CIRCOR INTERNATIONAL, INC.",RevenueFromContractWithCustomerExcludingAssessedTax,44561,10-Q,0001091883-21-000027,2020-09-27
1091883,"CIRCOR INTERNATIONAL, INC.",RevenueFromContractWithCustomerExcludingAssessedTax,44561,10-Q,0001091883-21-000027,2020-09-27
1091883,"CIRCOR INTERNATIONAL, INC.",RevenueFromContractWithCustomerExcludingAssessedTax,44561,10-Q,0001091883-21-000014,2021-04-04
1091883,"CIRCOR INTERNATIONAL, INC.",RevenueFromContractWithCustomerExcludingAssessedTax,44561,10-Q,0001091883-21-000022,2021-07-04
1091883,"CIRCOR INTERNATIONAL, INC.",RevenueFromContractWithCustomerExcludingAssessedTax,44561,10-Q,0001091883-21-000022,2021-07-04
1091883,"CIRCOR INTERNATIONAL, INC.",RevenueFromContractWithCustomerExcludingAssessedTax,44561,10-Q,0001091883-21-000027,2021-10-03
1091883,"CIRCOR INTERNATIONAL, INC.",RevenueFromContractWithCustomerExcludingAssessedTax,44561,10-Q,0001091883-21-000027,2021-10-03
1091883,"CIRCOR INTERNATIONAL, INC.",Revenues,44561,10-Q,0001091883-21-000014,2020-03-29
1091883,"CIRCOR INTERNATIONAL, INC.",Revenues,44561,10-Q,0001091883-21-000022,2020-06-28
1091883,"CIRCOR INTERNATIONAL, INC.",Revenues,44561,10-Q,0001091883-21-000022,2020-06-28
1091883,"CIRCOR INTERNATIONAL, INC.",Revenues,44561,10-Q,0001091883-21-000027,2020-09-27
1091883,"CIRCOR INTERNATIONAL, INC.",Revenues,44561,10-Q,0001091883-21-000027,2020-09-27
1091883,"CIRCOR INTERNATIONAL, INC.",Revenues,44561,10-Q,0001091883-21-000014,2021-04-04
1091883,"CIRCOR INTERNATIONAL, INC.",Revenues,44561,10-Q,0001091883-21-000022,2021-07-04
1091883,"CIRCOR INTERNATIONAL, INC.",Revenues,44561,10-Q,0001091883-21-000022,2021-07-04
1091883,"CIRCOR INTERNATIONAL, INC.",Revenues,44561,10-Q,0001091883-21-000027,2021-10-03
1091883,"CIRCOR INTERNATIONAL, INC.",Revenues,44561,10-Q,0001091883-21-000027,2021-10-03
1091883,"CIRCOR INTERNATIONAL, INC.",ShareBasedCompensation,44561,10-Q,0001091883-21-000014,2020-03-29
1091883,"CIRCOR INTERNATIONAL, INC.",ShareBasedCompensation,44561,10-Q,0001091883-21-000022,2020-06-28
1091883,"CIRCOR INTERNATIONAL, INC.",ShareBasedCompensation,44561,10-Q,0001091883-21-000027,2020-09-27
1091883,"CIRCOR INTERNATIONAL, INC.",ShareBasedCompensation,44561,10-Q,0001091883-21-000014,2021-04-04
1091883,"CIRCOR INTERNATIONAL, INC.",ShareBasedCompensation,44561,10-Q,0001091883-21-000022,2021-07-04
1091883,"CIRCOR INTERNATIONAL, INC.",ShareBasedCompensation,44561,10-Q,0001091883-21-000027,2021-10-03
1091883,"CIRCOR INTERNATIONAL, INC.",StockholdersEquity,44561,10-Q,0001091883-21-000014,2019-12-31
1091883,"CIRCOR INTERNATIONAL, INC.",StockholdersEquity,44561,10-Q,0001091883-21-000022,2019-12-31
1091883,"CIRCOR INTERNATIONAL, INC.",StockholdersEquity,44561,10-Q,0001091883-21-000027,2019-12-31
1091883,"CIRCOR INTERNATIONAL, INC.",StockholdersEquity,44561,10-Q,0001091883-21-000014,2020-03-29
1091883,"CIRCOR INTERNATIONAL, INC.",StockholdersEquity,44561,10-Q,0001091883-21-000022,2020-03-29
1091883,"CIRCOR INTERNATIONAL, INC.",StockholdersEquity,44561,10-Q,0001091883-21-000022,2020-06-28
1091883,"CIRCOR INTERNATIONAL, INC.",StockholdersEquity,44561,10-Q,0001091883-21-000027,2020-06-28
1091883,"CIRCOR INTERNATIONAL, INC.",StockholdersEquity,44561,10-Q,0001091883-21-000027,2020-09-27
1091883,"CIRCOR INTERNATIONAL, INC.",StockholdersEquity,44561,10-Q,0001091883-21-000014,2020-12-31
1091883,"CIRCOR INTERNATIONAL, INC.",StockholdersEquity,44561,10-Q,0001091883-21-000022,2020-12-31
1091883,"CIRCOR INTERNATIONAL, INC.",StockholdersEquity,44561,10-Q,0001091883-21-000027,2020-12-31
1091883,"CIRCOR INTERNATIONAL, INC.",StockholdersEquity,44561,10-Q,0001091883-21-000014,2021-04-04
1091883,"CIRCOR INTERNATIONAL, INC.",StockholdersEquity,44561,10-Q,0001091883-21-000022,2021-04-04
1091883,"CIRCOR INTERNATIONAL, INC.",StockholdersEquity,44561,10-Q,0001091883-21-000022,2021-07-04
1091883,"CIRCOR INTERNATIONAL, INC.",StockholdersEquity,44561,10-Q,0001091883-21-000027,2021-07-04
1091883,"CIRCOR INTERNATIONAL, INC.",StockholdersEquity,44561,10-Q,0001091883-21-000027,2021-10-03
1091883,"CIRCOR INTERNATIONAL, INC.",WeightedAverageNumberOfDilutedSharesOutstanding,44561,10-Q,0001091883-21-000014,2020-03-29
1091883,"CIRCOR INTERNATIONAL, INC.",WeightedAverageNumberOfDilutedSharesOutstanding,44561,10-Q,0001091883-21-000022,2020-06-28
1091883,"CIRCOR INTERNATIONAL, INC.",WeightedAverageNumberOfDilutedSharesOutstanding,44561,10-Q,0001091883-21-000022,2020-06-28
1091883,"CIRCOR INTERNATIONAL, INC.",WeightedAverageNumberOfDilutedSharesOutstanding,44561,10-Q,0001091883-21-000027,2020-09-27
1091883,"CIRCOR INTERNATIONAL, INC.",WeightedAverageNumberOfDilutedSharesOutstanding,44561,10-Q,0001091883-21-000027,2020-09-27
1091883,"CIRCOR INTERNATIONAL, INC.",WeightedAverageNumberOfDilutedSharesOutstanding,44561,10-Q,0001091883-21-000014,2021-04-04
1091883,"CIRCOR INTERNATIONAL, INC.",WeightedAverageNumberOfDilutedSharesOutstanding,44561,10-Q,0001091883-21-000022,2021-07-04
1091883,"CIRCOR INTERNATIONAL, INC.",WeightedAverageNumberOfDilutedSharesOutstanding,44561,10-Q,0001091883-21-000022,2021-07-04
1091883,"CIRCOR INTERNATIONAL, INC.",WeightedAverageNumberOfDilutedSharesOutstanding,44561,10-Q,0001091883-21-000027,2021-10-03
1091883,"CIRCOR INTERNATIONAL, INC.",WeightedAverageNumberOfDilutedSharesOutstanding,44561,10-Q,0001091883-21-000027,2021-10-03
1166928,"WEST BANCORPORATION, INC.",IncomeLossFromContinuingOperationsBeforeIncomeTaxesExtraordinaryItemsNoncontrollingInterest,2107,10-K,0001166928-18-000014,2015-12-31
1166928,"WEST BANCORPORATION, INC.",IncomeLossFromContinuingOperationsBeforeIncomeTaxesExtraordinaryItemsNoncontrollingInterest,2107,10-K,0001166928-18-000014,2016-03-31
1166928,"WEST BANCORPORATION, INC.",IncomeLossFromContinuingOperationsBeforeIncomeTaxesExtraordinaryItemsNoncontrollingInterest,2107,10-K,0001166928-18-000014,2016-06-30
1166928,"WEST BANCORPORATION, INC.",IncomeLossFromContinuingOperationsBeforeIncomeTaxesExtraordinaryItemsNoncontrollingInterest,2107,10-K,0001166928-18-000014,2016-09-30
1166928,"WEST BANCORPORATION, INC.",IncomeLossFromContinuingOperationsBeforeIncomeTaxesExtraordinaryItemsNoncontrollingInterest,2107,10-K,0001166928-18-000014,2016-12-31
1166928,"WEST BANCORPORATION, INC.",IncomeLossFromContinuingOperationsBeforeIncomeTaxesExtraordinaryItemsNoncontrollingInterest,2107,10-K,0001166928-18-000014,2016-12-31
1166928,"WEST BANCORPORATION, INC.",IncomeLossFromContinuingOperationsBeforeIncomeTaxesExtraordinaryItemsNoncontrollingInterest,2107,10-K,0001166928-18-000014,2017-03-31
1166928,"WEST BANCORPORATION, INC.",IncomeLossFromContinuingOperationsBeforeIncomeTaxesExtraordinaryItemsNoncontrollingInterest,2107,10-K,0001166928-18-000014,2017-06-30
1166928,"WEST BANCORPORATION, INC.",IncomeLossFromContinuingOperationsBeforeIncomeTaxesExtraordinaryItemsNoncontrollingInterest,2107,10-K,0001166928-18-000014,2017-09-30
1166928,"WEST BANCORPORATION, INC.",IncomeLossFromContinuingOperationsBeforeIncomeTaxesExtraordinaryItemsNoncontrollingInterest,2107,10-K,0001166928-18-000014,2017-12-31
1166928,"WEST BANCORPORATION, INC.",IncomeLossFromContinuingOperationsBeforeIncomeTaxesExtraordinaryItemsNoncontrollingInterest,2107,10-K,0001166928-18-000014,2017-12-31
1166928,"WEST BANCORPORATION, INC.",IncomeTaxExpenseBenefit,2107,10-K,0001166928-18-000014,2015-12-31
1166928,"WEST BANCORPORATION, INC.",IncomeTaxExpenseBenefit,2107,10-K,0001166928-18-000014,2016-03-31
1166928,"WEST BANCORPORATION, INC.",IncomeTaxExpenseBenefit,2107,10-K,0001166928-18-000014,2016-06-30
1166928,"WEST BANCORPORATION, INC.",IncomeTaxExpenseBenefit,2107,10-K,0001166928-18-000014,2016-09-30
1166928,"WEST BANCORPORATION, INC.",IncomeTaxExpenseBenefit,2107,10-K,0001166928-18-000014,2016-12-31
1166928,"WEST BANCORPORATION, INC.",IncomeTaxExpenseBenefit,2107,10-K,0001166928-18-000014,2016-12-31
1166928,"WEST BANCORPORATION, INC.",IncomeTaxExpenseBenefit,2107,10-K,0001166928-18-000014,2017-03-31
1166928,"WEST BANCORPORATION, INC.",IncomeTaxExpenseBenefit,2107,10-K,0001166928-18-000014,2017-06-30
1166928,"WEST BANCORPORATION, INC.",IncomeTaxExpenseBenefit,2107,10-K,0001166928-18-000014,2017-09-30
1166928,"WEST BANCORPORATION, INC.",IncomeTaxExpenseBenefit,2107,10-K,0001166928-18-000014,2017-12-31
1166928,"WEST BANCORPORATION, INC.",IncomeTaxExpenseBenefit,2107,10-K,0001166928-18-000014,2017-12-31
1166928,"WEST BANCORPORATION, INC.",InterestAndDividendIncomeOperating,2107,10-K,0001166928-18-000014,2015-12-31
1166928,"WEST BANCORPORATION, INC.",InterestAndDividendIncomeOperating,2107,10-K,0001166928-18-000014,2016-03-31
1166928,"WEST BANCORPORATION, INC.",InterestAndDividendIncomeOperating,2107,10-K,0001166928-18-000014,2016-06-30
1166928,"WEST BANCORPORATION, INC.",InterestAndDividendIncomeOperating,2107,10-K,0001166928-18-000014,2016-09-30
1166928,"WEST BANCORPORATION, INC.",InterestAndDividendIncomeOperating,2107,10-K,0001166928-18-000014,2016-12-31
1166928,"WEST BANCORPORATION, INC.",InterestAndDividendIncomeOperating,2107,10-K,0001166928-18-000014,2016-12-31
1166928,"WEST BANCORPORATION, INC.",InterestAndDividendIncomeOperating,2107,10-K,0001166928-18-000014,2017-03-31
1166928,"WEST BANCORPORATION, INC.",InterestAndDividendIncomeOperating,2107,10-K,0001166928-18-000014,2017-06-30
1166928,"WEST BANCORPORATION, INC.",InterestAndDividendIncomeOperating,2107,10-K,0001166928-18-000014,2017-09-30
1166928,"WEST BANCORPORATION, INC.",InterestAndDividendIncomeOperating,2107,10-K,0001166928-18-000014,2017-12-31
1166928,"WEST BANCORPORATION, INC.",InterestAndDividendIncomeOperating,2107,10-K,0001166928-18-000014,2017-12-31
1166928,"WEST BANCORPORATION, INC.",NetCashProvidedByUsedInOperatingActivitiesContinuingOperations,2107,10-K,0001166928-18-000014,2015-12-31
1166928,"WEST BANCORPORATION, INC.",NetCashProvidedByUsedInOperatingActivitiesContinuingOperations,2107,10-K,0001166928-18-000014,2016-12-31
1166928,"WEST BANCORPORATION, INC.",NetCashProvidedByUsedInOperatingActivitiesContinuingOperations,2107,10-K,0001166928-18-000014,2017-12-31
1166928,"WEST BANCORPORATION, INC.",NetIncomeLoss,2107,10-K,0001166928-18-000014,2015-12-31
1166928,"WEST BANCORPORATION, INC.",NetIncomeLoss,2107,10-K,0001166928-18-000014,2016-03-31
1166928,"WEST BANCORPORATION, INC.",NetIncomeLoss,2107,10-K,0001166928-18-000014,2016-06-30
1166928,"WEST BANCORPORATION, INC.",NetIncomeLoss,2107,10-K,0001166928-18-000014,2016-09-30
1166928,"WEST BANCORPORATION, INC.",NetIncomeLoss,2107,10-K,0001166928-18-000014,2016-12-31
1166928,"WEST BANCORPORATION, INC.",NetIncomeLoss,2107,10-K,0001166928-18-000014,2016-12-31
1166928,"WEST BANCORPORATION, INC.",NetIncomeLoss,2107,10-K,0001166928-18-000014,2017-03-31
1166928,"WEST BANCORPORATION, INC.",NetIncomeLoss,2107,10-K,0001166928-18-000014,2017-06-30
1166928,"WEST BANCORPORATION, INC.",NetIncomeLoss,2107,10-K,0001166928-18-000014,2017-09-30
1166928,"WEST BANCORPORATION, INC.",NetIncomeLoss,2107,10-K,0001166928-18-000014,2017-12-31
1166928,"WEST BANCORPORATION, INC.",NetIncomeLoss,2107,10-K,0001166928-18-000014,2017-12-31
1166928,"WEST BANCORPORATION, INC.",PaymentsOfDividendsCommonStock,2107,10-K,0001166928-18-000014,2015-12-31
1166928,"WEST BANCORPORATION, INC.",PaymentsOfDividendsCommonStock,2107,10-K,0001166928-18-000014,2016-12-31
1166928,"WEST BANCORPORATION, INC.",PaymentsOfDividendsCommonStock,2107,10-K,0001166928-18-000014,2017-12-31
1166928,"WEST BANCORPORATION, INC.",PaymentsToAcquirePropertyPlantAndEquipment,2107,10-K,0001166928-18-000014,2015-12-31
1166928,"WEST BANCORPORATION, INC.",PaymentsToAcquirePropertyPlantAndEquipment,2107,10-K,0001166928-18-000014,2016-12-31
1166928,"WEST BANCORPORATION, INC.",PaymentsToAcquirePropertyPlantAndEquipment,2107,10-K,0001166928-18-000014,2017-12-31
1166928,"WEST BANCORPORATION, INC.",ShareBasedCompensation,2107,10-K,0001166928-18-000014,2015-12-31
1166928,"WEST BANCORPORATION, INC.",ShareBasedCompensation,2107,10-K,0001166928-18-000014,2016-12-31
1166928,"WEST BANCORPORATION, INC.",ShareBasedCompensation,2107,10-K,0001166928-18-000014,2017-12-31
1166928,"WEST BANCORPORATION, INC.",StockholdersEquity,2107,10-K,0001166928-18-000014,2014-12-31
1166928,"WEST BANCORPORATION, INC.",StockholdersEquity,2107,10-K,0001166928-18-000014,2015-12-31
1166928,"WEST BANCORPORATION, INC.",StockholdersEquity,2107,10-K,0001166928-18-000014,2016-12-31
1166928,"WEST BANCORPORATION, INC.",StockholdersEquity,2107,10-K,0001166928-18-000014,2017-12-31
1166928,"WEST BANCORPORATION, INC.",WeightedAverageNumberOfDilutedSharesOutstanding,2107,10-K,0001166928-18-000014,2015-12-31
1166928,"WEST BANCORPORATION, INC.",WeightedAverageNumberOfDilutedSharesOutstanding,2107,10-K,0001166928-18-000014,2016-12-31
1166928,"WEST BANCORPORATION, INC.",WeightedAverageNumberOfDilutedSharesOutstanding,2107,10-K,0001166928-18-000014,2017-12-31
1245791,"GI DYNAMICS, INC.",AllocatedShareBasedCompensationExpense,2108,10-Q,0001564590-18-013665,2017-03-31
1245791,"GI DYNAMICS, INC.",AllocatedShareBasedCompensationExpense,2108,10-Q,0001564590-18-013665,2018-03-31
1245791,"GI DYNAMICS, INC.",CashAndCashEquivalentsAtCarryingValue,2108,10-Q,0001564590-18-013665,2017-12-31
1245791,"GI DYNAMICS, INC.",CashAndCashEquivalentsAtCarryingValue,2108,10-Q,0001564590-18-013665,2018-03-31
1245791,"GI DYNAMICS, INC.",CashCashEquivalentsRestrictedCashAndRestrictedCashEquivalents,2108,10-Q,0001564590-18-013665,2016-12-31
1245791,"GI DYNAMICS, INC.",CashCashEquivalentsRestrictedCashAndRestrictedCashEquivalents,2108,10-Q,0001564590-18-013665,2017-03-31
1245791,"GI DYNAMICS, INC.",CashCashEquivalentsRestrictedCashAndRestrictedCashEquivalents,2108,10-Q,0001564590-18-013665,2017-12-31
1245791,"GI DYNAMICS, INC.",CashCashEquivalentsRestrictedCashAndRestrictedCashEquivalents,2108,10-Q,0001564590-18-013665,2018-03-31
1245791,"GI DYNAMICS, INC.",IncomeLossFromContinuingOperationsBeforeIncomeTaxesExtraordinaryItemsNoncontrollingInterest,2108,10-Q,0001564590-18-013665,2017-03-31
1245791,"GI DYNAMICS, INC.",IncomeLossFromContinuingOperationsBeforeIncomeTaxesExtraordinaryItemsNoncontrollingInterest,2108,10-Q,0001564590-18-013665,2018-03-31
1245791,"GI DYNAMICS, INC.",IncomeTaxExpenseBenefit,2108,10-Q,0001564590-18-013665,2017-03-31
1245791,"GI DYNAMICS, INC.",IncomeTaxExpenseBenefit,2108,10-Q,0001564590-18-013665,2018-03-31
1245791,"GI DYNAMICS, INC.",NetCashProvidedByUsedInOperatingActivitiesContinuingOperations,2108,10-Q,0001564590-18-013665,2017-03-31
1245791,"GI DYNAMICS, INC.",NetCashProvidedByUsedInOperatingActivitiesContinuingOperations,2108,10-Q,0001564590-18-013665,2018-03-31
1245791,"GI DYNAMICS, INC.",NetIncomeLoss,2108,10-Q,0001564590-18-013665,2017-03-31
1245791,"GI DYNAMICS, INC.",NetIncomeLoss,2108,10-Q,0001564590-18-013665,2018-03-31
1245791,"GI DYNAMICS, INC.",OperatingIncomeLoss,2108,10-Q,0001564590-18-013665,2017-03-31
1245791,"GI DYNAMICS, INC.",OperatingIncomeLoss,2108,10-Q,0001564590-18-013665,2018-03-31
1245791,"GI DYNAMICS, INC.",Revenues,2108,10-Q,0001564590-18-013665,2017-03-31
1245791,"GI DYNAMICS, INC.",Revenues,2108,10-Q,0001564590-18-013665,2018-03-31
1245791,"GI DYNAMICS, INC.",ShareBasedCompensation,2108,10-Q,0001564590-18-013665,2017-03-31
1245791,"GI DYNAMICS, INC.",ShareBasedCompensation,2108,10-Q,0001564590-18-013665,2018-03-31
1245791,"GI DYNAMICS, INC.",StockholdersEquity,2108,10-Q,0001564590-18-013665,2017-12-31
1245791,"GI DYNAMICS, INC.",StockholdersEquity,2108,10-Q,0001564590-18-013665,2018-03-31
1401521,American Coastal Insurance Corporation,AllocatedShareBasedCompensationExpense,43101,10-Q,0001401521-18-000052,2017-03-31
1401521,American Coastal Insurance Corporation,AllocatedShareBasedCompensationExpense,43101,10-Q,0001401521-18-000085,2017-06-30
1401521,American Coastal Insurance Corporation,AllocatedShareBasedCompensationExpense,43101,10-Q,0001401521-18-000085,2017-06-30
1401521,American Coastal Insurance Corporation,AllocatedShareBasedCompensationExpense,43101,10-Q,0001401521-18-000052,2018-03-31
1401521,American Coastal Insurance Corporation,AllocatedShareBasedCompensationExpense,43101,10-Q,0001401521-18-000085,2018-06-30
1401521,American Coastal Insurance Corporation,AllocatedShareBasedCompensationExpense,43101,10-Q,0001401521-18-000085,2018-06-30
1401521,American Coastal Insurance Corporation,CashAndCashEquivalentsAtCarryingValue,43101,10-Q,0001401521-18-000052,2016-12-31
1401521,American Coastal Insurance Corporation,CashAndCashEquivalentsAtCarryingValue,43101,10-Q,0001401521-18-000052,2017-03-31
1401521,American Coastal Insurance Corporation,CashAndCashEquivalentsAtCarryingValue,43101,10-Q,0001401521-18-000052,2017-12-31
1401521,American Coastal Insurance Corporation,CashAndCashEquivalentsAtCarryingValue,43101,10-Q,0001401521-18-000085,2017-12-31
1401521,American Coastal Insurance Corporation,CashAndCashEquivalentsAtCarryingValue,43101,10-Q,0001401521-18-000052,2018-03-31
1401521,American Coastal Insurance Corporation,CashAndCashEquivalentsAtCarryingValue,43101,10-Q,0001401521-18-000085,2018-06-30
1401521,American Coastal Insurance Corporation,CashCashEquivalentsRestrictedCashAndRestrictedCashEquivalents,43101,10-Q,0001401521-18-000085,2016-12-31
1401521,American Coastal Insurance Corporation,CashCashEquivalentsRestrictedCashAndRestrictedCashEquivalents,43101,10-Q,0001401521-18-000085,2017-06-30
1401521,American Coastal Insurance Corporation,CashCashEquivalentsRestrictedCashAndRestrictedCashEquivalents,43101,10-Q,0001401521-18-000085,2017-12-31
1401521,American Coastal Insurance Corporation,CashCashEquivalentsRestrictedCashAndRestrictedCashEquivalents,43101,10-Q,0001401521-18-000085,2018-06-30
1401521,American Coastal Insurance Corporation,DepreciationDepletionAndAmortization,43101,10-Q,0001401521-18-000052,2017-03-31
1401521,American Coastal Insurance Corporation,DepreciationDepletionAndAmortization,43101,10-Q,0001401521-18-000085,2017-06-30
1401521,American Coastal Insurance Corporation,DepreciationDepletionAndAmortization,43101,10-Q,0001401521-18-000085,2017-06-30
1401521,American Coastal Insurance Corporation,DepreciationDepletionAndAmortization,43101,10-Q,0001401521-18-000052,2018-03-31
1401521,American Coastal Insurance Corporation,DepreciationDepletionAndAmortization,43101,10-Q,0001401521-18-000085,2018-06-30
1401521,American Coastal Insurance Corporation,DepreciationDepletionAndAmortization,43101,10-Q,0001401521-18-000085,2018-06-30
1401521,American Coastal Insurance Corporation,FiniteLivedIntangibleAssetsNet,43101,10-Q,0001401521-18-000052,2017-12-31
1401521,American Coastal Insurance Corporation,FiniteLivedIntangibleAssetsNet,43101,10-Q,0001401521-18-000085,2017-12-31
1401521,American Coastal Insurance Corporation,FiniteLivedIntangibleAssetsNet,43101,10-Q,0001401521-18-000052,2018-03-31
1401521,American Coastal Insurance Corporation,FiniteLivedIntangibleAssetsNet,43101,10-Q,0001401521-18-000085,2018-06-30
1401521,American Coastal Insurance Corporation,Goodwill,43101,10-Q,0001401521-18-000052,2017-12-31
1401521,American Coastal Insurance Corporation,Goodwill,43101,10-Q,0001401521-18-000085,2017-12-31
1401521,American Coastal Insurance Corporation,Goodwill,43101,10-Q,0001401521-18-000052,2018-03-31
1401521,American Coastal Insurance Corporation,Goodwill,43101,10-Q,0001401521-18-000085,2018-06-30
1401521,American Coastal Insurance Corporation,IncomeTaxExpenseBenefit,43101,10-Q,0001401521-18-000052,2017-03-31
1401521,American Coastal Insurance Corporation,IncomeTaxExpenseBenefit,43101,10-Q,0001401521-18-000085,2017-06-30
1401521,American Coastal Insurance Corporation,IncomeTaxExpenseBenefit,43101,10-Q,0001401521-18-000085,2017-06-30
1401521,American Coastal Insurance Corporation,IncomeTaxExpenseBenefit,43101,10-Q,0001401521-18-000052,2018-03-31
1401521,American Coastal Insurance Corporation,IncomeTaxExpenseBenefit,43101,10-Q,0001401521-18-000085,2018-06-30
1401521,American Coastal Insurance Corporation,IncomeTaxExpenseBenefit,43101,10-Q,0001401521-18-000085,2018-06-30
1401521,American Coastal Insurance Corporation,IntangibleAssetsNetExcludingGoodwill,43101,10-Q,0001401521-18-000052,2017-12-31
1401521,American Coastal Insurance Corporation,IntangibleAssetsNetExcludingGoodwill,43101,10-Q,0001401521-18-000085,2017-12-31
1401521,American Coastal Insurance Corporation,IntangibleAssetsNetExcludingGoodwill,43101,10-Q,0001401521-18-000052,2018-03-31
1401521,American Coastal Insurance Corporation,IntangibleAssetsNetExcludingGoodwill,43101,10-Q,0001401521-18-000085,2018-06-30
1401521,American Coastal Insurance Corporation,NetCashProvidedByUsedInOperatingActivities,43101,10-Q,0001401521-18-000052,2017-03-31
1401521,American Coastal Insurance Corporation,NetCashProvidedByUsedInOperatingActivities,43101,10-Q,0001401521-18-000085,2017-06-30
1401521,American Coastal Insurance Corporation,NetCashProvidedByUsedInOperatingActivities,43101,10-Q,0001401521-18-000052,2018-03-31
1401521,American Coastal Insurance Corporation,NetCashProvidedByUsedInOperatingActivities,43101,10-Q,0001401521-18-000085,2018-06-30
1401521,American Coastal Insurance Corporation,NetIncomeLoss,43101,10-Q,0001401521-18-000052,2017-03-31
1401521,American Coastal Insurance Corporation,NetIncomeLoss,43101,10-Q,0001401521-18-000085,2017-06-30
1401521,American Coastal Insurance Corporation,NetIncomeLoss,43101,10-Q,0001401521-18-000085,2017-06-30
1401521,American Coastal Insurance Corporation,NetIncomeLoss,43101,10-Q,0001401521-18-000052,2018-03-31
1401521,American Coastal Insurance Corporation,NetIncomeLoss,43101,10-Q,0001401521-18-000085,2018-06-30
1401521,American Coastal Insurance Corporation,NetIncomeLoss,43101,10-Q,0001401521-18-000085,2018-06-30
1401521,American Coastal Insurance Corporation,OperatingIncomeLoss,43101,10-Q,0001401521-18-000052,2017-03-31
1401521,American Coastal Insurance Corporation,OperatingIncomeLoss,43101,10-Q,0001401521-18-000085,2017-06-30
1401521,American Coastal Insurance Corporation,OperatingIncomeLoss,43101,10-Q,0001401521-18-000085,2017-06-30
1401521,American Coastal Insurance Corporation,OperatingIncomeLoss,43101,10-Q,0001401521-18-000052,2018-03-31
1401521,American Coastal Insurance Corporation,OperatingIncomeLoss,43101,10-Q,0001401521-18-000085,2018-06-30
1401521,American Coastal Insurance Corporation,OperatingIncomeLoss,43101,10-Q,0001401521-18-000085,2018-06-30
1401521,American Coastal Insurance Corporation,PaymentsOfDividends,43101,10-Q,0001401521-18-000052,2017-03-31
1401521,American Coastal Insurance Corporation,PaymentsOfDividends,43101,10-Q,0001401521-18-000085,2017-06-30
1401521,American Coastal Insurance Corporation,PaymentsOfDividends,43101,10-Q,0001401521-18-000052,2018-03-31
1401521,American Coastal Insurance Corporation,PaymentsOfDividends,43101,10-Q,0001401521-18-000085,2018-06-30
1401521,American Coastal Insurance Corporation,PaymentsToAcquirePropertyPlantAndEquipment,43101,10-Q,0001401521-18-000052,2017-03-31
1401521,American Coastal Insurance Corporation,PaymentsToAcquirePropertyPlantAndEquipment,43101,10-Q,0001401521-18-000085,2017-06-30
1401521,American Coastal Insurance Corporation,PaymentsToAcquirePropertyPlantAndEquipment,43101,10-Q,0001401521-18-000052,2018-03-31
1401521,American Coastal Insurance Corporation,PaymentsToAcquirePropertyPlantAndEquipment,43101,10-Q,0001401521-18-000085,2018-06-30
1401521,American Coastal Insurance Corporation,Revenues,43101,10-Q,0001401521-18-000052,2017-03-31
1401521,American Coastal Insurance Corporation,Revenues,43101,10-Q,0001401521-18-000085,2017-06-30
1401521,American Coastal Insurance Corporation,Revenues,43101,10-Q,0001401521-18-000085,2017-06-30
1401521,American Coastal Insurance Corporation,Revenues,43101,10-Q,0001401521-18-000052,2018-03-31
1401521,American Coastal Insurance Corporation,Revenues,43101,10-Q,0001401521-18-000085,2018-06-30
1401521,American Coastal Insurance Corporation,Revenues,43101,10-Q,0001401521-18-000085,2018-06-30
1401521,American Coastal Insurance Corporation,ShareBasedCompensation,43101,10-Q,0001401521-18-000052,2017-03-31
1401521,American Coastal Insurance Corporation,ShareBasedCompensation,43101,10-Q,0001401521-18-000085,2017-06-30
1401521,American Coastal Insurance Corporation,ShareBasedCompensation,43101,10-Q,0001401521-18-000052,2018-03-31
1401521,American Coastal Insurance Corporation,ShareBasedCompensation,43101,10-Q,0001401521-18-000085,2018-06-30
1401521,American Coastal Insurance Corporation,StockholdersEquity,43101,10-Q,0001401521-18-000052,2017-12-31
1401521,American Coastal Insurance Corporation,StockholdersEquity,43101,10-Q,0001401521-18-000085,2017-12-31
1401521,American Coastal Insurance Corporation,StockholdersEquity,43101,10-Q,0001401521-18-000052,2018-03-31
1401521,American Coastal Insurance Corporation,StockholdersEquity,43101,10-Q,0001401521-18-000085,2018-06-30
1401521,American Coastal Insurance Corporation,WeightedAverageNumberOfDilutedSharesOutstanding,43101,10-Q,0001401521-18-000052,2017-03-31
1401521,American Coastal Insurance Corporation,WeightedAverageNumberOfDilutedSharesOutstanding,43101,10-Q,0001401521-18-000085,2017-06-30
1401521,American Coastal Insurance Corporation,WeightedAverageNumberOfDilutedSharesOutstanding,43101,10-Q,0001401521-18-000085,2017-06-30
1401521,American Coastal Insurance Corporation,WeightedAverageNumberOfDilutedSharesOutstanding,43101,10-Q,0001401521-18-000052,2018-03-31
1401521,American Coastal Insurance Corporation,WeightedAverageNumberOfDilutedSharesOutstanding,43101,10-Q,0001401521-18-000085,2018-06-30
1401521,American Coastal Insurance Corporation,WeightedAverageNumberOfDilutedSharesOutstanding,43101,10-Q,0001401521-18-000085,2018-06-30
1482430,"KBS REAL ESTATE INVESTMENT TRUST III, INC.",CashAndCashEquivalentsAtCarryingValue,1905,10-Q,0001482430-19-000062,2018-12-31
1482430,"KBS REAL ESTATE INVESTMENT TRUST III, INC.",CashAndCashEquivalentsAtCarryingValue,1905,10-Q,0001482430-19-000062,2019-09-30
1482430,"KBS REAL ESTATE INVESTMENT TRUST III, INC.",CashAndCashEquivalentsAtCarryingValue,1905,10-Q,0001482430-20-000027,2019-12-31
1482430,"KBS REAL ESTATE INVESTMENT TRUST III, INC.",CashAndCashEquivalentsAtCarryingValue,1905,10-Q,0001482430-20-000027,2020-03-31
1482430,"KBS REAL ESTATE INVESTMENT TRUST III, INC.",CashCashEquivalentsRestrictedCashAndRestrictedCashEquivalents,1905,10-Q,0001482430-19-000062,2017-12-31
1482430,"KBS REAL ESTATE INVESTMENT TRUST III, INC.",CashCashEquivalentsRestrictedCashAndRestrictedCashEquivalents,1905,10-Q,0001482430-19-000062,2018-09-30
1482430,"KBS REAL ESTATE INVESTMENT TRUST III, INC.",CashCashEquivalentsRestrictedCashAndRestrictedCashEquivalents,1905,10-Q,0001482430-19-000062,2018-12-31
1482430,"KBS REAL ESTATE INVESTMENT TRUST III, INC.",CashCashEquivalentsRestrictedCashAndRestrictedCashEquivalents,1905,10-Q,0001482430-20-000027,2018-12-31
1482430,"KBS REAL ESTATE INVESTMENT TRUST III, INC.",CashCashEquivalentsRestrictedCashAndRestrictedCashEquivalents,1905,10-Q,0001482430-20-000027,2019-03-31
1482430,"KBS REAL ESTATE INVESTMENT TRUST III, INC.",CashCashEquivalentsRestrictedCashAndRestrictedCashEquivalents,1905,10-Q,0001482430-19-000062,2019-09-30
1482430,"KBS REAL ESTATE INVESTMENT TRUST III, INC.",CashCashEquivalentsRestrictedCashAndRestrictedCashEquivalents,1905,10-Q,0001482430-20-000027,2019-12-31
1482430,"KBS REAL ESTATE INVESTMENT TRUST III, INC.",CashCashEquivalentsRestrictedCashAndRestrictedCashEquivalents,1905,10-Q,0001482430-20-000027,2020-03-31
1482430,"KBS REAL ESTATE INVESTMENT TRUST III, INC.",DepreciationDepletionAndAmortization,1905,10-Q,0001482430-19-000062,2018-09-30
1482430,"KBS REAL ESTATE INVESTMENT TRUST III, INC.",DepreciationDepletionAndAmortization,1905,10-Q,0001482430-19-000062,2018-09-30
1482430,"KBS REAL ESTATE INVESTMENT TRUST III, INC.",DepreciationDepletionAndAmortization,1905,10-Q,0001482430-20-000027,2019-03-31
1482430,"KBS REAL ESTATE INVESTMENT TRUST III, INC.",DepreciationDepletionAndAmortization,1905,10-Q,0001482430-19-000062,2019-09-30
1482430,"KBS REAL ESTATE INVESTMENT TRUST III, INC.",DepreciationDepletionAndAmortization,1905,10-Q,0001482430-19-000062,2019-09-30
1482430,"KBS REAL ESTATE INVESTMENT TRUST III, INC.",DepreciationDepletionAndAmortization,1905,10-Q,0001482430-20-000027,2020-03-31
1482430,"KBS REAL ESTATE INVESTMENT TRUST III, INC.",NetCashProvidedByUsedInOperatingActivities,1905,10-Q,0001482430-19-000062,2018-09-30
1482430,"KBS REAL ESTATE INVESTMENT TRUST III, INC.",NetCashProvidedByUsedInOperatingActivities,1905,10-Q,0001482430-20-000027,2019-03-31
1482430,"KBS REAL ESTATE INVESTMENT TRUST III, INC.",NetCashProvidedByUsedInOperatingActivities,1905,10-Q,0001482430-19-000062,2019-09-30
1482430,"KBS REAL ESTATE INVESTMENT TRUST III, INC.",NetCashProvidedByUsedInOperatingActivities,1905,10-Q,0001482430-20-000027,2020-03-31
1482430,"KBS REAL ESTATE INVESTMENT TRUST III, INC.",NetIncomeLoss,1905,10-Q,0001482430-19-000062,2018-09-30
1482430,"KBS REAL ESTATE INVESTMENT TRUST III, INC.",NetIncomeLoss,1905,10-Q,0001482430-19-000062,2018-09-30
1482430,"KBS REAL ESTATE INVESTMENT TRUST III, INC.",NetIncomeLoss,1905,10-Q,0001482430-20-000027,2019-03-31
1482430,"KBS REAL ESTATE INVESTMENT TRUST III, INC.",NetIncomeLoss,1905,10-Q,0001482430-19-000062,2019-09-30
1482430,"KBS REAL ESTATE INVESTMENT TRUST III, INC.",NetIncomeLoss,1905,10-Q,0001482430-19-000062,2019-09-30
1482430,"KBS REAL ESTATE INVESTMENT TRUST III, INC.",NetIncomeLoss,1905,10-Q,0001482430-20-000027,2020-03-31
1482430,"KBS REAL ESTATE INVESTMENT TRUST III, INC.",PaymentsForCapitalImprovements,1905,10-Q,0001482430-19-000062,2018-09-30
1482430,"KBS REAL ESTATE INVESTMENT TRUST III, INC.",PaymentsForCapitalImprovements,1905,10-Q,0001482430-20-000027,2019-03-31
1482430,"KBS REAL ESTATE INVESTMENT TRUST III, INC.",PaymentsForCapitalImprovements,1905,10-Q,0001482430-19-000062,2019-09-30
1482430,"KBS REAL ESTATE INVESTMENT TRUST III, INC.",PaymentsForCapitalImprovements,1905,10-Q,0001482430-20-000027,2020-03-31
1482430,"KBS REAL ESTATE INVESTMENT TRUST III, INC.",PaymentsForRepurchaseOfCommonStock,1905,10-Q,0001482430-19-000062,2018-09-30
1482430,"KBS REAL ESTATE INVESTMENT TRUST III, INC.",PaymentsForRepurchaseOfCommonStock,1905,10-Q,0001482430-20-000027,2019-03-31
1482430,"KBS REAL ESTATE INVESTMENT TRUST III, INC.",PaymentsForRepurchaseOfCommonStock,1905,10-Q,0001482430-19-000062,2019-09-30
1482430,"KBS REAL ESTATE INVESTMENT TRUST III, INC.",PaymentsForRepurchaseOfCommonStock,1905,10-Q,0001482430-20-000027,2020-03-31
1482430,"KBS REAL ESTATE INVESTMENT TRUST III, INC.",PaymentsOfDividendsCommonStock,1905,10-Q,0001482430-19-000062,2018-09-30
1482430,"KBS REAL ESTATE INVESTMENT TRUST III, INC.",PaymentsOfDividendsCommonStock,1905,10-Q,0001482430-20-000027,2019-03-31
1482430,"KBS REAL ESTATE INVESTMENT TRUST III, INC.",PaymentsOfDividendsCommonStock,1905,10-Q,0001482430-19-000062,2019-09-30
1482430,"KBS REAL ESTATE INVESTMENT TRUST III, INC.",PaymentsOfDividendsCommonStock,1905,10-Q,0001482430-20-000027,2020-03-31
1482430,"KBS REAL ESTATE INVESTMENT TRUST III, INC.",ProfitLoss,1905,10-Q,0001482430-19-000062,2018-09-30
1482430,"KBS REAL ESTATE INVESTMENT TRUST III, INC.",ProfitLoss,1905,10-Q,0001482430-19-000062,2018-09-30
1482430,"KBS REAL ESTATE INVESTMENT TRUST III, INC.",ProfitLoss,1905,10-Q,0001482430-20-000027,2019-03-31
1482430,"KBS REAL ESTATE INVESTMENT TRUST III, INC.",ProfitLoss,1905,10-Q,0001482430-19-000062,2019-09-30
1482430,"KBS REAL ESTATE INVESTMENT TRUST III, INC.",ProfitLoss,1905,10-Q,0001482430-19-000062,2019-09-30
1482430,"KBS REAL ESTATE INVESTMENT TRUST III, INC.",ProfitLoss,1905,10-Q,0001482430-20-000027,2020-03-31
1482430,"KBS REAL ESTATE INVESTMENT TRUST III, INC.",RevenueFromContractWithCustomerIncludingAssessedTax,1905,10-Q,0001482430-19-000062,2018-09-30
1482430,"KBS REAL ESTATE INVESTMENT TRUST III, INC.",RevenueFromContractWithCustomerIncludingAssessedTax,1905,10-Q,0001482430-19-000062,2018-09-30
1482430,"KBS REAL ESTATE INVESTMENT TRUST III, INC.",RevenueFromContractWithCustomerIncludingAssessedTax,1905,10-Q,0001482430-20-000027,2019-03-31
1482430,"KBS REAL ESTATE INVESTMENT TRUST III, INC.",RevenueFromContractWithCustomerIncludingAssessedTax,1905,10-Q,0001482430-19-000062,2019-09-30
1482430,"KBS REAL ESTATE INVESTMENT TRUST III, INC.",RevenueFromContractWithCustomerIncludingAssessedTax,1905,10-Q,0001482430-19-000062,2019-09-30
1482430,"KBS REAL ESTATE INVESTMENT TRUST III, INC.",RevenueFromContractWithCustomerIncludingAssessedTax,1905,10-Q,0001482430-20-000027,2020-03-31
1482430,"KBS REAL ESTATE INVESTMENT TRUST III, INC.",Revenues,1905,10-Q,0001482430-19-000062,2018-09-30
1482430,"KBS REAL ESTATE INVESTMENT TRUST III, INC.",Revenues,1905,10-Q,0001482430-19-000062,2018-09-30
1482430,"KBS REAL ESTATE INVESTMENT TRUST III, INC.",Revenues,1905,10-Q,0001482430-20-000027,2019-03-31
1482430,"KBS REAL ESTATE INVESTMENT TRUST III, INC.",Revenues,1905,10-Q,0001482430-19-000062,2019-09-30
1482430,"KBS REAL ESTATE INVESTMENT TRUST III, INC.",Revenues,1905,10-Q,0001482430-19-000062,2019-09-30
1482430,"KBS REAL ESTATE INVESTMENT TRUST III, INC.",Revenues,1905,10-Q,0001482430-20-000027,2020-03-31
1482430,"KBS REAL ESTATE INVESTMENT TRUST III, INC.",StockholdersEquity,1905,10-Q,0001482430-19-000062,2018-12-31
1482430,"KBS REAL ESTATE INVESTMENT TRUST III, INC.",StockholdersEquity,1905,10-Q,0001482430-19-000062,2019-09-30
1482430,"KBS REAL ESTATE INVESTMENT TRUST III, INC.",StockholdersEquity,1905,10-Q,0001482430-20-000027,2019-12-31
1482430,"KBS REAL ESTATE INVESTMENT TRUST III, INC.",StockholdersEquity,1905,10-Q,0001482430-20-000027,2020-03-31
1482430,"KBS REAL ESTATE INVESTMENT TRUST III, INC.",StockholdersEquityIncludingPortionAttributableToNoncontrollingInterest,1905,10-Q,0001482430-19-000062,2017-12-31
1482430,"KBS REAL ESTATE INVESTMENT TRUST III, INC.",StockholdersEquityIncludingPortionAttributableToNoncontrollingInterest,1905,10-Q,0001482430-19-000062,2018-06-30
1482430,"KBS REAL ESTATE INVESTMENT TRUST III, INC.",StockholdersEquityIncludingPortionAttributableToNoncontrollingInterest,1905,10-Q,0001482430-19-000062,2018-09-30
1482430,"KBS REAL ESTATE INVESTMENT TRUST III, INC.",StockholdersEquityIncludingPortionAttributableToNoncontrollingInterest,1905,10-Q,0001482430-19-000062,2018-12-31
1482430,"KBS REAL ESTATE INVESTMENT TRUST III, INC.",StockholdersEquityIncludingPortionAttributableToNoncontrollingInterest,1905,10-Q,0001482430-20-000027,2018-12-31
1482430,"KBS REAL ESTATE INVESTMENT TRUST III, INC.",StockholdersEquityIncludingPortionAttributableToNoncontrollingInterest,1905,10-Q,0001482430-20-000027,2019-03-31
1482430,"KBS REAL ESTATE INVESTMENT TRUST III, INC.",StockholdersEquityIncludingPortionAttributableToNoncontrollingInterest,1905,10-Q,0001482430-19-000062,2019-06-30
1482430,"KBS REAL ESTATE INVESTMENT TRUST III, INC.",StockholdersEquityIncludingPortionAttributableToNoncontrollingInterest,1905,10-Q,0001482430-19-000062,2019-09-30
1482430,"KBS REAL ESTATE INVESTMENT TRUST III, INC.",StockholdersEquityIncludingPortionAttributableToNoncontrollingInterest,1905,10-Q,0001482430-20-000027,2019-12-31
1482430,"KBS REAL ESTATE INVESTMENT TRUST III, INC.",StockholdersEquityIncludingPortionAttributableToNoncontrollingInterest,1905,10-Q,0001482430-20-000027,2020-03-31
1501134,Invitae Corporation,AllocatedShareBasedCompensationExpense,43465,10-K,0001501134-19-000022,2016-12-31
1501134,Invitae Corporation,AllocatedShareBasedCompensationExpense,43465,10-K,0001501134-19-000022,2017-12-31
1501134,Invitae Corporation,AllocatedShareBasedCompensationExpense,43465,10-K,0001501134-19-000022,2018-12-31
1501134,Invitae Corporation,CashAndCashEquivalentsAtCarryingValue,43465,10-K,0001501134-19-000022,2017-12-31
1501134,Invitae Corporation,CashAndCashEquivalentsAtCarryingValue,43465,10-K,0001501134-19-000022,2018-12-31
1501134,Invitae Corporation,CashCashEquivalentsRestrictedCashAndRestrictedCashEquivalents,43465,10-K,0001501134-19-000022,2015-12-31
1501134,Invitae Corporation,CashCashEquivalentsRestrictedCashAndRestrictedCashEquivalents,43465,10-K,0001501134-19-000022,2016-12-31
1501134,Invitae Corporation,CashCashEquivalentsRestrictedCashAndRestrictedCashEquivalents,43465,10-K,0001501134-19-000022,2017-12-31
1501134,Invitae Corporation,CashCashEquivalentsRestrictedCashAndRestrictedCashEquivalents,43465,10-K,0001501134-19-000022,2018-12-31
1501134,Invitae Corporation,DepreciationDepletionAndAmortization,43465,10-K,0001501134-19-000022,2016-12-31
1501134,Invitae Corporation,DepreciationDepletionAndAmortization,43465,10-K,0001501134-19-000022,2017-12-31
1501134,Invitae Corporation,DepreciationDepletionAndAmortization,43465,10-K,0001501134-19-000022,2018-12-31
1501134,Invitae Corporation,FiniteLivedIntangibleAssetsNet,43465,10-K,0001501134-19-000022,2017-12-31
1501134,Invitae Corporation,FiniteLivedIntangibleAssetsNet,43465,10-K,0001501134-19-000022,2018-12-31
1501134,Invitae Corporation,Goodwill,43465,10-K,0001501134-19-000022,2017-12-31
1501134,Invitae Corporation,Goodwill,43465,10-K,0001501134-19-000022,2018-12-31
1501134,Invitae Corporation,IncomeLossFromContinuingOperationsBeforeIncomeTaxesExtraordinaryItemsNoncontrollingInterest,43465,10-K,0001501134-19-000022,2016-12-31
1501134,Invitae Corporation,IncomeLossFromContinuingOperationsBeforeIncomeTaxesExtraordinaryItemsNoncontrollingInterest,43465,10-K,0001501134-19-000022,2017-12-31
1501134,Invitae Corporation,IncomeLossFromContinuingOperationsBeforeIncomeTaxesExtraordinaryItemsNoncontrollingInterest,43465,10-K,0001501134-19-000022,2018-12-31
1501134,Invitae Corporation,IncomeTaxExpenseBenefit,43465,10-K,0001501134-19-000022,2016-12-31
1501134,Invitae Corporation,IncomeTaxExpenseBenefit,43465,10-K,0001501134-19-000022,2017-12-31
1501134,Invitae Corporation,IncomeTaxExpenseBenefit,43465,10-K,0001501134-19-000022,2018-12-31
1501134,Invitae Corporation,LongTermDebtNoncurrent,43465,10-K,0001501134-19-000022,2017-12-31
1501134,Invitae Corporation,LongTermDebtNoncurrent,43465,10-K,0001501134-19-000022,2018-12-31
1501134,Invitae Corporation,NetCashProvidedByUsedInOperatingActivities,43465,10-K,0001501134-19-000022,2016-12-31
1501134,Invitae Corporation,NetCashProvidedByUsedInOperatingActivities,43465,10-K,0001501134-19-000022,2017-12-31
1501134,Invitae Corporation,NetCashProvidedByUsedInOperatingActivities,43465,10-K,0001501134-19-000022,2018-12-31
1501134,Invitae Corporation,NetIncomeLoss,43465,10-K,0001501134-19-000022,2016-12-31
1501134,Invitae Corporation,NetIncomeLoss,43465,10-K,0001501134-19-000022,2017-03-31
1501134,Invitae Corporation,NetIncomeLoss,43465,10-K,0001501134-19-000022,2017-06-30
1501134,Invitae Corporation,NetIncomeLoss,43465,10-K,0001501134-19-000022,2017-09-30
1501134,Invitae Corporation,NetIncomeLoss,43465,10-K,0001501134-19-000022,2017-12-31
1501134,Invitae Corporation,NetIncomeLoss,43465,10-K,0001501134-19-000022,2017-12-31
1501134,Invitae Corporation,NetIncomeLoss,43465,10-K,0001501134-19-000022,2018-03-31
1501134,Invitae Corporation,NetIncomeLoss,43465,10-K,0001501134-19-000022,2018-06-30
1501134,Invitae Corporation,NetIncomeLoss,43465,10-K,0001501134-19-000022,2018-09-30
1501134,Invitae Corporation,NetIncomeLoss,43465,10-K,0001501134-19-000022,2018-12-31
1501134,Invitae Corporation,NetIncomeLoss,43465,10-K,0001501134-19-000022,2018-12-31
1501134,Invitae Corporation,OperatingIncomeLoss,43465,10-K,0001501134-19-000022,2016-12-31
1501134,Invitae Corporation,OperatingIncomeLoss,43465,10-K,0001501134-19-000022,2017-03-31
1501134,Invitae Corporation,OperatingIncomeLoss,43465,10-K,0001501134-19-000022,2017-06-30
1501134,Invitae Corporation,OperatingIncomeLoss,43465,10-K,0001501134-19-000022,2017-09-30
1501134,Invitae Corporation,OperatingIncomeLoss,43465,10-K,0001501134-19-000022,2017-12-31
1501134,Invitae Corporation,OperatingIncomeLoss,43465,10-K,0001501134-19-000022,2017-12-31
1501134,Invitae Corporation,OperatingIncomeLoss,43465,10-K,0001501134-19-000022,2018-03-31
1501134,Invitae Corporation,OperatingIncomeLoss,43465,10-K,0001501134-19-000022,2018-06-30
1501134,Invitae Corporation,OperatingIncomeLoss,43465,10-K,0001501134-19-000022,2018-09-30
1501134,Invitae Corporation,OperatingIncomeLoss,43465,10-K,0001501134-19-000022,2018-12-31
1501134,Invitae Corporation,OperatingIncomeLoss,43465,10-K,0001501134-19-000022,2018-12-31
1501134,Invitae Corporation,PaymentsToAcquirePropertyPlantAndEquipment,43465,10-K,0001501134-19-000022,2016-12-31
1501134,Invitae Corporation,PaymentsToAcquirePropertyPlantAndEquipment,43465,10-K,0001501134-19-000022,2017-12-31
1501134,Invitae Corporation,PaymentsToAcquirePropertyPlantAndEquipment,43465,10-K,0001501134-19-000022,2018-12-31
1501134,Invitae Corporation,RevenueFromContractWithCustomerExcludingAssessedTax,43465,10-K,0001501134-19-000022,2016-12-31
1501134,Invitae Corporation,RevenueFromContractWithCustomerExcludingAssessedTax,43465,10-K,0001501134-19-000022,2017-03-31
1501134,Invitae Corporation,RevenueFromContractWithCustomerExcludingAssessedTax,43465,10-K,0001501134-19-000022,2017-06-30
1501134,Invitae Corporation,RevenueFromContractWithCustomerExcludingAssessedTax,43465,10-K,0001501134-19-000022,2017-09-30
1501134,Invitae Corporation,RevenueFromContractWithCustomerExcludingAssessedTax,43465,10-K,0001501134-19-000022,2017-12-31
1501134,Invitae Corporation,RevenueFromContractWithCustomerExcludingAssessedTax,43465,10-K,0001501134-19-000022,2017-12-31
1501134,Invitae Corporation,RevenueFromContractWithCustomerExcludingAssessedTax,43465,10-K,0001501134-19-000022,2018-03-31
1501134,Invitae Corporation,RevenueFromContractWithCustomerExcludingAssessedTax,43465,10-K,0001501134-19-000022,2018-06-30
1501134,Invitae Corporation,RevenueFromContractWithCustomerExcludingAssessedTax,43465,10-K,0001501134-19-000022,2018-09-30
1501134,Invitae Corporation,RevenueFromContractWithCustomerExcludingAssessedTax,43465,10-K,0001501134-19-000022,2018-12-31
1501134,Invitae Corporation,RevenueFromContractWithCustomerExcludingAssessedTax,43465,10-K,0001501134-19-000022,2018-12-31
1501134,Invitae Corporation,ShareBasedCompensation,43465,10-K,0001501134-19-000022,2016-12-31
1501134,Invitae Corporation,ShareBasedCompensation,43465,10-K,0001501134-19-000022,2017-12-31
1501134,Invitae Corporation,ShareBasedCompensation,43465,10-K,0001501134-19-000022,2018-12-31
1501134,Invitae Corporation,StockholdersEquity,43465,10-K,0001501134-19-000022,2015-12-31
1501134,Invitae Corporation,StockholdersEquity,43465,10-K,0001501134-19-000022,2016-12-31
1501134,Invitae Corporation,StockholdersEquity,43465,10-K,0001501134-19-000022,2017-12-31
1501134,Invitae Corporation,StockholdersEquity,43465,10-K,0001501134-19-000022,2018-12-31
1631256,"KBS GROWTH & INCOME REIT, INC.",CashAndCashEquivalentsAtCarryingValue,1905,10-K,0001631256-20-000011,2018-12-31
1631256,"KBS GROWTH & INCOME REIT, INC.",CashAndCashEquivalentsAtCarryingValue,1905,10-K,0001631256-20-000011,2019-12-31
1631256,"KBS GROWTH & INCOME REIT, INC.",CashAndCashEquivalentsAtCarryingValue,1905,10-K,0001631256-21-000008,2019-12-31
1631256,"KBS GROWTH & INCOME REIT, INC.",CashAndCashEquivalentsAtCarryingValue,1905,10-K,0001631256-21-000008,2020-12-31
1631256,"KBS GROWTH & INCOME REIT, INC.",CashCashEquivalentsRestrictedCashAndRestrictedCashEquivalents,1905,10-K,0001631256-20-000011,2016-12-31
1631256,"KBS GROWTH & INCOME REIT, INC.",CashCashEquivalentsRestrictedCashAndRestrictedCashEquivalents,1905,10-K,0001631256-20-000011,2017-12-31
1631256,"KBS GROWTH & INCOME REIT, INC.",CashCashEquivalentsRestrictedCashAndRestrictedCashEquivalents,1905,10-K,0001631256-21-000008,2017-12-31
1631256,"KBS GROWTH & INCOME REIT, INC.",CashCashEquivalentsRestrictedCashAndRestrictedCashEquivalents,1905,10-K,0001631256-20-000011,2018-12-31
1631256,"KBS GROWTH & INCOME REIT, INC.",CashCashEquivalentsRestrictedCashAndRestrictedCashEquivalents,1905,10-K,0001631256-21-000008,2018-12-31
1631256,"KBS GROWTH & INCOME REIT, INC.",CashCashEquivalentsRestrictedCashAndRestrictedCashEquivalents,1905,10-K,0001631256-20-000011,2019-12-31
1631256,"KBS GROWTH & INCOME REIT, INC.",CashCashEquivalentsRestrictedCashAndRestrictedCashEquivalents,1905,10-K,0001631256-21-000008,2019-12-31
1631256,"KBS GROWTH & INCOME REIT, INC.",CashCashEquivalentsRestrictedCashAndRestrictedCashEquivalents,1905,10-K,0001631256-21-000008,2020-12-31
1631256,"KBS GROWTH & INCOME REIT, INC.",DepreciationDepletionAndAmortization,1905,10-K,0001631256-20-000011,2017-12-31
1631256,"KBS GROWTH & INCOME REIT, INC.",DepreciationDepletionAndAmortization,1905,10-K,0001631256-20-000011,2018-12-31
1631256,"KBS GROWTH & INCOME REIT, INC.",DepreciationDepletionAndAmortization,1905,10-K,0001631256-21-000008,2018-12-31
1631256,"KBS GROWTH & INCOME REIT, INC.",DepreciationDepletionAndAmortization,1905,10-K,0001631256-20-000011,2019-12-31
1631256,"KBS GROWTH & INCOME REIT, INC.",DepreciationDepletionAndAmortization,1905,10-K,0001631256-21-000008,2019-12-31
1631256,"KBS GROWTH & INCOME REIT, INC.",DepreciationDepletionAndAmortization,1905,10-K,0001631256-21-000008,2020-12-31
1631256,"KBS GROWTH & INCOME REIT, INC.",NetCashProvidedByUsedInOperatingActivities,1905,10-K,0001631256-20-000011,2017-12-31
1631256,"KBS GROWTH & INCOME REIT, INC.",NetCashProvidedByUsedInOperatingActivities,1905,10-K,0001631256-20-000011,2018-12-31
1631256,"KBS GROWTH & INCOME REIT, INC.",NetCashProvidedByUsedInOperatingActivities,1905,10-K,0001631256-21-000008,2018-12-31
1631256,"KBS GROWTH & INCOME REIT, INC.",NetCashProvidedByUsedInOperatingActivities,1905,10-K,0001631256-20-000011,2019-12-31
1631256,"KBS GROWTH & INCOME REIT, INC.",NetCashProvidedByUsedInOperatingActivities,1905,10-K,0001631256-21-000008,2019-12-31
1631256,"KBS GROWTH & INCOME REIT, INC.",NetCashProvidedByUsedInOperatingActivities,1905,10-K,0001631256-21-000008,2020-12-31
1631256,"KBS GROWTH & INCOME REIT, INC.",NetIncomeLoss,1905,10-K,0001631256-20-000011,2017-12-31
1631256,"KBS GROWTH & INCOME REIT, INC.",NetIncomeLoss,1905,10-K,0001631256-20-000011,2018-12-31
1631256,"KBS GROWTH & INCOME REIT, INC.",NetIncomeLoss,1905,10-K,0001631256-21-000008,2018-12-31
1631256,"KBS GROWTH & INCOME REIT, INC.",NetIncomeLoss,1905,10-K,0001631256-21-000008,2019-03-31
1631256,"KBS GROWTH & INCOME REIT, INC.",NetIncomeLoss,1905,10-K,0001631256-21-000008,2019-06-30
1631256,"KBS GROWTH & INCOME REIT, INC.",NetIncomeLoss,1905,10-K,0001631256-21-000008,2019-09-30
1631256,"KBS GROWTH & INCOME REIT, INC.",NetIncomeLoss,1905,10-K,0001631256-20-000011,2019-12-31
1631256,"KBS GROWTH & INCOME REIT, INC.",NetIncomeLoss,1905,10-K,0001631256-21-000008,2019-12-31
1631256,"KBS GROWTH & INCOME REIT, INC.",NetIncomeLoss,1905,10-K,0001631256-21-000008,2019-12-31
1631256,"KBS GROWTH & INCOME REIT, INC.",NetIncomeLoss,1905,10-K,0001631256-21-000008,2020-03-31
1631256,"KBS GROWTH & INCOME REIT, INC.",NetIncomeLoss,1905,10-K,0001631256-21-000008,2020-06-30
1631256,"KBS GROWTH & INCOME REIT, INC.",NetIncomeLoss,1905,10-K,0001631256-21-000008,2020-09-30
1631256,"KBS GROWTH & INCOME REIT, INC.",NetIncomeLoss,1905,10-K,0001631256-21-000008,2020-12-31
1631256,"KBS GROWTH & INCOME REIT, INC.",NetIncomeLoss,1905,10-K,0001631256-21-000008,2020-12-31
1631256,"KBS GROWTH & INCOME REIT, INC.",PaymentsForCapitalImprovements,1905,10-K,0001631256-20-000011,2017-12-31
1631256,"KBS GROWTH & INCOME REIT, INC.",PaymentsForCapitalImprovements,1905,10-K,0001631256-20-000011,2018-12-31
1631256,"KBS GROWTH & INCOME REIT, INC.",PaymentsForCapitalImprovements,1905,10-K,0001631256-21-000008,2018-12-31
1631256,"KBS GROWTH & INCOME REIT, INC.",PaymentsForCapitalImprovements,1905,10-K,0001631256-20-000011,2019-12-31
1631256,"KBS GROWTH & INCOME REIT, INC.",PaymentsForCapitalImprovements,1905,10-K,0001631256-21-000008,2019-12-31
1631256,"KBS GROWTH & INCOME REIT, INC.",PaymentsForCapitalImprovements,1905,10-K,0001631256-21-000008,2020-12-31
1631256,"KBS GROWTH & INCOME REIT, INC.",PaymentsOfDividends,1905,10-K,0001631256-20-000011,2017-12-31
1631256,"KBS GROWTH & INCOME REIT, INC.",PaymentsOfDividends,1905,10-K,0001631256-20-000011,2018-12-31
1631256,"KBS GROWTH & INCOME REIT, INC.",PaymentsOfDividends,1905,10-K,0001631256-20-000011,2019-12-31
1631256,"KBS GROWTH & INCOME REIT, INC.",PaymentsOfDividendsCommonStock,1905,10-K,0001631256-20-000011,2017-12-31
1631256,"KBS GROWTH & INCOME REIT, INC.",PaymentsOfDividendsCommonStock,1905,10-K,0001631256-20-000011,2018-12-31
1631256,"KBS GROWTH & INCOME REIT, INC.",PaymentsOfDividendsCommonStock,1905,10-K,0001631256-21-000008,2018-12-31
1631256,"KBS GROWTH & INCOME REIT, INC.",PaymentsOfDividendsCommonStock,1905,10-K,0001631256-20-000011,2019-12-31
1631256,"KBS GROWTH & INCOME REIT, INC.",PaymentsOfDividendsCommonStock,1905,10-K,0001631256-21-000008,2019-12-31
1631256,"KBS GROWTH & INCOME REIT, INC.",PaymentsOfDividendsCommonStock,1905,10-K,0001631256-21-000008,2020-12-31
1631256,"KBS GROWTH & INCOME REIT, INC.",RevenueFromContractWithCustomerExcludingAssessedTax,1905,10-K,0001631256-21-000008,2018-12-31
1631256,"KBS GROWTH & INCOME REIT, INC.",RevenueFromContractWithCustomerExcludingAssessedTax,1905,10-K,0001631256-21-000008,2019-12-31
1631256,"KBS GROWTH & INCOME REIT, INC.",RevenueFromContractWithCustomerExcludingAssessedTax,1905,10-K,0001631256-21-000008,2020-12-31
1631256,"KBS GROWTH & INCOME REIT, INC.",Revenues,1905,10-K,0001631256-20-000011,2017-12-31
1631256,"KBS GROWTH & INCOME REIT, INC.",Revenues,1905,10-K,0001631256-20-000011,2018-03-31
1631256,"KBS GROWTH & INCOME REIT, INC.",Revenues,1905,10-K,0001631256-20-000011,2018-06-30
1631256,"KBS GROWTH & INCOME REIT, INC.",Revenues,1905,10-K,0001631256-20-000011,2018-09-30
1631256,"KBS GROWTH & INCOME REIT, INC.",Revenues,1905,10-K,0001631256-20-000011,2018-12-31
1631256,"KBS GROWTH & INCOME REIT, INC.",Revenues,1905,10-K,0001631256-21-000008,2018-12-31
1631256,"KBS GROWTH & INCOME REIT, INC.",Revenues,1905,10-K,0001631256-20-000011,2018-12-31
1631256,"KBS GROWTH & INCOME REIT, INC.",Revenues,1905,10-K,0001631256-20-000011,2019-03-31
1631256,"KBS GROWTH & INCOME REIT, INC.",Revenues,1905,10-K,0001631256-21-000008,2019-03-31
1631256,"KBS GROWTH & INCOME REIT, INC.",Revenues,1905,10-K,0001631256-20-000011,2019-06-30
1631256,"KBS GROWTH & INCOME REIT, INC.",Revenues,1905,10-K,0001631256-21-000008,2019-06-30
1631256,"KBS GROWTH & INCOME REIT, INC.",Revenues,1905,10-K,0001631256-20-000011,2019-09-30
1631256,"KBS GROWTH & INCOME REIT, INC.",Revenues,1905,10-K,0001631256-21-000008,2019-09-30
1631256,"KBS GROWTH & INCOME REIT, INC.",Revenues,1905,10-K,0001631256-20-000011,2019-12-31
1631256,"KBS GROWTH & INCOME REIT, INC.",Revenues,1905,10-K,0001631256-21-000008,2019-12-31
1631256,"KBS GROWTH & INCOME REIT, INC.",Revenues,1905,10-K,0001631256-20-000011,2019-12-31
1631256,"KBS GROWTH & INCOME REIT, INC.",Revenues,1905,10-K,0001631256-21-000008,2019-12-31
1631256,"KBS GROWTH & INCOME REIT, INC.",Revenues,1905,10-K,0001631256-21-000008,2020-03-31
1631256,"KBS GROWTH & INCOME REIT, INC.",Revenues,1905,10-K,0001631256-21-000008,2020-06-30
1631256,"KBS GROWTH & INCOME REIT, INC.",Revenues,1905,10-K,0001631256-21-000008,2020-09-30
1631256,"KBS GROWTH & INCOME REIT, INC.",Revenues,1905,10-K,0001631256-21-000008,2020-12-31
1631256,"KBS GROWTH & INCOME REIT, INC.",Revenues,1905,10-K,0001631256-21-000008,2020-12-31
1631256,"KBS GROWTH & INCOME REIT, INC.",StockholdersEquity,1905,10-K,0001631256-20-000011,2016-12-31
1631256,"KBS GROWTH & INCOME REIT, INC.",StockholdersEquity,1905,10-K,0001631256-20-000011,2017-12-31
1631256,"KBS GROWTH & INCOME REIT, INC.",StockholdersEquity,1905,10-K,0001631256-21-000008,2017-12-31
1631256,"KBS GROWTH & INCOME REIT, INC.",StockholdersEquity,1905,10-K,0001631256-20-000011,2018-12-31
1631256,"KBS GROWTH & INCOME REIT, INC.",StockholdersEquity,1905,10-K,0001631256-21-000008,2018-12-31
1631256,"KBS GROWTH & INCOME REIT, INC.",StockholdersEquity,1905,10-K,0001631256-20-000011,2019-12-31
1631256,"KBS GROWTH & INCOME REIT, INC.",StockholdersEquity,1905,10-K,0001631256-21-000008,2019-12-31
1631256,"KBS GROWTH & INCOME REIT, INC.",StockholdersEquity,1905,10-K,0001631256-21-000008,2020-12-31
1653558,"Priority Technology Holdings, Inc.",AllocatedShareBasedCompensationExpense,43465,10-K,0001628280-19-003666,2016-12-31
1653558,"Priority Technology Holdings, Inc.",AllocatedShareBasedCompensationExpense,43465,10-Q,0001628280-18-014379,2017-09-30
1653558,"Priority Technology Holdings, Inc.",AllocatedShareBasedCompensationExpense,43465,10-Q,0001628280-18-014379,2017-09-30
1653558,"Priority Technology Holdings, Inc.",AllocatedShareBasedCompensationExpense,43465,10-K,0001628280-19-003666,2017-12-31
1653558,"Priority Technology Holdings, Inc.",AllocatedShareBasedCompensationExpense,43830,10-K,0001653558-20-000015,2017-12-31
1653558,"Priority Technology Holdings, Inc.",AllocatedShareBasedCompensationExpense,43555,10-Q,0001628280-19-006766,2018-03-31
1653558,"Priority Technology Holdings, Inc.",AllocatedShareBasedCompensationExpense,43555,10-Q,0001628280-19-010770,2018-06-30
1653558,"Priority Technology Holdings, Inc.",AllocatedShareBasedCompensationExpense,43555,10-Q,0001628280-19-010770,2018-06-30
1653558,"Priority Technology Holdings, Inc.",AllocatedShareBasedCompensationExpense,43465,10-Q,0001628280-18-014379,2018-09-30
1653558,"Priority Technology Holdings, Inc.",AllocatedShareBasedCompensationExpense,43465,10-Q,0001628280-18-014379,2018-09-30
1653558,"Priority Technology Holdings, Inc.",AllocatedShareBasedCompensationExpense,43465,10-K,0001628280-19-003666,2018-12-31
1653558,"Priority Technology Holdings, Inc.",AllocatedShareBasedCompensationExpense,43830,10-K,0001653558-20-000015,2018-12-31
1653558,"Priority Technology Holdings, Inc.",AllocatedShareBasedCompensationExpense,43555,10-Q,0001628280-19-006766,2019-03-31
1653558,"Priority Technology Holdings, Inc.",AllocatedShareBasedCompensationExpense,43555,10-Q,0001628280-19-010770,2019-06-30
1653558,"Priority Technology Holdings, Inc.",AllocatedShareBasedCompensationExpense,43555,10-Q,0001628280-19-010770,2019-06-30
1653558,"Priority Technology Holdings, Inc.",AllocatedShareBasedCompensationExpense,43830,10-K,0001653558-20-000015,2019-12-31
1653558,"Priority Technology Holdings, Inc.",CashCashEquivalentsRestrictedCashAndRestrictedCashEquivalents,43465,10-K,0001628280-19-003666,2015-12-31
1653558,"Priority Technology Holdings, Inc.",CashCashEquivalentsRestrictedCashAndRestrictedCashEquivalents,43465,10-Q,0001628280-18-014379,2016-12-31
1653558,"Priority Technology Holdings, Inc.",CashCashEquivalentsRestrictedCashAndRestrictedCashEquivalents,43465,10-K,0001628280-19-003666,2016-12-31
1653558,"Priority Technology Holdings, Inc.",CashCashEquivalentsRestrictedCashAndRestrictedCashEquivalents,43830,10-K,0001653558-20-000015,2016-12-31
1653558,"Priority Technology Holdings, Inc.",CashCashEquivalentsRestrictedCashAndRestrictedCashEquivalents,43465,10-Q,0001628280-18-014379,2017-09-30
1653558,"Priority Technology Holdings, Inc.",CashCashEquivalentsRestrictedCashAndRestrictedCashEquivalents,43465,10-Q,0001628280-18-014379,2017-12-31
1653558,"Priority Technology Holdings, Inc.",CashCashEquivalentsRestrictedCashAndRestrictedCashEquivalents,43465,10-K,0001628280-19-003666,2017-12-31
1653558,"Priority Technology Holdings, Inc.",CashCashEquivalentsRestrictedCashAndRestrictedCashEquivalents,43555,10-Q,0001628280-19-006766,2017-12-31
1653558,"Priority Technology Holdings, Inc.",CashCashEquivalentsRestrictedCashAndRestrictedCashEquivalents,43555,10-Q,0001628280-19-010770,2017-12-31
1653558,"Priority Technology Holdings, Inc.",CashCashEquivalentsRestrictedCashAndRestrictedCashEquivalents,43830,10-K,0001653558-20-000015,2017-12-31
1653558,"Priority Technology Holdings, Inc.",CashCashEquivalentsRestrictedCashAndRestrictedCashEquivalents,43555,10-Q,0001628280-19-006766,2018-03-31
1653558,"Priority Technology Holdings, Inc.",CashCashEquivalentsRestrictedCashAndRestrictedCashEquivalents,43555,10-Q,0001628280-19-010770,2018-06-30
1653558,"Priority Technology Holdings, Inc.",CashCashEquivalentsRestrictedCashAndRestrictedCashEquivalents,43465,10-Q,0001628280-18-014379,2018-09-30
1653558,"Priority Technology Holdings, Inc.",CashCashEquivalentsRestrictedCashAndRestrictedCashEquivalents,43465,10-K,0001628280-19-003666,2018-12-31
1653558,"Priority Technology Holdings, Inc.",CashCashEquivalentsRestrictedCashAndRestrictedCashEquivalents,43555,10-Q,0001628280-19-006766,2018-12-31
1653558,"Priority Technology Holdings, Inc.",CashCashEquivalentsRestrictedCashAndRestrictedCashEquivalents,43555,10-Q,0001628280-19-010770,2018-12-31
1653558,"Priority Technology Holdings, Inc.",CashCashEquivalentsRestrictedCashAndRestrictedCashEquivalents,43830,10-K,0001653558-20-000015,2018-12-31
1653558,"Priority Technology Holdings, Inc.",CashCashEquivalentsRestrictedCashAndRestrictedCashEquivalents,43555,10-Q,0001628280-19-006766,2019-03-31
1653558,"Priority Technology Holdings, Inc.",CashCashEquivalentsRestrictedCashAndRestrictedCashEquivalents,43555,10-Q,0001628280-19-010770,2019-06-30
1653558,"Priority Technology Holdings, Inc.",CashCashEquivalentsRestrictedCashAndRestrictedCashEquivalents,43830,10-K,0001653558-20-000015,2019-12-31
1653558,"Priority Technology Holdings, Inc.",DepreciationDepletionAndAmortization,43465,10-K,0001628280-19-003666,2016-12-31
1653558,"Priority Technology Holdings, Inc.",DepreciationDepletionAndAmortization,43465,10-Q,0001628280-18-014379,2017-09-30
1653558,"Priority Technology Holdings, Inc.",DepreciationDepletionAndAmortization,43465,10-K,0001628280-19-003666,2017-12-31
1653558,"Priority Technology Holdings, Inc.",DepreciationDepletionAndAmortization,43830,10-K,0001653558-20-000015,2017-12-31
1653558,"Priority Technology Holdings, Inc.",DepreciationDepletionAndAmortization,43555,10-Q,0001628280-19-006766,2018-03-31
1653558,"Priority Technology Holdings, Inc.",DepreciationDepletionAndAmortization,43555,10-Q,0001628280-19-010770,2018-06-30
1653558,"Priority Technology Holdings, Inc.",DepreciationDepletionAndAmortization,43465,10-Q,0001628280-18-014379,2018-09-30
1653558,"Priority Technology Holdings, Inc.",DepreciationDepletionAndAmortization,43465,10-K,0001628280-19-003666,2018-12-31
1653558,"Priority Technology Holdings, Inc.",DepreciationDepletionAndAmortization,43830,10-K,0001653558-20-000015,2018-12-31
1653558,"Priority Technology Holdings, Inc.",DepreciationDepletionAndAmortization,43555,10-Q,0001628280-19-006766,2019-03-31
1653558,"Priority Technology Holdings, Inc.",DepreciationDepletionAndAmortization,43555,10-Q,0001628280-19-010770,2019-06-30
1653558,"Priority Technology Holdings, Inc.",DepreciationDepletionAndAmortization,43830,10-K,0001653558-20-000015,2019-12-31
1653558,"Priority Technology Holdings, Inc.",FiniteLivedIntangibleAssetsNet,43465,10-Q,0001628280-18-014379,2017-12-31
1653558,"Priority Technology Holdings, Inc.",FiniteLivedIntangibleAssetsNet,43465,10-K,0001628280-19-003666,2017-12-31
1653558,"Priority Technology Holdings, Inc.",FiniteLivedIntangibleAssetsNet,43465,10-Q,0001628280-18-014379,2018-09-30
1653558,"Priority Technology Holdings, Inc.",FiniteLivedIntangibleAssetsNet,43465,10-K,0001628280-19-003666,2018-12-31
1653558,"Priority Technology Holdings, Inc.",FiniteLivedIntangibleAssetsNet,43555,10-Q,0001628280-19-006766,2018-12-31
1653558,"Priority Technology Holdings, Inc.",FiniteLivedIntangibleAssetsNet,43555,10-Q,0001628280-19-010770,2018-12-31
1653558,"Priority Technology Holdings, Inc.",FiniteLivedIntangibleAssetsNet,43830,10-K,0001653558-20-000015,2018-12-31
1653558,"Priority Technology Holdings, Inc.",FiniteLivedIntangibleAssetsNet,43555,10-Q,0001628280-19-006766,2019-03-31
1653558,"Priority Technology Holdings, Inc.",FiniteLivedIntangibleAssetsNet,43555,10-Q,0001628280-19-010770,2019-06-30
1653558,"Priority Technology Holdings, Inc.",FiniteLivedIntangibleAssetsNet,43830,10-K,0001653558-20-000015,2019-12-31
1653558,"Priority Technology Holdings, Inc.",Goodwill,43465,10-Q,0001628280-18-014379,2017-12-31
1653558,"Priority Technology Holdings, Inc.",Goodwill,43465,10-K,0001628280-19-003666,2017-12-31
1653558,"Priority Technology Holdings, Inc.",Goodwill,43830,10-K,0001653558-20-000015,2017-12-31
1653558,"Priority Technology Holdings, Inc.",Goodwill,43465,10-Q,0001628280-18-014379,2018-09-30
1653558,"Priority Technology Holdings, Inc.",Goodwill,43465,10-K,0001628280-19-003666,2018-12-31
1653558,"Priority Technology Holdings, Inc.",Goodwill,43555,10-Q,0001628280-19-006766,2018-12-31
1653558,"Priority Technology Holdings, Inc.",Goodwill,43555,10-Q,0001628280-19-010770,2018-12-31
1653558,"Priority Technology Holdings, Inc.",Goodwill,43830,10-K,0001653558-20-000015,2018-12-31
1653558,"Priority Technology Holdings, Inc.",Goodwill,43555,10-Q,0001628280-19-006766,2019-03-31
1653558,"Priority Technology Holdings, Inc.",Goodwill,43555,10-Q,0001628280-19-010770,2019-06-30
1653558,"Priority Technology Holdings, Inc.",Goodwill,43830,10-K,0001653558-20-000015,2019-12-31
1653558,"Priority Technology Holdings, Inc.",IncomeTaxExpenseBenefit,43465,10-K,0001628280-19-003666,2016-12-31
1653558,"Priority Technology Holdings, Inc.",IncomeTaxExpenseBenefit,43465,10-Q,0001628280-18-014379,2017-09-30
1653558,"Priority Technology Holdings, Inc.",IncomeTaxExpenseBenefit,43465,10-Q,0001628280-18-014379,2017-09-30
1653558,"Priority Technology Holdings, Inc.",IncomeTaxExpenseBenefit,43465,10-K,0001628280-19-003666,2017-12-31
1653558,"Priority Technology Holdings, Inc.",IncomeTaxExpenseBenefit,43830,10-K,0001653558-20-000015,2017-12-31
1653558,"Priority Technology Holdings, Inc.",IncomeTaxExpenseBenefit,43465,10-K,0001628280-19-003666,2018-03-31
1653558,"Priority Technology Holdings, Inc.",IncomeTaxExpenseBenefit,43555,10-Q,0001628280-19-006766,2018-03-31
1653558,"Priority Technology Holdings, Inc.",IncomeTaxExpenseBenefit,43830,10-K,0001653558-20-000015,2018-03-31
1653558,"Priority Technology Holdings, Inc.",IncomeTaxExpenseBenefit,43555,10-Q,0001628280-19-010770,2018-06-30
1653558,"Priority Technology Holdings, Inc.",IncomeTaxExpenseBenefit,43465,10-K,0001628280-19-003666,2018-06-30
1653558,"Priority Technology Holdings, Inc.",IncomeTaxExpenseBenefit,43555,10-Q,0001628280-19-010770,2018-06-30
1653558,"Priority Technology Holdings, Inc.",IncomeTaxExpenseBenefit,43830,10-K,0001653558-20-000015,2018-06-30
1653558,"Priority Technology Holdings, Inc.",IncomeTaxExpenseBenefit,43465,10-Q,0001628280-18-014379,2018-09-30
1653558,"Priority Technology Holdings, Inc.",IncomeTaxExpenseBenefit,43465,10-Q,0001628280-18-014379,2018-09-30
1653558,"Priority Technology Holdings, Inc.",IncomeTaxExpenseBenefit,43465,10-K,0001628280-19-003666,2018-09-30
1653558,"Priority Technology Holdings, Inc.",IncomeTaxExpenseBenefit,43830,10-K,0001653558-20-000015,2018-09-30
1653558,"Priority Technology Holdings, Inc.",IncomeTaxExpenseBenefit,43465,10-K,0001628280-19-003666,2018-12-31
1653558,"Priority Technology Holdings, Inc.",IncomeTaxExpenseBenefit,43830,10-K,0001653558-20-000015,2018-12-31
1653558,"Priority Technology Holdings, Inc.",IncomeTaxExpenseBenefit,43465,10-K,0001628280-19-003666,2018-12-31
1653558,"Priority Technology Holdings, Inc.",IncomeTaxExpenseBenefit,43830,10-K,0001653558-20-000015,2018-12-31
1653558,"Priority Technology Holdings, Inc.",IncomeTaxExpenseBenefit,43555,10-Q,0001628280-19-006766,2019-03-31
1653558,"Priority Technology Holdings, Inc.",IncomeTaxExpenseBenefit,43830,10-K,0001653558-20-000015,2019-03-31
1653558,"Priority Technology Holdings, Inc.",IncomeTaxExpenseBenefit,43555,10-Q,0001628280-19-010770,2019-06-30
1653558,"Priority Technology Holdings, Inc.",IncomeTaxExpenseBenefit,43555,10-Q,0001628280-19-010770,2019-06-30
1653558,"Priority Technology Holdings, Inc.",IncomeTaxExpenseBenefit,43830,10-K,0001653558-20-000015,2019-06-30
1653558,"Priority Technology Holdings, Inc.",IncomeTaxExpenseBenefit,43830,10-K,0001653558-20-000015,2019-09-30
1653558,"Priority Technology Holdings, Inc.",IncomeTaxExpenseBenefit,43830,10-K,0001653558-20-000015,2019-12-31
1653558,"Priority Technology Holdings, Inc.",IncomeTaxExpenseBenefit,43830,10-K,0001653558-20-000015,2019-12-31
1653558,"Priority Technology Holdings, Inc.",IntangibleAssetsNetExcludingGoodwill,43465,10-Q,0001628280-18-014379,2017-12-31
1653558,"Priority Technology Holdings, Inc.",IntangibleAssetsNetExcludingGoodwill,43465,10-K,0001628280-19-003666,2017-12-31
1653558,"Priority Technology Holdings, Inc.",IntangibleAssetsNetExcludingGoodwill,43465,10-Q,0001628280-18-014379,2018-09-30
1653558,"Priority Technology Holdings, Inc.",IntangibleAssetsNetExcludingGoodwill,43465,10-K,0001628280-19-003666,2018-12-31
1653558,"Priority Technology Holdings, Inc.",IntangibleAssetsNetExcludingGoodwill,43555,10-Q,0001628280-19-006766,2018-12-31
1653558,"Priority Technology Holdings, Inc.",IntangibleAssetsNetExcludingGoodwill,43555,10-Q,0001628280-19-010770,2018-12-31
1653558,"Priority Technology Holdings, Inc.",IntangibleAssetsNetExcludingGoodwill,43830,10-K,0001653558-20-000015,2018-12-31
1653558,"Priority Technology Holdings, Inc.",IntangibleAssetsNetExcludingGoodwill,43555,10-Q,0001628280-19-006766,2019-03-31
1653558,"Priority Technology Holdings, Inc.",IntangibleAssetsNetExcludingGoodwill,43555,10-Q,0001628280-19-010770,2019-06-30
1653558,"Priority Technology Holdings, Inc.",IntangibleAssetsNetExcludingGoodwill,43830,10-K,0001653558-20-000015,2019-12-31
1653558,"Priority Technology Holdings, Inc.",LongTermDebtCurrent,43465,10-Q,0001628280-18-014379,2017-12-31
1653558,"Priority Technology Holdings, Inc.",LongTermDebtCurrent,43465,10-K,0001628280-19-003666,2017-12-31
1653558,"Priority Technology Holdings, Inc.",LongTermDebtCurrent,43465,10-Q,0001628280-18-014379,2018-09-30
1653558,"Priority Technology Holdings, Inc.",LongTermDebtCurrent,43465,10-K,0001628280-19-003666,2018-12-31
1653558,"Priority Technology Holdings, Inc.",LongTermDebtCurrent,43555,10-Q,0001628280-19-006766,2018-12-31
1653558,"Priority Technology Holdings, Inc.",LongTermDebtCurrent,43555,10-Q,0001628280-19-010770,2018-12-31
1653558,"Priority Technology Holdings, Inc.",LongTermDebtCurrent,43830,10-K,0001653558-20-000015,2018-12-31
1653558,"Priority Technology Holdings, Inc.",LongTermDebtCurrent,43555,10-Q,0001628280-19-006766,2019-03-31
1653558,"Priority Technology Holdings, Inc.",LongTermDebtCurrent,43555,10-Q,0001628280-19-010770,2019-06-30
1653558,"Priority Technology Holdings, Inc.",LongTermDebtCurrent,43830,10-K,0001653558-20-000015,2019-12-31
1653558,"Priority Technology Holdings, Inc.",LongTermDebtNoncurrent,43465,10-Q,0001628280-18-014379,2017-12-31
1653558,"Priority Technology Holdings, Inc.",LongTermDebtNoncurrent,43465,10-K,0001628280-19-003666,2017-12-31
1653558,"Priority Technology Holdings, Inc.",LongTermDebtNoncurrent,43465,10-Q,0001628280-18-014379,2018-09-30
1653558,"Priority Technology Holdings, Inc.",LongTermDebtNoncurrent,43465,10-K,0001628280-19-003666,2018-12-31
1653558,"Priority Technology Holdings, Inc.",LongTermDebtNoncurrent,43555,10-Q,0001628280-19-006766,2018-12-31
1653558,"Priority Technology Holdings, Inc.",LongTermDebtNoncurrent,43555,10-Q,0001628280-19-010770,2018-12-31
1653558,"Priority Technology Holdings, Inc.",LongTermDebtNoncurrent,43830,10-K,0001653558-20-000015,2018-12-31
1653558,"Priority Technology Holdings, Inc.",LongTermDebtNoncurrent,43555,10-Q,0001628280-19-006766,2019-03-31
1653558,"Priority Technology Holdings, Inc.",LongTermDebtNoncurrent,43555,10-Q,0001628280-19-010770,2019-06-30
1653558,"Priority Technology Holdings, Inc.",LongTermDebtNoncurrent,43830,10-K,0001653558-20-000015,2019-12-31
1653558,"Priority Technology Holdings, Inc.",MembersEquity,43465,10-Q,0001628280-18-014379,2017-12-31
1653558,"Priority Technology Holdings, Inc.",NetCashProvidedByUsedInOperatingActivities,43465,10-K,0001628280-19-003666,2016-12-31
1653558,"Priority Technology Holdings, Inc.",NetCashProvidedByUsedInOperatingActivities,43465,10-Q,0001628280-18-014379,2017-09-30
1653558,"Priority Technology Holdings, Inc.",NetCashProvidedByUsedInOperatingActivities,43465,10-K,0001628280-19-003666,2017-12-31
1653558,"Priority Technology Holdings, Inc.",NetCashProvidedByUsedInOperatingActivities,43830,10-K,0001653558-20-000015,2017-12-31
1653558,"Priority Technology Holdings, Inc.",NetCashProvidedByUsedInOperatingActivities,43555,10-Q,0001628280-19-006766,2018-03-31
1653558,"Priority Technology Holdings, Inc.",NetCashProvidedByUsedInOperatingActivities,43555,10-Q,0001628280-19-010770,2018-06-30
1653558,"Priority Technology Holdings, Inc.",NetCashProvidedByUsedInOperatingActivities,43465,10-Q,0001628280-18-014379,2018-09-30
1653558,"Priority Technology Holdings, Inc.",NetCashProvidedByUsedInOperatingActivities,43465,10-K,0001628280-19-003666,2018-12-31
1653558,"Priority Technology Holdings, Inc.",NetCashProvidedByUsedInOperatingActivities,43830,10-K,0001653558-20-000015,2018-12-31
1653558,"Priority Technology Holdings, Inc.",NetCashProvidedByUsedInOperatingActivities,43555,10-Q,0001628280-19-006766,2019-03-31
1653558,"Priority Technology Holdings, Inc.",NetCashProvidedByUsedInOperatingActivities,43555,10-Q,0001628280-19-010770,2019-06-30
1653558,"Priority Technology Holdings, Inc.",NetCashProvidedByUsedInOperatingActivities,43830,10-K,0001653558-20-000015,2019-12-31
1653558,"Priority Technology Holdings, Inc.",NetIncomeLoss,43465,10-K,0001628280-19-003666,2016-12-31
1653558,"Priority Technology Holdings, Inc.",NetIncomeLoss,43465,10-K,0001628280-19-003666,2017-03-31
1653558,"Priority Technology Holdings, Inc.",NetIncomeLoss,43465,10-K,0001628280-19-003666,2017-06-30
1653558,"Priority Technology Holdings, Inc.",NetIncomeLoss,43465,10-Q,0001628280-18-014379,2017-09-30
1653558,"Priority Technology Holdings, Inc.",NetIncomeLoss,43465,10-Q,0001628280-18-014379,2017-09-30
1653558,"Priority Technology Holdings, Inc.",NetIncomeLoss,43465,10-K,0001628280-19-003666,2017-09-30
1653558,"Priority Technology Holdings, Inc.",NetIncomeLoss,43465,10-K,0001628280-19-003666,2017-12-31
1653558,"Priority Technology Holdings, Inc.",NetIncomeLoss,43830,10-K,0001653558-20-000015,2017-12-31
1653558,"Priority Technology Holdings, Inc.",NetIncomeLoss,43465,10-K,0001628280-19-003666,2017-12-31
1653558,"Priority Technology Holdings, Inc.",NetIncomeLoss,43465,10-K,0001628280-19-003666,2018-03-31
1653558,"Priority Technology Holdings, Inc.",NetIncomeLoss,43555,10-Q,0001628280-19-006766,2018-03-31
1653558,"Priority Technology Holdings, Inc.",NetIncomeLoss,43830,10-K,0001653558-20-000015,2018-03-31
1653558,"Priority Technology Holdings, Inc.",NetIncomeLoss,43555,10-Q,0001628280-19-010770,2018-06-30
1653558,"Priority Technology Holdings, Inc.",NetIncomeLoss,43465,10-K,0001628280-19-003666,2018-06-30
1653558,"Priority Technology Holdings, Inc.",NetIncomeLoss,43555,10-Q,0001628280-19-010770,2018-06-30
1653558,"Priority Technology Holdings, Inc.",NetIncomeLoss,43830,10-K,0001653558-20-000015,2018-06-30
1653558,"Priority Technology Holdings, Inc.",NetIncomeLoss,43465,10-Q,0001628280-18-014379,2018-09-30
1653558,"Priority Technology Holdings, Inc.",NetIncomeLoss,43465,10-Q,0001628280-18-014379,2018-09-30
1653558,"Priority Technology Holdings, Inc.",NetIncomeLoss,43465,10-K,0001628280-19-003666,2018-09-30
1653558,"Priority Technology Holdings, Inc.",NetIncomeLoss,43830,10-K,0001653558-20-000015,2018-09-30
1653558,"Priority Technology Holdings, Inc.",NetIncomeLoss,43465,10-K,0001628280-19-003666,2018-12-31
1653558,"Priority Technology Holdings, Inc.",NetIncomeLoss,43830,10-K,0001653558-20-000015,2018-12-31
1653558,"Priority Technology Holdings, Inc.",NetIncomeLoss,43465,10-K,0001628280-19-003666,2018-12-31
1653558,"Priority Technology Holdings, Inc.",NetIncomeLoss,43830,10-K,0001653558-20-000015,2018-12-31
1653558,"Priority Technology Holdings, Inc.",NetIncomeLoss,43555,10-Q,0001628280-19-006766,2019-03-31
1653558,"Priority Technology Holdings, Inc.",NetIncomeLoss,43830,10-K,0001653558-20-000015,2019-03-31
1653558,"Priority Technology Holdings, Inc.",NetIncomeLoss,43555,10-Q,0001628280-19-010770,2019-06-30
1653558,"Priority Technology Holdings, Inc.",NetIncomeLoss,43555,10-Q,0001628280-19-010770,2019-06-30
1653558,"Priority Technology Holdings, Inc.",NetIncomeLoss,43830,10-K,0001653558-20-000015,2019-06-30
1653558,"Priority Technology Holdings, Inc.",NetIncomeLoss,43830,10-K,0001653558-20-000015,2019-09-30
1653558,"Priority Technology Holdings, Inc.",NetIncomeLoss,43830,10-K,0001653558-20-000015,2019-12-31
1653558,"Priority Technology Holdings, Inc.",NetIncomeLoss,43830,10-K,0001653558-20-000015,2019-12-31
1653558,"Priority Technology Holdings, Inc.",NetIncomeLossAvailableToCommonStockholdersBasic,43465,10-K,0001628280-19-003666,2016-12-31
1653558,"Priority Technology Holdings, Inc.",NetIncomeLossAvailableToCommonStockholdersBasic,43465,10-Q,0001628280-18-014379,2017-09-30
1653558,"Priority Technology Holdings, Inc.",NetIncomeLossAvailableToCommonStockholdersBasic,43465,10-Q,0001628280-18-014379,2017-09-30
1653558,"Priority Technology Holdings, Inc.",NetIncomeLossAvailableToCommonStockholdersBasic,43465,10-K,0001628280-19-003666,2017-12-31
1653558,"Priority Technology Holdings, Inc.",NetIncomeLossAvailableToCommonStockholdersBasic,43830,10-K,0001653558-20-000015,2017-12-31
1653558,"Priority Technology Holdings, Inc.",NetIncomeLossAvailableToCommonStockholdersBasic,43555,10-Q,0001628280-19-006766,2018-03-31
1653558,"Priority Technology Holdings, Inc.",NetIncomeLossAvailableToCommonStockholdersBasic,43555,10-Q,0001628280-19-010770,2018-06-30
1653558,"Priority Technology Holdings, Inc.",NetIncomeLossAvailableToCommonStockholdersBasic,43555,10-Q,0001628280-19-010770,2018-06-30
1653558,"Priority Technology Holdings, Inc.",NetIncomeLossAvailableToCommonStockholdersBasic,43465,10-Q,0001628280-18-014379,2018-09-30
1653558,"Priority Technology Holdings, Inc.",NetIncomeLossAvailableToCommonStockholdersBasic,43465,10-Q,0001628280-18-014379,2018-09-30
1653558,"Priority Technology Holdings, Inc.",NetIncomeLossAvailableToCommonStockholdersBasic,43465,10-K,0001628280-19-003666,2018-12-31
1653558,"Priority Technology Holdings, Inc.",NetIncomeLossAvailableToCommonStockholdersBasic,43830,10-K,0001653558-20-000015,2018-12-31
1653558,"Priority Technology Holdings, Inc.",NetIncomeLossAvailableToCommonStockholdersBasic,43555,10-Q,0001628280-19-006766,2019-03-31
1653558,"Priority Technology Holdings, Inc.",NetIncomeLossAvailableToCommonStockholdersBasic,43555,10-Q,0001628280-19-010770,2019-06-30
1653558,"Priority Technology Holdings, Inc.",NetIncomeLossAvailableToCommonStockholdersBasic,43555,10-Q,0001628280-19-010770,2019-06-30
1653558,"Priority Technology Holdings, Inc.",NetIncomeLossAvailableToCommonStockholdersBasic,43830,10-K,0001653558-20-000015,2019-12-31
1653558,"Priority Technology Holdings, Inc.",OperatingIncomeLoss,43465,10-K,0001628280-19-003666,2016-12-31
1653558,"Priority Technology Holdings, Inc.",OperatingIncomeLoss,43465,10-K,0001628280-19-003666,2017-03-31
1653558,"Priority Technology Holdings, Inc.",OperatingIncomeLoss,43465,10-K,0001628280-19-003666,2017-06-30
1653558,"Priority Technology Holdings, Inc.",OperatingIncomeLoss,43465,10-Q,0001628280-18-014379,2017-09-30
1653558,"Priority Technology Holdings, Inc.",OperatingIncomeLoss,43465,10-Q,0001628280-18-014379,2017-09-30
1653558,"Priority Technology Holdings, Inc.",OperatingIncomeLoss,43465,10-K,0001628280-19-003666,2017-09-30
1653558,"Priority Technology Holdings, Inc.",OperatingIncomeLoss,43465,10-K,0001628280-19-003666,2017-12-31
1653558,"Priority Technology Holdings, Inc.",OperatingIncomeLoss,43830,10-K,0001653558-20-000015,2017-12-31
1653558,"Priority Technology Holdings, Inc.",OperatingIncomeLoss,43465,10-K,0001628280-19-003666,2017-12-31
1653558,"Priority Technology Holdings, Inc.",OperatingIncomeLoss,43465,10-K,0001628280-19-003666,2018-03-31
1653558,"Priority Technology Holdings, Inc.",OperatingIncomeLoss,43555,10-Q,0001628280-19-006766,2018-03-31
1653558,"Priority Technology Holdings, Inc.",OperatingIncomeLoss,43830,10-K,0001653558-20-000015,2018-03-31
1653558,"Priority Technology Holdings, Inc.",OperatingIncomeLoss,43555,10-Q,0001628280-19-010770,2018-06-30
1653558,"Priority Technology Holdings, Inc.",OperatingIncomeLoss,43465,10-K,0001628280-19-003666,2018-06-30
1653558,"Priority Technology Holdings, Inc.",OperatingIncomeLoss,43555,10-Q,0001628280-19-010770,2018-06-30
1653558,"Priority Technology Holdings, Inc.",OperatingIncomeLoss,43830,10-K,0001653558-20-000015,2018-06-30
1653558,"Priority Technology Holdings, Inc.",OperatingIncomeLoss,43465,10-Q,0001628280-18-014379,2018-09-30
1653558,"Priority Technology Holdings, Inc.",OperatingIncomeLoss,43465,10-Q,0001628280-18-014379,2018-09-30
1653558,"Priority Technology Holdings, Inc.",OperatingIncomeLoss,43465,10-K,0001628280-19-003666,2018-09-30
1653558,"Priority Technology Holdings, Inc.",OperatingIncomeLoss,43830,10-K,0001653558-20-000015,2018-09-30
1653558,"Priority Technology Holdings, Inc.",OperatingIncomeLoss,43465,10-K,0001628280-19-003666,2018-12-31
1653558,"Priority Technology Holdings, Inc.",OperatingIncomeLoss,43830,10-K,0001653558-20-000015,2018-12-31
1653558,"Priority Technology Holdings, Inc.",OperatingIncomeLoss,43465,10-K,0001628280-19-003666,2018-12-31
1653558,"Priority Technology Holdings, Inc.",OperatingIncomeLoss,43830,10-K,0001653558-20-000015,2018-12-31
1653558,"Priority Technology Holdings, Inc.",OperatingIncomeLoss,43555,10-Q,0001628280-19-006766,2019-03-31
1653558,"Priority Technology Holdings, Inc.",OperatingIncomeLoss,43830,10-K,0001653558-20-000015,2019-03-31
1653558,"Priority Technology Holdings, Inc.",OperatingIncomeLoss,43555,10-Q,0001628280-19-010770,2019-06-30
1653558,"Priority Technology Holdings, Inc.",OperatingIncomeLoss,43555,10-Q,0001628280-19-010770,2019-06-30
1653558,"Priority Technology Holdings, Inc.",OperatingIncomeLoss,43830,10-K,0001653558-20-000015,2019-06-30
1653558,"Priority Technology Holdings, Inc.",OperatingIncomeLoss,43830,10-K,0001653558-20-000015,2019-09-30
1653558,"Priority Technology Holdings, Inc.",OperatingIncomeLoss,43830,10-K,0001653558-20-000015,2019-12-31
1653558,"Priority Technology Holdings, Inc.",OperatingIncomeLoss,43830,10-K,0001653558-20-000015,2019-12-31
1653558,"Priority Technology Holdings, Inc.",PaymentsForRepurchaseOfCommonStock,43830,10-K,0001653558-20-000015,2017-12-31
1653558,"Priority Technology Holdings, Inc.",PaymentsForRepurchaseOfCommonStock,43555,10-Q,0001628280-19-010770,2018-06-30
1653558,"Priority Technology Holdings, Inc.",PaymentsForRepurchaseOfCommonStock,43830,10-K,0001653558-20-000015,2018-12-31
1653558,"Priority Technology Holdings, Inc.",PaymentsForRepurchaseOfCommonStock,43555,10-Q,0001628280-19-010770,2019-06-30
1653558,"Priority Technology Holdings, Inc.",PaymentsForRepurchaseOfCommonStock,43830,10-K,0001653558-20-000015,2019-12-31
1653558,"Priority Technology Holdings, Inc.",PaymentsOfDividends,43465,10-K,0001628280-19-003666,2016-12-31
1653558,"Priority Technology Holdings, Inc.",PaymentsOfDividends,43465,10-Q,0001628280-18-014379,2017-09-30
1653558,"Priority Technology Holdings, Inc.",PaymentsOfDividends,43465,10-K,0001628280-19-003666,2017-12-31
1653558,"Priority Technology Holdings, Inc.",PaymentsOfDividends,43830,10-K,0001653558-20-000015,2017-12-31
1653558,"Priority Technology Holdings, Inc.",PaymentsOfDividends,43555,10-Q,0001628280-19-006766,2018-03-31
1653558,"Priority Technology Holdings, Inc.",PaymentsOfDividends,43555,10-Q,0001628280-19-010770,2018-06-30
1653558,"Priority Technology Holdings, Inc.",PaymentsOfDividends,43465,10-Q,0001628280-18-014379,2018-09-30
1653558,"Priority Technology Holdings, Inc.",PaymentsOfDividends,43465,10-K,0001628280-19-003666,2018-12-31
1653558,"Priority Technology Holdings, Inc.",PaymentsOfDividends,43830,10-K,0001653558-20-000015,2018-12-31
1653558,"Priority Technology Holdings, Inc.",PaymentsOfDividends,43555,10-Q,0001628280-19-006766,2019-03-31
1653558,"Priority Technology Holdings, Inc.",PaymentsOfDividends,43555,10-Q,0001628280-19-010770,2019-06-30
1653558,"Priority Technology Holdings, Inc.",PaymentsOfDividends,43830,10-K,0001653558-20-000015,2019-12-31
1653558,"Priority Technology Holdings, Inc.",PaymentsToAcquireBusinessesNetOfCashAcquired,43465,10-K,0001628280-19-003666,2016-12-31
1653558,"Priority Technology Holdings, Inc.",PaymentsToAcquireBusinessesNetOfCashAcquired,43465,10-Q,0001628280-18-014379,2017-09-30
1653558,"Priority Technology Holdings, Inc.",PaymentsToAcquireBusinessesNetOfCashAcquired,43465,10-K,0001628280-19-003666,2017-12-31
1653558,"Priority Technology Holdings, Inc.",PaymentsToAcquireBusinessesNetOfCashAcquired,43830,10-K,0001653558-20-000015,2017-12-31
1653558,"Priority Technology Holdings, Inc.",PaymentsToAcquireBusinessesNetOfCashAcquired,43555,10-Q,0001628280-19-006766,2018-03-31
1653558,"Priority Technology Holdings, Inc.",PaymentsToAcquireBusinessesNetOfCashAcquired,43555,10-Q,0001628280-19-010770,2018-06-30
1653558,"Priority Technology Holdings, Inc.",PaymentsToAcquireBusinessesNetOfCashAcquired,43465,10-Q,0001628280-18-014379,2018-09-30
1653558,"Priority Technology Holdings, Inc.",PaymentsToAcquireBusinessesNetOfCashAcquired,43465,10-K,0001628280-19-003666,2018-12-31
1653558,"Priority Technology Holdings, Inc.",PaymentsToAcquireBusinessesNetOfCashAcquired,43830,10-K,0001653558-20-000015,2018-12-31
1653558,"Priority Technology Holdings, Inc.",PaymentsToAcquireBusinessesNetOfCashAcquired,43555,10-Q,0001628280-19-006766,2019-03-31
1653558,"Priority Technology Holdings, Inc.",PaymentsToAcquireBusinessesNetOfCashAcquired,43555,10-Q,0001628280-19-010770,2019-06-30
1653558,"Priority Technology Holdings, Inc.",PaymentsToAcquireBusinessesNetOfCashAcquired,43830,10-K,0001653558-20-000015,2019-12-31
1653558,"Priority Technology Holdings, Inc.",PaymentsToAcquirePropertyPlantAndEquipment,43465,10-K,0001628280-19-003666,2016-12-31
1653558,"Priority Technology Holdings, Inc.",PaymentsToAcquirePropertyPlantAndEquipment,43465,10-Q,0001628280-18-014379,2017-09-30
1653558,"Priority Technology Holdings, Inc.",PaymentsToAcquirePropertyPlantAndEquipment,43465,10-K,0001628280-19-003666,2017-12-31
1653558,"Priority Technology Holdings, Inc.",PaymentsToAcquirePropertyPlantAndEquipment,43830,10-K,0001653558-20-000015,2017-12-31
1653558,"Priority Technology Holdings, Inc.",PaymentsToAcquirePropertyPlantAndEquipment,43555,10-Q,0001628280-19-006766,2018-03-31
1653558,"Priority Technology Holdings, Inc.",PaymentsToAcquirePropertyPlantAndEquipment,43555,10-Q,0001628280-19-010770,2018-06-30
1653558,"Priority Technology Holdings, Inc.",PaymentsToAcquirePropertyPlantAndEquipment,43465,10-Q,0001628280-18-014379,2018-09-30
1653558,"Priority Technology Holdings, Inc.",PaymentsToAcquirePropertyPlantAndEquipment,43465,10-K,0001628280-19-003666,2018-12-31
1653558,"Priority Technology Holdings, Inc.",PaymentsToAcquirePropertyPlantAndEquipment,43830,10-K,0001653558-20-000015,2018-12-31
1653558,"Priority Technology Holdings, Inc.",PaymentsToAcquirePropertyPlantAndEquipment,43555,10-Q,0001628280-19-006766,2019-03-31
1653558,"Priority Technology Holdings, Inc.",PaymentsToAcquirePropertyPlantAndEquipment,43555,10-Q,0001628280-19-010770,2019-06-30
1653558,"Priority Technology Holdings, Inc.",PaymentsToAcquirePropertyPlantAndEquipment,43830,10-K,0001653558-20-000015,2019-12-31
1653558,"Priority Technology Holdings, Inc.",RevenueFromContractWithCustomerExcludingAssessedTax,43465,10-K,0001628280-19-003666,2016-12-31
1653558,"Priority Technology Holdings, Inc.",RevenueFromContractWithCustomerExcludingAssessedTax,43465,10-K,0001628280-19-003666,2017-03-31
1653558,"Priority Technology Holdings, Inc.",RevenueFromContractWithCustomerExcludingAssessedTax,43465,10-K,0001628280-19-003666,2017-06-30
1653558,"Priority Technology Holdings, Inc.",RevenueFromContractWithCustomerExcludingAssessedTax,43465,10-Q,0001628280-18-014379,2017-09-30
1653558,"Priority Technology Holdings, Inc.",RevenueFromContractWithCustomerExcludingAssessedTax,43465,10-Q,0001628280-18-014379,2017-09-30
1653558,"Priority Technology Holdings, Inc.",RevenueFromContractWithCustomerExcludingAssessedTax,43465,10-K,0001628280-19-003666,2017-09-30
1653558,"Priority Technology Holdings, Inc.",RevenueFromContractWithCustomerExcludingAssessedTax,43465,10-K,0001628280-19-003666,2017-12-31
1653558,"Priority Technology Holdings, Inc.",RevenueFromContractWithCustomerExcludingAssessedTax,43830,10-K,0001653558-20-000015,2017-12-31
1653558,"Priority Technology Holdings, Inc.",RevenueFromContractWithCustomerExcludingAssessedTax,43465,10-K,0001628280-19-003666,2017-12-31
1653558,"Priority Technology Holdings, Inc.",RevenueFromContractWithCustomerExcludingAssessedTax,43465,10-K,0001628280-19-003666,2018-03-31
1653558,"Priority Technology Holdings, Inc.",RevenueFromContractWithCustomerExcludingAssessedTax,43555,10-Q,0001628280-19-006766,2018-03-31
1653558,"Priority Technology Holdings, Inc.",RevenueFromContractWithCustomerExcludingAssessedTax,43830,10-K,0001653558-20-000015,2018-03-31
1653558,"Priority Technology Holdings, Inc.",RevenueFromContractWithCustomerExcludingAssessedTax,43555,10-Q,0001628280-19-010770,2018-06-30
1653558,"Priority Technology Holdings, Inc.",RevenueFromContractWithCustomerExcludingAssessedTax,43465,10-K,0001628280-19-003666,2018-06-30
1653558,"Priority Technology Holdings, Inc.",RevenueFromContractWithCustomerExcludingAssessedTax,43555,10-Q,0001628280-19-010770,2018-06-30
1653558,"Priority Technology Holdings, Inc.",RevenueFromContractWithCustomerExcludingAssessedTax,43830,10-K,0001653558-20-000015,2018-06-30
1653558,"Priority Technology Holdings, Inc.",RevenueFromContractWithCustomerExcludingAssessedTax,43465,10-Q,0001628280-18-014379,2018-09-30
1653558,"Priority Technology Holdings, Inc.",RevenueFromContractWithCustomerExcludingAssessedTax,43465,10-Q,0001628280-18-014379,2018-09-30
1653558,"Priority Technology Holdings, Inc.",RevenueFromContractWithCustomerExcludingAssessedTax,43465,10-K,0001628280-19-003666,2018-09-30
1653558,"Priority Technology Holdings, Inc.",RevenueFromContractWithCustomerExcludingAssessedTax,43830,10-K,0001653558-20-000015,2018-09-30
1653558,"Priority Technology Holdings, Inc.",RevenueFromContractWithCustomerExcludingAssessedTax,43465,10-K,0001628280-19-003666,2018-12-31
1653558,"Priority Technology Holdings, Inc.",RevenueFromContractWithCustomerExcludingAssessedTax,43830,10-K,0001653558-20-000015,2018-12-31
1653558,"Priority Technology Holdings, Inc.",RevenueFromContractWithCustomerExcludingAssessedTax,43465,10-K,0001628280-19-003666,2018-12-31
1653558,"Priority Technology Holdings, Inc.",RevenueFromContractWithCustomerExcludingAssessedTax,43830,10-K,0001653558-20-000015,2018-12-31
1653558,"Priority Technology Holdings, Inc.",RevenueFromContractWithCustomerExcludingAssessedTax,43555,10-Q,0001628280-19-006766,2019-03-31
1653558,"Priority Technology Holdings, Inc.",RevenueFromContractWithCustomerExcludingAssessedTax,43830,10-K,0001653558-20-000015,2019-03-31
1653558,"Priority Technology Holdings, Inc.",RevenueFromContractWithCustomerExcludingAssessedTax,43555,10-Q,0001628280-19-010770,2019-06-30
1653558,"Priority Technology Holdings, Inc.",RevenueFromContractWithCustomerExcludingAssessedTax,43555,10-Q,0001628280-19-010770,2019-06-30
1653558,"Priority Technology Holdings, Inc.",RevenueFromContractWithCustomerExcludingAssessedTax,43830,10-K,0001653558-20-000015,2019-06-30
1653558,"Priority Technology Holdings, Inc.",RevenueFromContractWithCustomerExcludingAssessedTax,43830,10-K,0001653558-20-000015,2019-09-30
1653558,"Priority Technology Holdings, Inc.",RevenueFromContractWithCustomerExcludingAssessedTax,43830,10-K,0001653558-20-000015,2019-12-31
1653558,"Priority Technology Holdings, Inc.",RevenueFromContractWithCustomerExcludingAssessedTax,43830,10-K,0001653558-20-000015,2019-12-31
1653558,"Priority Technology Holdings, Inc.",ShareBasedCompensation,43465,10-K,0001628280-19-003666,2016-12-31
1653558,"Priority Technology Holdings, Inc.",ShareBasedCompensation,43465,10-Q,0001628280-18-014379,2017-09-30
1653558,"Priority Technology Holdings, Inc.",ShareBasedCompensation,43465,10-K,0001628280-19-003666,2017-12-31
1653558,"Priority Technology Holdings, Inc.",ShareBasedCompensation,43830,10-K,0001653558-20-000015,2017-12-31
1653558,"Priority Technology Holdings, Inc.",ShareBasedCompensation,43465,10-Q,0001628280-18-014379,2018-09-30
1653558,"Priority Technology Holdings, Inc.",ShareBasedCompensation,43465,10-K,0001628280-19-003666,2018-12-31
1653558,"Priority Technology Holdings, Inc.",ShareBasedCompensation,43830,10-K,0001653558-20-000015,2018-12-31
1653558,"Priority Technology Holdings, Inc.",ShareBasedCompensation,43830,10-K,0001653558-20-000015,2019-12-31
1653558,"Priority Technology Holdings, Inc.",StockholdersEquity,43465,10-K,0001628280-19-003666,2015-12-31
1653558,"Priority Technology Holdings, Inc.",StockholdersEquity,43465,10-K,0001628280-19-003666,2016-12-31
1653558,"Priority Technology Holdings, Inc.",StockholdersEquity,43465,10-Q,0001628280-18-014379,2017-12-31
1653558,"Priority Technology Holdings, Inc.",StockholdersEquity,43465,10-K,0001628280-19-003666,2017-12-31
1653558,"Priority Technology Holdings, Inc.",StockholdersEquity,43465,10-Q,0001628280-18-014379,2018-09-30
1653558,"Priority Technology Holdings, Inc.",StockholdersEquity,43465,10-K,0001628280-19-003666,2018-12-31
1653558,"Priority Technology Holdings, Inc.",StockholdersEquity,43555,10-Q,0001628280-19-006766,2018-12-31
1653558,"Priority Technology Holdings, Inc.",StockholdersEquity,43555,10-Q,0001628280-19-010770,2018-12-31
1653558,"Priority Technology Holdings, Inc.",StockholdersEquity,43830,10-K,0001653558-20-000015,2018-12-31
1653558,"Priority Technology Holdings, Inc.",StockholdersEquity,43555,10-Q,0001628280-19-006766,2019-03-31
1653558,"Priority Technology Holdings, Inc.",StockholdersEquity,43555,10-Q,0001628280-19-010770,2019-06-30
1653558,"Priority Technology Holdings, Inc.",StockholdersEquity,43830,10-K,0001653558-20-000015,2019-12-31
1653558,"Priority Technology Holdings, Inc.",StockholdersEquityIncludingPortionAttributableToNoncontrollingInterest,43830,10-K,0001653558-20-000015,2016-12-31
1653558,"Priority Technology Holdings, Inc.",StockholdersEquityIncludingPortionAttributableToNoncontrollingInterest,43830,10-K,0001653558-20-000015,2017-12-31
1653558,"Priority Technology Holdings, Inc.",StockholdersEquityIncludingPortionAttributableToNoncontrollingInterest,43555,10-Q,0001628280-19-006766,2018-12-31
1653558,"Priority Technology Holdings, Inc.",StockholdersEquityIncludingPortionAttributableToNoncontrollingInterest,43555,10-Q,0001628280-19-010770,2018-12-31
1653558,"Priority Technology Holdings, Inc.",StockholdersEquityIncludingPortionAttributableToNoncontrollingInterest,43830,10-K,0001653558-20-000015,2018-12-31
1653558,"Priority Technology Holdings, Inc.",StockholdersEquityIncludingPortionAttributableToNoncontrollingInterest,43555,10-Q,0001628280-19-006766,2019-03-31
1653558,"Priority Technology Holdings, Inc.",StockholdersEquityIncludingPortionAttributableToNoncontrollingInterest,43555,10-Q,0001628280-19-010770,2019-06-30
1653558,"Priority Technology Holdings, Inc.",StockholdersEquityIncludingPortionAttributableToNoncontrollingInterest,43830,10-K,0001653558-20-000015,2019-12-31
1653558,"Priority Technology Holdings, Inc.",WeightedAverageNumberOfDilutedSharesOutstanding,43465,10-Q,0001628280-18-014379,2017-09-30
1653558,"Priority Technology Holdings, Inc.",WeightedAverageNumberOfDilutedSharesOutstanding,43465,10-Q,0001628280-18-014379,2017-09-30
1653558,"Priority Technology Holdings, Inc.",WeightedAverageNumberOfDilutedSharesOutstanding,43465,10-Q,0001628280-18-014379,2018-09-30
1653558,"Priority Technology Holdings, Inc.",WeightedAverageNumberOfDilutedSharesOutstanding,43465,10-Q,0001628280-18-014379,2018-09-30
1705682,Venator Materials PLC,CashAndCashEquivalentsAtCarryingValue,43465,10-Q,0001705682-18-000002,2017-12-31
1705682,Venator Materials PLC,CashAndCashEquivalentsAtCarryingValue,43465,10-Q,0001705682-18-000004,2017-12-31
1705682,Venator Materials PLC,CashAndCashEquivalentsAtCarryingValue,43465,10-Q,0001705682-18-000007,2017-12-31
1705682,Venator Materials PLC,CashAndCashEquivalentsAtCarryingValue,43465,10-Q,0001705682-18-000002,2018-03-31
1705682,Venator Materials PLC,CashAndCashEquivalentsAtCarryingValue,43465,10-Q,0001705682-18-000004,2018-06-30
1705682,Venator Materials PLC,CashAndCashEquivalentsAtCarryingValue,43465,10-Q,0001705682-18-000007,2018-09-30
1705682,Venator Materials PLC,CashAndCashEquivalentsAtCarryingValue,43830,10-Q,0001705682-19-000010,2018-12-31
1705682,Venator Materials PLC,CashAndCashEquivalentsAtCarryingValue,43830,10-Q,0001705682-19-000013,2018-12-31
1705682,Venator Materials PLC,CashAndCashEquivalentsAtCarryingValue,43830,10-Q,0001705682-19-000010,2019-03-31
1705682,Venator Materials PLC,CashAndCashEquivalentsAtCarryingValue,43830,10-Q,0001705682-19-000013,2019-06-30
1705682,Venator Materials PLC,CashCashEquivalentsRestrictedCashAndRestrictedCashEquivalents,43830,10-Q,0001705682-19-000010,2017-12-31
1705682,Venator Materials PLC,CashCashEquivalentsRestrictedCashAndRestrictedCashEquivalents,43830,10-Q,0001705682-19-000013,2017-12-31
1705682,Venator Materials PLC,CashCashEquivalentsRestrictedCashAndRestrictedCashEquivalents,43830,10-Q,0001705682-19-000010,2018-03-31
1705682,Venator Materials PLC,CashCashEquivalentsRestrictedCashAndRestrictedCashEquivalents,43830,10-Q,0001705682-19-000013,2018-06-30
1705682,Venator Materials PLC,CashCashEquivalentsRestrictedCashAndRestrictedCashEquivalents,43830,10-Q,0001705682-19-000010,2018-12-31
1705682,Venator Materials PLC,CashCashEquivalentsRestrictedCashAndRestrictedCashEquivalents,43830,10-Q,0001705682-19-000013,2018-12-31
1705682,Venator Materials PLC,CashCashEquivalentsRestrictedCashAndRestrictedCashEquivalents,43830,10-Q,0001705682-19-000010,2019-03-31
1705682,Venator Materials PLC,CashCashEquivalentsRestrictedCashAndRestrictedCashEquivalents,43830,10-Q,0001705682-19-000013,2019-06-30
1705682,Venator Materials PLC,DepreciationDepletionAndAmortization,43465,10-Q,0001705682-18-000002,2017-03-31
1705682,Venator Materials PLC,DepreciationDepletionAndAmortization,43465,10-Q,0001705682-18-000004,2017-06-30
1705682,Venator Materials PLC,DepreciationDepletionAndAmortization,43465,10-Q,0001705682-18-000004,2017-06-30
1705682,Venator Materials PLC,DepreciationDepletionAndAmortization,43465,10-Q,0001705682-18-000007,2017-09-30
1705682,Venator Materials PLC,DepreciationDepletionAndAmortization,43465,10-Q,0001705682-18-000007,2017-09-30
1705682,Venator Materials PLC,DepreciationDepletionAndAmortization,43465,10-Q,0001705682-18-000002,2018-03-31
1705682,Venator Materials PLC,DepreciationDepletionAndAmortization,43830,10-Q,0001705682-19-000010,2018-03-31
1705682,Venator Materials PLC,DepreciationDepletionAndAmortization,43465,10-Q,0001705682-18-000004,2018-06-30
1705682,Venator Materials PLC,DepreciationDepletionAndAmortization,43830,10-Q,0001705682-19-000013,2018-06-30
1705682,Venator Materials PLC,DepreciationDepletionAndAmortization,43465,10-Q,0001705682-18-000004,2018-06-30
1705682,Venator Materials PLC,DepreciationDepletionAndAmortization,43830,10-Q,0001705682-19-000013,2018-06-30
1705682,Venator Materials PLC,DepreciationDepletionAndAmortization,43465,10-Q,0001705682-18-000007,2018-09-30
1705682,Venator Materials PLC,DepreciationDepletionAndAmortization,43465,10-Q,0001705682-18-000007,2018-09-30
1705682,Venator Materials PLC,DepreciationDepletionAndAmortization,43830,10-Q,0001705682-19-000010,2019-03-31
1705682,Venator Materials PLC,DepreciationDepletionAndAmortization,43830,10-Q,0001705682-19-000013,2019-06-30
1705682,Venator Materials PLC,DepreciationDepletionAndAmortization,43830,10-Q,0001705682-19-000013,2019-06-30
1705682,Venator Materials PLC,IncomeLossFromContinuingOperations,43465,10-Q,0001705682-18-000002,2017-03-31
1705682,Venator Materials PLC,IncomeLossFromContinuingOperations,43465,10-Q,0001705682-18-000004,2017-06-30
1705682,Venator Materials PLC,IncomeLossFromContinuingOperations,43465,10-Q,0001705682-18-000004,2017-06-30
1705682,Venator Materials PLC,IncomeLossFromContinuingOperations,43465,10-Q,0001705682-18-000007,2017-09-30
1705682,Venator Materials PLC,IncomeLossFromContinuingOperations,43465,10-Q,0001705682-18-000007,2017-09-30
1705682,Venator Materials PLC,IncomeLossFromContinuingOperations,43465,10-Q,0001705682-18-000002,2018-03-31
1705682,Venator Materials PLC,IncomeLossFromContinuingOperations,43465,10-Q,0001705682-18-000004,2018-06-30
1705682,Venator Materials PLC,IncomeLossFromContinuingOperations,43465,10-Q,0001705682-18-000004,2018-06-30
1705682,Venator Materials PLC,IncomeLossFromContinuingOperations,43465,10-Q,0001705682-18-000007,2018-09-30
1705682,Venator Materials PLC,IncomeLossFromContinuingOperations,43465,10-Q,0001705682-18-000007,2018-09-30
1705682,Venator Materials PLC,IncomeLossFromContinuingOperationsBeforeIncomeTaxesExtraordinaryItemsNoncontrollingInterest,43465,10-Q,0001705682-18-000002,2017-03-31
1705682,Venator Materials PLC,IncomeLossFromContinuingOperationsBeforeIncomeTaxesExtraordinaryItemsNoncontrollingInterest,43465,10-Q,0001705682-18-000004,2017-06-30
1705682,Venator Materials PLC,IncomeLossFromContinuingOperationsBeforeIncomeTaxesExtraordinaryItemsNoncontrollingInterest,43465,10-Q,0001705682-18-000004,2017-06-30
1705682,Venator Materials PLC,IncomeLossFromContinuingOperationsBeforeIncomeTaxesExtraordinaryItemsNoncontrollingInterest,43465,10-Q,0001705682-18-000007,2017-09-30
1705682,Venator Materials PLC,IncomeLossFromContinuingOperationsBeforeIncomeTaxesExtraordinaryItemsNoncontrollingInterest,43465,10-Q,0001705682-18-000007,2017-09-30
1705682,Venator Materials PLC,IncomeLossFromContinuingOperationsBeforeIncomeTaxesExtraordinaryItemsNoncontrollingInterest,43465,10-Q,0001705682-18-000002,2018-03-31
1705682,Venator Materials PLC,IncomeLossFromContinuingOperationsBeforeIncomeTaxesExtraordinaryItemsNoncontrollingInterest,43830,10-Q,0001705682-19-000010,2018-03-31
1705682,Venator Materials PLC,IncomeLossFromContinuingOperationsBeforeIncomeTaxesExtraordinaryItemsNoncontrollingInterest,43465,10-Q,0001705682-18-000004,2018-06-30
1705682,Venator Materials PLC,IncomeLossFromContinuingOperationsBeforeIncomeTaxesExtraordinaryItemsNoncontrollingInterest,43830,10-Q,0001705682-19-000013,2018-06-30
1705682,Venator Materials PLC,IncomeLossFromContinuingOperationsBeforeIncomeTaxesExtraordinaryItemsNoncontrollingInterest,43465,10-Q,0001705682-18-000004,2018-06-30
1705682,Venator Materials PLC,IncomeLossFromContinuingOperationsBeforeIncomeTaxesExtraordinaryItemsNoncontrollingInterest,43830,10-Q,0001705682-19-000013,2018-06-30
1705682,Venator Materials PLC,IncomeLossFromContinuingOperationsBeforeIncomeTaxesExtraordinaryItemsNoncontrollingInterest,43465,10-Q,0001705682-18-000007,2018-09-30
1705682,Venator Materials PLC,IncomeLossFromContinuingOperationsBeforeIncomeTaxesExtraordinaryItemsNoncontrollingInterest,43465,10-Q,0001705682-18-000007,2018-09-30
1705682,Venator Materials PLC,IncomeLossFromContinuingOperationsBeforeIncomeTaxesExtraordinaryItemsNoncontrollingInterest,43830,10-Q,0001705682-19-000010,2019-03-31
1705682,Venator Materials PLC,IncomeLossFromContinuingOperationsBeforeIncomeTaxesExtraordinaryItemsNoncontrollingInterest,43830,10-Q,0001705682-19-000013,2019-06-30
1705682,Venator Materials PLC,IncomeLossFromContinuingOperationsBeforeIncomeTaxesExtraordinaryItemsNoncontrollingInterest,43830,10-Q,0001705682-19-000013,2019-06-30
1705682,Venator Materials PLC,IncomeTaxExpenseBenefit,43465,10-Q,0001705682-18-000002,2017-03-31
1705682,Venator Materials PLC,IncomeTaxExpenseBenefit,43465,10-Q,0001705682-18-000004,2017-06-30
1705682,Venator Materials PLC,IncomeTaxExpenseBenefit,43465,10-Q,0001705682-18-000004,2017-06-30
1705682,Venator Materials PLC,IncomeTaxExpenseBenefit,43465,10-Q,0001705682-18-000007,2017-09-30
1705682,Venator Materials PLC,IncomeTaxExpenseBenefit,43465,10-Q,0001705682-18-000007,2017-09-30
1705682,Venator Materials PLC,IncomeTaxExpenseBenefit,43465,10-Q,0001705682-18-000002,2018-03-31
1705682,Venator Materials PLC,IncomeTaxExpenseBenefit,43830,10-Q,0001705682-19-000010,2018-03-31
1705682,Venator Materials PLC,IncomeTaxExpenseBenefit,43465,10-Q,0001705682-18-000004,2018-06-30
1705682,Venator Materials PLC,IncomeTaxExpenseBenefit,43830,10-Q,0001705682-19-000013,2018-06-30
1705682,Venator Materials PLC,IncomeTaxExpenseBenefit,43465,10-Q,0001705682-18-000004,2018-06-30
1705682,Venator Materials PLC,IncomeTaxExpenseBenefit,43830,10-Q,0001705682-19-000013,2018-06-30
1705682,Venator Materials PLC,IncomeTaxExpenseBenefit,43465,10-Q,0001705682-18-000007,2018-09-30
1705682,Venator Materials PLC,IncomeTaxExpenseBenefit,43465,10-Q,0001705682-18-000007,2018-09-30
1705682,Venator Materials PLC,IncomeTaxExpenseBenefit,43830,10-Q,0001705682-19-000010,2019-03-31
1705682,Venator Materials PLC,IncomeTaxExpenseBenefit,43830,10-Q,0001705682-19-000013,2019-06-30
1705682,Venator Materials PLC,IncomeTaxExpenseBenefit,43830,10-Q,0001705682-19-000013,2019-06-30
1705682,Venator Materials PLC,IntangibleAssetsNetExcludingGoodwill,43465,10-Q,0001705682-18-000002,2017-12-31
1705682,Venator Materials PLC,IntangibleAssetsNetExcludingGoodwill,43465,10-Q,0001705682-18-000004,2017-12-31
1705682,Venator Materials PLC,IntangibleAssetsNetExcludingGoodwill,43465,10-Q,0001705682-18-000007,2017-12-31
1705682,Venator Materials PLC,IntangibleAssetsNetExcludingGoodwill,43465,10-Q,0001705682-18-000002,2018-03-31
1705682,Venator Materials PLC,IntangibleAssetsNetExcludingGoodwill,43465,10-Q,0001705682-18-000004,2018-06-30
1705682,Venator Materials PLC,IntangibleAssetsNetExcludingGoodwill,43465,10-Q,0001705682-18-000007,2018-09-30
1705682,Venator Materials PLC,IntangibleAssetsNetExcludingGoodwill,43830,10-Q,0001705682-19-000010,2018-12-31
1705682,Venator Materials PLC,IntangibleAssetsNetExcludingGoodwill,43830,10-Q,0001705682-19-000013,2018-12-31
1705682,Venator Materials PLC,IntangibleAssetsNetExcludingGoodwill,43830,10-Q,0001705682-19-000010,2019-03-31
1705682,Venator Materials PLC,IntangibleAssetsNetExcludingGoodwill,43830,10-Q,0001705682-19-000013,2019-06-30
1705682,Venator Materials PLC,LongTermDebtNoncurrent,43465,10-Q,0001705682-18-000002,2017-12-31
1705682,Venator Materials PLC,LongTermDebtNoncurrent,43465,10-Q,0001705682-18-000004,2017-12-31
1705682,Venator Materials PLC,LongTermDebtNoncurrent,43465,10-Q,0001705682-18-000007,2017-12-31
1705682,Venator Materials PLC,LongTermDebtNoncurrent,43465,10-Q,0001705682-18-000002,2018-03-31
1705682,Venator Materials PLC,LongTermDebtNoncurrent,43465,10-Q,0001705682-18-000004,2018-06-30
1705682,Venator Materials PLC,LongTermDebtNoncurrent,43465,10-Q,0001705682-18-000007,2018-09-30
1705682,Venator Materials PLC,LongTermDebtNoncurrent,43830,10-Q,0001705682-19-000010,2018-12-31
1705682,Venator Materials PLC,LongTermDebtNoncurrent,43830,10-Q,0001705682-19-000013,2018-12-31
1705682,Venator Materials PLC,LongTermDebtNoncurrent,43830,10-Q,0001705682-19-000010,2019-03-31
1705682,Venator Materials PLC,LongTermDebtNoncurrent,43830,10-Q,0001705682-19-000013,2019-06-30
1705682,Venator Materials PLC,NetCashProvidedByUsedInOperatingActivities,43465,10-Q,0001705682-18-000002,2017-03-31
1705682,Venator Materials PLC,NetCashProvidedByUsedInOperatingActivities,43465,10-Q,0001705682-18-000004,2017-06-30
1705682,Venator Materials PLC,NetCashProvidedByUsedInOperatingActivities,43465,10-Q,0001705682-18-000007,2017-09-30
1705682,Venator Materials PLC,NetCashProvidedByUsedInOperatingActivities,43465,10-Q,0001705682-18-000002,2018-03-31
1705682,Venator Materials PLC,NetCashProvidedByUsedInOperatingActivities,43830,10-Q,0001705682-19-000010,2018-03-31
1705682,Venator Materials PLC,NetCashProvidedByUsedInOperatingActivities,43465,10-Q,0001705682-18-000004,2018-06-30
1705682,Venator Materials PLC,NetCashProvidedByUsedInOperatingActivities,43830,10-Q,0001705682-19-000013,2018-06-30
1705682,Venator Materials PLC,NetCashProvidedByUsedInOperatingActivities,43465,10-Q,0001705682-18-000007,2018-09-30
1705682,Venator Materials PLC,NetCashProvidedByUsedInOperatingActivities,43830,10-Q,0001705682-19-000010,2019-03-31
1705682,Venator Materials PLC,NetCashProvidedByUsedInOperatingActivities,43830,10-Q,0001705682-19-000013,2019-06-30
1705682,Venator Materials PLC,NetCashProvidedByUsedInOperatingActivitiesContinuingOperations,43465,10-Q,0001705682-18-000002,2017-03-31
1705682,Venator Materials PLC,NetCashProvidedByUsedInOperatingActivitiesContinuingOperations,43465,10-Q,0001705682-18-000004,2017-06-30
1705682,Venator Materials PLC,NetCashProvidedByUsedInOperatingActivitiesContinuingOperations,43465,10-Q,0001705682-18-000007,2017-09-30
1705682,Venator Materials PLC,NetCashProvidedByUsedInOperatingActivitiesContinuingOperations,43465,10-Q,0001705682-18-000002,2018-03-31
1705682,Venator Materials PLC,NetCashProvidedByUsedInOperatingActivitiesContinuingOperations,43465,10-Q,0001705682-18-000004,2018-06-30
1705682,Venator Materials PLC,NetCashProvidedByUsedInOperatingActivitiesContinuingOperations,43465,10-Q,0001705682-18-000007,2018-09-30
1705682,Venator Materials PLC,NetIncomeLossAvailableToCommonStockholdersBasic,43465,10-Q,0001705682-18-000002,2017-03-31
1705682,Venator Materials PLC,NetIncomeLossAvailableToCommonStockholdersBasic,43465,10-Q,0001705682-18-000004,2017-06-30
1705682,Venator Materials PLC,NetIncomeLossAvailableToCommonStockholdersBasic,43465,10-Q,0001705682-18-000004,2017-06-30
1705682,Venator Materials PLC,NetIncomeLossAvailableToCommonStockholdersBasic,43465,10-Q,0001705682-18-000007,2017-09-30
1705682,Venator Materials PLC,NetIncomeLossAvailableToCommonStockholdersBasic,43465,10-Q,0001705682-18-000007,2017-09-30
1705682,Venator Materials PLC,NetIncomeLossAvailableToCommonStockholdersBasic,43465,10-Q,0001705682-18-000002,2018-03-31
1705682,Venator Materials PLC,NetIncomeLossAvailableToCommonStockholdersBasic,43830,10-Q,0001705682-19-000010,2018-03-31
1705682,Venator Materials PLC,NetIncomeLossAvailableToCommonStockholdersBasic,43465,10-Q,0001705682-18-000004,2018-06-30
1705682,Venator Materials PLC,NetIncomeLossAvailableToCommonStockholdersBasic,43830,10-Q,0001705682-19-000013,2018-06-30
1705682,Venator Materials PLC,NetIncomeLossAvailableToCommonStockholdersBasic,43465,10-Q,0001705682-18-000004,2018-06-30
1705682,Venator Materials PLC,NetIncomeLossAvailableToCommonStockholdersBasic,43830,10-Q,0001705682-19-000013,2018-06-30
1705682,Venator Materials PLC,NetIncomeLossAvailableToCommonStockholdersBasic,43465,10-Q,0001705682-18-000007,2018-09-30
1705682,Venator Materials PLC,NetIncomeLossAvailableToCommonStockholdersBasic,43465,10-Q,0001705682-18-000007,2018-09-30
1705682,Venator Materials PLC,NetIncomeLossAvailableToCommonStockholdersBasic,43830,10-Q,0001705682-19-000010,2019-03-31
1705682,Venator Materials PLC,NetIncomeLossAvailableToCommonStockholdersBasic,43830,10-Q,0001705682-19-000013,2019-06-30
1705682,Venator Materials PLC,NetIncomeLossAvailableToCommonStockholdersBasic,43830,10-Q,0001705682-19-000013,2019-06-30
1705682,Venator Materials PLC,OperatingIncomeLoss,43465,10-Q,0001705682-18-000002,2017-03-31
1705682,Venator Materials PLC,OperatingIncomeLoss,43465,10-Q,0001705682-18-000004,2017-06-30
1705682,Venator Materials PLC,OperatingIncomeLoss,43465,10-Q,0001705682-18-000004,2017-06-30
1705682,Venator Materials PLC,OperatingIncomeLoss,43465,10-Q,0001705682-18-000007,2017-09-30
1705682,Venator Materials PLC,OperatingIncomeLoss,43465,10-Q,0001705682-18-000007,2017-09-30
1705682,Venator Materials PLC,OperatingIncomeLoss,43465,10-Q,0001705682-18-000002,2018-03-31
1705682,Venator Materials PLC,OperatingIncomeLoss,43830,10-Q,0001705682-19-000010,2018-03-31
1705682,Venator Materials PLC,OperatingIncomeLoss,43465,10-Q,0001705682-18-000004,2018-06-30
1705682,Venator Materials PLC,OperatingIncomeLoss,43830,10-Q,0001705682-19-000013,2018-06-30
1705682,Venator Materials PLC,OperatingIncomeLoss,43465,10-Q,0001705682-18-000004,2018-06-30
1705682,Venator Materials PLC,OperatingIncomeLoss,43830,10-Q,0001705682-19-000013,2018-06-30
1705682,Venator Materials PLC,OperatingIncomeLoss,43465,10-Q,0001705682-18-000007,2018-09-30
1705682,Venator Materials PLC,OperatingIncomeLoss,43465,10-Q,0001705682-18-000007,2018-09-30
1705682,Venator Materials PLC,OperatingIncomeLoss,43830,10-Q,0001705682-19-000010,2019-03-31
1705682,Venator Materials PLC,OperatingIncomeLoss,43830,10-Q,0001705682-19-000013,2019-06-30
1705682,Venator Materials PLC,OperatingIncomeLoss,43830,10-Q,0001705682-19-000013,2019-06-30
1705682,Venator Materials PLC,PaymentsToAcquirePropertyPlantAndEquipment,43465,10-Q,0001705682-18-000002,2017-03-31
1705682,Venator Materials PLC,PaymentsToAcquirePropertyPlantAndEquipment,43465,10-Q,0001705682-18-000004,2017-06-30
1705682,Venator Materials PLC,PaymentsToAcquirePropertyPlantAndEquipment,43465,10-Q,0001705682-18-000007,2017-09-30
1705682,Venator Materials PLC,PaymentsToAcquirePropertyPlantAndEquipment,43465,10-Q,0001705682-18-000002,2018-03-31
1705682,Venator Materials PLC,PaymentsToAcquirePropertyPlantAndEquipment,43830,10-Q,0001705682-19-000010,2018-03-31
1705682,Venator Materials PLC,PaymentsToAcquirePropertyPlantAndEquipment,43465,10-Q,0001705682-18-000004,2018-06-30
1705682,Venator Materials PLC,PaymentsToAcquirePropertyPlantAndEquipment,43830,10-Q,0001705682-19-000013,2018-06-30
1705682,Venator Materials PLC,PaymentsToAcquirePropertyPlantAndEquipment,43465,10-Q,0001705682-18-000007,2018-09-30
1705682,Venator Materials PLC,PaymentsToAcquirePropertyPlantAndEquipment,43830,10-Q,0001705682-19-000010,2019-03-31
1705682,Venator Materials PLC,PaymentsToAcquirePropertyPlantAndEquipment,43830,10-Q,0001705682-19-000013,2019-06-30
1705682,Venator Materials PLC,ProfitLoss,43465,10-Q,0001705682-18-000002,2017-03-31
1705682,Venator Materials PLC,ProfitLoss,43465,10-Q,0001705682-18-000004,2017-06-30
1705682,Venator Materials PLC,ProfitLoss,43465,10-Q,0001705682-18-000004,2017-06-30
1705682,Venator Materials PLC,ProfitLoss,43465,10-Q,0001705682-18-000007,2017-09-30
1705682,Venator Materials PLC,ProfitLoss,43465,10-Q,0001705682-18-000007,2017-09-30
1705682,Venator Materials PLC,ProfitLoss,43465,10-Q,0001705682-18-000002,2018-03-31
1705682,Venator Materials PLC,ProfitLoss,43830,10-Q,0001705682-19-000010,2018-03-31
1705682,Venator Materials PLC,ProfitLoss,43830,10-Q,0001705682-19-000013,2018-03-31
1705682,Venator Materials PLC,ProfitLoss,43465,10-Q,0001705682-18-000004,2018-06-30
1705682,Venator Materials PLC,ProfitLoss,43830,10-Q,0001705682-19-000013,2018-06-30
1705682,Venator Materials PLC,ProfitLoss,43465,10-Q,0001705682-18-000004,2018-06-30
1705682,Venator Materials PLC,ProfitLoss,43830,10-Q,0001705682-19-000013,2018-06-30
1705682,Venator Materials PLC,ProfitLoss,43465,10-Q,0001705682-18-000007,2018-09-30
1705682,Venator Materials PLC,ProfitLoss,43465,10-Q,0001705682-18-000007,2018-09-30
1705682,Venator Materials PLC,ProfitLoss,43830,10-Q,0001705682-19-000010,2019-03-31
1705682,Venator Materials PLC,ProfitLoss,43830,10-Q,0001705682-19-000013,2019-03-31
1705682,Venator Materials PLC,ProfitLoss,43830,10-Q,0001705682-19-000013,2019-06-30
1705682,Venator Materials PLC,ProfitLoss,43830,10-Q,0001705682-19-000013,2019-06-30
1705682,Venator Materials PLC,RevenueFromContractWithCustomerExcludingAssessedTax,43465,10-Q,0001705682-18-000007,2017-09-30
1705682,Venator Materials PLC,RevenueFromContractWithCustomerExcludingAssessedTax,43465,10-Q,0001705682-18-000007,2017-09-30
1705682,Venator Materials PLC,RevenueFromContractWithCustomerExcludingAssessedTax,43465,10-Q,0001705682-18-000002,2018-03-31
1705682,Venator Materials PLC,RevenueFromContractWithCustomerExcludingAssessedTax,43830,10-Q,0001705682-19-000010,2018-03-31
1705682,Venator Materials PLC,RevenueFromContractWithCustomerExcludingAssessedTax,43465,10-Q,0001705682-18-000004,2018-06-30
1705682,Venator Materials PLC,RevenueFromContractWithCustomerExcludingAssessedTax,43830,10-Q,0001705682-19-000013,2018-06-30
1705682,Venator Materials PLC,RevenueFromContractWithCustomerExcludingAssessedTax,43465,10-Q,0001705682-18-000004,2018-06-30
1705682,Venator Materials PLC,RevenueFromContractWithCustomerExcludingAssessedTax,43830,10-Q,0001705682-19-000013,2018-06-30
1705682,Venator Materials PLC,RevenueFromContractWithCustomerExcludingAssessedTax,43465,10-Q,0001705682-18-000007,2018-09-30
1705682,Venator Materials PLC,RevenueFromContractWithCustomerExcludingAssessedTax,43465,10-Q,0001705682-18-000007,2018-09-30
1705682,Venator Materials PLC,RevenueFromContractWithCustomerExcludingAssessedTax,43830,10-Q,0001705682-19-000010,2019-03-31
1705682,Venator Materials PLC,RevenueFromContractWithCustomerExcludingAssessedTax,43830,10-Q,0001705682-19-000013,2019-06-30
1705682,Venator Materials PLC,RevenueFromContractWithCustomerExcludingAssessedTax,43830,10-Q,0001705682-19-000013,2019-06-30
1705682,Venator Materials PLC,Revenues,43465,10-Q,0001705682-18-000002,2017-03-31
1705682,Venator Materials PLC,Revenues,43465,10-Q,0001705682-18-000004,2017-06-30
1705682,Venator Materials PLC,Revenues,43465,10-Q,0001705682-18-000004,2017-06-30
1705682,Venator Materials PLC,Revenues,43465,10-Q,0001705682-18-000007,2017-09-30
1705682,Venator Materials PLC,Revenues,43465,10-Q,0001705682-18-000007,2017-09-30
1705682,Venator Materials PLC,Revenues,43465,10-Q,0001705682-18-000002,2018-03-31
1705682,Venator Materials PLC,Revenues,43830,10-Q,0001705682-19-000010,2018-03-31
1705682,Venator Materials PLC,Revenues,43465,10-Q,0001705682-18-000004,2018-06-30
1705682,Venator Materials PLC,Revenues,43830,10-Q,0001705682-19-000013,2018-06-30
1705682,Venator Materials PLC,Revenues,43465,10-Q,0001705682-18-000004,2018-06-30
1705682,Venator Materials PLC,Revenues,43830,10-Q,0001705682-19-000013,2018-06-30
1705682,Venator Materials PLC,Revenues,43465,10-Q,0001705682-18-000007,2018-09-30
1705682,Venator Materials PLC,Revenues,43465,10-Q,0001705682-18-000007,2018-09-30
1705682,Venator Materials PLC,Revenues,43830,10-Q,0001705682-19-000010,2019-03-31
1705682,Venator Materials PLC,Revenues,43830,10-Q,0001705682-19-000013,2019-06-30
1705682,Venator Materials PLC,Revenues,43830,10-Q,0001705682-19-000013,2019-06-30
1705682,Venator Materials PLC,SalesRevenueNet,43465,10-Q,0001705682-18-000002,2017-03-31
1705682,Venator Materials PLC,SalesRevenueNet,43465,10-Q,0001705682-18-000004,2017-06-30
1705682,Venator Materials PLC,SalesRevenueNet,43465,10-Q,0001705682-18-000004,2017-06-30
1705682,Venator Materials PLC,SalesRevenueNet,43465,10-Q,0001705682-18-000002,2018-03-31
1705682,Venator Materials PLC,SalesRevenueNet,43465,10-Q,0001705682-18-000004,2018-06-30
1705682,Venator Materials PLC,SalesRevenueNet,43465,10-Q,0001705682-18-000004,2018-06-30
1705682,Venator Materials PLC,StockholdersEquity,43465,10-Q,0001705682-18-000002,2017-12-31
1705682,Venator Materials PLC,StockholdersEquity,43465,10-Q,0001705682-18-000004,2017-12-31
1705682,Venator Materials PLC,StockholdersEquity,43465,10-Q,0001705682-18-000007,2017-12-31
1705682,Venator Materials PLC,StockholdersEquity,43465,10-Q,0001705682-18-000002,2018-03-31
1705682,Venator Materials PLC,StockholdersEquity,43465,10-Q,0001705682-18-000004,2018-06-30
1705682,Venator Materials PLC,StockholdersEquity,43465,10-Q,0001705682-18-000007,2018-09-30
1705682,Venator Materials PLC,StockholdersEquity,43830,10-Q,0001705682-19-000010,2018-12-31
1705682,Venator Materials PLC,StockholdersEquity,43830,10-Q,0001705682-19-000013,2018-12-31
1705682,Venator Materials PLC,StockholdersEquity,43830,10-Q,0001705682-19-000010,2019-03-31
1705682,Venator Materials PLC,StockholdersEquity,43830,10-Q,0001705682-19-000013,2019-06-30
1705682,Venator Materials PLC,StockholdersEquityIncludingPortionAttributableToNoncontrollingInterest,43465,10-Q,0001705682-18-000002,2016-12-31
1705682,Venator Materials PLC,StockholdersEquityIncludingPortionAttributableToNoncontrollingInterest,43465,10-Q,0001705682-18-000004,2016-12-31
1705682,Venator Materials PLC,StockholdersEquityIncludingPortionAttributableToNoncontrollingInterest,43465,10-Q,0001705682-18-000007,2016-12-31
1705682,Venator Materials PLC,StockholdersEquityIncludingPortionAttributableToNoncontrollingInterest,43465,10-Q,0001705682-18-000002,2017-03-31
1705682,Venator Materials PLC,StockholdersEquityIncludingPortionAttributableToNoncontrollingInterest,43465,10-Q,0001705682-18-000004,2017-06-30
1705682,Venator Materials PLC,StockholdersEquityIncludingPortionAttributableToNoncontrollingInterest,43465,10-Q,0001705682-18-000007,2017-09-30
1705682,Venator Materials PLC,StockholdersEquityIncludingPortionAttributableToNoncontrollingInterest,43465,10-Q,0001705682-18-000002,2017-12-31
1705682,Venator Materials PLC,StockholdersEquityIncludingPortionAttributableToNoncontrollingInterest,43465,10-Q,0001705682-18-000004,2017-12-31
1705682,Venator Materials PLC,StockholdersEquityIncludingPortionAttributableToNoncontrollingInterest,43465,10-Q,0001705682-18-000007,2017-12-31
1705682,Venator Materials PLC,StockholdersEquityIncludingPortionAttributableToNoncontrollingInterest,43830,10-Q,0001705682-19-000010,2017-12-31
1705682,Venator Materials PLC,StockholdersEquityIncludingPortionAttributableToNoncontrollingInterest,43830,10-Q,0001705682-19-000013,2017-12-31
1705682,Venator Materials PLC,StockholdersEquityIncludingPortionAttributableToNoncontrollingInterest,43465,10-Q,0001705682-18-000002,2018-03-31
1705682,Venator Materials PLC,StockholdersEquityIncludingPortionAttributableToNoncontrollingInterest,43830,10-Q,0001705682-19-000010,2018-03-31
1705682,Venator Materials PLC,StockholdersEquityIncludingPortionAttributableToNoncontrollingInterest,43830,10-Q,0001705682-19-000013,2018-03-31
1705682,Venator Materials PLC,StockholdersEquityIncludingPortionAttributableToNoncontrollingInterest,43465,10-Q,0001705682-18-000004,2018-06-30
1705682,Venator Materials PLC,StockholdersEquityIncludingPortionAttributableToNoncontrollingInterest,43830,10-Q,0001705682-19-000013,2018-06-30
1705682,Venator Materials PLC,StockholdersEquityIncludingPortionAttributableToNoncontrollingInterest,43465,10-Q,0001705682-18-000007,2018-09-30
1705682,Venator Materials PLC,StockholdersEquityIncludingPortionAttributableToNoncontrollingInterest,43830,10-Q,0001705682-19-000010,2018-12-31
1705682,Venator Materials PLC,StockholdersEquityIncludingPortionAttributableToNoncontrollingInterest,43830,10-Q,0001705682-19-000013,2018-12-31
1705682,Venator Materials PLC,StockholdersEquityIncludingPortionAttributableToNoncontrollingInterest,43830,10-Q,0001705682-19-000010,2019-03-31
1705682,Venator Materials PLC,StockholdersEquityIncludingPortionAttributableToNoncontrollingInterest,43830,10-Q,0001705682-19-000013,2019-03-31
1705682,Venator Materials PLC,StockholdersEquityIncludingPortionAttributableToNoncontrollingInterest,43830,10-Q,0001705682-19-000013,2019-06-30
1705682,Venator Materials PLC,WeightedAverageNumberOfDilutedSharesOutstanding,43465,10-Q,0001705682-18-000002,2017-03-31
1705682,Venator Materials PLC,WeightedAverageNumberOfDilutedSharesOutstanding,43465,10-Q,0001705682-18-000004,2017-06-30
1705682,Venator Materials PLC,WeightedAverageNumberOfDilutedSharesOutstanding,43465,10-Q,0001705682-18-000004,2017-06-30
1705682,Venator Materials PLC,WeightedAverageNumberOfDilutedSharesOutstanding,43465,10-Q,0001705682-18-000007,2017-09-30
1705682,Venator Materials PLC,WeightedAverageNumberOfDilutedSharesOutstanding,43465,10-Q,0001705682-18-000007,2017-09-30
1705682,Venator Materials PLC,WeightedAverageNumberOfDilutedSharesOutstanding,43465,10-Q,0001705682-18-000002,2018-03-31
1705682,Venator Materials PLC,WeightedAverageNumberOfDilutedSharesOutstanding,43830,10-Q,0001705682-19-000010,2018-03-31
1705682,Venator Materials PLC,WeightedAverageNumberOfDilutedSharesOutstanding,43465,10-Q,0001705682-18-000004,2018-06-30
1705682,Venator Materials PLC,WeightedAverageNumberOfDilutedSharesOutstanding,43830,10-Q,0001705682-19-000013,2018-06-30
1705682,Venator Materials PLC,WeightedAverageNumberOfDilutedSharesOutstanding,43465,10-Q,0001705682-18-000004,2018-06-30
1705682,Venator Materials PLC,WeightedAverageNumberOfDilutedSharesOutstanding,43830,10-Q,0001705682-19-000013,2018-06-30
1705682,Venator Materials PLC,WeightedAverageNumberOfDilutedSharesOutstanding,43465,10-Q,0001705682-18-000007,2018-09-30
1705682,Venator Materials PLC,WeightedAverageNumberOfDilutedSharesOutstanding,43465,10-Q,0001705682-18-000007,2018-09-30
1705682,Venator Materials PLC,WeightedAverageNumberOfDilutedSharesOutstanding,43830,10-Q,0001705682-19-000010,2019-03-31
1705682,Venator Materials PLC,WeightedAverageNumberOfDilutedSharesOutstanding,43830,10-Q,0001705682-19-000013,2019-06-30
1705682,Venator Materials PLC,WeightedAverageNumberOfDilutedSharesOutstanding,43830,10-Q,0001705682-19-000013,2019-06-30
