ticker,cik,company_name,merged_from_ciks,exchange,sic,sic_description,taxonomy,filing_form,reporting_currency,fiscal_year_end,latest_fiscal_year,period_end,gate0_pass,gate0_framework_pass,framework_leg_failed,gate0_status,gate0_not_evaluable,imputed_fields,resolution_basis,resolution_basis_goodwill,resolution_basis_intangibles,carried_forward_fields,carry_forward_age_days,sbc_unverified,fcf_after_sbc_multiple,tangible_book,income_quality,fcf,fcf_after_sbc,sbc_pct_revenue,net_cash,effective_tax,ni_vs_oi,acq_intensity,bs_acq_intensity,acq_cf_bs_disagreement,buyback_pct_fcf,fcf_per_share,revenue,net_income,operating_income,ocf,capex,capex_broken,capex_suspect,shares_scale_suspect,capex_vs_dep_amort,ttm_fcf_divergence,ttm_suspect,ttm_unavailable,ttm_stale_concepts,net_margin,income_quality_suspect,operating_margin_2y_ago,sbc,equity,goodwill,intangibles,cash,total_debt,shares_diluted,fail_tangible_book,test_tangible_book,fail_income_quality,test_income_quality,fail_fcf,test_fcf,fail_fcf_after_sbc,test_fcf_after_sbc,fail_sbc,test_sbc,warn_sbc,fail_ni_over_oi,test_ni_vs_oi,fail_tax_anomaly,test_tax_anomaly,warn_inorganic,tangible_book_yrs_negative,growth_basis,short_history,revenue_cagr_3y,revenue_cagr_5y,fcf_per_share_cagr_3y,fcf_per_share_cagr_5y,fcf_per_share_3y_ago,fcf_per_share_5y_ago,fcf_per_share_earliest,fcf_per_share_latest,fcf_per_share_delta_abs,fcf_inflection,fcf_inflection_years,operating_margin_latest,operating_margin_5y_ago,operating_margin_delta,income_quality_3y_avg,income_quality_direction,ttm_revenue,ttm_net_income,ttm_ocf,ttm_capex,ttm_sbc,ttm_fcf_after_sbc,latest_q_goodwill,latest_q_intangibles,latest_q_equity,latest_q_cash,latest_q_total_debt,latest_q_shares_diluted,revenue_growth_yoy_q1,revenue_growth_yoy_q2,revenue_growth_yoy_q3,revenue_growth_yoy_q4,revenue_accel_4q,quarters_of_accelerating_revenue,fcf_growth_yoy_q1,fcf_growth_yoy_q2,fcf_growth_yoy_q3,fcf_growth_yoy_q4,fcf_accel_4q,quarters_of_accelerating_fcf,acq_disagreement,acquisitions,buybacks,dep_amort,dividends,gi_delta,operating_margin,pretax_income,sec_download_date,source_tag_capex,source_tag_equity,source_tag_goodwill,source_tag_intangibles,source_tag_net_income,source_tag_ocf,source_tag_operating_income,source_tag_sbc,tax_expense,ttm_acquisitions,ttm_buybacks,ttm_dep_amort,ttm_dividends,ttm_operating_income,ttm_pretax_income,ttm_tax_expense,price,ma_200,as_of,market_cap,market_cap_derived,pct_vs_200ma,implied_shares,implied_shares_ratio,shares_identity_suspect,momentum_not_evaluated,drawdown_undiagnosed,momentum_unknown,fwd_trail_ratio,adjusted_eps_guard,rejected_because,ev,p_fcf_after_sbc,ev_fcf_after_sbc
EAI,7323,ENTERGY CORPORATION,"",NYSE,4911,Electric Services,us-gaap,10-Q,USD,1231,2026,2026-03-31,false,false,"",unknown,"income_quality,fcf,sbc,ni_vs_oi,tax_anomaly",intangibles,carried_forward,carried_forward,never_acquired,goodwill,90,true,,17070561000.0,,,,,,,,,,false,,,,,,,,false,false,false,,false,false,true,,,false,,,17438143000.0,367582000.0,0.0,,,,false,PASS,,NOT_EVALUABLE,,NOT_EVALUABLE,,NOT_EVALUABLE,,NOT_EVALUABLE,,,NOT_EVALUABLE,,NOT_EVALUABLE,,0,insufficient,true,,,,,,,,,,false,0,,,,,,,,,,,,367582000.0,,18229120000.0,3854045000.0,33057826000.0,464415110.0,,,,,,0,,,,,,0,false,,,,,,,,2026-08-25,,StockholdersEquityIncludingPortionAttributableToNoncontrollingInterest,,,,,,,,,,,,,,,,,,,,,,,,,,,,,ineligible:gate0_status,,,
SOCGM,92108,SOUTHERN CALIFORNIA GAS CO,"",OTC,4922,Natural Gas Transmission,us-gaap,10-Q,USD,1231,2026,2026-03-31,false,false,"",unknown,"income_quality,fcf,sbc,ni_vs_oi,tax_anomaly","goodwill,intangibles",never_acquired,never_acquired,never_acquired,"",,true,,39474000000.0,,,,,,,,,,false,,,,,,,,false,false,false,,false,false,true,,,false,,,39474000000.0,0.0,0.0,,,,false,PASS,,NOT_EVALUABLE,,NOT_EVALUABLE,,NOT_EVALUABLE,,NOT_EVALUABLE,,,NOT_EVALUABLE,,NOT_EVALUABLE,,0,insufficient,true,,,,,,,,,,false,0,,,,,,,,,,,,,,32685000000.0,48000000.0,,655718000.0,,,,,,0,,,,,,0,false,,,,,,,,2026-08-25,,StockholdersEquityIncludingPortionAttributableToNoncontrollingInterest,,,,,,,,,,,,,,,,,,,,,,,,,,,,,ineligible:gate0_status,,,
AMFN,96664,"AMERICAN FUSION, INC.","",OTC,4911,Electric Services,us-gaap,10-Q,USD,1231,2025,2025-12-31,false,false,"",fail,"income_quality,fcf,sbc,ni_vs_oi,tax_anomaly","goodwill,intangibles",never_acquired,never_acquired,never_acquired,"",,true,,-1108342.0,,,,,,,,,,false,,,,,,,,false,false,false,,false,false,true,,,false,,,-1108342.0,0.0,0.0,2525.0,,,true,FAIL,,NOT_EVALUABLE,,NOT_EVALUABLE,,NOT_EVALUABLE,,NOT_EVALUABLE,,,NOT_EVALUABLE,,NOT_EVALUABLE,,0,insufficient,true,,,,,,,,,,false,0,,,,,,,,,,,,,48472.0,-1659979.0,79341.0,,2388774665.0,,,,,,0,,,,,,0,false,,,,,,,,2026-08-25,,StockholdersEquity,,,,,,,,,,,,,,,,,,,,,,,,,,,,,ineligible:gate0_status,,,
NICH,772263,NITCHES INC.,"",OTC,2330,"Women's, Misses':  and Juniors Outerwear",us-gaap,10-Q,USD,831,2024,2024-08-31,false,false,"tax_anomaly,sbc",fail_stale,fcf,goodwill,carried_forward,never_acquired,carried_forward,intangibles,366,false,,-2297639.0,0.13025110634291548,,,0.4140786749482402,,-0.0,4.496623630474938,,,false,,,4830.0,-2843377.0,-632336.0,-370353.0,,false,false,false,,false,false,false,sbc,-588.6908902691512,false,-1180.8197183098591,2000.0,-2267959.0,0.0,29680.0,59991.0,,,true,FAIL,true,FAIL,,NOT_EVALUABLE,,NOT_EVALUABLE,true,FAIL,true,false,PASS,true,FAIL,,0,insufficient,true,,,,,,,,,,false,0,-130.91842650103519,,,0.2799805118537899,falling,5212.0,-2882239.0,167626.0,-18500.0,,,,68145.0,-1318545.0,36488.0,,,,,2.8424821002386635,-1.0,,0,,,,,,0,false,,,,,,-130.91842650103519,-2843377.0,2026-08-25,,StockholdersEquityIncludingPortionAttributableToNoncontrollingInterest,,,NetIncomeLoss,NetCashProvidedByUsedInOperatingActivities,OperatingIncomeLoss,ShareBasedCompensation,0.0,,,,,-94317.0,-2882239.0,,,,,,,,,,,,,,,,ineligible:gate0_status,,,
SPQS,803097,"SPORTSQUEST, INC.","",OTC,7900,Services-Amusement & Recreation Services,us-gaap,10-Q,USD,1231,2025,2025-12-31,false,false,"",fail,"fcf,sbc,tax_anomaly","goodwill,intangibles",never_acquired,never_acquired,never_acquired,"",,true,,-460005.0,0.8610736599802696,,,,,,1.3494564011537609,,,false,,,0.0,-121640.0,-90140.0,-104741.0,,false,false,false,,false,false,false,"",,false,,,-460005.0,0.0,0.0,1670.0,,3849163151.0,true,FAIL,false,PASS,,NOT_EVALUABLE,,NOT_EVALUABLE,,NOT_EVALUABLE,,false,PASS,,NOT_EVALUABLE,,0,insufficient,true,,,,,,,,,,false,0,,,,0.9064538729415557,,0.0,-90752.0,-76873.0,,,,,,-522263.0,15135.0,,4024163151.0,,,,,,0,,,,,,0,false,,,,,,,,2026-08-25,,StockholdersEquity,,,NetIncomeLoss,NetCashProvidedByUsedInOperatingActivities,OperatingIncomeLoss,,0.0,,,,,-90752.0,,,,,,,,,,,,,,,,,ineligible:gate0_status,,,
POSC,844985,POSITRON     CORPORATION,"",OTC,3845,Electromedical & Electrotherapeutic Apparatus,us-gaap,10-Q,USD,1231,2025,2025-12-31,false,false,sbc,fail,"fcf,tax_anomaly","goodwill,intangibles",never_acquired,never_acquired,never_acquired,"",,false,,3375244.0,0.4432825835355328,,,10.797630089370076,,,1.0099947011291082,,,false,,,461452.0,-10603392.0,-10498463.0,-4700299.0,,false,false,false,,false,false,false,"",-22.97832060539341,false,,4982588.0,3375244.0,0.0,0.0,,,30891096.0,false,PASS,true,FAIL,,NOT_EVALUABLE,,NOT_EVALUABLE,true,FAIL,true,false,PASS,,NOT_EVALUABLE,,0,insufficient,true,,,,,,,,,,false,0,-22.75093184123159,,,0.5854065433847698,,444822.0,-10099438.0,-4214426.0,,,,,,-660847.0,,,32840145.0,,,,,,0,,,,,,0,false,,,,,,-22.75093184123159,,2026-08-25,,StockholdersEquity,,,NetIncomeLoss,NetCashProvidedByUsedInOperatingActivities,OperatingIncomeLoss,ShareBasedCompensation,,,,,,-10019846.0,,,,,,,,,,,,,,,,,ineligible:gate0_status,,,
FECOF,849997,FEC RESOURCES INC.,"",OTC,1311,Crude Petroleum & Natural Gas,ifrs-full,20-F,USD,1231,2024,2024-12-31,false,false,"tax_anomaly,ni_vs_oi",fail,"fcf,sbc","goodwill,intangibles",never_acquired,never_acquired,never_acquired,"",,true,,7645095.0,-0.6420304618367924,,,,,-0.0,-1.3412843432597494,,,false,,,,244437.0,-182241.0,-156936.0,,false,false,false,,false,false,true,,,false,,,7645095.0,0.0,0.0,,,861082371.0,false,PASS,true,FAIL,,NOT_EVALUABLE,,NOT_EVALUABLE,,NOT_EVALUABLE,,true,FAIL,true,FAIL,,0,insufficient,true,,,,,,,,,,false,0,,,,-0.7333356772282582,rising,,,,,,,,,,,,,,,,,,,,,,,,,false,,,,,,,-244437.0,2026-08-25,,Equity,,,ProfitLoss,CashFlowsFromUsedInOperatingActivities,ProfitLossFromOperatingActivities,,0.0,,,,,,,,,,,,,,,,,,,,,,ineligible:gate0_status,,,
CAPS,887151,Capstone Holding Corp.,"",Nasdaq,5030,Wholesale-Lumber & Other Construction Materials,us-gaap,10-Q,USD,1231,2025,2025-12-31,false,false,tax_anomaly,fail,"","",reported,reported,reported,"",,false,,-7848000.0,0.20781912388130006,-4534000.0,-4534000.0,0.0,-12324000.0,-0.5106019638537072,1.9324594939013289,,-0.06469571894797466,false,,,46881000.0,-21230000.0,-10986000.0,-4412000.0,122000.0,false,false,false,0.31202046035805625,false,false,false,"",-0.45284870203280647,false,-0.025820775856752257,0.0,12453000.0,18460000.0,1841000.0,727000.0,13051000.0,,true,FAIL,true,FAIL,true,FAIL,true,FAIL,false,PASS,false,false,PASS,true,FAIL,false,2,insufficient,true,,,,,,,,,,false,0,-0.23433800473539387,,,-0.5778000312350404,rising,59639000.0,-22097000.0,-3599000.0,213000.0,,,18475000.0,1758000.0,12420000.0,225000.0,12847000.0,3560035.0,,,0.5475811390079608,0.6281361327976958,,1,,,-0.2327209098862642,,,0,false,,,391000.0,,-3033000.0,-0.23433800473539387,-14054000.0,2026-08-25,PaymentsToAcquirePropertyPlantAndEquipment,StockholdersEquity,Goodwill,IntangibleAssetsNetExcludingGoodwill,NetIncomeLoss,NetCashProvidedByUsedInOperatingActivities,OperatingIncomeLoss,AllocatedShareBasedCompensationExpense,7176000.0,,,485000.0,,-10363000.0,-14916000.0,7181000.0,,,,,,,,,,,,,,,ineligible:gate0_status,,,
USNA,896264,"USANA HEALTH SCIENCES, INC.","",NYSE,2833,Medicinal Chemicals & Botanical Products,us-gaap,10-Q,USD,103,2025,2026-01-03,false,false,"",fail,"","",reported,reported,reported,"",,false,,261991000.0,2.0770446096654274,8526000.0,-5302000.0,0.014945036892452584,,0.7236255929876948,0.2874545843128874,0.0,0.11044282831688926,true,-5.188042248208223,-0.2854527834607516,925257000.0,10760000.0,37432000.0,22349000.0,13823000.0,false,false,false,0.4245132362876973,false,false,false,"",0.011629201400259604,false,0.10776476290330173,13828000.0,533104000.0,137962000.0,133151000.0,158380000.0,,18574000.0,false,PASS,false,PASS,false,PASS,true,FAIL,false,PASS,false,false,PASS,false,PASS,true,0,insufficient,true,-0.06574036338492173,,,,6.158872788859616,,4.146857743886406,-0.2854527834607516,-4.432310527347157,false,0,0.04045578687867263,,,1.5922393048954215,rising,913361000.0,-22164000.0,27727000.0,11793000.0,14184000.0,1750000.0,109141000.0,124615000.0,526306000.0,168560000.0,,18442000.0,0.10794902028947381,0.06717077629219713,0.0027210175563739535,-0.05331823886571012,-0.0548251536201375,0,,,-0.4389147409101664,,,0,true,0.0,27507000.0,32562000.0,,102188000.0,0.04045578687867263,41527000.0,2026-08-25,PaymentsToAcquirePropertyPlantAndEquipment,StockholdersEquity,Goodwill,IntangibleAssetsNetExcludingGoodwill,NetIncomeLoss,NetCashProvidedByUsedInOperatingActivities,OperatingIncomeLoss,ShareBasedCompensation,30050000.0,,0.0,32431000.0,,-1079000.0,2536000.0,31785000.0,,,,,,,,,,,,,,,ineligible:gate0_status,,,
GRVE,918573,"GROOVE BOTANICALS, INC.","",OTC,1311,Crude Petroleum & Natural Gas,us-gaap,10-Q,USD,331,2026,2026-03-31,false,false,"",fail,"fcf,sbc,tax_anomaly","goodwill,intangibles",never_acquired,never_acquired,never_acquired,"",,true,,-1468248.0,0.6551598447651108,,,,,,1.0,,,false,,,,-139917.0,-139917.0,-91668.0,,false,false,false,,false,false,false,"",,false,,,-1468248.0,0.0,0.0,1502.0,,59643062.0,true,FAIL,true,FAIL,,NOT_EVALUABLE,,NOT_EVALUABLE,,NOT_EVALUABLE,,false,PASS,,NOT_EVALUABLE,,0,insufficient,true,,,,,,,,,,false,0,,,,0.6353008179242245,rising,,-122918.0,-86069.0,,,,,,-1544037.0,1494.0,,59643062.0,,,,,,0,,,,,,0,false,,,,,,,,2026-08-25,,StockholdersEquity,,,NetIncomeLoss,NetCashProvidedByUsedInOperatingActivities,OperatingIncomeLoss,,,,,,,-130065.0,,,,,,,,,,,,,,,,,ineligible:gate0_status,,,
PPL,922224,PPL Corp,"",NYSE,4911,Electric Services,us-gaap,10-Q,USD,1231,2025,2025-12-31,false,false,"",fail,"","",reported,reported,reported,"",,false,,12307000000.0,2.2260795935647755,-1401000000.0,-1450000000.0,0.0053435114503816794,-17823000000.0,0.19769021739130435,0.5547205260685768,,0.0014176663031624864,false,,-1.950634157891055,9170000000.0,1181000000.0,2129000000.0,2629000000.0,4030000000.0,false,false,false,,false,false,false,buybacks,0.12878953107960742,false,0.29213483146067415,49000000.0,14881000000.0,2247000000.0,327000000.0,1071000000.0,18894000000.0,743348000.0,false,PASS,false,PASS,true,FAIL,true,FAIL,false,PASS,false,false,PASS,false,PASS,false,0,insufficient,true,,,,,,,0.5718860802928056,-1.950634157891055,-2.5225202381838607,false,0,0.2321701199563795,,,2.2260795935647755,rising,9410000000.0,1219000000.0,2673000000.0,4295000000.0,53000000.0,-1675000000.0,2247000000.0,326000000.0,15019000000.0,1241000000.0,20018000000.0,757158000.0,,,,0.09430255402750491,,0,,,,-0.7892857142857143,,0,false,,,,794000000.0,13000000.0,0.2321701199563795,1472000000.0,2026-08-25,PaymentsToAcquirePropertyPlantAndEquipment,StockholdersEquityIncludingPortionAttributableToNoncontrollingInterest,Goodwill,IntangibleAssetsNetExcludingGoodwill,NetIncomeLoss,NetCashProvidedByUsedInOperatingActivities,OperatingIncomeLoss,ShareBasedCompensation,291000000.0,,,,806000000.0,2196000000.0,1516000000.0,297000000.0,,,,,,,,,,,,,,,ineligible:gate0_status,,,
IVHI,1009919,"INVECH HOLDINGS, INC.","",OTC,8742,Services-Management Consulting Services,us-gaap,10-Q,USD,1231,2025,2025-12-31,false,false,"",fail,"fcf,sbc,tax_anomaly",goodwill,never_acquired,never_acquired,reported,"",,true,,-62149.0,1.004136647247406,,,,,,1.0,,,false,,,0.0,-58018.0,-58018.0,-58258.0,,false,false,false,,false,false,false,"",,false,,,-62149.0,0.0,0.0,0.0,,100521335.0,true,FAIL,false,PASS,,NOT_EVALUABLE,,NOT_EVALUABLE,,NOT_EVALUABLE,,false,PASS,,NOT_EVALUABLE,,0,insufficient,true,,,,,,,,,,false,0,,,,1.0031672151174253,rising,0.0,-221877.0,-29727.0,,,,,450000.0,227336.0,46.0,,106789495.0,,,,,,0,,,,,,0,false,,,,,,,,2026-08-25,,StockholdersEquity,,IntangibleAssetsNetExcludingGoodwill,NetIncomeLoss,NetCashProvidedByUsedInOperatingActivities,OperatingIncomeLoss,,,,,,,-209597.0,,,,,,,,,,,,,,,,,ineligible:gate0_status,,,
BVN,1013131,BUENAVENTURA MINING CO INC,"",NYSE,1000,Metal Mining,ifrs-full,20-F,USD,1231,2024,2024-12-31,false,false,"",unknown,"tangible_book,sbc","",unresolved,unresolved,unresolved,"",,true,,,1.1676728414487956,148316000.0,,,,0.27232412995750277,0.9340476377466874,0.0,,false,,,1154605000.0,416263000.0,445655000.0,486059000.0,337743000.0,false,false,false,2.1455442902881536,false,false,true,,0.36052416194282894,false,-0.04730711128246537,,3390689000.0,,,478435000.0,,253986867.0,,NOT_EVALUABLE,false,PASS,false,PASS,,NOT_EVALUABLE,,NOT_EVALUABLE,,false,PASS,false,PASS,,0,insufficient,true,0.08640380287333049,,,,,,,,,false,0,0.3859804868331594,,,2.7278255410623764,rising,,,,,,,,,,,,,,,,,,,,,,,,,false,0.0,,157416000.0,25783000.0,,0.3859804868331594,573449000.0,2026-08-25,PurchaseOfPropertyPlantAndEquipmentClassifiedAsInvestingActivities,EquityAttributableToOwnersOfParent,,,ProfitLoss,CashFlowsFromUsedInOperatingActivities,ProfitLossFromOperatingActivities,,156164000.0,,,,,,,,,,,,,,,,,,,,,,ineligible:gate0_status,,,
LXRX,1062822,"LEXICON PHARMACEUTICALS, INC.","",Nasdaq,2834,Pharmaceutical Preparations,us-gaap,10-Q,USD,1231,2025,2025-12-31,false,false,sbc,unknown,"fcf,tax_anomaly",intangibles,structured_absence_asc350,reported,structured_absence_asc350,"",,false,,62995000.0,1.3478278143064302,,,0.25133024115013153,-19677000.0,,1.029236777003128,,,false,,,49803000.0,-50341000.0,-48911000.0,-67851000.0,0.0,true,true,false,0.0,false,false,false,"buybacks,pretax_income",-1.010802562094653,false,-154.72972972972974,12517000.0,107538000.0,44543000.0,0.0,34326000.0,54003000.0,363053000.0,false,PASS,false,PASS,,NOT_EVALUABLE,,NOT_EVALUABLE,true,FAIL,true,false,PASS,,NOT_EVALUABLE,,0,insufficient,true,,,,,-0.6214634381806882,,-0.6214634381806882,,,false,0,-0.9820894323635122,,,1.0513293361017693,rising,41469000.0,-61116000.0,-64988000.0,474000.0,12693000.0,-78155000.0,44543000.0,0.0,174525000.0,40924000.0,51437000.0,419050000.0,16.851576994434136,7.145893164847789,15.721077654516641,-0.9760271599806,-4.490762797357536,0,,,,,,0,false,,,621000.0,,,-0.9820894323635122,,2026-08-25,PaymentsToAcquirePropertyPlantAndEquipment,StockholdersEquity,Goodwill,,NetIncomeLoss,NetCashProvidedByUsedInOperatingActivities,OperatingIncomeLoss,ShareBasedCompensation,,,,481000.0,,-54504000.0,,,,,,,,,,,,,,,,,ineligible:gate0_status,,,
LINMF,1066130,FE BATTERY METALS CORP.,"",OTC,1000,Metal Mining,ifrs-full,20-F,CAD,331,2024,2024-03-31,false,false,"",fail,"fcf,sbc,tax_anomaly","goodwill,intangibles",never_acquired,never_acquired,never_acquired,"",,false,,8646363.0,0.6195815780775886,,,,,,1.0905474816848386,,,false,,,,-6635073.0,-6084167.0,-4110969.0,,false,false,false,,false,false,true,,,false,,1786445.0,8646363.0,0.0,0.0,1704908.0,,47967469.0,false,PASS,true,FAIL,,NOT_EVALUABLE,,NOT_EVALUABLE,,NOT_EVALUABLE,,false,PASS,,NOT_EVALUABLE,,0,insufficient,true,,,,,,,,,,false,0,,,,0.7036380699687211,falling,,,,,,,,,,,,,,,,,,,,,,,,,false,,,,,,,,2026-08-25,,Equity,,,ProfitLoss,CashFlowsFromUsedInOperatingActivities,ProfitLossFromOperatingActivities,AdjustmentsForSharebasedPayments,,,,,,,,,,,,,,,,,,,,,,,ineligible:gate0_status,,,
HYOR,1070789,HyOrc Corporation,"",OTC,8711,Services-Engineering Services,us-gaap,10-Q,USD,1231,2025,2025-12-31,false,false,"sbc,ni_vs_oi",fail,"fcf,tax_anomaly",intangibles,never_acquired,reported,never_acquired,"",,false,,5965516.0,0.6095785551810831,,,0.4644983424666802,,,0.9743413006440301,,,false,,,59124.0,-551294.0,-565812.0,-336057.0,,false,false,false,,false,false,false,"",-9.324369122522157,false,,27463.0,21720860.0,15755344.0,0.0,19417.0,,733383149.0,false,PASS,true,FAIL,,NOT_EVALUABLE,,NOT_EVALUABLE,true,FAIL,true,true,FAIL,,NOT_EVALUABLE,,0,insufficient,true,,,,,,,,,,false,0,-9.569920844327177,,,0.41073978621008506,,82974.0,-1243188.0,-392349.0,,,,15755344.0,,21208771.0,53912.0,,,,,,,,0,,,,,,0,false,,,,,,-9.569920844327177,,2026-08-25,,StockholdersEquity,Goodwill,,NetIncomeLoss,NetCashProvidedByUsedInOperatingActivities,OperatingIncomeLoss,AllocatedShareBasedCompensationExpense,,,,,,-553521.0,,,,,,,,,,,,,,,,,ineligible:gate0_status,,,
RITE,1096296,MINERALRITE CORPORATION,"",OTC,1090,Miscellaneous Metal Ores,us-gaap,10-Q,USD,1231,2025,2025-12-31,false,false,ni_vs_oi,fail,"sbc,tax_anomaly","goodwill,intangibles",never_acquired,never_acquired,never_acquired,"",,false,,242767012.0,1.0510601367320827,-317904.0,-399637.0,,,,0.6704375843741879,,,false,,-0.00008264842163791074,,-291519.0,-434819.0,-306404.0,11500.0,false,false,false,,false,false,false,"",,false,,81733.0,242767012.0,0.0,0.0,11617.0,,4835385747.0,false,PASS,false,PASS,true,FAIL,true,FAIL,,NOT_EVALUABLE,,true,FAIL,,NOT_EVALUABLE,,0,insufficient,true,,,,,,,,-0.00008264842163791074,,false,0,,,,0.048657283169878385,,,-495156.0,-344010.0,32817.0,,,,,242629274.0,9580.0,,6225765792.0,,,,,,0,,,0.13766063636447504,,,0,false,,,,,,,-291519.0,2026-08-25,PaymentsToAcquirePropertyPlantAndEquipment,StockholdersEquity,,,NetIncomeLoss,NetCashProvidedByUsedInOperatingActivities,OperatingIncomeLoss,ShareBasedCompensation,,,,,,-598092.0,-495156.0,,,,,,,,,,,,,,,,ineligible:gate0_status,,,
CSDX,1106861,CS DIAGNOSTICS CORP.,"",OTC,2842,"Specialty Cleaning, Polishing and Sanitation Preparations",us-gaap,10-Q,USD,1231,2025,2025-06-30,false,false,"",unknown,"income_quality,fcf,sbc,ni_vs_oi,tax_anomaly","goodwill,intangibles",never_acquired,never_acquired,never_acquired,"",,true,,499431181.0,,,,,,,,,,false,,,,,,,,false,false,false,,false,false,true,"",,false,,,499431181.0,0.0,0.0,,,,false,PASS,,NOT_EVALUABLE,,NOT_EVALUABLE,,NOT_EVALUABLE,,NOT_EVALUABLE,,,NOT_EVALUABLE,,NOT_EVALUABLE,,0,insufficient,true,,,,,,,,,,false,0,,,,,,,27957.0,,,,,,,499429404.0,13.0,,137430200.0,,,,,,0,,,,,,0,false,,,,,,,,2026-08-25,,StockholdersEquity,,,,,,,,,,,,,,,,,,,,,,,,,,,,,ineligible:gate0_status,,,
AGGI,1109262,"BILI Social International, Inc.","",OTC,5960,Retail-Nonstore Retailers,us-gaap,10-Q,USD,1231,2025,2025-12-31,false,false,tax_anomaly,fail,fcf,goodwill,never_acquired,never_acquired,reported,"",,false,,-249237.0,0.05024884639493698,,,0.0,,0.0,0.9923825601755262,,,false,,,1916320.0,1059288.0,1067419.0,53228.0,,false,false,false,,false,false,false,"",0.5527719796276196,false,,0.0,-141158.0,0.0,108079.0,298503.0,,19037315561.0,true,FAIL,true,FAIL,,NOT_EVALUABLE,,NOT_EVALUABLE,false,PASS,false,false,PASS,true,FAIL,,0,insufficient,true,,,,,,,,,,false,0,0.5570150079318694,,,0.49228044170009627,,2954497.0,1420243.0,458386.0,,,,,91287.0,1304721.0,147678.0,,40388706.0,,,,,,0,,,,,,0,false,,,,,,0.5570150079318694,1059288.0,2026-08-25,,StockholdersEquity,,IntangibleAssetsNetExcludingGoodwill,NetIncomeLoss,NetCashProvidedByUsedInOperatingActivities,OperatingIncomeLoss,ShareBasedCompensation,0.0,,,,,1495184.0,1487304.0,67061.0,,,,,,,,,,,,,,,ineligible:gate0_status,,,
ILXP,1115864,ECOMINAS CORP.,"",,1400,Mining & Quarrying of  Nonmetallic Minerals (No Fuels),us-gaap,10-Q,USD,1231,2025,2025-06-30,false,false,"",fail,"income_quality,fcf,sbc,ni_vs_oi,tax_anomaly","goodwill,intangibles",never_acquired,never_acquired,never_acquired,"",,true,,-296038.0,,,,,,,,,,false,,,,,,,,false,false,false,,false,false,true,,,false,,,-296038.0,0.0,0.0,0.0,,,true,FAIL,,NOT_EVALUABLE,,NOT_EVALUABLE,,NOT_EVALUABLE,,NOT_EVALUABLE,,,NOT_EVALUABLE,,NOT_EVALUABLE,,0,insufficient,true,,,,,,,,,,false,0,,,,,,,,,,,,,,-483351.0,766.0,,215342.0,,,,,,0,,,,,,0,false,,,,,,,,2026-08-25,,StockholdersEquity,,,,,,,,,,,,,,,,,,,,,,,,,,,,,ineligible:gate0_status,,,
PCSV,1122020,"PCS EDVENTURES!, INC.","",OTC,8200,Services-Educational Services,us-gaap,10-Q,USD,331,2026,2026-03-31,false,false,ni_vs_oi,fail,"","goodwill,intangibles",never_acquired,never_acquired,never_acquired,"",,false,,7692760.0,0.3809117551800681,77710.0,66782.0,0.0017210096568988974,,0.21238742592275747,1.1668556259159915,,,false,9.378560091042496,0.006735661252579631,6349761.0,253182.0,216978.0,96440.0,18730.0,false,false,false,0.602851717145708,true,true,false,buybacks,0.03987268182219772,false,0.30865660501672115,10928.0,7692760.0,0.0,0.0,2674538.0,,9914691.0,false,PASS,true,FAIL,false,PASS,false,PASS,false,PASS,false,true,FAIL,false,PASS,,0,3y,true,-0.03218608252601263,,-0.13585893728414633,,0.010438216723993875,,,0.006735661252579631,,false,1,0.03417104990250814,,,1.0876783920129502,rising,5667069.0,-117376.0,-311560.0,13806.0,13799.0,-339165.0,,,7721257.0,2647668.0,,9682113.0,0.5272638955143578,-0.32541905970790413,0.07664869135858814,,,0,,,,,,0,false,,626319.0,31069.0,,,0.03417104990250814,321455.0,2026-08-25,PaymentsToAcquirePropertyPlantAndEquipment,StockholdersEquity,,,NetIncomeLoss,NetCashProvidedByUsedInOperatingActivities,OperatingIncomeLoss,ShareBasedCompensation,68273.0,,,30480.0,,-273341.0,-170849.0,-53473.0,,,,,,,,,,,,,,,ineligible:gate0_status,,,
BMPA,1130781,BMP AI Technologies Inc.,"",OTC,7812,Services-Motion Picture & Video Tape Production,us-gaap,10-Q,USD,1231,2025,2025-12-31,false,false,tax_anomaly,fail,"fcf,sbc",goodwill,never_acquired,never_acquired,reported,"",,true,,-807517.0,0.9620924971818092,,,,,-0.0,1.0958496385222525,,,false,,,0.0,-264354.0,-241232.0,-254333.0,,false,false,false,,false,false,false,"",,false,,,-757517.0,0.0,50000.0,0.0,,45944824.0,true,FAIL,false,PASS,,NOT_EVALUABLE,,NOT_EVALUABLE,,NOT_EVALUABLE,,false,PASS,true,FAIL,,0,insufficient,true,,,,,,,,,,false,0,,,,0.3201137854956173,rising,0.0,-167048.0,-134222.0,,,,,50000.0,-814878.0,0.0,,51783583.0,,,,,,0,,,,,,0,false,,,,,,,-264354.0,2026-08-25,,StockholdersEquity,,FiniteLivedIntangibleAssetsNet,NetIncomeLoss,NetCashProvidedByUsedInOperatingActivities,OperatingIncomeLoss,,0.0,,,,,-141539.0,-167048.0,0.0,,,,,,,,,,,,,,,ineligible:gate0_status,,,
AIDX,1139685,"20/20 BIOLABS, INC.","",Nasdaq,8734,Services-Testing Laboratories,us-gaap,10-Q,USD,1231,2025,2025-12-31,false,false,sbc,fail,"fcf,tax_anomaly",goodwill,never_acquired,never_acquired,reported,"",,false,,860629.0,0.513455979839634,,,0.2523943430573953,,,1.122475472631633,,,false,,,2045133.0,-3738821.0,-3330871.0,-1919720.0,,false,false,false,,false,false,false,"",-1.8281554304781156,false,,516180.0,1062893.0,0.0,202264.0,1025987.0,,4930287.0,false,PASS,true,FAIL,,NOT_EVALUABLE,,NOT_EVALUABLE,true,FAIL,true,false,PASS,,NOT_EVALUABLE,,0,insufficient,true,,,,,,,,,,false,0,-1.628681851009201,,,0.4907824640084105,,2040199.0,-5814490.0,-2791742.0,,756620.0,,,205985.0,1620700.0,4546140.0,,9230710.0,,,,,,0,,,,,,0,false,,,63257.0,,,-1.628681851009201,,2026-08-25,,StockholdersEquity,,IntangibleAssetsNetExcludingGoodwill,NetIncomeLoss,NetCashProvidedByUsedInOperatingActivities,OperatingIncomeLoss,ShareBasedCompensation,,,,54563.0,,-4400598.0,,,,,,,,,,,,,,,,,ineligible:gate0_status,,,
ADIA,1160420,"ADIA NUTRITION, INC.","",OTC,2833,Medicinal Chemicals & Botanical Products,us-gaap,10-Q,USD,1231,2025,2025-12-31,false,false,tax_anomaly,fail,"",goodwill,never_acquired,never_acquired,reported,"",,false,,-90679.0,0.45320939453401576,-192428.0,-234678.0,0.060313372581041184,,-0.0,1.0790522030494527,,,false,,-0.002507331185608728,700508.0,-395464.0,-366492.0,-179228.0,13200.0,false,false,false,3.1868662481892804,false,false,false,"",-0.5645388775003284,false,,42250.0,-90679.0,0.0,0.0,79392.0,,93596730.0,true,FAIL,true,FAIL,true,FAIL,true,FAIL,false,PASS,false,false,PASS,true,FAIL,,0,insufficient,true,,,,,,,,-0.002507331185608728,,false,0,-0.5231803205673596,,,1.152991062535113,,1172258.0,-277355.0,-175765.0,5496.0,,,,,-379781.0,128115.0,,94404696.0,,,,,,0,,,,,,0,false,,,4142.0,,,-0.5231803205673596,-395464.0,2026-08-25,PaymentsToAcquirePropertyPlantAndEquipment,StockholdersEquity,,IntangibleAssetsNetExcludingGoodwill,NetIncomeLoss,NetCashProvidedByUsedInOperatingActivities,OperatingIncomeLoss,ShareBasedCompensation,0.0,,,4921.0,,-239453.0,-277355.0,0.0,,,,,,,,,,,,,,,ineligible:gate0_status,,,
GBUX,1169138,GivBux Inc,"",OTC,7389,"Services-Business Services, NEC",us-gaap,10-Q,USD,1231,2025,2025-12-31,false,false,"tax_anomaly,sbc",fail,"","goodwill,intangibles",never_acquired,never_acquired,never_acquired,"",,false,,-4945397.0,0.25835306607493674,-1084342.0,-1136887.0,0.18171851872345723,,-0.0,2.416558737921077,,,false,,-0.011963861422152439,289156.0,-4095562.0,-1694791.0,-1058101.0,26241.0,false,false,false,,false,false,false,"",-14.163849271673422,false,-3.501319234334729,52545.0,-4945397.0,0.0,0.0,126807.0,,95026761.0,true,FAIL,true,FAIL,true,FAIL,true,FAIL,true,FAIL,true,false,PASS,true,FAIL,,0,insufficient,true,,,,,,,,-0.011963861422152439,,false,0,-5.861164907523967,,,0.3387542274875816,falling,279039.0,-3775819.0,-1070689.0,26241.0,75209.0,-1172139.0,,,-4891723.0,18430.0,,101480665.0,,,,-0.15323447889371886,,0,,,,,,0,false,,,,,,-5.861164907523967,-4095562.0,2026-08-25,PaymentsForCapitalImprovements,StockholdersEquity,,,NetIncomeLoss,NetCashProvidedByUsedInOperatingActivities,OperatingIncomeLoss,ShareBasedCompensation,0.0,,,,,-1953868.0,-3775819.0,0.0,,,,,,,,,,,,,,,ineligible:gate0_status,,,
PTOS,1172069,"P2 SOLAR, INC.","",OTC,1700,Construction - Special Trade Contractors,us-gaap,10-Q,USD,331,2025,2025-03-31,false,false,ni_vs_oi,fail,"fcf,sbc,tax_anomaly",intangibles,never_acquired,reported,never_acquired,"",,true,,-1102992.0,1.9932738026208976,,,,,,0.3338172386427424,,,false,,,26382.0,-34492.0,-103326.0,-68752.0,,false,false,false,,false,false,false,"",-1.307406565082253,false,,,-1012738.0,90254.0,0.0,0.0,,73925965.0,true,FAIL,false,PASS,,NOT_EVALUABLE,,NOT_EVALUABLE,,NOT_EVALUABLE,,true,FAIL,,NOT_EVALUABLE,,0,insufficient,true,,,,,,,,,,false,0,-3.9165340004548557,,,0.829629846106875,rising,38713.0,-192478.0,-70269.0,,,,90254.0,,-1865351.0,0.0,,67946513.0,,-0.6064991050495374,,-0.8332280765066763,,0,,,,,,0,false,,,,,,-3.9165340004548557,,2026-08-25,,StockholdersEquity,Goodwill,,NetIncomeLoss,NetCashProvidedByUsedInOperatingActivities,OperatingIncomeLoss,,0.0,,,,,-93829.0,,0.0,,,,,,,,,,,,,,,ineligible:gate0_status,,,
SPCX,1181412,SPACE EXPLORATION TECHNOLOGIES CORP.,"",Nasdaq,7370,"Services-Computer Programming, Data Processing, Etc.",us-gaap,10-Q,USD,1231,2026,2026-03-31,false,false,"",unknown,"income_quality,fcf,sbc,ni_vs_oi,tax_anomaly","",carried_forward,carried_forward,carried_forward,"goodwill,intangibles",90,true,,21176000000.0,,,,,,,,,,false,,,,,,,,false,false,false,,false,false,true,,,false,,,34533000000.0,11809000000.0,1548000000.0,,,,false,PASS,,NOT_EVALUABLE,,NOT_EVALUABLE,,NOT_EVALUABLE,,NOT_EVALUABLE,,,NOT_EVALUABLE,,NOT_EVALUABLE,,1,insufficient,true,,,,,,,,,,false,0,,,,,,,,,,,,11645000000.0,1318000000.0,127224000000.0,93522000000.0,,4879000000.0,,,,,,0,,,,,,0,false,,,,,,,,2026-08-25,,StockholdersEquity,,,,,,,,,,,,,,,,,,,,,,,,,,,,,ineligible:gate0_status,,,
SPST,1192323,"Superstar Platforms, Inc.","",OTC,7389,"Services-Business Services, NEC",us-gaap,10-Q,USD,1231,2025,2025-12-31,false,false,ni_vs_oi,fail,"fcf,sbc,tax_anomaly","goodwill,intangibles",never_acquired,never_acquired,never_acquired,"",,true,,-1296176.0,0.28543740271822426,,,,,,0.6196585065713742,,,false,,,0.0,-335366.0,-541211.0,-95726.0,,false,false,false,,false,false,false,"",,false,,,-1296176.0,0.0,0.0,1138.0,,182289904.0,true,FAIL,true,FAIL,,NOT_EVALUABLE,,NOT_EVALUABLE,,NOT_EVALUABLE,,true,FAIL,,NOT_EVALUABLE,,0,insufficient,true,,,,,,,,,,false,0,,,,-0.6915363012626152,,0.0,-271807.0,-1384964.0,,,,,,-1340880.0,8.0,,182289904.0,,,,,,0,,,,,,0,false,,,,,,,-335366.0,2026-08-25,,StockholdersEquity,,,NetIncomeLoss,NetCashProvidedByUsedInOperatingActivities,OperatingIncomeLoss,,,,,,,-579104.0,-271807.0,,,,,,,,,,,,,,,,ineligible:gate0_status,,,
GNLX,1231457,GENELUX CORPORATION,"",Nasdaq,2834,Pharmaceutical Preparations,us-gaap,10-Q,USD,1231,2025,2025-12-31,false,false,"sbc,ni_vs_oi",fail,tax_anomaly,"goodwill,intangibles",never_acquired,never_acquired,never_acquired,"",,false,,11544000.0,0.7860631513454659,-26366000.0,-32237000.0,733.875,,,0.9678147769013067,,,false,,-0.8671331778786114,8000.0,-32145000.0,-33214000.0,-25268000.0,1098000.0,false,false,false,,false,false,false,revenue,-4018.125,false,-142.14705882352942,5871000.0,11544000.0,0.0,0.0,5333000.0,,37176527.0,false,PASS,true,FAIL,true,FAIL,true,FAIL,true,FAIL,true,true,FAIL,,NOT_EVALUABLE,,0,insufficient,true,-0.910255685314461,,,,-0.6619873067361788,,,-0.8671331778786114,,false,0,-4151.75,,,0.7377578688102422,rising,,-35596000.0,-25277000.0,3406000.0,7213000.0,-35896000.0,,,16113000.0,9184000.0,,44557426.0,,,,,,0,,,-0.27721866422689845,,,0,false,,,,,,-4151.75,,2026-08-25,PaymentsToAcquirePropertyPlantAndEquipment,StockholdersEquity,,,NetIncomeLoss,NetCashProvidedByUsedInOperatingActivities,OperatingIncomeLoss,ShareBasedCompensation,,,,,,-36422000.0,,,,,,,,,,,,,,,,,ineligible:gate0_status,,,
PMHS,1265521,"Polomar Health Services, Inc.","",OTC,2834,Pharmaceutical Preparations,us-gaap,10-Q,USD,1231,2025,2025-12-31,false,false,sbc,fail,"fcf,tax_anomaly","goodwill,intangibles",never_acquired,never_acquired,never_acquired,"",,false,,-1222329.0,0.03700505695439864,,,0.1999981488080638,,,1.0142973673454996,,,false,,,648231.0,-10701105.0,-10550264.0,-395995.0,,false,false,false,,false,false,false,"",-16.508166070428597,false,-10.535130484657298,129645.0,-1222329.0,0.0,0.0,132150.0,,27763666.0,true,FAIL,true,FAIL,,NOT_EVALUABLE,,NOT_EVALUABLE,true,FAIL,true,false,PASS,,NOT_EVALUABLE,,0,insufficient,true,1.6578339422444652,,,,,,,,,false,0,-16.275469701387316,,,0.568657944914161,falling,3172444.0,-9463706.0,-6956.0,,,,,,-1056397.0,87818.0,,28038909.0,-0.37425119301451926,,220.38243064729195,278.4707495429616,,1,,,,,,0,false,,,,,,-16.275469701387316,,2026-08-25,,StockholdersEquity,,,NetIncomeLoss,NetCashProvidedByUsedInOperatingActivities,OperatingIncomeLoss,ShareBasedCompensation,,,,,,-9360052.0,,,,,,,,,,,,,,,,,ineligible:gate0_status,,,
ITMSF,1285170,Intermap Technologies Corporation,"",OTC,7374,Services-Computer Processing & Data Preparation,ifrs-full,6-K,USD,1231,2025,2025-12-31,false,false,"tax_anomaly,ni_vs_oi",fail,"",goodwill,never_acquired,never_acquired,reported,"",,false,,23435000.0,0.6151668653158522,-4672000.0,-4945000.0,0.025827814569536423,22520433.0,-0.003288490284005979,0.9679838477069512,,,false,,-0.08001817521019132,10570000.0,-6712000.0,-6934000.0,-4129000.0,543000.0,false,false,false,0.7594405594405594,false,false,false,"",-0.6350047303689688,false,,273000.0,24558000.0,0.0,1123000.0,22521000.0,567.0,61798460.0,false,PASS,true,FAIL,true,FAIL,true,FAIL,false,PASS,false,true,FAIL,true,FAIL,,0,insufficient,true,,,,,,,,-0.08001817521019132,,false,0,-0.65600756859035,,,-0.055997566124047105,,16422000.0,-1905000.0,-1016000.0,827000.0,239000.0,-2082000.0,,750000.0,26922000.0,26306000.0,,58527949.0,,,,,,0,,,,,,0,false,,,715000.0,,,-0.65600756859035,-6690000.0,2026-08-25,PurchaseOfPropertyPlantAndEquipmentClassifiedAsInvestingActivities,Equity,,IntangibleAssetsOtherThanGoodwill,ProfitLoss,CashFlowsFromUsedInOperatingActivities,ProfitLossFromOperatingActivities,AdjustmentsForSharebasedPayments,22000.0,,,721000.0,,-1756000.0,,,,,,,,,,,,,,,,,ineligible:gate0_status,,,
ALH,1317685,Alliance Laundry Holdings Inc.,"",NYSE,3580,Refrigeration & Service Industry Machinery,us-gaap,10-Q,USD,1231,2025,2025-12-31,false,false,"",fail,"","",reported,reported,reported,"",,false,,-1683236000.0,2.080340032430839,158017000.0,138498000.0,0.011419715346672228,,0.2628265499804396,0.3206235072440022,0.007382826372235096,-0.01244941456334025,true,0.04480209100492426,0.7633159581006348,1709237000.0,101755000.0,317366000.0,211685000.0,53668000.0,false,false,false,0.5727580281960705,false,false,false,"",0.059532411245485556,false,0.17264279341378336,19519000.0,-244269000.0,684230000.0,754737000.0,222587000.0,,181442558.0,true,FAIL,false,PASS,false,PASS,false,PASS,false,PASS,false,false,PASS,false,PASS,false,2,insufficient,true,,,,,,,,0.7633159581006348,,false,3,0.18567700090742242,,,1.9751422228633562,falling,1776122000.0,179077000.0,307127000.0,50944000.0,22035000.0,234148000.0,682456000.0,730083000.0,502615000.0,159467000.0,,203419742.0,,,,,,0,,,,,,0,true,12619000.0,6205000.0,93701000.0,,-21279000.0,0.18567700090742242,138034000.0,2026-08-25,PaymentsToAcquirePropertyPlantAndEquipment,StockholdersEquity,Goodwill,IntangibleAssetsNetExcludingGoodwill,NetIncomeLoss,NetCashProvidedByUsedInOperatingActivities,OperatingIncomeLoss,ShareBasedCompensation,36279000.0,12720000.0,3863000.0,92466000.0,,338487000.0,235117000.0,56040000.0,,,,,,,,,,,,,,,ineligible:gate0_status,,,
STUB,1337634,"STUBHUB HOLDINGS, INC.","",NYSE,7990,Services-Miscellaneous Amusement & Recreation,us-gaap,10-Q,USD,1231,2025,2025-12-31,false,false,"tax_anomaly,sbc",fail,"","",reported,reported,reported,"",,false,,-2726495000.0,-0.1010365521576298,191176000.0,-1256492000.0,0.8295197995860618,-264947000.0,-0.2333428242328549,1.41813308888416,,-0.012383766104282174,false,-0.0007998459202287002,-3.935964466995456,1745188000.0,-1905934000.0,-1343974000.0,192569000.0,1393000.0,false,true,false,0.05440556163099516,false,false,false,"",-1.0921081281787406,false,0.18515060476603748,1447668000.0,863249000.0,2686701000.0,903043000.0,1242010000.0,1506957000.0,319233573.0,true,FAIL,true,FAIL,false,PASS,true,FAIL,true,FAIL,true,false,PASS,true,FAIL,false,2,insufficient,true,,,,,,,,-3.935964466995456,,false,0,-0.7701027052672835,,,-30.910212403849396,falling,1936399000.0,-1767270000.0,635203000.0,1180000.0,1540151000.0,-906128000.0,2686701000.0,891783000.0,1623494000.0,1693051000.0,1396271000.0,381777937.0,,,,,,0,,,,,,0,false,,1005000.0,25604000.0,,-21612000.0,-0.7701027052672835,-1545340000.0,2026-08-25,PaymentsToAcquirePropertyPlantAndEquipment,StockholdersEquity,Goodwill,IntangibleAssetsNetExcludingGoodwill,NetIncomeLoss,NetCashProvidedByUsedInOperatingActivities,OperatingIncomeLoss,ShareBasedCompensation,360594000.0,,5000.0,30556000.0,,-1350583000.0,-1385794000.0,381476000.0,,,,,,,,,,,,,,,ineligible:gate0_status,,,
HNOI,1342916,"HNO International, Inc.","",OTC,1000,Metal Mining,us-gaap,10-Q,USD,1031,2025,2025-10-31,false,false,sbc,fail,"tangible_book,tax_anomaly",goodwill,unresolved,never_acquired,unresolved,"",,false,,,0.14518760195758565,-1188431.0,-6522368.0,81.35838379524412,,,1.0,,,false,,-0.042895717417327096,65561.0,-6615496.0,-6615496.0,-960488.0,227943.0,false,false,false,,false,false,false,"",-100.90596543676881,false,-148.26876923076924,5333937.0,-1629950.0,0.0,,9525.0,,152051729.0,,NOT_EVALUABLE,true,FAIL,true,FAIL,true,FAIL,true,FAIL,true,false,PASS,,NOT_EVALUABLE,,0,insufficient,true,0.23923055869405752,,,,,,,-0.042895717417327096,,false,0,-100.90596543676881,,,0.459091143077808,falling,55674.0,-1266931.0,-626978.0,63167.0,5388937.0,-6079082.0,,76236.0,-1961103.0,145670.0,,101594846.0,,-1.0,,-0.22620572892834265,,0,,,0.6375655036017959,,,0,false,,,,,,-100.90596543676881,,2026-08-25,PaymentsToAcquirePropertyPlantAndEquipment,StockholdersEquity,,,NetIncomeLoss,NetCashProvidedByUsedInOperatingActivities,OperatingIncomeLoss,AllocatedShareBasedCompensationExpense,0.0,,,,,-1257032.0,,,,,,,,,,,,,,,,,ineligible:gate0_status,,,
CLUS,1346287,CLUSTER GROUP HOLDINGS LIMITED CO.,"",OTC,4899,"Communications Services, NEC",us-gaap,10-Q,USD,1231,2026,2026-12-31,false,false,"",fail,"fcf,sbc,ni_vs_oi,tax_anomaly","goodwill,intangibles",never_acquired,never_acquired,never_acquired,"",,true,,-67791.0,0.011878712097530478,,,,,,,,,false,,,,-6398.0,,-76.0,,false,false,false,,false,false,false,"",,false,,,-67791.0,0.0,0.0,0.0,,,true,FAIL,true,FAIL,,NOT_EVALUABLE,,NOT_EVALUABLE,,NOT_EVALUABLE,,,NOT_EVALUABLE,,NOT_EVALUABLE,,0,insufficient,true,,,,,,,,,,false,0,,,,0.9839968824834627,falling,0.0,-6981.0,-18604.0,,,,,,-76013.0,0.0,,40004385.0,,,,,,0,,,,,,0,false,,,,,,,,2026-08-25,,StockholdersEquity,,,NetIncomeLoss,NetCashProvidedByUsedInOperatingActivities,,,,,,,,-50231.0,-50231.0,0.0,,,,,,,,,,,,,,,ineligible:gate0_status,,,
NONE.,1347123,"EBR Systems, Inc.","",OTC,3841,Surgical & Medical Instruments & Apparatus,us-gaap,10-Q,USD,1231,2025,2025-12-31,false,false,"tax_anomaly,sbc",fail,"","goodwill,intangibles",never_acquired,never_acquired,never_acquired,"",,false,,25588000.0,1.0909389228434307,-56875000.0,-59926000.0,1.8868274582560296,,-0.00004102059233735335,1.0579556057022588,,,false,,-0.14359473594532077,1617000.0,-48758000.0,-46087000.0,-53192000.0,3683000.0,false,false,false,9.138957816377172,false,false,false,"",-30.153370439084725,false,,3051000.0,25588000.0,0.0,0.0,5794000.0,,417327276.0,false,PASS,false,PASS,true,FAIL,true,FAIL,true,FAIL,true,false,PASS,true,FAIL,,0,insufficient,true,,,,,,,,-0.14359473594532077,,false,0,-28.501546072974644,,,1.0115780069010056,rising,6446000.0,-60763000.0,-65597000.0,8875000.0,3685000.0,-78157000.0,,,68857000.0,59350000.0,,47148836.0,,,,14.511764705882353,,0,,,-0.7279066353493835,,,0,false,,,403000.0,,,-28.501546072974644,-48756000.0,2026-08-25,PaymentsToAcquirePropertyPlantAndEquipment,StockholdersEquity,,,NetIncomeLoss,NetCashProvidedByUsedInOperatingActivities,OperatingIncomeLoss,ShareBasedCompensation,2000.0,,,615000.0,,-57743000.0,-60761000.0,2000.0,,,,,,,,,,,,,,,ineligible:gate0_status,,,
LIPO,1347242,Lipella Pharmaceuticals Inc.,"",OTC,2834,Pharmaceutical Preparations,us-gaap,10-Q,USD,1231,2024,2024-12-31,false,false,ni_vs_oi,fail,"fcf,sbc,tax_anomaly","goodwill,intangibles",never_acquired,never_acquired,never_acquired,"",,true,,1919453.0,0.787587535265289,,,,,,0.9873482002510756,,,false,,,536357.0,-5016264.0,-5080542.0,-3950747.0,,false,false,false,,false,false,false,"",-9.352472327199981,false,-14.062604530941158,,1919453.0,0.0,0.0,2184863.0,,1048185.0,false,PASS,true,FAIL,,NOT_EVALUABLE,,NOT_EVALUABLE,,NOT_EVALUABLE,,true,FAIL,,NOT_EVALUABLE,,0,insufficient,true,0.2740630133167907,,,,,,,,,false,0,-9.472314148971673,,,0.7248380590196047,rising,389783.0,-5329759.0,-4775734.0,,,,,,1487595.0,1855771.0,,3646185.0,-0.22749420957030686,-0.11303811351795996,-0.36431602788222617,,,0,,,,,,0,false,,,2886.0,,,-9.472314148971673,-5016264.0,2026-08-25,,StockholdersEquity,,,NetIncomeLoss,NetCashProvidedByUsedInOperatingActivities,OperatingIncomeLoss,,,,,2886.0,,-5409960.0,-5329759.0,,,,,,,,,,,,,,,,ineligible:gate0_status,,,
SGBAF,1347408,SES S.A.,"",OTC,4899,"Communications Services, NEC",ifrs-full,20-F,EUR,1231,2025,2025-12-31,false,false,"",fail,"tangible_book,sbc","",unresolved,reported,unresolved,"",,true,,,-9.659574468085106,386000000.0,,,-4432000000.0,0.1826086956521739,-1.46875,0.553483060525314,,false,,,2627000000.0,-94000000.0,64000000.0,908000000.0,522000000.0,false,false,false,0.4656556645851918,false,false,true,,-0.03578226113437381,false,-0.33793103448275863,,2623000000.0,1808000000.0,,1075000000.0,5507000000.0,,,NOT_EVALUABLE,true,FAIL,false,PASS,,NOT_EVALUABLE,,NOT_EVALUABLE,,false,PASS,false,PASS,,0,insufficient,true,,,,,,,,,,false,0,0.02436239055957366,,,7.917077821246842,falling,,,,,,,,,,,,,,,,,,,,,,,,,false,1454000000.0,,1121000000.0,,,0.02436239055957366,-115000000.0,2026-08-25,PurchaseOfPropertyPlantAndEquipmentClassifiedAsInvestingActivities,EquityAttributableToOwnersOfParent,Goodwill,,ProfitLoss,CashFlowsFromUsedInOperatingActivities,ProfitLossFromOperatingActivities,,-21000000.0,,,,,,,,,,,,,,,,,,,,,,ineligible:gate0_status,,,
HAFG,1367993,"Holistic Asset Finance Group Co., Ltd","",OTC,7380,Services-Miscellaneous Business Services,us-gaap,10-Q,USD,1231,2025,2025-12-31,false,false,"",fail,"fcf,sbc","goodwill,intangibles",never_acquired,never_acquired,never_acquired,"",,true,,-362282.0,0.0378881217785619,,,,,0.08625387203144257,1.0544089046729546,,,false,,,1784075.0,-137167.0,-130089.0,-5197.0,,false,false,false,,false,false,false,"",-0.07688409960343595,false,,,-362282.0,0.0,0.0,15413.0,,71925438.0,true,FAIL,true,FAIL,,NOT_EVALUABLE,,NOT_EVALUABLE,,NOT_EVALUABLE,,false,PASS,false,PASS,,0,insufficient,true,,,,,,,,,,false,0,-0.07291677760183848,,,-0.0037429450951299605,,3393069.0,-119327.0,23997.0,,,,,,-367357.0,47849.0,,74228185.0,,,2.8596408711945926,4.499850019734246,,1,,,,,,0,false,,,,,,-0.07291677760183848,-150115.0,2026-08-25,,StockholdersEquity,,,NetIncomeLoss,NetCashProvidedByUsedInOperatingActivities,OperatingIncomeLoss,,-12948.0,,,,,-44463.0,-81609.0,,,,,,,,,,,,,,,,ineligible:gate0_status,,,
CV,1378325,"CapsoVision, Inc","",Nasdaq,3845,Electromedical & Electrotherapeutic Apparatus,us-gaap,10-Q,USD,1231,2025,2025-12-31,false,false,"tax_anomaly,ni_vs_oi",fail,"","goodwill,intangibles",never_acquired,never_acquired,never_acquired,"",,false,,-134699000.0,0.9031799328461386,-22954000.0,-23780000.0,0.060941419507156556,,-0.0009489541734213751,0.9921225897476094,,,false,,-0.9684231737231037,13554000.0,-25315000.0,-25516000.0,-22864000.0,90000.0,false,false,false,0.4166666666666667,false,false,false,"",-1.8677143278736905,false,,826000.0,-134699000.0,0.0,0.0,,,24555381.0,true,FAIL,false,PASS,true,FAIL,true,FAIL,false,PASS,false,true,FAIL,true,FAIL,,0,insufficient,true,,,,,,,,-0.9684231737231037,,false,0,-1.8825438984801535,,,0.9564397000646414,,13891000.0,-29829000.0,-27821000.0,68000.0,1415000.0,-29304000.0,,,13166000.0,,,48704069.0,,,,0.09894419306184012,,0,,,,,,0,false,,,216000.0,,,-1.8825438984801535,-25291000.0,2026-08-25,PaymentsToAcquirePropertyPlantAndEquipment,StockholdersEquity,,,NetIncomeLoss,NetCashProvidedByUsedInOperatingActivities,OperatingIncomeLoss,ShareBasedCompensation,24000.0,,,223000.0,,-30156000.0,-29805000.0,24000.0,,,,,,,,,,,,,,,ineligible:gate0_status,,,
SQNS,1383395,SEQUANS COMMUNICATIONS S.A.,"",NYSE,3674,Semiconductors & Related Devices,ifrs-full,20-F,USD,1231,2024,2024-12-31,false,false,"",fail,"fcf,sbc",goodwill,never_acquired,never_acquired,reported,"",,false,,49718000.0,-0.33892681571038963,,,,,0.057884917517674786,0.8279090503789568,,,false,,,,57567000.0,69533000.0,-19511000.0,,false,false,false,,false,false,true,"net_income,ocf,operating_income,pretax_income,sbc,tax_expense",,false,,4090000.0,55359000.0,0.0,5641000.0,9093000.0,,248290190.0,false,PASS,true,FAIL,,NOT_EVALUABLE,,NOT_EVALUABLE,,NOT_EVALUABLE,,false,PASS,false,PASS,,0,insufficient,true,,,,,,,,,,false,0,,,,-0.06738747535075432,falling,,,,,,,,31535000.0,-19969000.0,3783000.0,,35894642.0,,,,,,0,,,,,,0,false,,,,,,,61104000.0,2026-08-25,,Equity,,IntangibleAssetsOtherThanGoodwill,ProfitLoss,CashFlowsFromUsedInOperatingActivities,ProfitLossFromOperatingActivities,AdjustmentsForSharebasedPayments,3537000.0,,,,,,,,,,,,,,,,,,,,,,ineligible:gate0_status,,,
ONEI,1388295,ONEMETA INC.,"",OTC,7374,Services-Computer Processing & Data Preparation,us-gaap,10-Q,USD,1231,2025,2025-12-31,false,false,sbc,fail,tax_anomaly,"goodwill,intangibles",never_acquired,never_acquired,never_acquired,"",,false,,-4308083.0,0.7914242488248177,-3040717.0,-3456302.0,0.27597741100469764,,,1.102549958535392,,,false,,-0.08951294888757376,1505866.0,-3839617.0,-3482488.0,-3038766.0,1951.0,false,false,false,,false,false,false,"",-2.5497733530075055,false,-86.08795114452138,415585.0,-4308083.0,0.0,0.0,4584.0,,38612313.0,true,FAIL,true,FAIL,true,FAIL,true,FAIL,true,FAIL,true,false,PASS,,NOT_EVALUABLE,,0,insufficient,true,9.515716111172582,,,,,,,-0.08951294888757376,,false,0,-2.312614801051355,,,0.5821560814154464,rising,1296076.0,-7994947.0,322618.0,,1667234.0,,,,-6188141.0,49491.0,,38890943.0,126.66533066132264,,0.40149239795203784,-0.37301053863333117,,0,,,,,,0,false,,,,,,-2.312614801051355,,2026-08-25,PaymentsToAcquirePropertyPlantAndEquipment,StockholdersEquity,,,NetIncomeLoss,NetCashProvidedByUsedInOperatingActivities,OperatingIncomeLoss,ShareBasedCompensation,,,,,,-5482718.0,,,,,,,,,,,,,,,,,ineligible:gate0_status,,,
CLNV,1391426,CLEAN VISION CORPORATION,"",OTC,2860,Industrial Organic Chemicals,us-gaap,10-Q,USD,1231,2024,2024-12-31,false,false,sbc,fail,tax_anomaly,intangibles,never_acquired,reported,never_acquired,"",,false,,-16754181.0,0.3476180971556848,-5000662.0,-5714662.0,3.0903739612188366,,,1.915879123570362,,,false,,-0.008016843375499821,231040.0,-14003195.0,-7309018.0,-4867764.0,132898.0,false,false,false,,false,false,false,"",-60.60939664127424,false,,714000.0,-11899559.0,4854622.0,0.0,1302432.0,,712831938.0,true,FAIL,true,FAIL,true,FAIL,true,FAIL,true,FAIL,true,false,PASS,,NOT_EVALUABLE,,0,insufficient,true,,,,,,,,-0.008016843375499821,,false,0,-31.6352925900277,,,0.340349285501071,rising,248295.0,-13941594.0,-8996601.0,3262315.0,,,4854622.0,,-15750463.0,1979685.0,,987311469.0,0.2932585104801546,-0.7881952829429284,1.243103815817523,0.783499525848444,0.35020221448653194,0,,-1.8061779571394718,,,,0,false,,,,,,-31.6352925900277,-14182166.0,2026-08-25,PaymentsForProceedsFromProductiveAssets,StockholdersEquity,Goodwill,,NetIncomeLoss,NetCashProvidedByUsedInOperatingActivities,OperatingIncomeLoss,AllocatedShareBasedCompensationExpense,,,,,,-8248185.0,-14110639.0,,,,,,,,,,,,,,,,ineligible:gate0_status,,,
ATS,1394832,ATS Corp /ATS,"",NYSE,3569,"General Industrial Machinery & Equipment, NEC",ifrs-full,40-F,CAD,331,2025,2025-03-31,false,false,"",fail,"","",reported,reported,reported,"",,false,,-447330000.0,-0.9211165916076918,-8181000.0,-18745000.0,0.00417007462238798,-1317731000.0,0.6626636764812269,-3.022687986171132,,0.09669646719993936,false,,-0.19132294462842486,2533288000.0,-27978000.0,9256000.0,25771000.0,33952000.0,false,false,false,,false,false,true,,-0.011044145000489482,false,0.08632357460122357,10564000.0,1705777000.0,1394576000.0,758531000.0,225947000.0,1543678000.0,97975703.0,true,FAIL,true,FAIL,true,FAIL,true,FAIL,false,PASS,false,false,PASS,false,PASS,true,3,insufficient,true,,,,,,,,-0.19132294462842486,,false,0,0.003653749593413777,,,0.06222407211275127,falling,,,,,,,,,,,,,,,,,,,,,,,,,false,,,,,244960000.0,0.003653749593413777,-82938000.0,2026-08-25,PurchaseOfPropertyPlantAndEquipmentClassifiedAsInvestingActivities,EquityAttributableToOwnersOfParent,Goodwill,IntangibleAssetsOtherThanGoodwill,ProfitLoss,CashFlowsFromUsedInOperatingActivities,ProfitLossFromOperatingActivities,AdjustmentsForSharebasedPayments,-54960000.0,,,,,,,,,,,,,,,,,,,,,,ineligible:gate0_status,,,
SGMT,1400118,Sagimet Biosciences Inc.,"",Nasdaq,2834,Pharmaceutical Preparations,us-gaap,10-Q,USD,1231,2025,2025-12-31,false,false,ni_vs_oi,unknown,"fcf,sbc,tax_anomaly","goodwill,intangibles",never_acquired,never_acquired,never_acquired,"",,false,,111381000.0,0.8944315999843254,,,,,,0.897150591502751,,,false,,,,-51038000.0,-56889000.0,-45650000.0,,false,false,false,,false,false,false,"",,false,-15.37,6449000.0,111381000.0,0.0,0.0,35021000.0,,32345525.0,false,PASS,false,PASS,,NOT_EVALUABLE,,NOT_EVALUABLE,,NOT_EVALUABLE,,true,FAIL,,NOT_EVALUABLE,,0,insufficient,true,,,,,,,,,,false,0,,,,0.8927529969576349,rising,,-47079000.0,-41723000.0,,8909000.0,,,,256155000.0,165896000.0,,42893900.0,,,,,,0,,,,,,0,false,,,,,,,,2026-08-25,,StockholdersEquity,,,NetIncomeLoss,NetCashProvidedByUsedInOperatingActivities,OperatingIncomeLoss,ShareBasedCompensation,0.0,,,,,-52630000.0,,,,,,,,,,,,,,,,,ineligible:gate0_status,,,
CBIH,1411057,"CANNABIS BIOSCIENCE INTERNATIONAL HOLDINGS, INC.","",OTC,8731,Services-Commercial Physical & Biological Research,us-gaap,10-Q,USD,531,2025,2025-05-31,false,false,"",fail,"fcf,sbc,tax_anomaly","goodwill,intangibles",never_acquired,never_acquired,never_acquired,"",,true,,-1225589.0,0.6006104004956088,,,,-263544.0,,1.302481221743619,,,false,,,303022.0,-548820.0,-421365.0,-329627.0,,false,false,false,,false,false,false,"",-1.8111556256641432,false,-3.103830190168074,,-1225589.0,0.0,0.0,548.0,264092.0,10716352087.0,true,FAIL,true,FAIL,,NOT_EVALUABLE,,NOT_EVALUABLE,,NOT_EVALUABLE,,false,PASS,,NOT_EVALUABLE,,0,insufficient,true,,,,,,,,,,false,0,-1.3905426008672637,,,0.7355402589489731,falling,123627.0,-515290.0,-268114.0,,,,,,-1467130.0,90.0,264092.0,11626749347.0,,-0.8647190684622136,,,,0,,,,,,0,false,,,,,,-1.3905426008672637,,2026-08-25,,StockholdersEquity,,,NetIncomeLoss,NetCashProvidedByUsedInOperatingActivities,OperatingIncomeLoss,,,,,,,-398820.0,,,,,,,,,,,,,,,,,ineligible:gate0_status,,,
FCHS,1416876,"FIRST CHOICE HEALTHCARE SOLUTIONS, INC.","",OTC,8071,Services-Medical Laboratories,us-gaap,10-Q,USD,1231,2025,2025-12-31,false,false,"",fail,"fcf,sbc,tax_anomaly","goodwill,intangibles",never_acquired,never_acquired,never_acquired,"",,true,,-39528075.0,0.07886030832307993,,,,,,2.606451511456429,,,false,,,,-6961918.0,-2671033.0,-549019.0,,false,false,false,,false,false,false,capex,,false,,,-39528075.0,0.0,0.0,5896.0,,32958288.0,true,FAIL,true,FAIL,,NOT_EVALUABLE,,NOT_EVALUABLE,,NOT_EVALUABLE,,false,PASS,,NOT_EVALUABLE,,0,insufficient,true,,,,,-0.10510822042698334,,,,,false,0,,,,0.45132890293933986,falling,,-13371832.0,-485788.0,,,,,,-9508087.0,6842.0,,32958288.0,,,,,,0,,,,,,0,false,,,17527.0,,,,-6961918.0,2026-08-25,,StockholdersEquity,,,NetIncomeLoss,NetCashProvidedByUsedInOperatingActivities,OperatingIncomeLoss,,,,,13607.0,,-2779471.0,-13371832.0,,,,,,,,,,,,,,,,ineligible:gate0_status,,,
ADTI,1420924,"Adapti, Inc.","",OTC,7900,Services-Amusement & Recreation Services,us-gaap,10-Q,USD,331,2025,2025-03-31,false,false,"",fail,"income_quality,fcf,sbc,ni_vs_oi,tax_anomaly","goodwill,intangibles",never_acquired,never_acquired,never_acquired,"",,true,,-1037775.0,,,,,,,,,,false,,,,-430875.0,,,,false,false,false,,false,false,true,"",,false,,,-1037775.0,0.0,0.0,,,,true,FAIL,,NOT_EVALUABLE,,NOT_EVALUABLE,,NOT_EVALUABLE,,NOT_EVALUABLE,,,NOT_EVALUABLE,,NOT_EVALUABLE,,0,insufficient,true,,,,,,,,,,false,0,,,,,,,-5552637.0,,,,,,5956401.0,13498654.0,,,6274422.0,,,,,,0,,,,,,0,false,,,,,,,,2026-08-25,,StockholdersEquity,,,NetIncomeLoss,,,,,,,,,,,,,,,,,,,,,,,,,,ineligible:gate0_status,,,
MSLE,1421642,Satellos Bioscience Inc.,"",Nasdaq,2834,Pharmaceutical Preparations,ifrs-full,40-F,USD,1231,2025,2025-12-31,false,false,"tax_anomaly,ni_vs_oi",fail,sbc,"goodwill,intangibles",never_acquired,never_acquired,never_acquired,"",,false,,27784000.0,0.9486591886784868,-23602000.0,-26837000.0,,,-0.006963280838832436,0.9400582032578707,,,false,,-1.8386832733947387,,-24873000.0,-26459000.0,-23596000.0,6000.0,false,false,false,,false,false,true,,,false,,3235000.0,27784000.0,0.0,0.0,9804000.0,,14595771.0,false,PASS,false,PASS,true,FAIL,true,FAIL,,NOT_EVALUABLE,,true,FAIL,true,FAIL,,0,insufficient,true,,,,,,,,-1.8386832733947387,,false,0,,,,0.9166093268196156,,,,,,,,,,,,,,,,,,,,,,,,,,false,,,,,,,-24701000.0,2026-08-25,PurchaseOfPropertyPlantAndEquipmentClassifiedAsInvestingActivities,Equity,,,ProfitLoss,CashFlowsFromUsedInOperatingActivities,ProfitLossFromOperatingActivities,AdjustmentsForSharebasedPayments,172000.0,,,,,,,,,,,,,,,,,,,,,,ineligible:gate0_status,,,
HTFL,1464521,"Heartflow, Inc.","",Nasdaq,3841,Surgical & Medical Instruments & Apparatus,us-gaap,10-Q,USD,1231,2025,2025-12-31,false,false,tax_anomaly,fail,"","goodwill,intangibles",never_acquired,never_acquired,never_acquired,"",,false,,-888995000.0,0.4625613274995505,-59048000.0,-73013000.0,0.07933126555097311,,0.0006503118930065801,1.8229794274654263,,,false,,-1.9811489524287913,176034000.0,-116791000.0,-64066000.0,-54023000.0,5025000.0,false,false,false,0.9237132352941176,false,false,false,"",-0.6634570594317007,false,-0.8364191157914057,13965000.0,-888995000.0,0.0,0.0,44776000.0,,36853867.0,true,FAIL,true,FAIL,true,FAIL,true,FAIL,false,PASS,false,false,PASS,true,FAIL,,0,insufficient,true,,,,,,,,-1.9811489524287913,,false,0,-0.363941056841292,,,0.6590684848000726,falling,212074000.0,-118373000.0,-52234000.0,6947000.0,23686000.0,-82867000.0,,,279727000.0,34362000.0,,86021323.0,,,,0.4757277081798084,,0,,,,,,0,false,,,5440000.0,,,-0.363941056841292,-116867000.0,2026-08-25,PaymentsToAcquirePropertyPlantAndEquipment,StockholdersEquity,,,NetIncomeLoss,NetCashProvidedByUsedInOperatingActivities,OperatingIncomeLoss,ShareBasedCompensation,-76000.0,,,5316000.0,,-80253000.0,-118463000.0,-90000.0,,,,,,,,,,,,,,,ineligible:gate0_status,,,
ZICX,1465311,ZICIX CORPORATION,"",OTC,7310,Services-Advertising,us-gaap,10-Q,USD,331,2025,2025-03-31,false,false,"",fail,"income_quality,fcf,sbc,ni_vs_oi,tax_anomaly","goodwill,intangibles",never_acquired,never_acquired,never_acquired,"",,true,,-1671082.0,,,,,-225234.0,,,,,false,,,,,,,,false,false,false,,false,false,true,,,false,,,-1671082.0,0.0,0.0,89980.0,315214.0,,true,FAIL,,NOT_EVALUABLE,,NOT_EVALUABLE,,NOT_EVALUABLE,,NOT_EVALUABLE,,,NOT_EVALUABLE,,NOT_EVALUABLE,,0,insufficient,true,,,,,,,,,,false,0,,,,,,,,,,,,,,-2086877.0,20922.0,101326.0,5111847.0,,,,,,0,,,,,,0,false,,,,,,,,2026-08-25,,StockholdersEquity,,,,,,,,,,,,,,,,,,,,,,,,,,,,,ineligible:gate0_status,,,
FER,1468522,Ferrovial SE,"",Nasdaq,1600,Heavy Construction Other Than Bldg Const - Contractors,ifrs-full,20-F,EUR,1231,2025,2025-12-31,false,false,tax_anomaly,unknown,"fcf,sbc,ni_vs_oi",intangibles,never_acquired,reported,never_acquired,"",,true,,5496000000.0,1.674782608695652,,,,-6156000000.0,-0.056074766355140186,,,,false,,,9627000000.0,1150000000.0,,1926000000.0,,false,false,false,,false,false,true,,0.11945569751739898,false,0.07339988256018791,,5908000000.0,412000000.0,0.0,4271000000.0,10427000000.0,718716000.0,false,PASS,false,PASS,,NOT_EVALUABLE,,NOT_EVALUABLE,,NOT_EVALUABLE,,,NOT_EVALUABLE,true,FAIL,,0,insufficient,true,0.084331731956794,,,,,,,,,false,0,,,,1.5056313269525525,falling,,,,,,,,,,,,,,,,,,,,,,,,,false,,11006460.0,490000000.0,,,,1070000000.0,2026-08-25,,EquityAttributableToOwnersOfParent,Goodwill,,ProfitLoss,CashFlowsFromUsedInOperatingActivities,,,-60000000.0,,,,,,,,,,,,,,,,,,,,,,ineligible:gate0_status,,,
VIIQ,1470129,VisitIQ Corp.,"",OTC,7372,Services-Prepackaged Software,us-gaap,10-K,USD,831,2025,2025-08-31,false,false,"tax_anomaly,sbc",fail,ni_vs_oi,"",reported,reported,reported,"",,false,,-16440442.0,0.3289045187518597,-3907250.0,-6854828.0,1.118315608958429,,-0.002445681343582816,,,-0.06604508049003502,false,,-2.424513847133307,2635730.0,-7964810.0,,-2619662.0,1287588.0,false,false,false,0.8809049953306675,false,false,true,,-3.0218611162751876,false,,2947578.0,-13982755.0,349312.0,2108375.0,107561.0,,2827300.0,true,FAIL,true,FAIL,true,FAIL,true,FAIL,true,FAIL,true,,NOT_EVALUABLE,true,FAIL,false,2,insufficient,true,,,,,,,,-2.424513847133307,,false,0,,,,0.43453430083752553,,,,,,,,,,,,,,,,,,,,,,,,,,false,,,1461665.0,,-174077.0,,-8132703.0,2026-08-25,PaymentsToDevelopSoftware,StockholdersEquity,Goodwill,IntangibleAssetsNetExcludingGoodwill,NetIncomeLoss,NetCashProvidedByUsedInOperatingActivities,,ShareBasedCompensation,19890.0,,,,,,,,,,,,,,,,,,,,,,ineligible:gate0_status,,,
GRO,1472326,Brazil Potash Corp.,"",NYSE,1400,Mining & Quarrying of  Nonmetallic Minerals (No Fuels),ifrs-full,20-F,USD,1231,2025,2025-12-31,false,false,"tax_anomaly,ni_vs_oi",fail,sbc,"goodwill,intangibles",never_acquired,never_acquired,never_acquired,"",,false,,157837729.0,0.25267186256209845,-13201674.0,-55430168.0,,,-0.006783764002198207,0.9506559153493697,,,false,,-1.3044979059730266,,-52159120.0,-54866455.0,-13179142.0,22532.0,false,false,false,,false,false,true,,,false,,42228494.0,157837729.0,0.0,0.0,27779666.0,,42491573.0,false,PASS,true,FAIL,true,FAIL,true,FAIL,,NOT_EVALUABLE,,true,FAIL,true,FAIL,,0,insufficient,true,,,,,,,,-1.3044979059730266,,false,0,,,,0.37209009911733254,falling,,,,,,,,,,,,,,,,,,,,,,,,,false,,,,,,,-51807669.0,2026-08-25,PurchaseOfPropertyPlantAndEquipmentClassifiedAsInvestingActivities,Equity,,,ProfitLoss,CashFlowsFromUsedInOperatingActivities,ProfitLossFromOperatingActivities,ExpenseFromSharebasedPaymentTransactionsWithEmployees,351451.0,,,,,,,,,,,,,,,,,,,,,,ineligible:gate0_status,,,
KGEI,1477081,Kolibri Global Energy Inc.,"",Nasdaq,1311,Crude Petroleum & Natural Gas,ifrs-full,40-F,USD,1231,2025,2025-12-31,false,false,"",fail,ni_vs_oi,"goodwill,intangibles",never_acquired,never_acquired,never_acquired,"",,false,,203876000.0,2.6836596239581314,-21104000.0,-22848000.0,0.03037216349419202,-46703000.0,0.23927254853772426,,,,false,,-644.0773524271298,57421000.0,15477000.0,,41535000.0,62639000.0,false,false,false,,false,false,true,,0.2695355357795928,false,,1744000.0,203876000.0,0.0,0.0,2797000.0,49500000.0,35474.0,false,PASS,false,PASS,true,FAIL,true,FAIL,false,PASS,false,,NOT_EVALUABLE,false,PASS,,0,insufficient,true,0.15151925213044493,,,,-430.5532153889357,,,-644.0773524271298,,false,0,,,,2.2783188349604724,rising,,,,,,,,,,,,,,,,,,,,,,,,,false,,,,,,,20345000.0,2026-08-25,PurchaseOfPropertyPlantAndEquipmentClassifiedAsInvestingActivities,Equity,,,ProfitLoss,CashFlowsFromUsedInOperatingActivities,,AdjustmentsForSharebasedPayments,4868000.0,,,,,,,,,,,,,,,,,,,,,,ineligible:gate0_status,,,
LMED,1477960,LATAMED AI CORP.,"",OTC,7370,"Services-Computer Programming, Data Processing, Etc.",us-gaap,10-Q,USD,1231,2025,2025-12-31,false,false,tax_anomaly,fail,"fcf,sbc","goodwill,intangibles",never_acquired,never_acquired,never_acquired,"",,true,,-630860.0,0.9918355543774249,,,,,-0.0,1.2073470195284315,,,false,,,0.0,-207485.0,-171852.0,-205791.0,,false,false,false,,false,false,false,"",,false,,,-630860.0,0.0,0.0,0.0,,,true,FAIL,false,PASS,,NOT_EVALUABLE,,NOT_EVALUABLE,,NOT_EVALUABLE,,false,PASS,true,FAIL,,0,insufficient,true,,,,,,,,,,false,0,,,,0.3509598108718112,rising,0.0,-294069.0,-255340.0,,,,,,7052919.0,0.0,,46851826.0,,,,,,0,,,,,,0,false,,,,,,,-207485.0,2026-08-25,,StockholdersEquity,,,NetIncomeLoss,NetCashProvidedByUsedInOperatingActivities,OperatingIncomeLoss,,0.0,,,,,-256460.0,-294069.0,0.0,,,,,,,,,,,,,,,ineligible:gate0_status,,,
MOBI,1489993,"MOBIA MEDICAL, INC.","",Nasdaq,3841,Surgical & Medical Instruments & Apparatus,us-gaap,10-Q,USD,1231,2025,2025-12-31,false,false,"",fail,"income_quality,fcf,sbc,ni_vs_oi,tax_anomaly","goodwill,intangibles",never_acquired,never_acquired,never_acquired,"",,true,,-116277000.0,,,,,,,,,,false,,,,,,,,false,false,false,,false,false,true,,,false,,,-116277000.0,0.0,0.0,33587000.0,,,true,FAIL,,NOT_EVALUABLE,,NOT_EVALUABLE,,NOT_EVALUABLE,,NOT_EVALUABLE,,,NOT_EVALUABLE,,NOT_EVALUABLE,,0,insufficient,true,,,,,,,,,,false,0,,,,,,,,,,,,,,172609000.0,177090000.0,,10054267.0,,,,,,0,,,,,,0,false,,,,,,,,2026-08-25,,StockholdersEquity,,,,,,,,,,,,,,,,,,,,,,,,,,,,,ineligible:gate0_status,,,
FYNN,1497230,FYNTECHNICAL INNOVATIONS INC.,"",OTC,7374,Services-Computer Processing & Data Preparation,us-gaap,10-Q,USD,1231,2024,2024-12-31,false,false,"",fail,"fcf,sbc,tax_anomaly",goodwill,structured_absence_asc350,structured_absence_asc350,reported,"",,true,,-11064243.0,0.023244109230647327,,,,,,10.560947469035506,,,false,,,0.0,-8430308.0,-798253.0,-195955.0,,false,false,false,,false,false,false,"",,false,,,-11000049.0,0.0,64194.0,11661.0,,1391069342.0,true,FAIL,true,FAIL,,NOT_EVALUABLE,,NOT_EVALUABLE,,NOT_EVALUABLE,,false,PASS,,NOT_EVALUABLE,,0,insufficient,true,,,,,,,,,,false,0,,,,0.10182161673669449,falling,,6676338.0,-360763.0,,,,64194.0,142110.0,-4136175.0,15576.0,,7830237368.0,,,,,,0,,,,,,0,false,,,,,,,,2026-08-25,,StockholdersEquity,,IntangibleAssetsNetExcludingGoodwill,NetIncomeLoss,NetCashProvidedByUsedInOperatingActivities,OperatingIncomeLoss,,0.0,,,,,-498919.0,,,,,,,,,,,,,,,,,ineligible:gate0_status,,,
AMBQ,1500412,"Ambiq Micro, Inc.","",NYSE,3674,Semiconductors & Related Devices,us-gaap,10-Q,USD,1231,2025,2025-12-31,false,false,"tax_anomaly,ni_vs_oi",fail,fcf,goodwill,never_acquired,never_acquired,reported,"",,false,,-311310000.0,0.5400290721592935,,,0.09425766058967923,,-0.0010982674830454957,0.9220595301317553,,,false,,,72514000.0,-36461000.0,-39543000.0,-19690000.0,,false,false,false,,false,false,false,"",-0.5028132498552004,false,,6835000.0,-299717000.0,0.0,11593000.0,140275000.0,,7977360.0,true,FAIL,true,FAIL,,NOT_EVALUABLE,,NOT_EVALUABLE,false,PASS,false,true,FAIL,true,FAIL,,0,insufficient,true,,,,,,,,,,false,0,-0.5453153873734727,,,0.5401539677631646,,97870000.0,-36967000.0,-29819000.0,,12138000.0,,,,404672000.0,366774000.0,,21073361.0,,,,0.8967716667599172,,0,,,,,,0,false,,,,,,-0.5453153873734727,-36421000.0,2026-08-25,,StockholdersEquity,,FiniteLivedIntangibleAssetsNet,NetIncomeLoss,NetCashProvidedByUsedInOperatingActivities,OperatingIncomeLoss,ShareBasedCompensation,40000.0,,,,,-42421000.0,-36941000.0,26000.0,,,,,,,,,,,,,,,ineligible:gate0_status,,,
AEC,1519469,Anfield Energy Inc.,"",Nasdaq,1000,Metal Mining,ifrs-full,40-F,CAD,1231,2025,2025-12-31,false,false,"",fail,"sbc,tax_anomaly","goodwill,intangibles",never_acquired,never_acquired,never_acquired,"",,false,,46793294.0,0.7285398464202456,-14968706.0,-18265791.0,,-8801412.0,,1.1272646806105668,,,false,,-1.1826045593404169,,-19722261.0,-17495679.0,-14368453.0,600253.0,false,false,false,65.75232774674116,false,false,true,,,false,,3297085.0,46793294.0,0.0,0.0,3349977.0,12151389.0,15445392.0,false,PASS,true,FAIL,true,FAIL,true,FAIL,,NOT_EVALUABLE,,false,PASS,,NOT_EVALUABLE,,0,insufficient,true,,,,,,,,-1.1826045593404169,,false,0,,,,0.7184306123521655,,,,,,,,,,,,,,,,,,,,,,,,,,false,,,9129.0,,,,-19722261.0,2026-08-25,PurchaseOfPropertyPlantAndEquipmentClassifiedAsInvestingActivities,Equity,,,ProfitLoss,CashFlowsFromUsedInOperatingActivities,ProfitLossFromOperatingActivities,AdjustmentsForSharebasedPayments,,,,,,,,,,,,,,,,,,,,,,,ineligible:gate0_status,,,
SMXT,1519472,"SolarMax Technology, Inc.","",Nasdaq,1700,Construction - Special Trade Contractors,us-gaap,10-Q,USD,1231,2025,2025-12-31,false,false,"",fail,fcf,intangibles,never_acquired,reported,never_acquired,"",,false,,-12210098.0,-0.07873834376118512,,,0.00572330722594177,,0.15208896368243027,1.0046209876858898,,,false,,,90982535.0,-6325368.0,-6296273.0,498049.0,,false,false,false,,false,true,false,capex,-0.06952288150687382,false,0.008937144216598174,520721.0,-12210098.0,0.0,0.0,7966797.0,,49976772.0,true,FAIL,true,FAIL,,NOT_EVALUABLE,,NOT_EVALUABLE,false,PASS,false,false,PASS,false,PASS,,0,insufficient,true,0.2671415254708731,,,,,,,,,false,0,-0.06920309485771088,,,3.1973394216137057,falling,98885683.0,-5335810.0,-3087961.0,,520720.0,,0.0,,-11407976.0,4307362.0,,56184348.0,0.2018355420142073,0.5452489627440984,3.8333057995080555,1.1408420593437516,0.6105076388752589,0,,,,,,0,false,,,,,,-0.06920309485771088,-7459943.0,2026-08-25,,StockholdersEquity,Goodwill,,NetIncomeLoss,NetCashProvidedByUsedInOperatingActivities,OperatingIncomeLoss,ShareBasedCompensation,-1134575.0,,,,,-5044573.0,-6413072.0,-1077262.0,,,,,,,,,,,,,,,ineligible:gate0_status,,,
ATVK,1530185,"GlobalTek Ventures, Inc.","",OTC,3714,Motor Vehicle Parts & Accessories,us-gaap,10-Q,USD,1231,2025,2025-12-31,false,false,"",fail,"sbc,tax_anomaly","",reported,reported,reported,"",,false,,7800321.0,-0.08091624073208538,93359.0,-384363.0,,-932522.0,,2.3564502758250576,,,false,,-0.7908345712745514,,-6384392.0,-2709326.0,516601.0,423242.0,false,false,false,23.443115099147004,false,false,false,"",,false,0.13328095146813168,477722.0,7800321.0,0.0,0.0,2543.0,935065.0,486022.0,false,PASS,true,FAIL,false,PASS,true,FAIL,,NOT_EVALUABLE,,false,PASS,,NOT_EVALUABLE,false,2,insufficient,true,,,,,,,,-0.7908345712745514,,false,0,,,,0.11121069958777617,falling,,-334946.0,331694.0,0.0,477722.0,-146028.0,0.0,0.0,4790392.0,26883.0,926788.0,9131485.0,0.47827860274663647,-1.0,-0.8796704472501605,,,0,,31.779373212583412,,,,0,false,,,18054.0,,-2021676.0,,,2026-08-25,PaymentsToAcquirePropertyPlantAndEquipment,StockholdersEquity,Goodwill,FiniteLivedIntangibleAssetsNet,NetIncomeLoss,NetCashProvidedByUsedInOperatingActivities,OperatingIncomeLoss,ShareBasedCompensation,,,,8208.0,,-2710051.0,,,,,,,,,,,,,,,,,ineligible:gate0_status,,,
KAYS,1530746,"KAYA HOLDINGS, INC.","",OTC,2834,Pharmaceutical Preparations,us-gaap,10-Q,USD,1231,2024,2024-12-31,false,false,"",fail,"sbc,tax_anomaly",intangibles,never_acquired,reported,never_acquired,"",,true,,-15051009.0,0.3992683780136636,-857958.0,,,,,1.0290935634917024,,,false,,,7134.0,-2080856.0,-2022028.0,-830820.0,27138.0,false,false,false,,false,false,false,"",-291.681525091113,false,-2.4970709636566046,,-15030054.0,20955.0,0.0,39668.0,,257718952.0,true,FAIL,true,FAIL,true,FAIL,,NOT_EVALUABLE,,NOT_EVALUABLE,,false,PASS,,NOT_EVALUABLE,,0,insufficient,true,-0.809353191992653,,,,,,,,,false,0,-283.4353798710401,,,-0.026122233756058894,rising,26691.0,-11638539.0,-786140.0,,,,26395.0,,-547443.0,26087.0,109312.0,78096855.0,-0.9491620206402196,-0.7482237852118961,,0.8026666666666666,,0,,,,,,0,false,,,,,,-283.4353798710401,,2026-08-25,PaymentsToAcquirePropertyPlantAndEquipment,StockholdersEquity,Goodwill,,NetIncomeLoss,NetCashProvidedByUsedInOperatingActivities,OperatingIncomeLoss,,,,,,,-1036995.0,,7037.0,,,,,,,,,,,,,,,ineligible:gate0_status,,,
AVLN,1540171,Avalyn Pharma Inc.,"",Nasdaq,2834,Pharmaceutical Preparations,us-gaap,10-Q,USD,1231,2025,2025-12-31,false,false,"",fail,"income_quality,fcf,sbc,ni_vs_oi,tax_anomaly","goodwill,intangibles",never_acquired,never_acquired,never_acquired,"",,true,,-191570000.0,,,,,52315000.0,,,,,false,,,,,,,,false,false,false,,false,false,true,,,false,,,-191570000.0,0.0,0.0,52315000.0,0.0,,true,FAIL,,NOT_EVALUABLE,,NOT_EVALUABLE,,NOT_EVALUABLE,,NOT_EVALUABLE,,,NOT_EVALUABLE,,NOT_EVALUABLE,,0,insufficient,true,,,,,,,,,,false,0,,,,,,,,,,,,,,398346000.0,264197000.0,14801000.0,15519187.0,,,,,,0,,,,,,0,false,,,,,,,,2026-08-25,,StockholdersEquity,,,,,,,,,,,,,,,,,,,,,,,,,,,,,ineligible:gate0_status,,,
SKYI,1555017,"SKY CENTURY INVESTMENT, INC.","",OTC,8741,Services-Management Services,us-gaap,10-Q,USD,831,2025,2025-08-31,false,false,tax_anomaly,fail,sbc,goodwill,never_acquired,never_acquired,reported,"",,true,,-395472.0,-0.396510983152058,-6119.0,,,,-0.0,1.0050929855698743,,,false,,,76338.0,-117225.0,-116631.0,46481.0,52600.0,false,false,false,,false,true,false,"",-1.535604810186277,false,,,-285707.0,0.0,109765.0,477.0,,,true,FAIL,true,FAIL,true,FAIL,,NOT_EVALUABLE,,NOT_EVALUABLE,,false,PASS,true,FAIL,,0,insufficient,true,,,,,,,,,,false,0,-1.5278236265031833,,,-0.1948202200455847,,126220.0,-62778.0,-56700.0,17400.0,,,,115499.0,-227680.0,264.0,,,,,2.0727659574468085,0.2433361437187885,,0,,,,,,0,false,,,,,,-1.5278236265031833,-117225.0,2026-08-25,PaymentsToAcquireProductiveAssets,StockholdersEquityIncludingPortionAttributableToNoncontrollingInterest,,IntangibleAssetsNetExcludingGoodwill,NetIncomeLoss,NetCashProvidedByUsedInOperatingActivities,OperatingIncomeLoss,,0.0,,,,,-62778.0,-62778.0,0.0,,,,,,,,,,,,,,,ineligible:gate0_status,,,
SNYR,1562733,Synergy CHC Corp.,"",Nasdaq,2833,Medicinal Chemicals & Botanical Products,us-gaap,10-Q,USD,1231,2025,2025-12-31,false,false,tax_anomaly,fail,fcf,goodwill,never_acquired,never_acquired,reported,"",,false,,-23278138.0,0.20946263931375275,,,0.004484640287228691,-22434133.0,-0.009610072598911445,1.4589873750834788,,,false,,,30380809.0,-12341208.0,-8458749.0,-2585022.0,,false,false,false,,false,false,false,"",-0.4062172274609277,false,0.2526260861604942,136247.0,-23128138.0,0.0,150000.0,2622313.0,25056446.0,9722552.0,true,FAIL,true,FAIL,,NOT_EVALUABLE,,NOT_EVALUABLE,false,PASS,false,false,PASS,true,FAIL,,0,insufficient,true,,,,,,,,,,false,0,-0.2784240867318576,,,-0.6614832755794612,rising,27702980.0,-15786371.0,-3806919.0,,252554.0,,7793240.0,116667.0,-25405250.0,292115.0,25018055.0,11303853.0,,,0.12401595603236616,-0.32774222590592,,0,,,,,,0,false,,,,,,-0.2784240867318576,-12223737.0,2026-08-25,,StockholdersEquity,,IntangibleAssetsNetExcludingGoodwill,NetIncomeLoss,NetCashProvidedByUsedInOperatingActivities,OperatingIncomeLoss,ShareBasedCompensation,117471.0,,,,,-10973572.0,-15671160.0,115211.0,,,,,,,,,,,,,,,ineligible:gate0_status,,,
INTS,1567264,"INTENSITY THERAPEUTICS, INC.","",Nasdaq,2836,"Biological Products, (No Diagnostic Substances)",us-gaap,10-Q,USD,1231,2025,2025-12-31,false,false,ni_vs_oi,fail,"fcf,sbc,tax_anomaly","goodwill,intangibles",never_acquired,never_acquired,never_acquired,"",,false,,11876000.0,0.7955367913148371,,,,,,0.9694286668894087,,,false,,,,-11606000.0,-11972000.0,-9233000.0,,false,false,false,,false,false,false,"",,false,,2000000.0,11876000.0,0.0,0.0,11921000.0,,1356358.0,false,PASS,true,FAIL,,NOT_EVALUABLE,,NOT_EVALUABLE,,NOT_EVALUABLE,,true,FAIL,,NOT_EVALUABLE,,0,insufficient,true,,,,,,,,,,false,0,,,,0.8049439724562936,rising,,-11163000.0,-8954000.0,,1695000.0,,,,9214000.0,9529000.0,,2620740.0,,,,,,0,,,,,,0,false,,,,,,,,2026-08-25,,StockholdersEquity,,,NetIncomeLoss,NetCashProvidedByUsedInOperatingActivities,OperatingIncomeLoss,ShareBasedCompensation,0.0,,,,,-11483000.0,,,,,,,,,,,,,,,,,ineligible:gate0_status,,,
GUTS,1572616,"Fractyl Health, Inc.","",Nasdaq,3841,Surgical & Medical Instruments & Apparatus,us-gaap,10-Q,USD,1231,2025,2025-12-31,false,false,"",fail,"sbc,tax_anomaly","goodwill,intangibles",never_acquired,never_acquired,never_acquired,"",,false,,9458000.0,0.6408331796188828,-90885000.0,-97569000.0,,,,1.4558957197157494,,,false,,-1.2868511141393375,0.0,-140954000.0,-96816000.0,-90328000.0,557000.0,false,false,false,,false,false,false,revenue,,false,-423.6333333333333,6684000.0,9458000.0,0.0,0.0,81540000.0,,75819960.0,false,PASS,true,FAIL,true,FAIL,true,FAIL,,NOT_EVALUABLE,,false,PASS,,NOT_EVALUABLE,,0,insufficient,true,,,,,,,,-1.2868511141393375,,false,0,,,,0.716709733817523,rising,,-105650000.0,-82428000.0,787000.0,8520000.0,-91735000.0,,,-1665000.0,47140000.0,,158570993.0,,,,,,0,,,,,,0,false,,,,,,,,2026-08-25,PaymentsToAcquirePropertyPlantAndEquipment,StockholdersEquity,,,NetIncomeLoss,NetCashProvidedByUsedInOperatingActivities,OperatingIncomeLoss,ShareBasedCompensation,0.0,,,,,-85894000.0,,,,,,,,,,,,,,,,,ineligible:gate0_status,,,
FIG,1579878,"FIGMA, INC.","",NYSE,7372,Services-Prepackaged Software,us-gaap,10-Q,USD,1231,2025,2025-12-31,false,false,"tax_anomaly,sbc,ni_vs_oi",fail,"","",reported,reported,reported,"",,false,,1249885000.0,-0.20047054570986905,242684000.0,-1121449000.0,1.2920520028642113,,-0.020251427415183227,0.9690078786042464,0.05526014692343539,0.10093882483983527,true,-0.0,-3.3273074138688123,1055788000.0,-1250463000.0,-1290457000.0,250681000.0,7997000.0,false,false,false,0.5128254456842375,false,false,false,"",-1.1843883431143374,false,-0.1454937271477636,1364133000.0,1370364000.0,101396000.0,19083000.0,403469000.0,,337044000.0,false,PASS,true,FAIL,false,PASS,true,FAIL,true,FAIL,true,true,FAIL,true,FAIL,true,0,insufficient,true,,,,,,,,-3.3273074138688123,,false,0,-1.2222690540146317,,,0.43442868530747175,falling,1281471000.0,-1578125000.0,249250000.0,19933000.0,1673178000.0,-1443861000.0,101396000.0,13371000.0,1477907000.0,445845000.0,,525542000.0,,,,0.48246675212305723,,0,,,,,,0,true,58343000.0,0.0,15594000.0,,106570000.0,-1.2222690540146317,-1225642000.0,2026-08-25,PaymentsToAcquirePropertyPlantAndEquipment+PaymentsToDevelopSoftware,StockholdersEquity,Goodwill,FiniteLivedIntangibleAssetsNet,NetIncomeLoss,NetCashProvidedByUsedInOperatingActivities,OperatingIncomeLoss,ShareBasedCompensation,24821000.0,37339000.0,0.0,20785000.0,,-1586969000.0,-1563117000.0,15008000.0,,,,,,,,,,,,,,,ineligible:gate0_status,,,
EPRX,1581178,EUPRAXIA PHARMACEUTICALS INC.,"",Nasdaq,2834,Pharmaceutical Preparations,us-gaap,40-F,USD,1231,2025,2025-12-31,false,false,tax_anomaly,fail,"sbc,ni_vs_oi","goodwill,intangibles",never_acquired,never_acquired,never_acquired,"",,false,,82041436.0,0.7401522230980946,-29141165.0,-37897272.0,,,-0.000494757747392933,,,,false,,-0.9484719654927568,0.0,-38576143.0,,-28552218.0,588947.0,false,false,false,,false,false,true,,,false,,8756107.0,82041436.0,0.0,0.0,80563482.0,,39956133.0,false,PASS,true,FAIL,true,FAIL,true,FAIL,,NOT_EVALUABLE,,,NOT_EVALUABLE,true,FAIL,,0,insufficient,true,,,,,-0.8329888853496629,,,-0.9484719654927568,,false,0,,,,0.8838380821231224,rising,,,,,,,,,,,,,,,,,,,,,,,,,false,,,,,,,-38586561.0,2026-08-25,PaymentsToAcquireMachineryAndEquipment,StockholdersEquity,,,NetIncomeLoss,NetCashProvidedByUsedInOperatingActivities,,ShareBasedCompensation,19091.0,,,,,,,,,,,,,,,,,,,,,,ineligible:gate0_status,,,
VEST,1594968,Loan Artificial Intelligence Corp.,"",OTC,7900,Services-Amusement & Recreation Services,us-gaap,10-Q,USD,1231,2025,2025-12-31,false,false,tax_anomaly,fail,sbc,"goodwill,intangibles",never_acquired,never_acquired,never_acquired,"",,true,,-189706.0,0.6631415750731068,-52611.0,,,,-0.0,1.0,,,false,,,0.0,-79336.0,-79336.0,-52611.0,0.0,false,false,false,,false,false,false,"",,false,,,-189706.0,0.0,0.0,0.0,,454365.0,true,FAIL,true,FAIL,true,FAIL,,NOT_EVALUABLE,,NOT_EVALUABLE,,false,PASS,true,FAIL,,0,insufficient,true,,,,,,,,,,false,0,,,,0.6899508979737741,falling,0.0,-93953.0,-91232.0,0.0,,,,,-218579.0,0.0,,454365.0,,,,,,0,,,,,,0,false,,,,,,,-79336.0,2026-08-25,PaymentsToAcquirePropertyPlantAndEquipment,StockholdersEquity,,,NetIncomeLoss,NetCashProvidedByUsedInOperatingActivities,OperatingIncomeLoss,,0.0,,,,,-93953.0,-93953.0,0.0,,,,,,,,,,,,,,,ineligible:gate0_status,,,
SKYX,1598981,SKYX PLATFORMS CORP.,"",Nasdaq,3640,Electric Lighting & Wiring Equipment,us-gaap,10-Q,USD,1231,2025,2025-12-31,false,false,"",fail,tax_anomaly,"",reported,reported,reported,"",,false,,-25797335.0,0.397750075084682,-15223932.0,-28784512.0,0.14738167064955118,,,1.1478138345907019,,-0.0102426314789067,true,,-0.264667951622163,92009949.0,-33415604.0,-29112390.0,-13291059.0,1932873.0,false,false,false,,false,false,false,"",-0.36317381286669337,false,-0.643441621119073,13560580.0,-4588386.0,16157000.0,5051949.0,8052621.0,,108757074.0,true,FAIL,true,FAIL,true,FAIL,true,FAIL,false,PASS,true,false,PASS,,NOT_EVALUABLE,false,3,insufficient,true,13.216590224329769,,,,-0.3536313967785083,,,-0.264667951622163,,false,0,-0.3164048053107822,,,0.4118029467724502,rising,96199245.0,-33036208.0,-16667336.0,1249584.0,12541552.0,-30458472.0,16157000.0,4254042.0,13655500.0,25661471.0,7017306.0,132022211.0,0.075328539185685,0.07770419477828396,0.09846162397438035,0.09577998630193714,0.008211177054485283,0,,,-0.28914297895332247,,,0,false,,,,1020616.0,-942424.0,-0.3164048053107822,,2026-08-25,PaymentsForProceedsFromProductiveAssets,StockholdersEquity,Goodwill,FiniteLivedIntangibleAssetsNet,NetIncomeLoss,NetCashProvidedByUsedInOperatingActivities,OperatingIncomeLoss,ShareBasedCompensation,0.0,,,,1042157.0,-29112302.0,,,,,,,,,,,,,,,,,ineligible:gate0_status,,,
PXED,1600222,"Phoenix Education Partners, Inc.","",NYSE,8200,Services-Educational Services,us-gaap,10-Q,USD,831,2025,2025-08-31,false,false,"",unknown,"income_quality,fcf,sbc,ni_vs_oi,tax_anomaly","",reported,reported,reported,"",,true,,155748000.0,,,,,,,,,,false,,,,,,,,false,false,false,,false,false,true,,,false,,,246774000.0,3732000.0,87294000.0,203497000.0,,,false,PASS,,NOT_EVALUABLE,,NOT_EVALUABLE,,NOT_EVALUABLE,,NOT_EVALUABLE,,,NOT_EVALUABLE,,NOT_EVALUABLE,,0,insufficient,true,,,,,,,,,,false,0,,,,,,,,,,,,3732000.0,85424000.0,324255000.0,155020000.0,,38799000.0,,,,,,0,,,,,,0,false,,,,,,,,2026-08-25,,StockholdersEquity,Goodwill,IntangibleAssetsNetExcludingGoodwill,,,,,,,,,,,,,,,,,,,,,,,,,,,ineligible:gate0_status,,,
VIA,1603015,"Via Transportation, Inc.","",NYSE,7372,Services-Prepackaged Software,us-gaap,10-Q,USD,1231,2025,2025-12-31,false,false,tax_anomaly,fail,"","",reported,reported,reported,"",,false,,399406000.0,0.320347443467793,-32532000.0,-62873000.0,0.06985589530710025,,-0.026864876385336744,1.2577137934635063,0.09184573269143545,0.09640440487455593,false,,-1.9081618540560434,434337000.0,-96361000.0,-76616000.0,-30869000.0,1663000.0,false,false,false,0.4264102564102564,false,false,false,"",-0.22185768193821848,false,-0.459928311379363,30341000.0,627736000.0,192305000.0,36025000.0,370914000.0,,32949511.0,false,PASS,true,FAIL,true,FAIL,true,FAIL,false,PASS,false,false,PASS,true,FAIL,true,1,insufficient,true,,,,,,,,-1.9081618540560434,,false,0,-0.17639758988987814,,,0.6296735047941496,falling,491703000.0,-98528000.0,-40827000.0,1358000.0,52562000.0,-94747000.0,190720000.0,32971000.0,618309000.0,335915000.0,,81257582.0,,,,,,0,,,,,,0,false,39892000.0,,3900000.0,,41872000.0,-0.17639758988987814,-93840000.0,2026-08-25,PaymentsToAcquirePropertyPlantAndEquipment,StockholdersEquity,Goodwill,IntangibleAssetsNetExcludingGoodwill,NetIncomeLoss,NetCashProvidedByUsedInOperatingActivities,OperatingIncomeLoss,ShareBasedCompensation,2521000.0,39613000.0,,4000000.0,,-88620000.0,-96929000.0,1599000.0,,,,,,,,,,,,,,,ineligible:gate0_status,,,
VTIX,1606242,Virtuix Holdings Inc.,"",Nasdaq,3577,"Computer Peripheral Equipment, NEC",us-gaap,10-Q,USD,331,2026,2026-03-31,false,false,"",fail,"fcf,tax_anomaly",goodwill,never_acquired,never_acquired,reported,"",,false,,1508749.0,0.56576206096783,,,0.10392384218473076,,,1.6279368123114708,,,false,,,4252643.0,-16799253.0,-10319352.0,-9504380.0,,false,false,false,,false,false,false,"",-3.9503087844429925,false,,441951.0,3048103.0,0.0,1539354.0,9471288.0,,23046654.0,false,PASS,true,FAIL,,NOT_EVALUABLE,,NOT_EVALUABLE,false,PASS,true,false,PASS,,NOT_EVALUABLE,,0,insufficient,true,,,,,,,,,,false,0,-2.426573780117447,,,0.5521951145394467,,4460314.0,-9517026.0,-7083363.0,,5860241.0,,,1648131.0,-2952826.0,1074638.0,23661.0,20275350.0,,,,,,0,,,,,,0,false,,,625987.0,,,-2.426573780117447,,2026-08-25,,StockholdersEquity,,FiniteLivedIntangibleAssetsNet,NetIncomeLoss,NetCashProvidedByUsedInOperatingActivities,OperatingIncomeLoss,ShareBasedCompensation,125258.0,,,619636.0,,-7892990.0,,73390.0,,,,,,,,,,,,,,,ineligible:gate0_status,,,
MDLK,1611046,MODULINK INC.,"",OTC,7000,"Hotels, Rooming Houses, Camps & Other Lodging Places",us-gaap,10-Q,USD,1231,2025,2025-12-31,false,false,tax_anomaly,fail,sbc,"goodwill,intangibles",never_acquired,never_acquired,never_acquired,"",,true,,613945.0,0.9735702138380625,-1273339.0,,,,-0.0,1.0268209393472947,,,false,,,1294549.0,-1270120.0,-1236944.0,-1236551.0,36788.0,false,false,false,,false,false,true,,-0.9811293353901629,false,,,613945.0,0.0,0.0,236798.0,,7969933920.0,false,PASS,false,PASS,true,FAIL,,NOT_EVALUABLE,,NOT_EVALUABLE,,false,PASS,true,FAIL,,0,insufficient,true,,,,,,,,,,false,0,-0.9555018774878355,,,1.0958532067715252,,,,,,,,,,-258806.0,70035.0,,7969933920.0,,,,,,0,,,,,,0,false,,,,,,-0.9555018774878355,-1270120.0,2026-08-25,PaymentsToAcquirePropertyPlantAndEquipment,StockholdersEquity,,,NetIncomeLoss,NetCashProvidedByUsedInOperatingActivities,OperatingIncomeLoss,,0.0,,,,,,,,,,,,,,,,,,,,,,ineligible:gate0_status,,,
OMDA,1611115,"Omada Health, Inc.","",Nasdaq,8000,Services-Health Services,us-gaap,10-Q,USD,1231,2025,2025-12-31,false,false,tax_anomaly,fail,"","",reported,reported,reported,"",,false,,-405703000.0,-1.428392549694788,12420000.0,-535000.0,0.04978671073363822,,-0.0,1.067323755429335,,-0.007105799162215134,false,,-0.014601926908485493,260210000.0,-12778000.0,-11972000.0,18252000.0,5832000.0,false,false,false,1.062101620834092,false,false,false,"",-0.04910649091118712,false,-0.5375048866301798,12955000.0,-390049000.0,13240000.0,2414000.0,222036000.0,,36639000.0,true,FAIL,true,FAIL,false,PASS,true,FAIL,false,PASS,false,false,PASS,true,FAIL,false,2,insufficient,true,,,,,,,,-0.014601926908485493,,false,0,-0.04600899273663579,,,0.011148609116909883,falling,309759000.0,4305000.0,23685000.0,6554000.0,17121000.0,10000.0,13240000.0,1536000.0,252739000.0,221712000.0,,64345000.0,,,,0.4312134395724365,,0,,,,,,0,false,,,5491000.0,,-1849000.0,-0.04600899273663579,-12778000.0,2026-08-25,PaymentsToAcquirePropertyPlantAndEquipment+PaymentsToDevelopSoftware,StockholdersEquity,Goodwill,IntangibleAssetsNetExcludingGoodwill,NetIncomeLoss,NetCashProvidedByUsedInOperatingActivities,OperatingIncomeLoss,ShareBasedCompensation,0.0,,,5895000.0,,-464000.0,4305000.0,0.0,,,,,,,,,,,,,,,ineligible:gate0_status,,,
AMIX,1617867,"Autonomix Medical, Inc.","",Nasdaq,3841,Surgical & Medical Instruments & Apparatus,us-gaap,10-Q,USD,331,2026,2026-03-31,false,false,"tax_anomaly,ni_vs_oi",fail,sbc,"goodwill,intangibles",never_acquired,never_acquired,never_acquired,"",,false,,5895000.0,0.7347891115764283,-12292000.0,-12821000.0,,,-0.0,0.9812727486204063,,,false,,,0.0,-16715000.0,-17034000.0,-12282000.0,10000.0,false,false,false,0.8333333333333334,false,false,false,"",,false,,529000.0,5895000.0,0.0,0.0,7004000.0,,,false,PASS,true,FAIL,true,FAIL,true,FAIL,,NOT_EVALUABLE,,true,FAIL,true,FAIL,,0,insufficient,true,,,,,,,,,,false,0,,,,0.6287964310218119,rising,0.0,-16106000.0,-13222000.0,11000.0,143000.0,-13376000.0,,,3162000.0,3460000.0,,13487444.0,,,,,,0,,,,,,0,false,,,12000.0,,,,-16715000.0,2026-08-25,PaymentsToAcquirePropertyPlantAndEquipment,StockholdersEquity,,,NetIncomeLoss,NetCashProvidedByUsedInOperatingActivities,OperatingIncomeLoss,ShareBasedCompensation,0.0,,,12000.0,,-16383000.0,-16106000.0,0.0,,,,,,,,,,,,,,,ineligible:gate0_status,,,
TLN,1622536,Talen Energy Corporation,"",Nasdaq,4911,Electric Services,us-gaap,10-Q,USD,1231,2025,2025-12-31,false,false,"tax_anomaly,sbc",fail,tangible_book,"",unresolved,unresolved,unresolved,"",,false,,,-3.2146118721461185,606000000.0,80000000.0,0.20889594916600476,-6122000000.0,-0.3192771084337349,2.433333333333333,1.5063542494042892,,false,1.2875,1.7508535411012869,2518000000.0,-219000000.0,-90000000.0,704000000.0,98000000.0,false,false,false,0.35125448028673834,true,false,false,"",-0.08697378872120731,false,,526000000.0,1093000000.0,,,689000000.0,6811000000.0,45692000.0,,NOT_EVALUABLE,true,FAIL,false,PASS,false,PASS,true,FAIL,true,false,PASS,true,FAIL,,0,insufficient,true,-0.07765088323022895,,,,,,,1.7508535411012869,,false,2,-0.035742652899126294,,,-1.4790494230470073,,3917000000.0,-185000000.0,796000000.0,228000000.0,568000000.0,0.0,,1000000.0,1616000000.0,231000000.0,9572000000.0,45759000.0,0.18208092485549132,0.5185185185185185,1.3975535168195719,1.1858190709046454,0.3890249436448516,0,,,3.1485148514851486,,,0,false,3793000000.0,103000000.0,279000000.0,,,-0.035742652899126294,-166000000.0,2026-08-25,PaymentsToAcquirePropertyPlantAndEquipment,StockholdersEquity,,,NetIncomeLoss,NetCashProvidedByUsedInOperatingActivities,OperatingIncomeLoss,ShareBasedCompensation,53000000.0,6361000000.0,298000000.0,330000000.0,,88000000.0,-124000000.0,61000000.0,,,,,,,,,,,,,,,ineligible:gate0_status,,,
BRLL,1631463,"BARREL ENERGY, INC.","",OTC,1311,Crude Petroleum & Natural Gas,us-gaap,10-Q,USD,1231,2025,2025-06-30,false,false,"",unknown,"income_quality,fcf,sbc,ni_vs_oi,tax_anomaly","goodwill,intangibles",never_acquired,never_acquired,never_acquired,"",,true,,12318.0,,,,,,,,,,false,,,,,,,,false,false,false,,false,false,true,,,false,,,12318.0,0.0,0.0,27929.0,,,false,PASS,,NOT_EVALUABLE,,NOT_EVALUABLE,,NOT_EVALUABLE,,NOT_EVALUABLE,,,NOT_EVALUABLE,,NOT_EVALUABLE,,0,insufficient,true,,,,,,,,,,false,0,,,,,,,,,,,,,,54190.0,21989.0,,1837168.0,,,,,,0,,,,,,0,false,,,,,,,,2026-08-25,,StockholdersEquity,,,,,,,,,,,,,,,,,,,,,,,,,,,,,ineligible:gate0_status,,,
CAST,1633369,"FreeCast, Inc.","",Nasdaq,7374,Services-Computer Processing & Data Preparation,us-gaap,10-Q,USD,630,2025,2025-03-31,false,false,"",fail,"income_quality,fcf,sbc,ni_vs_oi,tax_anomaly","goodwill,intangibles",never_acquired,never_acquired,never_acquired,"",,true,,-3253538.0,,,,,,,,,,false,,,,,,,,false,false,false,,false,false,true,,,false,,,-3253538.0,0.0,0.0,101636.0,,,true,FAIL,,NOT_EVALUABLE,,NOT_EVALUABLE,,NOT_EVALUABLE,,NOT_EVALUABLE,,,NOT_EVALUABLE,,NOT_EVALUABLE,,0,insufficient,true,,,,,,,,,,false,0,,,,,,,,,,,,,,-6996234.0,119302.0,,40857460.0,,,,,,0,,,,,,0,false,,,,,,,,2026-08-25,,StockholdersEquity,,,,,,,,,,,,,,,,,,,,,,,,,,,,,ineligible:gate0_status,,,
ZSPC,1637147,"zSpace, Inc.","",OTC,7372,Services-Prepackaged Software,us-gaap,10-Q,USD,1231,2025,2025-12-31,false,false,"tax_anomaly,sbc",fail,"",goodwill,never_acquired,never_acquired,reported,"",,false,,-23489000.0,0.7077753269261068,-17995000.0,-25115000.0,0.25558187953191186,-16692000.0,-0.000551745881611098,1.1466510094395013,,,false,,-1.0030179998898536,27858000.0,-25388000.0,-22141000.0,-17969000.0,26000.0,false,false,false,,false,false,false,"",-0.9113360614545194,false,,7120000.0,-22508000.0,0.0,981000.0,1021000.0,17713000.0,25039431.0,true,FAIL,true,FAIL,true,FAIL,true,FAIL,true,FAIL,true,false,PASS,true,FAIL,,0,insufficient,true,,,,,,,,-1.0030179998898536,,false,0,-0.794780673415177,,,0.5669693519805581,,24287000.0,-19724000.0,-11383000.0,16000.0,7435000.0,-18834000.0,,865000.0,-13185000.0,856000.0,7039000.0,10098017.0,,,-0.22310992750406866,-0.2765786298431425,,0,,,,,,0,false,,,,,,-0.794780673415177,-25374000.0,2026-08-25,PaymentsForProceedsFromProductiveAssets,StockholdersEquity,,FiniteLivedIntangibleAssetsNet,NetIncomeLoss,NetCashProvidedByUsedInOperatingActivities,OperatingIncomeLoss,ShareBasedCompensation,14000.0,,,,,-16898000.0,-19714000.0,10000.0,,,,,,,,,,,,,,,ineligible:gate0_status,,,
TTAN,1638826,"ServiceTitan, Inc.","",Nasdaq,7372,Services-Prepackaged Software,us-gaap,10-Q,USD,131,2026,2026-01-31,false,false,"tax_anomaly,sbc,ni_vs_oi",fail,"","",reported,reported,reported,"",,false,,488241000.0,-0.6889517243967895,85550000.0,-111565000.0,0.20512193472186813,,-0.017439677175026893,0.9447297656688632,0.02058451660570364,-0.024761567799035343,true,,-1.2076918294768364,960965000.0,-159853000.0,-169205000.0,110131000.0,24581000.0,false,false,false,0.29546246769637596,false,false,false,"",-0.16634632895058613,false,-0.2976587921040595,197115000.0,1525234000.0,860250000.0,176743000.0,428769000.0,,92378699.0,false,PASS,true,FAIL,false,PASS,true,FAIL,true,FAIL,true,true,FAIL,true,FAIL,false,1,insufficient,true,0.2712653502276745,,,,-9.021165245161576,,,-1.2076918294768364,,false,0,-0.17607821304626078,,,-0.21349184268144808,falling,916259000.0,-219059000.0,84977000.0,24147000.0,237395000.0,-176565000.0,860250000.0,166889000.0,1504920000.0,493238000.0,1073000.0,91794072.0,,,,0.25034750972274494,,0,,,,,,0,true,19781000.0,,83195000.0,,-23795000.0,-0.17607821304626078,-157113000.0,2026-08-25,PaymentsToAcquirePropertyPlantAndEquipment+PaymentsToDevelopSoftware,StockholdersEquity,Goodwill,IntangibleAssetsNetExcludingGoodwill,NetIncomeLoss,NetCashProvidedByUsedInOperatingActivities,OperatingIncomeLoss,ShareBasedCompensation,2740000.0,19781000.0,,80862000.0,,-226400000.0,-216806000.0,2253000.0,,,,,,,,,,,,,,,ineligible:gate0_status,,,
NAVN,1639723,"NAVAN, INC.","",Nasdaq,7372,Services-Prepackaged Software,us-gaap,10-Q,USD,131,2026,2026-01-31,false,false,"tax_anomaly,sbc",fail,"","",reported,reported,reported,"",,false,,947478000.0,-0.08459412607089918,14764000.0,-167325000.0,0.25928816045225095,,-0.005324281045256389,2.0217191444404374,0.0,-0.021043338340939674,true,,-1.710964744534839,702265000.0,-398030000.0,-196877000.0,33671000.0,18907000.0,false,false,false,0.3138247547595731,false,false,true,"",-0.566780346450414,false,-0.6124010580326956,182089000.0,1208061000.0,241309000.0,19274000.0,583516000.0,,97795703.0,false,PASS,true,FAIL,false,PASS,true,FAIL,true,FAIL,true,false,PASS,true,FAIL,false,1,insufficient,true,,,,,,,,-1.710964744534839,,false,0,-0.2803457384320734,,,0.23184752139748524,falling,,,,,,,237534000.0,18398000.0,1236616000.0,518377000.0,,250281201.0,,,,,,0,,,,,,0,true,0.0,,60247000.0,,-14778000.0,-0.2803457384320734,-395922000.0,2026-08-25,PaymentsToAcquirePropertyPlantAndEquipment+PaymentsToDevelopSoftware,StockholdersEquity,Goodwill,IntangibleAssetsNetExcludingGoodwill,NetIncomeLoss,NetCashProvidedByUsedInOperatingActivities,OperatingIncomeLoss,ShareBasedCompensation,2108000.0,0.0,,,,,,,,,,,,,,,,,,,,,ineligible:gate0_status,,,
BWLP,1649313,BW LPG Ltd,"",NYSE,4700,Transportation Services,ifrs-full,20-F,USD,1231,2025,2025-12-31,false,false,tax_anomaly,unknown,"tangible_book,sbc","",unresolved,unresolved,reported,"",,false,,,1.958513829298853,385108000.0,383355000.0,,-611094000.0,0.04672106873745517,0.8323880614168161,,,false,0.007144813554016512,2.531967029047726,,289711000.0,348048000.0,567403000.0,182295000.0,false,false,false,0.7133130641999366,true,false,false,"",,false,,1753000.0,1830002000.0,,356000.0,242009000.0,853103000.0,151406000.0,,NOT_EVALUABLE,false,PASS,false,PASS,false,PASS,,NOT_EVALUABLE,,false,PASS,true,FAIL,,0,3y,true,,,-0.09331104725934991,,3.396902434861337,,,2.531967029047726,,false,4,,,,1.632340430367184,rising,,270209000.0,551676000.0,757797000.0,1882000.0,-208003000.0,,374000.0,1766092000.0,320952000.0,1025562000.0,,,,,,,0,,,,,,0,false,,2739000.0,255561000.0,240975000.0,,,303910000.0,2026-08-25,PurchaseOfPropertyPlantAndEquipmentClassifiedAsInvestingActivities,EquityAttributableToOwnersOfParent,,IntangibleAssetsOtherThanGoodwill,ProfitLoss,CashFlowsFromUsedInOperatingActivities,ProfitLossFromOperatingActivities,AdjustmentsForSharebasedPayments,14199000.0,,,231531000.0,,324359000.0,294252000.0,24043000.0,,,,,,,,,,,,,,,ineligible:gate0_status,,,
ACTU,1652935,"Actuate Therapeutics, Inc.","",Nasdaq,2834,Pharmaceutical Preparations,us-gaap,10-Q,USD,1231,2025,2025-12-31,false,false,ni_vs_oi,unknown,"fcf,sbc,tax_anomaly","goodwill,intangibles",never_acquired,never_acquired,never_acquired,"",,false,,7924003.0,0.8640624834104528,,,,,,0.9881104116270981,,,false,,,,-22227852.0,-22495312.0,-19206253.0,,false,false,false,,false,false,false,"",,false,,6046661.0,7924003.0,0.0,0.0,13159423.0,,21021817.0,false,PASS,false,PASS,,NOT_EVALUABLE,,NOT_EVALUABLE,,NOT_EVALUABLE,,true,FAIL,,NOT_EVALUABLE,,0,insufficient,true,,,,,,,,,,false,0,,,,0.8461746011162284,falling,,-20453807.0,-19836202.0,,6039447.0,,,,989152.0,4425841.0,,23705417.0,,,,,,0,,,,,,0,false,,,,,,,,2026-08-25,,StockholdersEquity,,,NetIncomeLoss,NetCashProvidedByUsedInOperatingActivities,OperatingIncomeLoss,ShareBasedCompensation,800.0,,,,,-20773395.0,,,,,,,,,,,,,,,,,ineligible:gate0_status,,,
ACOG,1655923,Alpha Cognition Inc.,"",Nasdaq,2836,"Biological Products, (No Diagnostic Substances)",us-gaap,10-Q,USD,1231,2025,2025-12-31,false,false,"sbc,ni_vs_oi",fail,tax_anomaly,goodwill,never_acquired,never_acquired,reported,"",,false,,62138752.0,0.9859937227486862,-20673856.0,-25596381.0,0.48164310647218395,,,0.9121468018911517,,,false,,-1.4476420995158252,10220275.0,-20669875.0,-22660689.0,-20380367.0,293489.0,false,false,false,,false,false,false,"",-2.0224382416324413,false,,4922525.0,62530175.0,0.0,391423.0,66046789.0,,17681429.0,false,PASS,false,PASS,true,FAIL,true,FAIL,true,FAIL,true,true,FAIL,,NOT_EVALUABLE,,0,insufficient,true,,,,,,,,-1.4476420995158252,,false,0,-2.217228890612043,,,0.7165857197443444,rising,15260706.0,-21013332.0,-30853299.0,321796.0,5258395.0,-36433490.0,,6218509.0,52961749.0,41384287.0,,21879362.0,,,0.20662871066367006,2.6755877315802077,,1,,,-4.598592678702759,,,0,false,,,,,,-2.217228890612043,,2026-08-25,PaymentsToAcquirePropertyPlantAndEquipment,StockholdersEquity,,FiniteLivedIntangibleAssetsNet,NetIncomeLoss,NetCashProvidedByUsedInOperatingActivities,OperatingIncomeLoss,ShareBasedCompensation,,,,,,-26660684.0,,,,,,,,,,,,,,,,,ineligible:gate0_status,,,
PBLS,1657677,"Parabilis Medicines, Inc.","",Nasdaq,2834,Pharmaceutical Preparations,us-gaap,10-Q,USD,1231,2026,2026-03-31,false,false,"",fail,"income_quality,fcf,sbc,ni_vs_oi,tax_anomaly","goodwill,intangibles",never_acquired,never_acquired,never_acquired,"",,true,,-570320000.0,,,,,,,,,,false,,,,,,,,false,false,false,,false,false,true,,,false,,,-570320000.0,0.0,0.0,,,,true,FAIL,,NOT_EVALUABLE,,NOT_EVALUABLE,,NOT_EVALUABLE,,NOT_EVALUABLE,,,NOT_EVALUABLE,,NOT_EVALUABLE,,0,insufficient,true,,,,,,,,,,false,0,,,,,,,,,,,,,,1047734000.0,1087060000.0,6410000.0,15553335.0,,,,,,0,,,,,,0,false,,,,,,,,2026-08-25,,StockholdersEquity,,,,,,,,,,,,,,,,,,,,,,,,,,,,,ineligible:gate0_status,,,
BSEM,1658678,"BioStem Technologies, Inc.","",Nasdaq,2836,"Biological Products, (No Diagnostic Substances)",us-gaap,10-Q,USD,1231,2026,2026-03-31,false,false,"",unknown,"income_quality,fcf,sbc,ni_vs_oi,tax_anomaly","",carried_forward,carried_forward,carried_forward,"goodwill,intangibles",90,true,,31504233.0,,,,,,,,,,false,,,,,,,,false,false,false,,false,false,true,,,false,,,31868633.0,244635.0,119765.0,,,,false,PASS,,NOT_EVALUABLE,,NOT_EVALUABLE,,NOT_EVALUABLE,,NOT_EVALUABLE,,,NOT_EVALUABLE,,NOT_EVALUABLE,,0,insufficient,true,,,,,,,,,,false,0,,,,,,,,,,,,1532635.0,21359186.0,27614597.0,6962492.0,,17090140.0,,,,,,0,,,,,,0,false,,,,,,,,2026-08-25,,StockholdersEquity,,,,,,,,,,,,,,,,,,,,,,,,,,,,,ineligible:gate0_status,,,
QTZM,1663038,Quantum Genesis AI Corp.,"",OTC,2860,Industrial Organic Chemicals,us-gaap,10-Q,USD,731,2025,2025-07-31,false,false,tax_anomaly,fail,"fcf,sbc","goodwill,intangibles",never_acquired,never_acquired,never_acquired,"",,true,,-373129.0,0.628201074928865,,,,,-0.0,1.1037571245783413,,,false,,,0.0,-199269.0,-180537.0,-125181.0,,false,false,false,,false,false,false,"",,false,,,-373129.0,0.0,0.0,584.0,,35117811.0,true,FAIL,true,FAIL,,NOT_EVALUABLE,,NOT_EVALUABLE,,NOT_EVALUABLE,,false,PASS,true,FAIL,,0,insufficient,true,,,,,,,,,,false,0,,,,0.5986880078540298,,0.0,-4442614.0,-71584.0,,,,,,-443254.0,59.0,,38962050.0,,,,,,0,,,,,,0,false,,,,,,,-199269.0,2026-08-25,,StockholdersEquity,,,NetIncomeLoss,NetCashProvidedByUsedInOperatingActivities,OperatingIncomeLoss,,0.0,,,,,-94277.0,-4442614.0,0.0,,,,,,,,,,,,,,,ineligible:gate0_status,,,
ALM,1670061,Almonty Industries Inc.,"",Nasdaq,1000,Metal Mining,ifrs-full,40-F,CAD,1231,2025,2025-12-31,false,false,"tax_anomaly,sbc",fail,fcf,"goodwill,intangibles",never_acquired,never_acquired,never_acquired,"",,false,,357811000.0,0.11818692754751008,,,0.3409300608968444,93780000.0,0.0029112442162249215,4.468167894693269,,,false,,,32514000.0,-161913000.0,-36237000.0,-19136000.0,,false,false,false,,false,false,true,,-4.979793319800701,false,,11085000.0,357811000.0,0.0,0.0,268409000.0,174629000.0,208030788.0,false,PASS,true,FAIL,,NOT_EVALUABLE,,NOT_EVALUABLE,true,FAIL,true,false,PASS,true,FAIL,,0,insufficient,true,,,,,,,,,,false,0,-1.1145045211293596,,,0.2891216880957577,,,,,,,,,,,,,,,,,,,,,,,,,,false,,,1043000.0,,,-1.1145045211293596,-161443000.0,2026-08-25,,EquityAttributableToOwnersOfParent,,,ProfitLoss,CashFlowsFromUsedInOperatingActivities,ProfitLossFromOperatingActivities,AdjustmentsForSharebasedPayments,-470000.0,,,,,,,,,,,,,,,,,,,,,,ineligible:gate0_status,,,
HNGE,1673743,"Hinge Health, Inc.","",NYSE,7374,Services-Computer Processing & Data Preparation,us-gaap,10-Q,USD,1231,2025,2025-12-31,false,false,"tax_anomaly,sbc,ni_vs_oi",fail,"","",reported,reported,reported,"",,false,,-374884000.0,-0.3245384383855708,170733000.0,-472276000.0,1.093813152791481,,-0.0018927935394670212,0.9668540240971794,,0.005433266423978498,false,-0.1376906724034251,-8.653388790149696,587860000.0,-528261000.0,-546371000.0,171441000.0,708000.0,false,true,false,,false,false,false,"",-0.8986170176572653,false,-0.44585112561063095,643009000.0,-308276000.0,64096000.0,2512000.0,207995000.0,,54577000.0,true,FAIL,true,FAIL,false,PASS,true,FAIL,true,FAIL,true,true,FAIL,true,FAIL,false,2,insufficient,true,,,,,,,,-8.653388790149696,,false,0,-0.9294236723029292,,,-1.2799958491398966,falling,720061000.0,109069000.0,290787000.0,666000.0,82803000.0,207318000.0,64096000.0,2063000.0,344328000.0,286224000.0,,82344000.0,,,,0.5299788638226286,,0,,,,,,0,false,,65028000.0,,,3194000.0,-0.9294236723029292,-527263000.0,2026-08-25,PaymentsToAcquirePropertyPlantAndEquipment,StockholdersEquity,Goodwill,IntangibleAssetsNetExcludingGoodwill,NetIncomeLoss,NetCashProvidedByUsedInOperatingActivities,OperatingIncomeLoss,ShareBasedCompensation,998000.0,,196519000.0,,,93673000.0,110949000.0,1880000.0,,,,,,,,,,,,,,,ineligible:gate0_status,,,
BBNX,1674632,"BETA BIONICS, INC.","",Nasdaq,3841,Surgical & Medical Instruments & Apparatus,us-gaap,10-Q,USD,1231,2025,2025-12-31,false,false,sbc,fail,tax_anomaly,"goodwill,intangibles",never_acquired,never_acquired,never_acquired,"",,false,,287610000.0,0.6956967213114754,-56222000.0,-72606000.0,0.1634297912240277,,,1.0211911106150864,,,false,,-1.7914557140753185,100251000.0,-73200000.0,-71681000.0,-50925000.0,5297000.0,false,false,false,,false,false,false,"",-0.7301672801268815,false,-2.988745310546061,16384000.0,287610000.0,0.0,0.0,31576000.0,,40529051.0,false,PASS,true,FAIL,true,FAIL,true,FAIL,true,FAIL,true,false,PASS,,NOT_EVALUABLE,,0,insufficient,true,,,,,,,,-1.7914557140753185,,false,0,-0.7150153115679644,,,0.7710099021616962,falling,119013000.0,-72973000.0,-55810000.0,5601000.0,21203000.0,-82614000.0,,,256366000.0,44318000.0,,44554141.0,,,0.5661885594421453,0.37761425251742836,,0,,,-0.24133346464447508,,,0,false,,,,,,-0.7150153115679644,,2026-08-25,PaymentsToAcquirePropertyPlantAndEquipment,StockholdersEquity,,,NetIncomeLoss,NetCashProvidedByUsedInOperatingActivities,OperatingIncomeLoss,ShareBasedCompensation,0.0,,,,,-83016000.0,,,,,,,,,,,,,,,,,ineligible:gate0_status,,,
JUNS,1679628,"JUPITER NEUROSCIENCES, INC.","",Nasdaq,2834,Pharmaceutical Preparations,us-gaap,10-Q,USD,1231,2025,2025-12-31,false,false,"sbc,ni_vs_oi",fail,"fcf,tax_anomaly","goodwill,intangibles",never_acquired,never_acquired,never_acquired,"",,false,,-1831852.0,0.6262348759042473,,,110.96146081849881,,,0.9703858724501531,,,false,,,21796.0,-8644897.0,-8908721.0,-5413736.0,,false,false,false,,false,false,false,"",-396.6276839787117,false,,2418516.0,-1831852.0,0.0,0.0,,,34628588.0,true,FAIL,true,FAIL,,NOT_EVALUABLE,,NOT_EVALUABLE,true,FAIL,true,true,FAIL,,NOT_EVALUABLE,,0,insufficient,true,,,,,,,,,,false,0,-408.7319232886768,,,0.7766306460578432,rising,,-9199420.0,-7249495.0,,2526563.0,,,,-365966.0,,,514059.0,,,,,,0,,,,,,0,false,,,,,,-408.7319232886768,,2026-08-25,,StockholdersEquity,,,NetIncomeLoss,NetCashProvidedByUsedInOperatingActivities,OperatingIncomeLoss,ShareBasedCompensation,,,,,,-9811783.0,,,,,,,,,,,,,,,,,ineligible:gate0_status,,,
LBRX,1691082,LB Pharmaceuticals Inc,"",Nasdaq,2834,Pharmaceutical Preparations,us-gaap,10-Q,USD,1231,2025,2025-12-31,false,false,tax_anomaly,fail,"sbc,ni_vs_oi","goodwill,intangibles",never_acquired,never_acquired,never_acquired,"",,false,,-99337000.0,1.396865701249752,-35260000.0,-39451000.0,,,-0.000039676241866370415,,,,false,,-4.903702792180875,,-25205000.0,,-35208000.0,52000.0,false,true,false,0.16199376947040497,false,false,false,"",,false,,4191000.0,-99337000.0,0.0,0.0,250173000.0,,8045145.0,true,FAIL,false,PASS,true,FAIL,true,FAIL,,NOT_EVALUABLE,,,NOT_EVALUABLE,true,FAIL,,0,insufficient,true,,,,,,,,-4.903702792180875,,false,0,,,,1.1187998754418391,,,-85685000.0,-82395000.0,435000.0,10689000.0,-93519000.0,,,332347000.0,283111000.0,,29194955.0,,,,,,0,,,,,,0,false,,,321000.0,,,,-25204000.0,2026-08-25,PaymentsToAcquirePropertyPlantAndEquipment,StockholdersEquity,,,NetIncomeLoss,NetCashProvidedByUsedInOperatingActivities,,ShareBasedCompensation,1000.0,,,,,,-85684000.0,1000.0,,,,,,,,,,,,,,,ineligible:gate0_status,,,
EQPT,1693736,EquipmentShare.com Inc,"",Nasdaq,7359,"Services-Equipment Rental & Leasing, NEC",us-gaap,10-Q,USD,1231,2025,2025-12-31,false,false,"",fail,tangible_book,"",unresolved,unresolved,reported,"",,false,,,6.6,-1555000000.0,-1559000000.0,0.00196078431372549,-2966000000.0,0.25925925925925924,0.13468013468013468,0.023529411764705882,,false,,-6.898230088495575,2040000000.0,40000000.0,297000000.0,264000000.0,1819000000.0,false,false,false,4.983561643835617,false,false,false,"",0.0196078431372549,true,0.22522522522522523,4000000.0,490000000.0,,31000000.0,306000000.0,3272000000.0,226000000.0,,NOT_EVALUABLE,false,PASS,true,FAIL,true,FAIL,false,PASS,false,false,PASS,false,PASS,,0,insufficient,true,,,,,,,,-6.898230088495575,,false,0,0.14558823529411766,,,39.00392156862745,falling,2202000000.0,62000000.0,249000000.0,2034000000.0,47000000.0,-1832000000.0,,,1212000000.0,443000000.0,3637000000.0,,,,,,,0,,,,,,0,false,48000000.0,,365000000.0,37000000.0,,0.14558823529411766,54000000.0,2026-08-25,PaymentsToAcquireMachineryAndEquipment+PaymentsToDevelopSoftware,StockholdersEquity,,FiniteLivedIntangibleAssetsNet,NetIncomeLoss,NetCashProvidedByUsedInOperatingActivities,OperatingIncomeLoss,ShareBasedCompensation,14000000.0,48000000.0,,414000000.0,37000000.0,338000000.0,89000000.0,27000000.0,,,,,,,,,,,,,,,ineligible:gate0_status,,,
OFRM,1696556,"Once Upon a Farm, PBC","",NYSE,2000,Food and Kindred Products,us-gaap,10-Q,USD,1231,2025,2025-12-31,false,false,"",fail,"income_quality,fcf,sbc,ni_vs_oi,tax_anomaly","",reported,reported,reported,"",,true,,-135477000.0,,,,,,,,,,false,,,,,,,,false,false,false,,false,false,true,,,false,,,-130672000.0,4244000.0,561000.0,10860000.0,,,true,FAIL,,NOT_EVALUABLE,,NOT_EVALUABLE,,NOT_EVALUABLE,,NOT_EVALUABLE,,,NOT_EVALUABLE,,NOT_EVALUABLE,,1,insufficient,true,,,,,,,,,,false,0,,,,,,,,,,,,4244000.0,522000.0,155282000.0,93541000.0,,34454883.0,,,,,,0,,,,,,0,false,,,,,,,,2026-08-25,,StockholdersEquity,Goodwill,IntangibleAssetsNetExcludingGoodwill,,,,,,,,,,,,,,,,,,,,,,,,,,,ineligible:gate0_status,,,
GRAL,1699031,"GRAIL, Inc.","",Nasdaq,8071,Services-Medical Laboratories,us-gaap,10-Q,USD,1231,2025,2025-12-31,false,false,"sbc,ni_vs_oi",fail,"",goodwill,structured_absence_asc350,structured_absence_asc350,reported,"",,false,,727306000.0,0.7322303606456211,-299916000.0,-358199000.0,0.3960196232979099,,0.2360188137039199,0.7263925231649895,,,false,,-9.745916818122863,147172000.0,-408351000.0,-562163000.0,-299007000.0,909000.0,false,false,false,,false,false,false,"",-2.7746514282608103,false,-16.27605391761989,58283000.0,2577862000.0,0.0,1850556000.0,249727000.0,,36753751.0,false,PASS,true,FAIL,true,FAIL,true,FAIL,true,FAIL,true,true,FAIL,false,PASS,false,0,insufficient,true,,,,,,,,-9.745916818122863,,false,0,-3.8197687060038596,,,0.4744876994049929,rising,165263000.0,-391587000.0,-294749000.0,1413000.0,64254000.0,-360416000.0,0.0,1781389000.0,2542654000.0,55645000.0,,41883565.0,0.11179230528620582,0.2632276978919447,0.2810566322203725,0.2572304749043439,0.045414344318284214,0,,,0.0797484065044071,,,0,false,,,,,,-3.8197687060038596,-534504000.0,2026-08-25,PaymentsToAcquirePropertyPlantAndEquipment,StockholdersEquity,,IntangibleAssetsNetExcludingGoodwill,NetIncomeLoss,NetCashProvidedByUsedInOperatingActivities,OperatingIncomeLoss,ShareBasedCompensation,-126153000.0,,,,,-559250000.0,-529467000.0,-137880000.0,,,,,,,,,,,,,,,ineligible:gate0_status,,,
SI,1699350,"SHOULDER INNOVATIONS, INC.","",NYSE,3841,Surgical & Medical Instruments & Apparatus,us-gaap,10-Q,USD,1231,2025,2025-12-31,false,false,tax_anomaly,fail,"",goodwill,never_acquired,never_acquired,reported,"",,false,,-59414000.0,0.7089372878416215,-36020000.0,-37016000.0,0.021049517086882092,11960000.0,-0.0,1.5347378027911929,,,false,,-4.2678852015438915,47317000.0,-40359000.0,-26297000.0,-28612000.0,7408000.0,false,false,false,,false,false,false,"",-0.8529492571380265,false,,996000.0,-59314000.0,0.0,100000.0,26871000.0,14911000.0,8673148.0,true,FAIL,true,FAIL,true,FAIL,true,FAIL,false,PASS,false,false,PASS,true,FAIL,,0,insufficient,true,,,,,,,,-4.2678852015438915,,false,0,-0.5557621996322675,,,0.8072184998654934,,60055000.0,-35033000.0,-37088000.0,9989000.0,2486000.0,-49563000.0,,0.0,124328000.0,24460000.0,14813000.0,20694593.0,,,,0.5595205666031055,,0,,,,,,0,false,,,,,,-0.5557621996322675,-40359000.0,2026-08-25,PaymentsToAcquirePropertyPlantAndEquipment,StockholdersEquity,,IntangibleAssetsNetExcludingGoodwill,NetIncomeLoss,NetCashProvidedByUsedInOperatingActivities,OperatingIncomeLoss,ShareBasedCompensation,0.0,,,,,-35153000.0,-35033000.0,0.0,,,,,,,,,,,,,,,ineligible:gate0_status,,,
LIME,1699963,"Neutron Holdings, Inc.","",Nasdaq,7372,Services-Prepackaged Software,us-gaap,10-Q,USD,1231,2026,2026-03-31,false,false,"",fail,"income_quality,fcf,sbc,ni_vs_oi,tax_anomaly","goodwill,intangibles",never_acquired,never_acquired,never_acquired,"",,true,,-565713000.0,,,,,,,,,,false,,,,,,,,false,false,false,,false,false,true,,,false,,,-565713000.0,0.0,0.0,,,,true,FAIL,,NOT_EVALUABLE,,NOT_EVALUABLE,,NOT_EVALUABLE,,NOT_EVALUABLE,,,NOT_EVALUABLE,,NOT_EVALUABLE,,0,insufficient,true,,,,,,,,,,false,0,,,,,,,,,,,,,,682177000.0,278065000.0,,48056431.0,,,,,,0,,,,,,0,false,,,,,,,,2026-08-25,,StockholdersEquity,,,,,,,,,,,,,,,,,,,,,,,,,,,,,ineligible:gate0_status,,,
AZTR,1701478,"Azitra, Inc.","",NYSE,2834,Pharmaceutical Preparations,us-gaap,10-Q,USD,1231,2025,2025-12-31,false,false,"tax_anomaly,ni_vs_oi",fail,sbc,goodwill,never_acquired,never_acquired,reported,"",,false,,3484557.0,1.024531804950449,-11248338.0,-11311082.0,,,-0.0007599306881825982,0.9989700606337478,,,false,,-2.320911318890206,0.0,-10955370.0,-10966665.0,-11224125.0,24213.0,false,true,false,0.1753688373204702,false,false,false,"",,false,-10.860854227405248,62744.0,3801230.0,0.0,316673.0,2068083.0,,4873552.0,false,PASS,false,PASS,true,FAIL,true,FAIL,,NOT_EVALUABLE,,true,FAIL,true,FAIL,,0,insufficient,true,,,,,-8.117342351091862,,,-2.320911318890206,,false,0,,,,0.937544825010174,rising,0.0,-12272932.0,-11105767.0,67593.0,33865.0,-11207225.0,,330039.0,7334339.0,6727810.0,,17419798.0,-1.0,,,,,0,,,0.18866370506569194,,,0,false,,,138069.0,,,,-10947051.0,2026-08-25,PaymentsToAcquirePropertyPlantAndEquipment,StockholdersEquity,,IntangibleAssetsNetExcludingGoodwill,NetIncomeLoss,NetCashProvidedByUsedInOperatingActivities,OperatingIncomeLoss,ShareBasedCompensation,8319.0,,,146261.0,,-12348167.0,-12264613.0,8319.0,,,,,,,,,,,,,,,ineligible:gate0_status,,,
CSAI,1709628,"CLOUDASTRUCTURE, INC.","",Nasdaq,7370,"Services-Computer Programming, Data Processing, Etc.",us-gaap,10-Q,USD,1231,2025,2025-12-31,false,false,sbc,fail_stale,tax_anomaly,goodwill,carried_forward,never_acquired,carried_forward,intangibles,365,false,,7589000.0,0.8174190498700071,-7232000.0,-9561000.0,0.4597742901086935,,,1.0386645390941451,,,false,,-0.5077647754849616,5065529.0,-8462000.0,-8147000.0,-6917000.0,315000.0,false,false,false,3.539325842696629,false,false,false,"",-1.6705066736366527,false,-14.354200988467875,2329000.0,7589000.0,0.0,0.0,8453000.0,,18829585.0,false,PASS,false,PASS,true,FAIL,true,FAIL,true,FAIL,true,false,PASS,,NOT_EVALUABLE,,0,insufficient,true,,,,,,,,-0.5077647754849616,,false,0,-1.6083216580143949,,,0.651163426788322,rising,5789529.0,-8766000.0,-7355000.0,214000.0,1937000.0,-9506000.0,,0.0,3517000.0,3807000.0,,802323.0,,,0.7818428184281843,0.13535911602209943,,0,,,-0.057589469354175235,,,0,false,,,89000.0,,,-1.6083216580143949,,2026-08-25,PaymentsToAcquirePropertyPlantAndEquipment,StockholdersEquity,,,NetIncomeLoss,NetCashProvidedByUsedInOperatingActivities,OperatingIncomeLoss,ShareBasedCompensation,,,,113000.0,,-8492000.0,,,,,,,,,,,,,,,,,ineligible:gate0_status,,,
BIOA,1709941,"BIOAGE LABS, INC.","",Nasdaq,2834,Pharmaceutical Preparations,us-gaap,10-Q,USD,1231,2025,2025-12-31,false,false,"tax_anomaly,sbc,ni_vs_oi",fail,"","goodwill,intangibles",never_acquired,never_acquired,never_acquired,"",,false,,272051000.0,1.0126791141988711,-82346000.0,-94037000.0,1.299722067815453,186240000.0,-0.0,0.868775598189265,,,false,,-2.6170156976414436,8995000.0,-80605000.0,-92780000.0,-81627000.0,719000.0,false,false,false,,false,false,false,"",-8.961089494163424,false,,11691000.0,272051000.0,0.0,0.0,188888000.0,2648000.0,35932914.0,false,PASS,false,PASS,true,FAIL,true,FAIL,true,FAIL,true,true,FAIL,true,FAIL,,0,insufficient,true,,,,,,,,-2.6170156976414436,,false,0,-10.314619232907171,,,0.7741149317486847,rising,10355000.0,-94464000.0,-87601000.0,488000.0,14038000.0,-102127000.0,,,374913000.0,73964000.0,0.0,43666204.0,,,0.9104066161268091,0.01616915422885572,,0,,,-0.3531957951543088,,,0,false,,,,,,-10.314619232907171,-80605000.0,2026-08-25,PaymentsToAcquirePropertyPlantAndEquipment,StockholdersEquity,,,NetIncomeLoss,NetCashProvidedByUsedInOperatingActivities,OperatingIncomeLoss,ShareBasedCompensation,0.0,,,,,-106271000.0,,,,,,,,,,,,,,,,,ineligible:gate0_status,,,
LEEEF,1711141,"Leef Brands, Inc.","",OTC,2833,Medicinal Chemicals & Botanical Products,us-gaap,10-Q,USD,1231,2025,2025-12-31,false,false,tax_anomaly,fail,"","",reported,reported,reported,"",,false,,-11763630.0,0.01910954115716824,-978909.0,-3664873.0,0.07721039418762941,,-0.16667361521958088,2.3224712656397544,,-0.031906602571790246,false,,-0.019819376652136136,34787596.0,-17629675.0,-7590912.0,-336895.0,642014.0,false,false,false,0.5094144400768708,false,false,false,"",-0.5067804915292221,false,,2685964.0,-10641431.0,0.0,1122199.0,2190722.0,,184913636.0,true,FAIL,true,FAIL,true,FAIL,true,FAIL,false,PASS,false,false,PASS,true,FAIL,false,2,insufficient,true,,,,,,,,-0.019819376652136136,,false,0,-0.21820743232731574,,,0.030859431209932786,,33349589.0,-16723253.0,-1973589.0,1794162.0,2791699.0,-6559450.0,6053307.0,2335747.0,-2039556.0,4950962.0,,275008957.0,,,,,,0,,,,,,0,false,,,1260298.0,,-1109954.0,-0.21820743232731574,-15111060.0,2026-08-25,PaymentsToAcquirePropertyPlantAndEquipment,StockholdersEquity,Goodwill,IntangibleAssetsNetExcludingGoodwill,NetIncomeLoss,NetCashProvidedByUsedInOperatingActivities,OperatingIncomeLoss,ShareBasedCompensation,2518615.0,,,1297412.0,,-4014898.0,-13855012.0,2868241.0,,,,,,,,,,,,,,,ineligible:gate0_status,,,
PAGS,1712807,PAGSEGURO DIGITAL LTD.,"",NYSE,7374,Services-Computer Processing & Data Preparation,ifrs-full,20-F,BRL,1231,2024,2024-12-31,false,false,"",fail,"tangible_book,ni_vs_oi","",unresolved,unresolved,unresolved,"",,false,,,-1.6142244637983565,-4548171000.0,-4726863000.0,0.009500026369468579,-3593835000.0,0.11074321965067026,,0.0,,false,-0.16595763405878275,-14.953875511025227,18809632000.0,2116368000.0,,-3416293000.0,1131878000.0,false,false,false,0.7070119155591867,false,false,true,,0.11251511991303179,false,,178692000.0,14668372000.0,,,927668000.0,4521503000.0,316096185.0,,NOT_EVALUABLE,true,FAIL,true,FAIL,true,FAIL,false,PASS,false,,NOT_EVALUABLE,false,PASS,,0,insufficient,true,0.4027440198592296,,,,0.0015397386831830595,,0.00018903639550608113,-14.953875511025227,-14.954064547420733,false,0,,,,0.3721266939684639,falling,,,,,,,,,,,,,,,,,,,,,,,,,false,0.0,784459000.0,1600932000.0,,,,2379929000.0,2026-08-25,PurchaseOfPropertyPlantAndEquipmentClassifiedAsInvestingActivities,Equity,,,ProfitLoss,CashFlowsFromUsedInOperatingActivities,,AdjustmentsForSharebasedPayments,263561000.0,,,,,,,,,,,,,,,,,,,,,,ineligible:gate0_status,,,
TEM,1717115,"Tempus AI, Inc.","",Nasdaq,7370,"Services-Computer Programming, Data Processing, Etc.",us-gaap,10-Q,USD,1231,2025,2025-12-31,false,false,ni_vs_oi,fail,tax_anomaly,"",reported,reported,reported,"",,false,,-328087000.0,0.8900615439868097,-245355000.0,-370102000.0,0.09808781173606629,,,0.968980353696732,0.2961701980438579,0.5774181094505456,true,,-2123.800670247441,1271789000.0,-245028000.0,-252872000.0,-218090000.0,27265000.0,false,false,true,,false,false,false,"",-0.1926640346787085,false,-0.3687004298430678,124747000.0,491326000.0,470211000.0,349202000.0,604787000.0,,174264.0,true,FAIL,false,PASS,true,FAIL,true,FAIL,false,PASS,false,true,FAIL,,NOT_EVALUABLE,true,3,insufficient,true,0.5828987898815663,,,,-2960.0996319329865,,,-2123.800670247441,,false,0,-0.1988317244448568,,,0.7196450894490475,falling,1432019000.0,-254425000.0,-237432000.0,35541000.0,186145000.0,-459118000.0,470166000.0,312457000.0,444934000.0,599614000.0,,182397.0,0.8957455910441107,0.8471665681012994,0.36122657261170654,0.21564988001970536,-0.2526227128562809,0,,,0.23534808616829975,,,0,true,376666000.0,,,0.0,734354000.0,-0.1988317244448568,,2026-08-25,PaymentsToAcquirePropertyPlantAndEquipment+PaymentsToAcquireSoftware,StockholdersEquity,Goodwill,IntangibleAssetsNetExcludingGoodwill,NetIncomeLoss,NetCashProvidedByUsedInOperatingActivities,OperatingIncomeLoss,ShareBasedCompensation,-51684000.0,-4096000.0,,,0.0,-283033000.0,,-5469000.0,,,,,,,,,,,,,,,ineligible:gate0_status,,,
BHST,1723464,BIOHARVEST SCIENCES INC.,"",Nasdaq,2834,Pharmaceutical Preparations,us-gaap,40-F,USD,1231,2025,2025-12-31,false,false,tax_anomaly,fail,sbc,"goodwill,intangibles",never_acquired,never_acquired,never_acquired,"",,true,,25448000.0,0.6489447687471935,-9581000.0,,,,0.00687223076227507,1.9973094170403587,,,false,,,34508000.0,-11135000.0,-5575000.0,-7226000.0,2355000.0,false,false,false,1.4501231527093597,false,false,true,,-0.32267879911904485,false,-0.7864583333333334,,25448000.0,0.0,0.0,23025000.0,,,false,PASS,true,FAIL,true,FAIL,,NOT_EVALUABLE,,NOT_EVALUABLE,,false,PASS,true,FAIL,,0,insufficient,true,,,,,,,,,,false,0,-0.1615567404659789,,,0.6149499476252545,falling,,,,,,,,,,,,,,,,,,,,,,,,,false,,,1624000.0,,,-0.1615567404659789,-11059000.0,2026-08-25,PaymentsToAcquirePropertyPlantAndEquipment,StockholdersEquity,,,NetIncomeLoss,NetCashProvidedByUsedInOperatingActivities,OperatingIncomeLoss,,-76000.0,,,,,,,,,,,,,,,,,,,,,,ineligible:gate0_status,,,
EBZT,1730869,"Everything Blockchain, Inc.","",OTC,7372,Services-Prepackaged Software,us-gaap,10-Q,USD,131,2024,2024-01-31,false,false,"tax_anomaly,sbc",fail,"","",reported,reported,reported,"",,false,,1006000.0,0.29219207744236403,-3206000.0,-5710000.0,9.378277153558052,-1347000.0,-0.005192982456140351,1.4705000936504964,,-11.887640449438202,true,,,267000.0,-7851000.0,-5339000.0,-2294000.0,912000.0,false,false,false,,false,false,false,acquisitions,-29.40449438202247,false,-0.8178153970173317,2504000.0,18606000.0,16504000.0,1096000.0,0.0,1347000.0,,false,PASS,true,FAIL,true,FAIL,true,FAIL,true,FAIL,true,false,PASS,true,FAIL,true,0,insufficient,true,0.6269461952645214,,,,,,,,,false,0,-19.99625468164794,,,0.13310981685421558,rising,267000.0,-21098000.0,-877000.0,402000.0,1738000.0,-3017000.0,16504000.0,1096000.0,680000.0,0.0,1627000.0,20363180.0,-1.0,0.03278688524590164,-0.045454545454545456,,,0,,0.5326576576576577,,,,0,false,,,,,-3174000.0,-19.99625468164794,-7125000.0,2026-08-25,PaymentsToDevelopSoftware,StockholdersEquity,Goodwill,IntangibleAssetsNetExcludingGoodwill,NetIncomeLoss,NetCashProvidedByUsedInOperatingActivities,OperatingIncomeLoss,ShareBasedCompensation,37000.0,,,,,-5339000.0,-7125000.0,37000.0,,,,,,,,,,,,,,,ineligible:gate0_status,,,
ALYAF,1734520,ALITHYA GROUP INC.,"",OTC,7370,"Services-Computer Programming, Data Processing, Etc.",ifrs-full,40-F,CAD,331,2025,2025-03-31,false,false,"",fail,"","",reported,reported,reported,"",,false,,-71301000.0,37.4,47231000.0,43221000.0,0.008469188837566873,-93963000.0,0.6818181818181818,0.0999845583693638,,0.017088330893953507,false,,0.44875414734967695,473481000.0,1295000.0,12952000.0,48433000.0,1202000.0,false,true,false,0.05126018167086017,false,false,true,,0.0027350622305858103,true,-0.05169111977975936,4010000.0,184556000.0,181407000.0,74450000.0,15956000.0,109919000.0,96313316.0,true,FAIL,false,PASS,false,PASS,false,PASS,false,PASS,false,false,PASS,false,PASS,false,3,3y,true,0.1927858696133089,,1.6998994119535902,,0.02280162098603039,,-0.6148136459788827,0.44875414734967695,1.0635677933285597,true,4,0.027354846340191055,,,18.229741896758703,rising,,,,,,,,,,,,,,,,,,,,,,,,,false,,,23449000.0,,8091000.0,0.027354846340191055,4070000.0,2026-08-25,PurchaseOfPropertyPlantAndEquipmentClassifiedAsInvestingActivities,Equity,Goodwill,IntangibleAssetsOtherThanGoodwill,ProfitLoss,CashFlowsFromUsedInOperatingActivities,ProfitLossFromOperatingActivities,AdjustmentsForSharebasedPayments,2775000.0,,,,,,,,,,,,,,,,,,,,,,ineligible:gate0_status,,,
ALAB,1736297,"Astera Labs, Inc.","",Nasdaq,3674,Semiconductors & Related Devices,us-gaap,10-Q,USD,1231,2025,2025-12-31,false,false,"tax_anomaly,sbc,ni_vs_oi",unknown,tangible_book,"",unresolved,reported,unresolved,"",,false,,,1.457126689605447,281762000.0,121729000.0,0.18771648925251458,,-0.004496843958139471,1.263580955236618,0.03376557872203161,,false,0.0,0.6779633641695118,852525000.0,219134000.0,173423000.0,319306000.0,37544000.0,false,false,false,,false,false,false,"",0.2570411424884901,false,-0.2547368602863706,160033000.0,1363634000.0,19015000.0,,167611000.0,,179551000.0,,NOT_EVALUABLE,false,PASS,false,PASS,false,PASS,true,FAIL,true,true,FAIL,true,FAIL,,0,insufficient,true,1.2017644470675775,,,,-2.0486962629129963,,,0.6779633641695118,,false,1,0.20342277352570307,,,0.10100939262105875,rising,1201919000.0,369494000.0,335712000.0,59036000.0,195018000.0,81658000.0,91557000.0,,1725704000.0,111453000.0,,182254000.0,1.4973975276512688,1.038934969845958,0.9340010787621831,1.044548651817116,-0.1463480518586233,1,,,10.23419949706622,,,0,false,28786000.0,0.0,,,,0.20342277352570307,218153000.0,2026-08-25,PaymentsToAcquirePropertyPlantAndEquipment,StockholdersEquity,Goodwill,,NetIncomeLoss,NetCashProvidedByUsedInOperatingActivities,OperatingIncomeLoss,ShareBasedCompensation,-981000.0,98000000.0,,,,273445000.0,322016000.0,-47478000.0,,,,,,,,,,,,,,,ineligible:gate0_status,,,
CAMP,1736730,CAMP4 Therapeutics Corporation,"",Nasdaq,2834,Pharmaceutical Preparations,us-gaap,10-Q,USD,1231,2025,2025-12-31,false,false,sbc,fail,tax_anomaly,"goodwill,intangibles",never_acquired,never_acquired,never_acquired,"",,false,,47704000.0,0.36756091190627216,-29832000.0,-33830000.0,1.1429388221841053,,,1.5298829797355151,,,false,,-1.1135407709803442,3498000.0,-80403000.0,-52555000.0,-29553000.0,279000.0,false,true,false,0.17022574740695545,false,false,false,"",-22.98542024013722,false,-148.22571428571428,3998000.0,47704000.0,0.0,0.0,109517000.0,,30380567.0,false,PASS,true,FAIL,true,FAIL,true,FAIL,true,FAIL,true,false,PASS,,NOT_EVALUABLE,,0,insufficient,true,,,,,,,,-1.1135407709803442,,false,0,-15.024299599771298,,,0.714363843051391,falling,4216000.0,-107244000.0,-28591000.0,129000.0,5538000.0,-34258000.0,,,-693000.0,86398000.0,,57926685.0,,,0.5081585081585082,0.18837675350701402,,0,,,0.24606934431857191,,,0,false,,,1639000.0,,,-15.024299599771298,,2026-08-25,PaymentsToAcquirePropertyPlantAndEquipment,StockholdersEquity,,,NetIncomeLoss,NetCashProvidedByUsedInOperatingActivities,OperatingIncomeLoss,ShareBasedCompensation,0.0,,,1823000.0,,-52878000.0,,0.0,,,,,,,,,,,,,,,ineligible:gate0_status,,,
ELVR,1739016,Elevra Lithium Limited,"",Nasdaq,1400,Mining & Quarrying of  Nonmetallic Minerals (No Fuels),ifrs-full,20-F,AUD,630,2025,2025-06-30,false,false,"tax_anomaly,ni_vs_oi",fail,"","goodwill,intangibles",never_acquired,never_acquired,never_acquired,"",,false,,420219000.0,0.038746165593949826,-34457000.0,-37102000.0,0.011841604548608779,-5261000.0,0.0077690848127258075,0.9931550685273641,,,false,,-0.5162807525325616,223365000.0,-381741000.0,-384372000.0,-14791000.0,19666000.0,false,false,false,,false,false,true,,-1.7090457323215364,false,,2645000.0,420219000.0,0.0,0.0,72290000.0,77551000.0,71864000.0,false,PASS,true,FAIL,true,FAIL,true,FAIL,false,PASS,false,true,FAIL,true,FAIL,,0,insufficient,true,,,,,,,,-0.5162807525325616,,false,0,-1.7208246591901148,,,1.6724443762377865,falling,,,,,,,,,,,,,,,,,,,,,,,,,false,,,,,,-1.7208246591901148,-384730000.0,2026-08-25,PurchaseOfPropertyPlantAndEquipmentClassifiedAsInvestingActivities,EquityAttributableToOwnersOfParent,,,ProfitLoss,CashFlowsFromUsedInOperatingActivities,ProfitLossFromOperatingActivities,AdjustmentsForSharebasedPayments,-2989000.0,,,,,,,,,,,,,,,,,,,,,,ineligible:gate0_status,,,
VIK,1745201,Viking Holdings Ltd,"",NYSE,4400,Water Transportation,ifrs-full,6-K,USD,1231,2025,2025-12-31,false,false,tax_anomaly,unknown,fcf,intangibles,never_acquired,reported,never_acquired,"",,false,,1085778000.0,2.2300506491187577,,,0.013615181547289907,-1861603000.0,0.016829829723536242,0.7646147206789856,,,false,,,6501419000.0,1148095000.0,1501534000.0,2560310000.0,,false,false,false,,false,false,false,"",0.17659144872834684,false,0.17321966087201487,88518000.0,1093778000.0,8000000.0,0.0,3803944000.0,5665547000.0,443498000.0,false,PASS,false,PASS,,NOT_EVALUABLE,,NOT_EVALUABLE,false,PASS,false,false,PASS,true,FAIL,,0,insufficient,true,0.26972648334658067,,,,,,,,,false,0,0.23095481155729233,,,5.032925671057136,rising,6126790000.0,951969000.0,2093023000.0,,68045000.0,,,,803536000.0,3037345000.0,2349689000.0,443221000.0,,,,,,0,,,,,,0,false,,,284790000.0,0.0,,0.23095481155729233,1167748000.0,2026-08-25,,EquityAttributableToOwnersOfParent,Goodwill,,ProfitLoss,CashFlowsFromUsedInOperatingActivities,ProfitLossFromOperatingActivities,AdjustmentsForSharebasedPayments,19653000.0,,,275801000.0,0.0,1371925000.0,969531000.0,17562000.0,,,,,,,,,,,,,,,ineligible:gate0_status,,,
STNE,1745431,StoneCo Ltd.,"",Nasdaq,7374,Services-Computer Processing & Data Preparation,ifrs-full,20-F,BRL,1231,2024,2024-12-31,false,false,tax_anomaly,fail,"tangible_book,sbc,ni_vs_oi","",unresolved,unresolved,unresolved,"",,false,,,2.402960751136326,-4385864000.0,-4618536000.0,,-202309000.0,-0.4809424652795862,,,,false,-0.34368726366969965,-15.308617178798206,,-1507050000.0,,-3621382000.0,764482000.0,false,false,false,0.8052315477030612,false,false,true,,,false,,232672000.0,11775984000.0,,,5227654000.0,5429963000.0,301695179.0,,NOT_EVALUABLE,false,PASS,true,FAIL,true,FAIL,,NOT_EVALUABLE,,,NOT_EVALUABLE,true,FAIL,,0,insufficient,true,,,,,-1.200052405719784,,-10.876007112602348,-15.308617178798206,-4.432610066195858,false,0,,,,-0.397776647661497,rising,,,,,,,,,,,,,,,,,,,,,,,,,false,9054000.0,1587332000.0,949394000.0,10454000.0,,,-1017629000.0,2026-08-25,PurchaseOfPropertyPlantAndEquipmentClassifiedAsInvestingActivities,EquityAttributableToOwnersOfParent,,,ProfitLoss,CashFlowsFromUsedInOperatingActivities,,AdjustmentsForSharebasedPayments,489421000.0,,,,,,,,,,,,,,,,,,,,,,ineligible:gate0_status,,,
HAWK,1750704,"HawkEye 360, Inc.","",NYSE,7374,Services-Computer Processing & Data Preparation,us-gaap,10-Q,USD,1231,2025,2025-12-31,false,false,"",fail,"income_quality,fcf,sbc,ni_vs_oi,tax_anomaly","",reported,reported,reported,"",,true,,-267648000.0,,,,,,,,,,false,,,,,,,,false,false,false,,false,false,true,,,false,,,-114809000.0,116866000.0,35973000.0,94902000.0,,,true,FAIL,,NOT_EVALUABLE,,NOT_EVALUABLE,,NOT_EVALUABLE,,NOT_EVALUABLE,,,NOT_EVALUABLE,,NOT_EVALUABLE,,1,insufficient,true,,,,,,,,,,false,0,,,,,,,,,,,,117958000.0,32251000.0,794818000.0,503355000.0,,35290038.0,,,,,,0,,,,,,0,false,,,,,,,,2026-08-25,,StockholdersEquity,Goodwill,FiniteLivedIntangibleAssetsNet,,,,,,,,,,,,,,,,,,,,,,,,,,,ineligible:gate0_status,,,
NGEN,1751912,NERVGEN PHARMA CORP.,"",Nasdaq,2834,Pharmaceutical Preparations,ifrs-full,40-F,CAD,1231,2025,2025-12-31,false,false,"",fail,"fcf,sbc,ni_vs_oi,tax_anomaly",goodwill,never_acquired,never_acquired,reported,"",,false,,3067763.0,0.4419855428612423,,,,,,,,,false,,,,-44117305.0,,-19499211.0,,false,false,false,,false,false,true,,,false,,5394914.0,3476926.0,0.0,409163.0,22069635.0,,72330908.0,false,PASS,true,FAIL,,NOT_EVALUABLE,,NOT_EVALUABLE,,NOT_EVALUABLE,,,NOT_EVALUABLE,,NOT_EVALUABLE,,0,insufficient,true,,,,,,,,,,false,0,,,,0.5682298842298571,,,,,,,,,,,,,,,,,,,,,,,,,,false,,,,,,,,2026-08-25,,Equity,,IntangibleAssetsOtherThanGoodwill,ProfitLoss,CashFlowsFromUsedInOperatingActivities,,AdjustmentsForSharebasedPayments,,,,,,,,,,,,,,,,,,,,,,,ineligible:gate0_status,,,
CPLX,1755347,Certiplex Corporation,"",OTC,7812,Services-Motion Picture & Video Tape Production,us-gaap,10-Q,USD,1231,2025,2025-12-31,false,false,tax_anomaly,fail,"fcf,sbc","goodwill,intangibles",never_acquired,never_acquired,never_acquired,"",,true,,-92032.0,0.1306997312794905,,,,,-0.0,1.0543917185373581,,,false,,,143847.0,-47261.0,-44823.0,-6177.0,0.0,true,true,false,0.0,false,false,false,"",-0.3285504737672666,false,-0.1510295245687127,,-92032.0,0.0,0.0,4666.0,,73200000.0,true,FAIL,true,FAIL,,NOT_EVALUABLE,,NOT_EVALUABLE,,NOT_EVALUABLE,,false,PASS,true,FAIL,,0,insufficient,true,,,,,,,,,,false,0,-0.31160191036309415,,,0.1722696210153749,falling,116342.0,-51660.0,-7821.0,0.0,,,,,-120028.0,1621.0,,73200000.0,0.5800747099030361,0.6702289217616288,-0.46264690853346957,-0.3501923995875355,-0.3923677158766813,1,,,,,,0,false,,,1440.0,,,-0.31160191036309415,-47261.0,2026-08-25,PaymentsForProceedsFromProductiveAssets,StockholdersEquity,,,NetIncomeLoss,NetCashProvidedByUsedInOperatingActivities,OperatingIncomeLoss,,0.0,,,1440.0,,-48687.0,-51660.0,0.0,,,,,,,,,,,,,,,ineligible:gate0_status,,,
OBAI,1756064,Our Bond Inc.,"",Nasdaq,4899,"Communications Services, NEC",us-gaap,10-Q,USD,1231,2025,2025-12-31,false,false,tax_anomaly,fail,"","goodwill,intangibles",never_acquired,never_acquired,never_acquired,"",,false,,-16134000.0,0.6561759408474737,-6956000.0,-7571000.0,0.06167268351383875,-6613000.0,-0.003328894806924101,1.140185905750108,,,false,,-1523.646608975649,9972000.0,-10549000.0,-9252000.0,-6922000.0,34000.0,false,false,true,,false,false,false,"",-1.0578620136381869,false,,615000.0,-16134000.0,0.0,0.0,599000.0,7212000.0,4969.0,true,FAIL,true,FAIL,true,FAIL,true,FAIL,false,PASS,false,false,PASS,true,FAIL,,0,insufficient,true,,,,,,,,-1523.646608975649,,false,0,-0.927797833935018,,,0.698288569497895,,9917000.0,-16825000.0,-12265000.0,53000.0,820000.0,-13138000.0,,,-13406000.0,5190000.0,7666000.0,20845.0,,,,,,0,,,,,,0,false,,,,88000.0,,-0.927797833935018,-10514000.0,2026-08-25,PaymentsToAcquirePropertyPlantAndEquipment,StockholdersEquity,,,NetIncomeLoss,NetCashProvidedByUsedInOperatingActivities,OperatingIncomeLoss,ShareBasedCompensation,35000.0,,,,,-15035000.0,-16741000.0,,,,,,,,,,,,,,,,ineligible:gate0_status,,,
CJAX,1763925,CoJax Oil and Gas Corporation,"",OTC,1311,Crude Petroleum & Natural Gas,us-gaap,10-Q,USD,1231,2025,2025-12-31,false,false,"",fail,"fcf,sbc,tax_anomaly","goodwill,intangibles",never_acquired,never_acquired,never_acquired,"",,true,,7853737.0,-0.0365747122499006,,,,,,1.0776217512280046,,,false,,,963621.0,-1109209.0,-1029312.0,40569.0,,false,false,false,,false,false,false,"",-1.151084295589241,false,-1.754301533541024,,7853737.0,0.0,0.0,,11007.0,14127148.0,false,PASS,true,FAIL,,NOT_EVALUABLE,,NOT_EVALUABLE,,NOT_EVALUABLE,,false,PASS,,NOT_EVALUABLE,,0,insufficient,true,1.0834296130839518,,,,,,,,,false,0,-1.0681709925375225,,,-0.018044675606473472,falling,833236.0,-1023687.0,1395.0,,,,,,7590392.0,0.0,,14173755.0,-0.2653495048851126,-0.15063103755102367,-0.6686318453560087,0.40989795568948395,0.15077415739188046,1,,,,,,0,false,,,352970.0,,,-1.0681709925375225,,2026-08-25,,StockholdersEquity,,,NetIncomeLoss,NetCashProvidedByUsedInOperatingActivities,OperatingIncomeLoss,,0.0,,,303496.0,,-943664.0,-1045.0,,,,,,,,,,,,,,,,ineligible:gate0_status,,,
CRWV,1769628,"CoreWeave, Inc.","",Nasdaq,7372,Services-Prepackaged Software,us-gaap,10-Q,USD,1231,2025,2025-12-31,false,false,tax_anomaly,fail,"","",reported,reported,reported,"",,false,,1999000000.0,-2.620394173093402,-7251000000.0,-7881000000.0,0.12278308321964529,-18246000000.0,0.03950617283950617,25.369565217391305,0.021048528551939193,0.2555057493665952,true,,-18.075688073394495,5131000000.0,-1167000000.0,-46000000.0,3058000000.0,10309000000.0,false,false,false,4.200896495517522,false,false,false,"",-0.22744104463067627,false,-0.0611353711790393,630000000.0,3335000000.0,1101000000.0,235000000.0,3127000000.0,21373000000.0,436000000.0,false,PASS,true,FAIL,true,FAIL,true,FAIL,false,PASS,true,false,PASS,true,FAIL,true,1,insufficient,true,,,,,,,,-18.075688073394495,,false,0,-0.00896511401286299,,,-2.9638841757340924,rising,7590000000.0,-1928000000.0,6911000000.0,20566000000.0,619000000.0,-14274000000.0,1101000000.0,245000000.0,5024000000.0,5524000000.0,24859000000.0,539000000.0,,,1.1160896130346232,1.1245874587458746,,1,,,-2.5,,,0,true,108000000.0,,2454000000.0,,1311000000.0,-0.00896511401286299,-1215000000.0,2026-08-25,PaymentsToAcquirePropertyPlantAndEquipment,StockholdersEquity,Goodwill,IntangibleAssetsNetExcludingGoodwill,NetIncomeLoss,NetCashProvidedByUsedInOperatingActivities,OperatingIncomeLoss,ShareBasedCompensation,-48000000.0,62000000.0,,3991000000.0,,-231000000.0,-1924000000.0,4000000.0,,,,,,,,,,,,,,,ineligible:gate0_status,,,
MPLT,1770069,"MapLight Therapeutics, Inc.","",Nasdaq,2834,Pharmaceutical Preparations,us-gaap,10-Q,USD,1231,2025,2025-12-31,false,false,ni_vs_oi,fail,"sbc,tax_anomaly","goodwill,intangibles",never_acquired,never_acquired,never_acquired,"",,false,,-215829000.0,0.8571845214455918,-138610000.0,-174616000.0,,,,0.9530940425708084,,,false,,-20.11533347210797,,-161152000.0,-169083000.0,-138137000.0,473000.0,false,false,false,,false,false,false,"",,false,,36006000.0,-215829000.0,0.0,0.0,46729000.0,,8680741.0,true,FAIL,false,PASS,true,FAIL,true,FAIL,,NOT_EVALUABLE,,true,FAIL,,NOT_EVALUABLE,,0,insufficient,true,,,,,,,,-20.11533347210797,,false,0,,,,0.9365517863737368,,,-229827000.0,-174668000.0,453000.0,53908000.0,-229029000.0,,,348299000.0,71633000.0,,45354488.0,,,,,,0,,,,,,0,false,,,,,,,,2026-08-25,PaymentsToAcquirePropertyPlantAndEquipment,StockholdersEquity,,,NetIncomeLoss,NetCashProvidedByUsedInOperatingActivities,OperatingIncomeLoss,ShareBasedCompensation,,,,,,-242928000.0,,,,,,,,,,,,,,,,,ineligible:gate0_status,,,
MITQ,1770236,MOVING iMAGE TECHNOLOGIES INC.,"",NYSE,3861,Photographic Equipment & Supplies,us-gaap,10-Q,USD,630,2025,2025-06-30,false,false,"tax_anomaly,ni_vs_oi",fail,fcf,goodwill,structured_absence_asc350,structured_absence_asc350,reported,"",,false,,4493000.0,-0.4609704641350211,,,0.0038573868959056595,,-0.0,0.8729281767955801,,,false,,,18147000.0,-948000.0,-1086000.0,437000.0,0.0,true,true,false,,false,true,false,"",-0.052240039675979504,false,-0.09773840748255555,70000.0,4857000.0,0.0,364000.0,,,,false,PASS,true,FAIL,,NOT_EVALUABLE,,NOT_EVALUABLE,false,PASS,false,true,FAIL,true,FAIL,false,0,insufficient,true,-0.0037193364483232294,,,,-0.3452450436254738,,,,,false,0,-0.059844602413622085,,,-0.010135405184340104,falling,18654000.0,-157000.0,-2955000.0,45000.0,33000.0,-3033000.0,0.0,320000.0,4882000.0,5369000.0,698000.0,9945384.0,-0.0820051413881748,0.06283320639756283,0.1022958442313281,-0.048725847101652196,0.01393005206933331,0,,,,,,0,false,,0.0,,,,-0.059844602413622085,-948000.0,2026-08-25,PaymentsToAcquirePropertyPlantAndEquipment,StockholdersEquity,,IntangibleAssetsNetExcludingGoodwill,NetIncomeLoss,NetCashProvidedByUsedInOperatingActivities,OperatingIncomeLoss,AllocatedShareBasedCompensationExpense,0.0,,6000.0,,,-379000.0,-1208000.0,,,,,,,,,,,,,,,,ineligible:gate0_status,,,
VENU,1770501,Venu Holding Corporation,"",NYSE,7900,Services-Amusement & Recreation Services,us-gaap,10-Q,USD,1231,2025,2025-12-31,false,false,"sbc,ni_vs_oi",fail,tax_anomaly,goodwill,never_acquired,never_acquired,reported,"",,false,,101732857.0,-0.17347594290180357,-134006051.0,-149073838.0,0.8419147495067063,-15661901.0,,0.9557655750248084,,,false,,-3.7285970856212622,17897046.0,-44093722.0,-46134453.0,7649200.0,141655251.0,false,false,false,23.180470249096135,false,false,false,"",-2.463743010997457,false,-0.8836692262946527,15067787.0,101877415.0,0.0,144558.0,41306358.0,56968259.0,39981214.0,false,PASS,true,FAIL,true,FAIL,true,FAIL,true,FAIL,true,true,FAIL,,NOT_EVALUABLE,,0,insufficient,true,,,,,,,,-3.7285970856212622,,false,0,-2.577769146930728,,,0.055328982655513115,falling,18457528.0,-46256058.0,9731995.0,237319302.0,5581858.0,-233169165.0,,111198.0,136007540.0,16283650.0,64261017.0,53302185.0,,-0.012329660352441088,0.11472585269774822,0.06867236852749321,,0,,,-1.3927073047328682,,,0,false,,,6110974.0,,,-2.577769146930728,-50781223.0,2026-08-25,PaymentsToAcquirePropertyPlantAndEquipment,StockholdersEquity,,IntangibleAssetsNetExcludingGoodwill,NetIncomeLoss,NetCashProvidedByUsedInOperatingActivities,OperatingIncomeLoss,ShareBasedCompensation,,,,8138172.0,,-44110294.0,,,,,,,,,,,,,,,,,ineligible:gate0_status,,,
APHP,1771995,American Picture House Corporation,"",OTC,7900,Services-Amusement & Recreation Services,us-gaap,10-Q,USD,1231,2025,2025-12-31,false,false,"sbc,ni_vs_oi",fail,"fcf,tax_anomaly",goodwill,never_acquired,never_acquired,reported,"",,false,,-284964.0,0.7587643140483497,,,0.44438153049704754,,,0.9533884321109444,,,false,,,853017.0,-534440.0,-560569.0,-405514.0,,false,false,false,,false,false,false,"",-0.626529131306879,false,-6.787604633465799,379065.0,-257547.0,0.0,27417.0,124.0,,112657537.0,true,FAIL,true,FAIL,,NOT_EVALUABLE,,NOT_EVALUABLE,true,FAIL,true,true,FAIL,,NOT_EVALUABLE,,0,insufficient,true,0.2275267281879665,,,,,,,,,false,0,-0.6571604082919801,,,0.6694465390591305,falling,854237.0,472328.0,-211932.0,,,,,15750.0,-476740.0,22338.0,,113662712.0,,,,,,0,,,,,,0,false,,,,,,-0.6571604082919801,-534440.0,2026-08-25,,StockholdersEquity,,IntangibleAssetsNetExcludingGoodwill,NetIncomeLoss,NetCashProvidedByUsedInOperatingActivities,OperatingIncomeLoss,ShareBasedCompensation,,,,,,495421.0,472328.0,,,,,,,,,,,,,,,,ineligible:gate0_status,,,
AARD,1774857,"AARDVARK THERAPEUTICS, INC.","",Nasdaq,2834,Pharmaceutical Preparations,us-gaap,10-Q,USD,1231,2025,2025-12-31,false,false,ni_vs_oi,fail,"sbc,tax_anomaly","goodwill,intangibles",never_acquired,never_acquired,never_acquired,"",,false,,106633000.0,0.9406330850306471,-54267000.0,-58215000.0,,,,0.9181506576325229,,,false,,-2.9664259588947073,0.0,-57591000.0,-62725000.0,-54172000.0,95000.0,false,false,false,2.638888888888889,false,false,false,"",,false,,3948000.0,106633000.0,0.0,0.0,47051000.0,,19624626.0,false,PASS,false,PASS,true,FAIL,true,FAIL,,NOT_EVALUABLE,,true,FAIL,,NOT_EVALUABLE,,0,insufficient,true,,,,,,,,-2.9664259588947073,,false,0,,,,0.9095772769237168,,0.0,-69889000.0,-69408000.0,4000.0,7035000.0,-76447000.0,,,74797000.0,73849000.0,,21831206.0,,,,-0.5329301075268817,,0,,,,,,0,false,,,36000.0,,,,,2026-08-25,PaymentsToAcquirePropertyPlantAndEquipment,StockholdersEquity,,,NetIncomeLoss,NetCashProvidedByUsedInOperatingActivities,OperatingIncomeLoss,ShareBasedCompensation,0.0,,,42000.0,,-73955000.0,,,,,,,,,,,,,,,,,ineligible:gate0_status,,,
MBX,1776111,"MBX Biosciences, Inc.","",Nasdaq,2834,Pharmaceutical Preparations,us-gaap,10-Q,USD,1231,2025,2025-12-31,false,false,"tax_anomaly,ni_vs_oi",fail,sbc,"goodwill,intangibles",never_acquired,never_acquired,never_acquired,"",,false,,369223000.0,0.9189540229885057,-81878000.0,-90555000.0,,,-0.0,0.8872571515985926,,,false,,-2.4805448909732655,,-87000000.0,-98055000.0,-79949000.0,1929000.0,false,false,false,,false,false,false,"",,false,,8677000.0,369223000.0,0.0,0.0,75289000.0,,36506092.0,false,PASS,false,PASS,true,FAIL,true,FAIL,,NOT_EVALUABLE,,true,FAIL,true,FAIL,,0,insufficient,true,,,,,,,,-2.4805448909732655,,false,0,,,,0.9280171367894628,falling,,-104321000.0,-82667000.0,2530000.0,16449000.0,-101646000.0,,,409539000.0,54124000.0,,47696363.0,,,,,,0,,,0.09084903998590806,,,0,false,,,,,,,-87000000.0,2026-08-25,PaymentsToAcquirePropertyPlantAndEquipment,StockholdersEquity,,,NetIncomeLoss,NetCashProvidedByUsedInOperatingActivities,OperatingIncomeLoss,ShareBasedCompensation,0.0,,,,,-117917000.0,,,,,,,,,,,,,,,,,ineligible:gate0_status,,,
SGP,1778922,"SpyGlass Pharma, Inc.","",Nasdaq,3841,Surgical & Medical Instruments & Apparatus,us-gaap,10-Q,USD,1231,2025,2025-12-31,false,false,"tax_anomaly,ni_vs_oi",fail,sbc,"goodwill,intangibles",never_acquired,never_acquired,never_acquired,"",,false,,-68852000.0,0.8202111916526624,-33490000.0,-36276000.0,,,-0.0,0.9618808656421144,,,false,-0.03997133090748704,-16.361884692824514,,-39869000.0,-41449000.0,-32701000.0,789000.0,false,false,false,,false,false,false,"",,false,,2786000.0,-68852000.0,0.0,0.0,96358000.0,,2217104.0,true,FAIL,false,PASS,true,FAIL,true,FAIL,,NOT_EVALUABLE,,true,FAIL,true,FAIL,,0,insufficient,true,,,,,,,,-16.361884692824514,,false,0,,,,0.78774583721983,,,-56053000.0,-46558000.0,3181000.0,5614000.0,-55353000.0,,,232364000.0,223143000.0,,26721021.0,,,,,,0,,,,,,0,false,,1450000.0,,,,,-39869000.0,2026-08-25,PaymentsToAcquirePropertyPlantAndEquipment,StockholdersEquity,,,NetIncomeLoss,NetCashProvidedByUsedInOperatingActivities,OperatingIncomeLoss,ShareBasedCompensation,0.0,,0.0,,,-62105000.0,-56053000.0,0.0,,,,,,,,,,,,,,,ineligible:gate0_status,,,
GAUZ,1781446,GAUZY LTD.,"",Nasdaq,3690,"Miscellaneous Electrical Machinery, Equipment & Supplies",us-gaap,6-K,USD,1231,2025,2025-03-31,false,false,"",fail_stale,"income_quality,fcf,sbc,ni_vs_oi,tax_anomaly","",carried_forward,carried_forward,carried_forward,"goodwill,intangibles",90,true,,-696000.0,,,,,,,,,,false,,,,,,,,false,false,false,,false,false,false,"",,false,-0.41028468838163634,,38904000.0,20282000.0,19318000.0,,,,true,FAIL,,NOT_EVALUABLE,,NOT_EVALUABLE,,NOT_EVALUABLE,,NOT_EVALUABLE,,,NOT_EVALUABLE,,NOT_EVALUABLE,false,2,insufficient,true,,,,,,,,,,false,0,,,,0.496227559771967,,96810000.0,-38362000.0,-20112000.0,10922000.0,5253000.0,-36287000.0,22854000.0,,17860000.0,1235000.0,55438000.0,18732196.0,,,,-0.17841779671432667,,0,,,,,,0,false,,,,,,,,2026-08-25,,StockholdersEquity,,,,,,,,,,7962000.0,,-34413000.0,-38313000.0,49000.0,,,,,,,,,,,,,,,ineligible:gate0_status,,,
BOLD,1782303,"BOUNDLESS BIO, INC.","",Nasdaq,2834,Pharmaceutical Preparations,us-gaap,10-Q,USD,1231,2025,2025-12-31,false,false,ni_vs_oi,fail,"sbc,tax_anomaly","goodwill,intangibles",never_acquired,never_acquired,never_acquired,"",,false,,98654000.0,0.801776723886111,-47207000.0,-53332000.0,,,,0.9157382930513596,,,false,,-2.3851520572450804,,-58197000.0,-63552000.0,-46661000.0,546000.0,false,false,false,0.4364508393285372,false,false,false,"",,false,,6125000.0,98654000.0,0.0,0.0,17868000.0,,22360000.0,false,PASS,false,PASS,true,FAIL,true,FAIL,,NOT_EVALUABLE,,true,FAIL,,NOT_EVALUABLE,,0,insufficient,true,,,,,,,,-2.3851520572450804,,false,0,,,,0.8934744273269003,falling,,-64012000.0,-56247000.0,485000.0,7228000.0,-63960000.0,,,65976000.0,20213000.0,,22429000.0,,,,,,0,,,-0.02680101446295154,,,0,false,,,1251000.0,,,,,2026-08-25,PaymentsToAcquirePropertyPlantAndEquipment,StockholdersEquity,,,NetIncomeLoss,NetCashProvidedByUsedInOperatingActivities,OperatingIncomeLoss,ShareBasedCompensation,0.0,,,2158000.0,,-68009000.0,,,,,,,,,,,,,,,,,ineligible:gate0_status,,,
BETA,1784570,"BETA Technologies, Inc.","",NYSE,3721,Aircraft,us-gaap,10-Q,USD,1231,2025,2025-12-31,false,false,"tax_anomaly,sbc",fail,"","goodwill,intangibles",never_acquired,never_acquired,never_acquired,"",,false,,366441000.0,0.3590420825132597,-313245000.0,-348006000.0,0.975993935309973,-10979000.0,-0.001014612568311878,2.0014275440874987,,,false,-0.0,-4.641876344253541,35616000.0,-745868000.0,-372668000.0,-267798000.0,45447000.0,false,false,false,2.0633342413511304,false,false,false,"",-20.941936208445643,false,-12.148857198671616,34761000.0,366441000.0,0.0,0.0,174531000.0,185510000.0,74970976.0,false,PASS,true,FAIL,true,FAIL,true,FAIL,true,FAIL,true,false,PASS,true,FAIL,,0,insufficient,true,,,,,,,,-4.641876344253541,,false,0,-10.463499550763702,,,0.6889570357508917,falling,44842000.0,-858236000.0,-323498000.0,98030000.0,61237000.0,-482765000.0,,,1615177000.0,1479470000.0,183952000.0,230815748.0,,,,,,0,,,,,,0,false,,0.0,22026000.0,,,-10.463499550763702,-745112000.0,2026-08-25,PaymentsToAcquirePropertyPlantAndEquipment,StockholdersEquity,,,NetIncomeLoss,NetCashProvidedByUsedInOperatingActivities,OperatingIncomeLoss,ShareBasedCompensation,756000.0,,0.0,23979000.0,,-506406000.0,-857324000.0,912000.0,,,,,,,,,,,,,,,ineligible:gate0_status,,,
TRNR,1785056,INTERACTIVE STRENGTH INC.,"",Nasdaq,3600,Electronic & Other Electrical Equipment (No Computer Equip),us-gaap,10-Q,USD,1231,2025,2025-12-31,false,false,"tax_anomaly,sbc",fail,"","",reported,reported,reported,"",,false,,-17018000.0,0.4342873831775701,-10661000.0,-13740000.0,0.2670424978317433,,-0.0,1.2069694833316547,0.039202081526452735,0.15238508239375542,true,,-98.46921224630204,11530000.0,-23968000.0,-19858000.0,-10409000.0,252000.0,false,false,false,,false,false,false,"",-2.0787510841283607,false,-56.63201663201663,3079000.0,6390000.0,15545000.0,7863000.0,512000.0,,139536.0,true,FAIL,true,FAIL,true,FAIL,true,FAIL,true,FAIL,true,false,PASS,true,FAIL,true,3,insufficient,true,1.5677972640867814,,,,-101.58308638225564,,,-98.46921224630204,,false,0,-1.7222896790980051,,,0.3861936179628211,rising,20742000.0,-33033000.0,-10302000.0,615000.0,-593000.0,-10324000.0,20639000.0,15950000.0,3344000.0,959000.0,14078000.0,279176.0,0.9629629629629629,1.390764647467726,2.7912979351032448,4.452830188679245,1.1870134964784365,3,,,0.24231311706629055,,,0,true,452000.0,,,,1757000.0,-1.7222896790980051,-23968000.0,2026-08-25,PaymentsToAcquirePropertyPlantAndEquipment+PaymentsToAcquireSoftware,StockholdersEquity,Goodwill,IntangibleAssetsNetExcludingGoodwill,NetIncomeLoss,NetCashProvidedByUsedInOperatingActivities,OperatingIncomeLoss,ShareBasedCompensation,0.0,2163000.0,,,,-15086000.0,-28108000.0,0.0,,,,,,,,,,,,,,,ineligible:gate0_status,,,
MGX,1785279,"Metagenomi Therapeutics, Inc.","",Nasdaq,2836,"Biological Products, (No Diagnostic Substances)",us-gaap,10-Q,USD,1231,2025,2025-12-31,false,false,"tax_anomaly,sbc,ni_vs_oi",fail,"","goodwill,intangibles",never_acquired,never_acquired,never_acquired,"",,false,,158596000.0,1.0116538444029681,-89466000.0,-101319000.0,0.4701705672352241,,0.0006596456110820462,0.9151677377021862,,,false,,-2.7198964861393167,25210000.0,-87868000.0,-96013000.0,-88892000.0,574000.0,false,false,false,,false,false,false,"",-3.485442284807616,false,-1.7537760300294933,11853000.0,158596000.0,0.0,0.0,41722000.0,,37251050.0,false,PASS,false,PASS,true,FAIL,true,FAIL,true,FAIL,true,true,FAIL,true,FAIL,,0,insufficient,true,,,,,,,,-2.7198964861393167,,false,0,-3.808528361761206,,,1.24940483078795,falling,22331000.0,-93462000.0,-85487000.0,309000.0,10524000.0,-96320000.0,,,112567000.0,39028000.0,,37619885.0,-0.5745201919232307,-0.24795900642695848,-0.6976011630724497,,,0,,,0.08344141807176826,,,0,false,,,,,,-3.808528361761206,-87926000.0,2026-08-25,PaymentsToAcquirePropertyPlantAndEquipment,StockholdersEquity,,,NetIncomeLoss,NetCashProvidedByUsedInOperatingActivities,OperatingIncomeLoss,ShareBasedCompensation,-58000.0,,,,,-100566000.0,-93652000.0,-190000.0,,,,,,,,,,,,,,,ineligible:gate0_status,,,
IBATF,1786318,INTERNATIONAL BATTERY METALS LTD.,"",OTC,1400,Mining & Quarrying of  Nonmetallic Minerals (No Fuels),us-gaap,10-Q,USD,331,2026,2026-03-31,false,false,"tax_anomaly,ni_vs_oi",fail,sbc,goodwill,never_acquired,never_acquired,reported,"",,false,,26174000.0,-79.23770491803279,-10068000.0,-11027000.0,,,0.0,-0.0090417253390647,,,false,,-0.03663126563397968,,122000.0,-13493000.0,-9667000.0,401000.0,false,true,false,0.2005,false,false,true,,,false,,959000.0,28364000.0,0.0,2190000.0,9187000.0,,301027000.0,false,PASS,true,FAIL,true,FAIL,true,FAIL,,NOT_EVALUABLE,,true,FAIL,true,FAIL,,0,insufficient,true,,,,,,,,-0.03663126563397968,,false,0,,,,-37.705456554579534,,,,,,,,,1921000.0,28597000.0,9441000.0,,361957000.0,,,,,,0,,,,,,0,false,,,2000000.0,,,,122000.0,2026-08-25,PaymentsToAcquirePropertyPlantAndEquipment,StockholdersEquity,,IntangibleAssetsNetExcludingGoodwill,NetIncomeLoss,NetCashProvidedByUsedInOperatingActivities,OperatingIncomeLoss,ShareBasedCompensation,0.0,,,,,,,,,,,,,,,,,,,,,,ineligible:gate0_status,,,
SEV,1786471,APTERA MOTORS CORP.,"",Nasdaq,3711,Motor Vehicles & Passenger Car Bodies,us-gaap,10-Q,USD,1231,2025,2025-12-31,false,false,ni_vs_oi,fail,"sbc,tax_anomaly","goodwill,intangibles",never_acquired,never_acquired,never_acquired,"",,false,,23252000.0,0.3475072311932038,-16692000.0,-41380000.0,,,,0.912637705258782,,,false,,-1.6894774015249636,,-43907000.0,-48110000.0,-15258000.0,1434000.0,false,false,false,,false,false,false,"",,false,,24688000.0,23252000.0,0.0,0.0,9608000.0,,24492781.0,false,PASS,true,FAIL,true,FAIL,true,FAIL,,NOT_EVALUABLE,,true,FAIL,,NOT_EVALUABLE,,0,insufficient,true,,,,,,,,-1.6894774015249636,,false,0,,,,0.49606719167016883,,,-42048000.0,-24067000.0,1606000.0,15958000.0,-41631000.0,,,24381000.0,10131000.0,,34507674.0,,,,,,0,,,,,,0,false,,,,,,,,2026-08-25,PaymentsToAcquirePropertyPlantAndEquipment,StockholdersEquity,,,NetIncomeLoss,NetCashProvidedByUsedInOperatingActivities,OperatingIncomeLoss,ShareBasedCompensation,,,,,,-44538000.0,,,,,,,,,,,,,,,,,ineligible:gate0_status,,,
VOYG,1788060,"Voyager Technologies, Inc./TX","",NYSE,3760,Guided Missiles & Space Vehicles & Parts,us-gaap,10-Q,USD,1231,2025,2025-12-31,false,false,"tax_anomaly,ni_vs_oi",fail,"","",reported,reported,reported,"",,false,,127064000.0,0.5814395023565554,-205616000.0,-224532000.0,0.11366490605039088,,0.0039016777214202106,0.9660454570591163,0.9123597666131872,1.0543087027322602,false,,-5.583565420299871,166419000.0,-104814000.0,-108498000.0,-60943000.0,144673000.0,false,false,false,10.783616577221228,false,false,false,"",-0.6298199123898113,false,-0.10416574796783819,18916000.0,383720000.0,157674000.0,98982000.0,491329000.0,,40213015.0,false,PASS,true,FAIL,true,FAIL,true,FAIL,false,PASS,true,true,FAIL,true,FAIL,true,1,insufficient,true,,,,,,,,-5.583565420299871,,false,0,-0.6519568078164152,,,0.5323105212822579,falling,174230000.0,-136967000.0,-114067000.0,173460000.0,13520000.0,-301047000.0,157674000.0,89892000.0,325714000.0,373436000.0,,58430737.0,,,,0.1548364496212287,,0,,,,,,0,false,151834000.0,,13416000.0,,175457000.0,-0.6519568078164152,-112772000.0,2026-08-25,PaymentsToAcquirePropertyPlantAndEquipment,StockholdersEquity,Goodwill,IntangibleAssetsNetExcludingGoodwill,NetIncomeLoss,NetCashProvidedByUsedInOperatingActivities,OperatingIncomeLoss,ShareBasedCompensation,-440000.0,151099000.0,,21309000.0,,-154127000.0,-145566000.0,462000.0,,,,,,,,,,,,,,,ineligible:gate0_status,,,
IPST,1788230,"IP STRATEGY HOLDINGS, INC.","",Nasdaq,2080,Beverages,us-gaap,10-Q,USD,1231,2025,2025-12-31,false,false,"tax_anomaly,sbc",fail,"","",reported,reported,reported,"",,false,,98216130.0,0.11130550730686707,-15403227.0,-19890541.0,0.44343733469230895,,0.0000616451164706058,1.0281526000883157,,-0.09990931268860456,false,-0.00010055030680160987,-2.3075004718704317,10119387.0,-137715315.0,-133944431.0,-15328473.0,74754.0,false,true,false,0.07025091626726811,false,false,false,"",-13.60905705059012,false,-1.4131529862916912,4487314.0,98216130.0,0.0,0.0,453162.0,,8619951.0,false,PASS,true,FAIL,true,FAIL,true,FAIL,true,FAIL,true,false,PASS,true,FAIL,true,2,insufficient,true,,,,,,,,-2.3075004718704317,,false,0,-13.236417482600478,,,-5.148241813607796,falling,10739629.0,-201427257.0,-15750430.0,57429.0,5430223.0,-21238082.0,589870.0,394171.0,32414050.0,92702.0,,496228.0,,,0.6969134239488962,0.5679960219160921,,0,,,,-0.19751741320489372,,0,false,,2000.0,1064100.0,,-1011021.0,-13.236417482600478,-137723805.0,2026-08-25,PaymentsToAcquirePropertyPlantAndEquipment,StockholdersEquity,Goodwill,IntangibleAssetsNetExcludingGoodwill,NetIncomeLoss,NetCashProvidedByUsedInOperatingActivities,OperatingIncomeLoss,ShareBasedCompensation,-8490.0,,0.0,798355.0,,-197886105.0,-201435747.0,-8490.0,,,,,,,,,,,,,,,ineligible:gate0_status,,,
TII,1791703,Titan Mining Corporation,"",NYSE,1040,Gold and Silver Ores,ifrs-full,40-F,USD,1231,2025,2025-12-31,false,false,"tax_anomaly,ni_vs_oi",fail,"","goodwill,intangibles",never_acquired,never_acquired,never_acquired,"",,false,,3784000.0,-449.10714285714283,-99000.0,-792000.0,0.00933509348564039,8375000.0,-1.7142857142857142,0.0015838895802692612,,,false,,-8.691739555097069,74236000.0,-28000.0,-17678000.0,12575000.0,12674000.0,false,false,false,2.475390625,false,false,true,,-0.00037717549436930867,false,,693000.0,3784000.0,0.0,0.0,17484000.0,9109000.0,91121.0,false,PASS,true,FAIL,true,FAIL,true,FAIL,false,PASS,false,true,FAIL,true,FAIL,,0,insufficient,true,,,,,,,,-8.691739555097069,,false,0,-0.23813244248073712,,,-223.48985250643355,,,,,,,,,,,,,,,,,,,,,,,,,,false,,,5120000.0,,,-0.23813244248073712,-28000.0,2026-08-25,PurchaseOfPropertyPlantAndEquipmentClassifiedAsInvestingActivities,Equity,,,ProfitLoss,CashFlowsFromUsedInOperatingActivities,ProfitLossFromOperatingActivities,AdjustmentsForSharebasedPayments,48000.0,,,,,,,,,,,,,,,,,,,,,,ineligible:gate0_status,,,
CARL,1794546,"Carlsmed, Inc.","",Nasdaq,3841,Surgical & Medical Instruments & Apparatus,us-gaap,10-Q,USD,1231,2025,2025-12-31,false,false,ni_vs_oi,fail,tax_anomaly,"goodwill,intangibles",never_acquired,never_acquired,never_acquired,"",,false,,-76609000.0,0.9778295201457785,-29619000.0,-31546000.0,0.038150105917522915,,,0.9692549224831556,,,false,,-2.218114186684551,50511000.0,-29634000.0,-30574000.0,-28977000.0,642000.0,false,false,false,2.284697508896797,false,false,false,"",-0.5866840886143613,false,,1927000.0,-76609000.0,0.0,0.0,85793000.0,,14221991.0,true,FAIL,false,PASS,true,FAIL,true,FAIL,false,PASS,false,true,FAIL,,NOT_EVALUABLE,,0,insufficient,true,,,,,,,,-2.218114186684551,,false,0,-0.6052938963790065,,,1.0138354015372089,,63295000.0,-36345000.0,-34145000.0,432000.0,5394000.0,-39971000.0,,,84246000.0,46244000.0,,27003868.0,,,,0.5674915170073658,,0,,,,,,0,false,,,281000.0,,,-0.6052938963790065,,2026-08-25,PaymentsToAcquirePropertyPlantAndEquipment,StockholdersEquity,,,NetIncomeLoss,NetCashProvidedByUsedInOperatingActivities,OperatingIncomeLoss,ShareBasedCompensation,0.0,,,409000.0,,-38665000.0,,,,,,,,,,,,,,,,,ineligible:gate0_status,,,
OSTX,1795091,OS THERAPIES INCORPORATED,"",NYSE,2834,Pharmaceutical Preparations,us-gaap,10-Q,USD,1231,2025,2025-12-31,false,false,"",fail,"sbc,tax_anomaly",goodwill,never_acquired,never_acquired,reported,"",,false,,-12599763.0,0.4951886085213511,-14704999.0,-18970956.0,,,,1.0016771233003507,,,false,,-0.6485067048180424,,-28753844.0,-28705701.0,-14238576.0,466423.0,false,false,false,,false,false,false,"",,false,,4265957.0,-6095631.0,0.0,6504132.0,269830.0,,29253292.0,true,FAIL,true,FAIL,true,FAIL,true,FAIL,,NOT_EVALUABLE,,false,PASS,,NOT_EVALUABLE,,0,insufficient,true,,,,,,,,-0.6485067048180424,,false,0,,,,0.5669735761029214,rising,,-39369580.0,-18532848.0,,5185965.0,,,6255646.0,-11914635.0,205035.0,,41356412.0,,,,,,0,,,,,,0,false,,,,,,,,2026-08-25,PaymentsToAcquireProductiveAssets,StockholdersEquity,,FiniteLivedIntangibleAssetsNet,NetIncomeLoss,NetCashProvidedByUsedInOperatingActivities,OperatingIncomeLoss,ShareBasedCompensation,,,,,,-37611037.0,,,,,,,,,,,,,,,,,ineligible:gate0_status,,,
VZLA,1796073,Vizsla Silver Corp.,"",NYSE,1040,Gold and Silver Ores,ifrs-full,40-F,CAD,430,2025,2025-04-30,false,false,tax_anomaly,unknown,"fcf,sbc,ni_vs_oi","goodwill,intangibles",never_acquired,never_acquired,never_acquired,"",,false,,408550428.0,0.8904061484165642,,,,,-0.0,,,,false,,,,-7850997.0,,-6990576.0,,false,false,false,,false,false,true,,,false,,9668464.0,408550428.0,0.0,0.0,132616939.0,,267326705.0,false,PASS,false,PASS,,NOT_EVALUABLE,,NOT_EVALUABLE,,NOT_EVALUABLE,,,NOT_EVALUABLE,true,FAIL,,0,insufficient,true,,,,,-0.19114280856227084,,,,,false,0,,,,0.9013926568817948,falling,,,,,,,,,,,,,,,,,,,,,,,,,false,,,249333.0,6669084.0,,,-7850996.0,2026-08-25,,Equity,,,ProfitLoss,CashFlowsFromUsedInOperatingActivities,,AdjustmentsForSharebasedPayments,0.0,,,,,,,,,,,,,,,,,,,,,,ineligible:gate0_status,,,
MAXNQ,1796898,"Maxeon Solar Technologies, Ltd.","",OTC,3674,Semiconductors & Related Devices,us-gaap,20-F,USD,1231,2024,2024-12-31,false,false,"",fail,tax_anomaly,"",reported,reported,reported,"",,false,,-294365000.0,0.4397786097997721,-322305000.0,-351005000.0,0.05637975200766922,,,1.0653093784683685,,-0.02103534440760007,false,,-54.853102047194874,509048000.0,-614300000.0,-576640000.0,-270156000.0,52149000.0,false,false,false,1.1998205411374931,false,false,true,,-1.206762427118857,false,-0.1889364624337217,28700000.0,-293842000.0,0.0,523000.0,28895000.0,,6399000.0,true,FAIL,true,FAIL,true,FAIL,true,FAIL,false,PASS,false,false,PASS,,NOT_EVALUABLE,false,2,insufficient,true,-0.13380816796738582,,,,-4.439517313185786,,-9.146232960574647,-54.853102047194874,-45.70686908662023,false,0,-1.132781191557574,,,0.4496187505114643,rising,,,,,,,,,,,,,,,,,,,,,,,,,false,,,43464000.0,,-10708000.0,-1.132781191557574,,2026-08-25,PaymentsToAcquirePropertyPlantAndEquipment,StockholdersEquity,Goodwill,FiniteLivedIntangibleAssetsNet,NetIncomeLoss,NetCashProvidedByUsedInOperatingActivities,OperatingIncomeLoss,ShareBasedCompensation,17952000.0,,,,,,,,,,,,,,,,,,,,,,ineligible:gate0_status,,,
FCCI,1807689,"FAST CASUAL CONCEPTS, INC.","",OTC,5810,Retail-Eating & Drinking Places,us-gaap,10-Q,USD,1231,2025,2025-12-31,false,false,ni_vs_oi,fail,"fcf,tax_anomaly","goodwill,intangibles",never_acquired,never_acquired,never_acquired,"",,false,,-198572.0,-78.60353535353535,,,0.0,,,-0.02567593853335927,,,false,,,65700.0,792.0,-30846.0,-62254.0,,false,false,false,,false,false,false,"",0.012054794520547946,false,,0.0,-198572.0,0.0,0.0,360.0,,26112754.0,true,FAIL,true,FAIL,,NOT_EVALUABLE,,NOT_EVALUABLE,false,PASS,false,true,FAIL,,NOT_EVALUABLE,,0,insufficient,true,,,,,,,,,,false,0,-0.46949771689497716,,,-39.734212431494335,,,63430.0,-26865.0,,,,,,-166170.0,6306.0,,26124754.0,,,,,,0,,,,,,0,false,,,,,,-0.46949771689497716,59631.0,2026-08-25,,StockholdersEquity,,,NetIncomeLoss,NetCashProvidedByUsedInOperatingActivities,OperatingIncomeLoss,ShareBasedCompensation,,,,,,-37145.0,,,,,,,,,,,,,,,,,ineligible:gate0_status,,,
DDC,1808110,DDC Enterprise Ltd,"",NYSE,2000,Food and Kindred Products,us-gaap,20-F,USD,1231,2025,2025-12-31,false,false,"tax_anomaly,sbc",fail,"","",reported,reported,reported,"",,false,,70279694.0,0.8212828637673232,-39700309.0,-70921503.0,0.796717455674717,2941784.0,-0.04534881258894253,1.370054908135474,,-0.10719377471544661,true,,,39187285.0,-48333815.0,-35278743.0,-39695734.0,4575.0,false,false,false,,false,false,true,,-1.2334055548885308,false,-0.7115813643657498,31221194.0,71221156.0,711133.0,230329.0,3020292.0,78508.0,,false,PASS,false,PASS,true,FAIL,true,FAIL,true,FAIL,true,false,PASS,true,FAIL,false,1,insufficient,true,,,,,,,,,,false,0,-0.9002599440099002,,,0.6973691111127241,rising,,,,,,,,,,,,,,,,,,,,,,,,,false,,,,,-4200633.0,-0.9002599440099002,-46237021.0,2026-08-25,PaymentsToAcquirePropertyPlantAndEquipment,StockholdersEquity,Goodwill,IntangibleAssetsNetExcludingGoodwill,ProfitLoss,NetCashProvidedByUsedInOperatingActivities,OperatingIncomeLoss,ShareBasedCompensation,2096794.0,,,,,,,,,,,,,,,,,,,,,,ineligible:gate0_status,,,
PTRN,1811935,Pattern Group Inc.,"",Nasdaq,5961,Retail-Catalog & Mail-Order Houses,us-gaap,10-Q,USD,1231,2025,2025-12-31,false,false,"",fail,"","",reported,reported,reported,"",,false,,77055000.0,6.118798473470393,78924000.0,-18364000.0,0.038894741366041465,,21.46095717884131,0.6394552467920963,0.007714342255973358,0.00864305375372554,false,-0.0,-0.15968973373449974,2501315000.0,16246000.0,25406000.0,99406000.0,20482000.0,false,false,false,1.2191666666666667,false,false,false,"",0.0064949836386060935,true,0.0386302278147886,97288000.0,131518000.0,37769000.0,16694000.0,289049000.0,,114998000.0,false,PASS,false,PASS,false,PASS,true,FAIL,false,PASS,false,false,PASS,false,PASS,false,0,insufficient,true,,,,,,,,-0.15968973373449974,,false,0,0.01015705738781401,,,2.720215405227291,rising,3013259000.0,26375000.0,136231000.0,30100000.0,115973000.0,-9842000.0,37841000.0,13856000.0,645632000.0,345830000.0,,180327000.0,,,,,,0,,,,,,0,false,19296000.0,0.0,16800000.0,,21619000.0,0.01015705738781401,-794000.0,2026-08-25,PaymentsToAcquirePropertyPlantAndEquipment,StockholdersEquity,Goodwill,IntangibleAssetsNetExcludingGoodwill,NetIncomeLoss,NetCashProvidedByUsedInOperatingActivities,OperatingIncomeLoss,ShareBasedCompensation,-17040000.0,,3712000.0,19747000.0,,40976000.0,,-10701000.0,,,,,,,,,,,,,,,ineligible:gate0_status,,,
SKYQ,1812447,SKY QUARRY INC.,"",Nasdaq,4955,Hazardous Waste Management,us-gaap,10-Q,USD,1231,2025,2025-12-31,false,false,"",fail,"sbc,tax_anomaly",intangibles,never_acquired,reported,never_acquired,"",,false,,-22036.0,0.26829561813808517,-3654896.0,-4314030.0,,,,1.3189597231983565,,,false,,,,-12198399.0,-9248500.0,-3272777.0,382119.0,false,false,false,,false,false,false,"",,false,,659134.0,3186967.0,3209003.0,0.0,805705.0,,,true,FAIL,true,FAIL,true,FAIL,true,FAIL,,NOT_EVALUABLE,,false,PASS,,NOT_EVALUABLE,,0,insufficient,true,,,,,,,,,,false,0,,,,0.28723541649684453,rising,,-13031676.0,-7957075.0,446984.0,1043782.0,-9447841.0,3209003.0,,11762073.0,7995493.0,,,,,,,,0,,,0.5500267277786643,,,0,false,,,,,,,,2026-08-25,PaymentsToAcquirePropertyPlantAndEquipment+PaymentsToAcquireOilAndGasProperty,StockholdersEquity,Goodwill,,NetIncomeLoss,NetCashProvidedByUsedInOperatingActivities,OperatingIncomeLoss,ShareBasedCompensation,0.0,,,,,-9024940.0,,0.0,,,,,,,,,,,,,,,ineligible:gate0_status,,,
HAFN,1815779,Hafnia Limited,"",NYSE,4700,Transportation Services,ifrs-full,20-F,USD,1231,2025,2025-06-30,false,false,"",unknown,"income_quality,fcf,sbc,ni_vs_oi,tax_anomaly",goodwill,never_acquired,never_acquired,reported,"",,true,,2300149000.0,,,,,-758531000.0,,,,,false,,,,,,,,false,false,false,,false,false,false,"",,false,0.32112365656999686,,2300447000.0,0.0,298000.0,268156000.0,1026687000.0,,false,PASS,,NOT_EVALUABLE,,NOT_EVALUABLE,,NOT_EVALUABLE,,NOT_EVALUABLE,,,NOT_EVALUABLE,,NOT_EVALUABLE,,0,insufficient,true,,,,,0.6737918873417805,,,,,false,0,,,,1.3342040954881222,,,433792000.0,806230000.0,89268000.0,2803000.0,714159000.0,,,,,,498369364.0,,,,,,,,,,,,,false,,,,,,,,2026-08-25,,Equity,,IntangibleAssetsOtherThanGoodwill,,,,,,,,206850000.0,465875000.0,469220000.0,438974000.0,5182000.0,,,,,,,,,,,,,,,ineligible:gate0_status,,,
OWLT,1816708,"OWLET, INC.","",NYSE,3829,"Measuring & Controlling Devices, NEC",us-gaap,10-Q,USD,1231,2025,2025-12-31,false,false,tax_anomaly,fail,"",goodwill,never_acquired,never_acquired,reported,"",,false,,17651000.0,0.277907964875235,-11621000.0,-20969000.0,0.08805659435375239,22431000.0,-0.0007215565004509728,5.236380798274002,,,false,,-1.158897254188906,106159000.0,-38833000.0,-7416000.0,-10792000.0,829000.0,false,false,false,1.5911708253358925,false,false,false,"",-0.3658003560696691,false,-1.2227825785381925,9348000.0,19042000.0,0.0,1391000.0,35461000.0,13030000.0,18093925.0,false,PASS,true,FAIL,true,FAIL,true,FAIL,false,PASS,false,false,PASS,true,FAIL,,0,insufficient,true,0.12078608725710294,,,,-0.09864803909923683,,,-1.158897254188906,,false,0,-0.06985747793404233,,,0.5801142469212447,falling,114862000.0,-8815000.0,-7763000.0,1927000.0,12937000.0,-22627000.0,,2016000.0,23138000.0,30948000.0,17063000.0,28077338.0,0.4459813760057861,,0.04180004639294827,0.2993515711928788,,1,,,0.09975144987572494,,,0,false,,,521000.0,,,-0.06985747793404233,-38805000.0,2026-08-25,PaymentsToAcquirePropertyPlantAndEquipment+PaymentsToDevelopSoftware,StockholdersEquity,,FiniteLivedIntangibleAssetsNet,NetIncomeLoss,NetCashProvidedByUsedInOperatingActivities,OperatingIncomeLoss,ShareBasedCompensation,28000.0,,,689000.0,,-7226000.0,-8815000.0,0.0,,,,,,,,,,,,,,,ineligible:gate0_status,,,
ARTV,1817241,"Artiva Biotherapeutics, Inc.","",Nasdaq,2836,"Biological Products, (No Diagnostic Substances)",us-gaap,10-Q,USD,1231,2025,2025-12-31,false,false,ni_vs_oi,fail,"sbc,tax_anomaly","goodwill,intangibles",never_acquired,never_acquired,never_acquired,"",,false,,109970000.0,0.9151731950157992,-79338000.0,-86159000.0,,,,0.933804698808596,,,false,,-3.524742230800722,0.0,-83865000.0,-89810000.0,-76751000.0,2587000.0,false,false,false,0.9961494031574895,false,false,false,revenue,,false,-0.9315979710232968,6821000.0,109970000.0,0.0,0.0,26701000.0,,24444057.0,false,PASS,false,PASS,true,FAIL,true,FAIL,,NOT_EVALUABLE,,true,FAIL,,NOT_EVALUABLE,,0,insufficient,true,,,,,,,,-3.524742230800722,,false,0,,,,1.1361503396489472,falling,,-90821000.0,-75232000.0,1678000.0,6678000.0,-83588000.0,,,347502000.0,301454000.0,,32086532.0,,,,,,0,,,-0.041273584905660375,,,0,false,,,2597000.0,,,,,2026-08-25,PaymentsToAcquirePropertyPlantAndEquipment,StockholdersEquity,,,NetIncomeLoss,NetCashProvidedByUsedInOperatingActivities,OperatingIncomeLoss,ShareBasedCompensation,0.0,,,2686000.0,,-96148000.0,,,,,,,,,,,,,,,,,ineligible:gate0_status,,,
ARAI,1818274,Arrive AI Inc.,"",Nasdaq,7340,Services-To Dwellings & Other Buildings,us-gaap,10-Q,USD,1231,2025,2026-06-30,false,false,"",unknown,"income_quality,fcf,sbc,ni_vs_oi,tax_anomaly",goodwill,never_acquired,never_acquired,reported,"",,true,,4468494.0,,,,,,,,,,false,,,,,,,,false,false,false,,false,false,false,"",,false,,,4739558.0,0.0,271064.0,2976535.0,,,false,PASS,,NOT_EVALUABLE,,NOT_EVALUABLE,,NOT_EVALUABLE,,NOT_EVALUABLE,,,NOT_EVALUABLE,,NOT_EVALUABLE,,0,insufficient,true,,,,,,,,,,false,0,,,,0.5739724296734102,,,-17218465.0,-10636963.0,712699.0,2199201.0,-13548863.0,,271580.0,2617857.0,3000000.0,,36167200.0,,,,,,0,,,-4.733602910266186,,,0,false,,,,,,,,2026-08-25,,StockholdersEquity,,FiniteLivedIntangibleAssetsNet,,,,,,,,,,,-17218465.0,,,,,,,,,,,,,,,,ineligible:gate0_status,,,
PHXE-P,1818643,"PHOENIX ENERGY ONE, LLC","",NYSE,1311,Crude Petroleum & Natural Gas,us-gaap,10-Q,USD,1231,2025,2025-12-31,false,false,"",fail,"fcf,tax_anomaly","goodwill,intangibles",never_acquired,never_acquired,never_acquired,"",,false,,-28459000.0,4.5544563441640955,,,0.00021682819639686835,-1317844000.0,,0.3765228534814182,,,false,,,687180000.0,66108000.0,175575000.0,301086000.0,,false,false,false,,false,false,false,"",0.09620186850606828,false,0.2708352736971339,149000.0,-28459000.0,0.0,0.0,65791000.0,1383635000.0,,true,FAIL,false,PASS,,NOT_EVALUABLE,,NOT_EVALUABLE,false,PASS,false,false,PASS,,NOT_EVALUABLE,,0,insufficient,true,,,,,,,,,,false,0,0.2555007421636252,,,0.17896626714148725,rising,1112130000.0,7677000.0,477804000.0,,260000.0,,,,40680000.0,37026000.0,1650194000.0,,,,,1.477208638011646,,0,,,,,,0,false,,,177913000.0,,,0.2555007421636252,,2026-08-25,,StockholdersEquityIncludingPortionAttributableToNoncontrollingInterest,,,NetIncomeLoss,NetCashProvidedByUsedInOperatingActivities,OperatingIncomeLoss,AllocatedShareBasedCompensationExpense,,,,244573000.0,,345085000.0,,,,,,,,,,,,,,,,,ineligible:gate0_status,,,
MANE,1827635,"Veradermics, Inc","",NYSE,2834,Pharmaceutical Preparations,us-gaap,10-Q,USD,1231,2025,2025-12-31,false,false,"tax_anomaly,ni_vs_oi",fail,sbc,"goodwill,intangibles",never_acquired,never_acquired,never_acquired,"",,false,,-60667000.0,1.0229587827701978,-71626000.0,-73066000.0,,,-0.0,0.967490013407605,,,false,,-98.07635260023275,,-69995000.0,-72347000.0,-71602000.0,24000.0,false,false,false,,false,false,false,"",,false,,1440000.0,-60667000.0,0.0,0.0,21766000.0,,744991.0,true,FAIL,false,PASS,true,FAIL,true,FAIL,,NOT_EVALUABLE,,true,FAIL,true,FAIL,,0,insufficient,true,,,,,,,,-98.07635260023275,,false,0,,,,0.9586252687635344,,,-92684000.0,-78300000.0,26000.0,9887000.0,-88213000.0,,,813613000.0,319333000.0,,31619178.0,,,,,,0,,,,,,0,false,,,,,,,-69995000.0,2026-08-25,PaymentsToAcquirePropertyPlantAndEquipment,StockholdersEquity,,,NetIncomeLoss,NetCashProvidedByUsedInOperatingActivities,OperatingIncomeLoss,ShareBasedCompensation,0.0,,,,,-102774000.0,-92684000.0,0.0,,,,,,,,,,,,,,,ineligible:gate0_status,,,
HELP,1833141,Cybin Inc.,"",Nasdaq,2834,Pharmaceutical Preparations,ifrs-full,40-F,CAD,331,2025,2025-03-31,false,false,"",unknown,"fcf,sbc,ni_vs_oi,tax_anomaly","",reported,reported,reported,"",,false,,144695000.0,0.8953746342929368,,,,,,,,,false,,,,-113137000.0,,-101300000.0,,false,false,false,,false,false,true,,,false,,42869000.0,237200000.0,51487000.0,41018000.0,135022000.0,,20222493.0,false,PASS,false,PASS,,NOT_EVALUABLE,,NOT_EVALUABLE,,NOT_EVALUABLE,,,NOT_EVALUABLE,,NOT_EVALUABLE,,0,insufficient,true,,,,,-0.37864214867792667,,,,,false,0,,,,0.9255543350612628,falling,,,,,,,,,,,,,,,,,,,,,,,,,false,,,475000.0,,9565000.0,,,2026-08-25,,Equity,Goodwill,IntangibleAssetsOtherThanGoodwill,ProfitLoss,CashFlowsFromUsedInOperatingActivities,,AdjustmentsForSharebasedPayments,0.0,,,,,,,,,,,,,,,,,,,,,,ineligible:gate0_status,,,
IBO,1834105,"Impact     BioMedical, INC.","",NYSE,2834,Pharmaceutical Preparations,us-gaap,10-Q,USD,1231,2025,2025-12-31,false,false,sbc,fail,fcf,goodwill,structured_absence_asc350,structured_absence_asc350,reported,"",,false,,-4683000.0,0.15965534718702484,,,0.40625,,0.17854671280276815,2.764595983185427,,,false,,,32000.0,-11838000.0,-4282000.0,-1890000.0,,false,false,false,,false,false,false,"",-369.9375,false,,13000.0,12311000.0,0.0,16994000.0,3000.0,,,true,FAIL,true,FAIL,,NOT_EVALUABLE,,NOT_EVALUABLE,true,FAIL,true,false,PASS,false,PASS,,3,insufficient,true,-0.13822612398724654,,,,,,,,,false,0,-133.8125,,,0.3108943147355199,falling,35000.0,791000.0,-508000.0,,1449000.0,,25093000.0,16425000.0,10766000.0,20000.0,,,,,,-0.5714285714285714,,0,,,,,,0,false,,,1145000.0,,,-133.8125,-14450000.0,2026-08-25,,StockholdersEquity,,FiniteLivedIntangibleAssetsNet,NetIncomeLoss,NetCashProvidedByUsedInOperatingActivities,OperatingIncomeLoss,ShareBasedCompensation,-2580000.0,,,1143000.0,,-5107000.0,-1802000.0,,,,,,,,,,,,,,,,ineligible:gate0_status,,,
MEHA,1837254,FUNCTIONAL BRANDS INC.,"",OTC,2833,Medicinal Chemicals & Botanical Products,us-gaap,10-Q,USD,1231,2025,2025-12-31,false,false,ni_vs_oi,fail,tax_anomaly,"",reported,reported,reported,"",,false,,-2062537.0,-1.6764415052249373,-1280057.0,-1823125.0,0.08214010651768952,,,-0.5423231696330257,,-0.006977253518272146,false,,-0.021418075176659692,6611484.0,758478.0,-1398572.0,-1271544.0,8513.0,false,false,false,0.41129577736979417,false,false,false,"",0.11472129403928075,false,,543068.0,153013.0,818139.0,1397411.0,2726696.0,,85120861.0,true,FAIL,true,FAIL,true,FAIL,true,FAIL,false,PASS,false,true,FAIL,,NOT_EVALUABLE,false,2,insufficient,true,,,,,,,,-0.021418075176659692,,false,0,-0.21153677449722333,,,-0.8399995839828303,,6704768.0,-8510021.0,-2862758.0,8512.0,470685.0,-3341955.0,818139.0,1374346.0,-2955237.0,352142.0,,31314614.0,,,,,,0,,,,,,0,false,,,20698.0,,-46130.0,-0.21153677449722333,,2026-08-25,PaymentsToAcquirePropertyPlantAndEquipment,StockholdersEquity,Goodwill,IntangibleAssetsNetExcludingGoodwill,NetIncomeLoss,NetCashProvidedByUsedInOperatingActivities,OperatingIncomeLoss,ShareBasedCompensation,,,,18746.0,,-3214238.0,,,,,,,,,,,,,,,,,ineligible:gate0_status,,,
BKV,1838406,BKV Corp,"",NYSE,1311,Crude Petroleum & Natural Gas,us-gaap,10-Q,USD,1231,2025,2025-12-31,false,false,"",fail,"",intangibles,never_acquired,reported,never_acquired,"",,false,,1967391000.0,1.4018610077859668,-57458000.0,-70303000.0,0.014371529491005067,-889684000.0,0.16849839495898228,0.7955958513507925,,,false,,-0.8097278370938576,893781000.0,173132000.0,217613000.0,242707000.0,300165000.0,false,false,false,1.88840027178016,false,false,false,"",0.1937074070717547,false,0.2132074450817011,12845000.0,1985808000.0,18417000.0,0.0,248427000.0,1138111000.0,86823000.0,false,PASS,false,PASS,true,FAIL,true,FAIL,false,PASS,false,false,PASS,false,PASS,,0,insufficient,true,-0.1865049823975553,,,,,,,-0.8097278370938576,,false,0,0.24347463192885058,,,0.5416130240763589,rising,1051638000.0,267224000.0,318690000.0,369428000.0,17015000.0,-67753000.0,18417000.0,,2297103000.0,152192000.0,1249841000.0,106058000.0,,0.4963669867713374,0.38183032536018613,0.2002992819466727,,0,,,0.1001239097159795,,,0,false,,,158952000.0,,,0.24347463192885058,210275000.0,2026-08-25,PaymentsToAcquirePropertyPlantAndEquipment,StockholdersEquity,Goodwill,,NetIncomeLoss,NetCashProvidedByUsedInOperatingActivities,OperatingIncomeLoss,ShareBasedCompensation,35431000.0,,-2081000.0,169820000.0,,364044000.0,346789000.0,68475000.0,,,,,,,,,,,,,,,ineligible:gate0_status,,,
GNTA,1838716,Genenta Science S.p.A.,"",Nasdaq,2836,"Biological Products, (No Diagnostic Substances)",us-gaap,20-F,USD,1231,2025,2025-12-31,false,false,"",unknown,"tangible_book,income_quality,fcf,sbc,ni_vs_oi,tax_anomaly","goodwill,intangibles",unresolved,never_acquired,never_acquired,"",,true,,,,,,,,,,,,false,,,,,,,,false,false,false,,false,false,true,,,false,,,,0.0,0.0,,,19710187.0,,NOT_EVALUABLE,,NOT_EVALUABLE,,NOT_EVALUABLE,,NOT_EVALUABLE,,NOT_EVALUABLE,,,NOT_EVALUABLE,,NOT_EVALUABLE,,0,insufficient,true,,,,,,,,,,false,0,,,,,,,,,,,,,,,,,18767859.0,,,,,,,,,,,,,false,,,,,,,,2026-08-25,,,,,,,,,,,,,,,,,,,,,,,,,,,,,,,ineligible:gate0_status,,,
RVRC,1839140,REVIUM Rx.,"",OTC,2834,Pharmaceutical Preparations,us-gaap,10-Q,USD,1231,2025,2025-12-31,false,false,"",unknown,"income_quality,fcf,sbc,ni_vs_oi,tax_anomaly","",reported,reported,reported,"",,false,,1809000.0,,,,,,,,,,false,,,,-13449000.0,,,,false,false,false,,false,false,true,"",,false,,624000.0,6881000.0,2575000.0,2497000.0,1678000.0,,60729100.0,false,PASS,,NOT_EVALUABLE,,NOT_EVALUABLE,,NOT_EVALUABLE,,NOT_EVALUABLE,,,NOT_EVALUABLE,,NOT_EVALUABLE,,0,insufficient,true,,,,,,,,,,false,0,,,,,,,-13249000.0,,,241000.0,,2575000.0,2497000.0,5519000.0,842000.0,,60729100.0,,,,,,0,,,,,,0,false,,,,,-9684000.0,,,2026-08-25,,StockholdersEquity,Goodwill,IntangibleAssetsNetExcludingGoodwill,NetIncomeLoss,,,AllocatedShareBasedCompensationExpense,358000.0,,,,,,,,,,,,,,,,,,,,,,ineligible:gate0_status,,,
VEEA,1840317,VEEA INC.,"",Nasdaq,7373,Services-Computer Integrated Systems Design,us-gaap,10-Q,USD,1231,2025,2025-12-31,false,false,"sbc,ni_vs_oi",fail,tax_anomaly,"",reported,reported,reported,"",,false,,-22280369.0,2.2864374047115046,-15235969.0,-16372289.0,5.1181435739444545,,,0.35359275531866036,,31.361434658451117,false,,-0.3824762395035522,222018.0,-6660038.0,-18835335.0,-15227760.0,8209.0,false,true,false,0.012979087052692658,false,false,false,"",-29.99773892206938,false,-1.1419411979325693,1136320.0,-9751880.0,5101625.0,7426864.0,133860.0,,42806029.0,true,FAIL,false,PASS,true,FAIL,true,FAIL,true,FAIL,true,true,FAIL,,NOT_EVALUABLE,true,3,insufficient,true,,,,,,,,-0.3824762395035522,,false,0,-84.83697267789098,,,1.2112676733313041,rising,491488.0,-12247188.0,-19285216.0,14286.0,1764240.0,-21063742.0,5089653.0,7139647.0,8050853.0,1941966.0,,51235213.0,0.7869446962828649,1.8594597794132155,11.650189314261674,1.4164027040739369,1.1679103558221673,0,,,,,,0,false,,,632479.0,,6962803.0,-84.83697267789098,,2026-08-25,PaymentsToAcquirePropertyPlantAndEquipment,StockholdersEquity,Goodwill,IntangibleAssetsNetExcludingGoodwill,NetIncomeLoss,NetCashProvidedByUsedInOperatingActivities,OperatingIncomeLoss,ShareBasedCompensation,670.0,,,840631.0,,-20339319.0,,,,,,,,,,,,,,,,,ineligible:gate0_status,,,
ELAB,1840563,PMGC HOLDINGS INC.,"",Nasdaq,2834,Pharmaceutical Preparations,us-gaap,10-Q,USD,1231,2025,2025-12-31,false,false,tax_anomaly,fail,ni_vs_oi,"",reported,reported,reported,"",,false,,3967191.0,0.7658781904003104,-6376136.0,-6356976.0,-0.03246995343035907,,-0.0039965067341370735,,3.665166315304262,,false,,,590084.0,-7747813.0,,-5933881.0,442255.0,false,false,false,,false,false,false,"",-13.130017082313705,false,,-19160.0,7837362.0,977774.0,2892397.0,5402333.0,,,false,PASS,true,FAIL,true,FAIL,true,FAIL,false,PASS,false,,NOT_EVALUABLE,true,FAIL,,0,insufficient,true,-0.08340809745392164,,,,,,,,,false,0,,,,0.9012479894124398,falling,,-13485644.0,-8207541.0,,206597.0,,3035477.0,5993815.0,16736899.0,18141758.0,,,,-0.4578958743303038,,,,0,,,,,,0,false,2162756.0,,,,,,-7749768.0,2026-08-25,PaymentsToAcquirePropertyPlantAndEquipment,StockholdersEquity,Goodwill,IntangibleAssetsNetExcludingGoodwill,NetIncomeLoss,NetCashProvidedByUsedInOperatingActivities,,ShareBasedCompensation,30972.0,,,,,,,,,,,,,,,,,,,,,,ineligible:gate0_status,,,
LUCK,1840572,LUCKY STRIKE ENTERTAINMENT CORPORATION,"",NYSE,7900,Services-Amusement & Recreation Services,us-gaap,10-Q,USD,629,2025,2025-06-29,false,false,"",fail,"","",reported,reported,reported,"",,false,,-1188584000.0,-17.683196966673318,36155000.0,14523000.0,0.018006664263780316,-1251184000.0,1.241592941686956,-0.07305356921574202,0.06734186108264736,0.00747003536904422,true,4.967155546374716,0.10198635186238013,1201333000.0,-10022000.0,137187000.0,177221000.0,141066000.0,false,false,false,0.8993573559788846,false,false,false,"",-0.008342399651054287,false,0.1896504500420291,21632000.0,-298671000.0,844351000.0,45562000.0,59686000.0,1310870000.0,142401407.0,true,FAIL,true,FAIL,false,PASS,false,PASS,false,PASS,false,false,PASS,false,PASS,false,4,3y,true,0.44855960378898074,,0.07872664659548678,,0.08124709406805712,,,0.10198635186238013,,false,1,0.11419564766804874,,,-9.767825735941916,falling,1242552000.0,-84319000.0,138307000.0,113661000.0,12989000.0,11657000.0,886568000.0,53003000.0,-362770000.0,58654000.0,1748707000.0,137191017.0,0.0065507744247342075,0.12330367608908703,0.022617754287275804,0.006911222130033364,-0.009960457868591377,0,,-1.6554331744205162,,,,0,true,80900000.0,72138000.0,156852000.0,33458000.0,8974000.0,0.11419564766804874,41483000.0,2026-08-25,PaymentsToAcquirePropertyPlantAndEquipment,StockholdersEquity,Goodwill,IntangibleAssetsNetExcludingGoodwill,NetIncomeLoss,NetCashProvidedByUsedInOperatingActivities,OperatingIncomeLoss,ShareBasedCompensation,51505000.0,118462000.0,38894000.0,136188000.0,33958000.0,142383000.0,-21115000.0,63204000.0,,,,,,,,,,,,,,,ineligible:gate0_status,,,
LLPS,1842167,Limitless Projects Inc.,"",OTC,7389,"Services-Business Services, NEC",us-gaap,10-Q,USD,731,2025,2025-07-31,false,false,"",fail,"fcf,sbc,tax_anomaly",goodwill,never_acquired,never_acquired,reported,"",,true,,-530759.0,0.6502144986548389,,,,,,1.0,,,false,,,0.0,-68765.0,-68765.0,-44712.0,,false,false,false,,false,false,false,"",,false,,,-403329.0,0.0,127430.0,0.0,,,true,FAIL,true,FAIL,,NOT_EVALUABLE,,NOT_EVALUABLE,,NOT_EVALUABLE,,false,PASS,,NOT_EVALUABLE,,0,insufficient,true,,,,,,,,,,false,0,,,,0.4787061925809277,rising,0.0,-58413.0,-64931.0,,,,,145430.0,-414502.0,0.0,,,,,,,,0,,,,,,0,false,,,1086.0,,,,,2026-08-25,,StockholdersEquity,,FiniteLivedIntangibleAssetsNet,NetIncomeLoss,NetCashProvidedByUsedInOperatingActivities,OperatingIncomeLoss,,,,,,,-58413.0,,,,,,,,,,,,,,,,,ineligible:gate0_status,,,
MAZE,1842295,"MAZE THERAPEUTICS, INC.","",Nasdaq,2836,"Biological Products, (No Diagnostic Substances)",us-gaap,10-Q,USD,1231,2025,2025-12-31,false,false,"tax_anomaly,ni_vs_oi",fail,sbc,"goodwill,intangibles",never_acquired,never_acquired,never_acquired,"",,false,,354966000.0,0.8537217815741306,-112734000.0,-129134000.0,,,-0.0,0.9175711516525658,,,false,,-3.004791695015807,,-131120000.0,-142899000.0,-111940000.0,794000.0,false,false,false,,false,false,false,"",,false,,16400000.0,354966000.0,0.0,0.0,189247000.0,,42976024.0,false,PASS,false,PASS,true,FAIL,true,FAIL,,NOT_EVALUABLE,,true,FAIL,true,FAIL,,0,insufficient,true,,,,,,,,-3.004791695015807,,false,0,,,,1.153957825557604,,,-133590000.0,-106538000.0,302000.0,26233000.0,-133073000.0,,,453124000.0,202643000.0,38960000.0,56460660.0,,,,,,0,,,-0.3149756833808486,,,0,false,,,,,,,-131120000.0,2026-08-25,PaymentsToAcquirePropertyPlantAndEquipment,StockholdersEquity,,,NetIncomeLoss,NetCashProvidedByUsedInOperatingActivities,OperatingIncomeLoss,ShareBasedCompensation,0.0,,,,,-145612000.0,-126406000.0,-275000.0,,,,,,,,,,,,,,,ineligible:gate0_status,,,
EONR,1842556,"EON Resources, Inc","",NYSE,1311,Crude Petroleum & Natural Gas,us-gaap,10-Q,USD,1231,2024,2024-12-31,false,false,"",fail,"","goodwill,intangibles",never_acquired,never_acquired,never_acquired,"",,false,,3114057.0,-0.4075518351135091,3680686.0,901695.0,0.14310739954165316,-36730351.0,0.2765112515726227,2.3621140678238586,,,false,,0.1392137966469931,19418919.0,-9080283.0,-3844134.0,3700686.0,20000.0,false,true,false,0.00830876017511543,false,true,false,"",-0.4675998185068901,false,0.49030768891823906,2778991.0,3114057.0,0.0,0.0,2971558.0,39701909.0,6477052.0,false,PASS,true,FAIL,false,PASS,false,PASS,false,PASS,true,false,PASS,false,PASS,,0,insufficient,true,,,,,,,,0.1392137966469931,,false,1,-0.19795818706489274,,,0.30592920818601704,falling,17222766.0,-2110693.0,-9166056.0,,2287475.0,,,,60898209.0,875604.0,5387842.0,47789972.0,0.3951696887292295,0.39033212218090285,-0.09438181155332315,-0.4073688281349084,-0.289232948432664,0,,,,,,0,false,,,2407098.0,,,-0.19795818706489274,-12550690.0,2026-08-25,PaymentsToAcquireOtherPropertyPlantAndEquipment,StockholdersEquity,,,NetIncomeLoss,NetCashProvidedByUsedInOperatingActivities,OperatingIncomeLoss,ShareBasedCompensation,-3470407.0,,,1982992.0,,-5064413.0,1915222.0,4025915.0,,,,,,,,,,,,,,,ineligible:gate0_status,,,
AISP,1842566,"Airship AI Holdings, Inc.","",Nasdaq,7372,Services-Prepackaged Software,us-gaap,10-Q,USD,1231,2025,2025-12-31,false,false,ni_vs_oi,fail,"tangible_book,fcf,tax_anomaly","",unresolved,unresolved,unresolved,"",,false,,,-0.27300313426766687,,,0.10638697676033618,,,-4.063502298987248,,,false,,,15321349.0,29321363.0,-7215786.0,-8004824.0,,false,false,false,,false,false,false,"",1.9137585730864821,false,-0.5398853327071875,1629992.0,-7149642.0,,,11750021.0,,38681401.0,,NOT_EVALUABLE,true,FAIL,,NOT_EVALUABLE,,NOT_EVALUABLE,false,PASS,true,true,FAIL,,NOT_EVALUABLE,,0,insufficient,true,0.017387859428922958,,,,,,,,,false,0,-0.4709628375412635,,,-0.12028881259043984,falling,18148514.0,26243265.0,-3506695.0,,2446247.0,,,,-8623772.0,12365685.0,,34408949.0,-0.6646024679461793,-0.58940232922509,0.15450948096211758,0.9208180204854464,0.5500173275482084,3,,,,,,0,false,,,,,,-0.4709628375412635,,2026-08-25,,StockholdersEquity,,,NetIncomeLoss,NetCashProvidedByUsedInOperatingActivities,OperatingIncomeLoss,ShareBasedCompensation,0.0,,,,,-6551777.0,,0.0,,,,,,,,,,,,,,,ineligible:gate0_status,,,
XAGE,1842939,"Longevity Health Holdings, Inc.","",OTC,2840,"Soap, Detergents, Cleang Preparations, Perfumes, Cosmetics",us-gaap,10-Q,USD,1231,2025,2025-12-31,false,false,"tax_anomaly,sbc,ni_vs_oi",fail,"",goodwill,structured_absence_asc350,structured_absence_asc350,reported,"",,false,,-5881967.0,0.4821332423498418,-3343491.0,-4036281.0,0.3621842408894554,,-0.005279064553604444,0.9715386672778458,,,false,,-2.823448802671037,1912811.0,-6905282.0,-7107573.0,-3329266.0,14225.0,false,true,false,0.18080711789005402,false,false,false,buybacks,-3.6100179264966585,false,,692790.0,-5866873.0,0.0,15094.0,706740.0,,1429557.0,true,FAIL,true,FAIL,true,FAIL,true,FAIL,true,FAIL,true,true,FAIL,true,FAIL,,1,insufficient,true,,,,,-2.3179642501182536,,,-2.823448802671037,,false,0,-3.715773800966222,,,0.46604656663258587,falling,1686601.0,-6827980.0,-2449295.0,,608324.0,,19313527.0,12822.0,-8699447.0,35471.0,,1899910.0,39.8775974025974,19.754617671426484,-0.23236661683187912,-0.21369824388616634,-14.026087122770907,1,,,,,,0,false,,,78675.0,,,-3.715773800966222,-6869020.0,2026-08-25,PaymentsToAcquirePropertyPlantAndEquipment,StockholdersEquity,,FiniteLivedIntangibleAssetsNet,NetIncomeLoss,NetCashProvidedByUsedInOperatingActivities,OperatingIncomeLoss,ShareBasedCompensation,36262.0,,,60915.0,,-5794860.0,-6791718.0,36262.0,,,,,,,,,,,,,,,ineligible:gate0_status,,,
YHC,1843165,LQR House Inc.,"",Nasdaq,2080,Beverages,us-gaap,10-Q,USD,1231,2025,2025-12-31,false,false,sbc,fail_stale,tax_anomaly,goodwill,carried_forward,never_acquired,carried_forward,intangibles,365,false,,29322638.0,1.3249871153500006,-34157681.0,-36090648.0,1.2352623906985007,,,2.233212744631805,,,false,,-4.956451985696999,1564823.0,-25522618.0,-11428655.0,-33817140.0,340541.0,false,false,false,,false,false,false,buybacks,-16.31022677964217,false,-13.900069782674265,1932967.0,29332638.0,0.0,10000.0,5975408.0,,7281549.0,false,PASS,false,PASS,true,FAIL,true,FAIL,true,FAIL,true,false,PASS,,NOT_EVALUABLE,,0,insufficient,true,0.37562068825127404,,,,,,,-4.956451985696999,,false,0,-7.303480968774104,,,0.7315314066188158,rising,1205613.0,-19159713.0,-28558461.0,,,,130154809.0,10000.0,31268339.0,144642.0,,213905.0,-0.10644773326498386,-0.4598759896487227,-0.48133646993059115,-0.3060068842672829,-0.062013793328876556,1,,,,,,0,false,,,,,,-7.303480968774104,,2026-08-25,PaymentsToAcquirePropertyPlantAndEquipment,StockholdersEquity,,,NetIncomeLoss,NetCashProvidedByUsedInOperatingActivities,OperatingIncomeLoss,ShareBasedCompensation,,,,,,-10950380.0,,,,,,,,,,,,,,,,,ineligible:gate0_status,,,
ZPTA,1843714,"Zapata Quantum, Inc.","",OTC,7372,Services-Prepackaged Software,us-gaap,10-Q,USD,1231,2025,2025-12-31,false,false,ni_vs_oi,fail,"fcf,sbc,tax_anomaly","goodwill,intangibles",never_acquired,never_acquired,never_acquired,"",,false,,-8267000.0,-0.17834190231362468,,,,-4406000.0,,-2.725043782837128,,,false,,,,9336000.0,-3426000.0,-1665000.0,,false,false,false,,false,false,false,"dep_amort,tax_expense",,false,-3.1863452401900405,26000.0,-8267000.0,0.0,0.0,0.0,4406000.0,227397251.0,true,FAIL,true,FAIL,,NOT_EVALUABLE,,NOT_EVALUABLE,,NOT_EVALUABLE,,true,FAIL,,NOT_EVALUABLE,,0,insufficient,true,,,,,,,,,,false,0,,,,0.26430007108139614,falling,,4261000.0,-3889000.0,,396000.0,,,,3062000.0,12771000.0,4538000.0,179284550.0,-1.0,,,,,0,,,,,,0,false,,,,,,,9336000.0,2026-08-25,,StockholdersEquity,,,NetIncomeLoss,NetCashProvidedByUsedInOperatingActivities,OperatingIncomeLoss,ShareBasedCompensation,,,,,,-4986000.0,8796000.0,,,,,,,,,,,,,,,,ineligible:gate0_status,,,
LNZA,1843724,"LanzaTech Global, Inc.","",Nasdaq,2860,Industrial Organic Chemicals,us-gaap,10-Q,USD,1231,2025,2025-12-31,false,false,ni_vs_oi,fail,tax_anomaly,"goodwill,intangibles",never_acquired,never_acquired,never_acquired,"",,false,,-3892000.0,1.3248758963044678,-66112000.0,-73313000.0,0.12894619034828544,,,0.6184117438981253,,,false,,-33.35539949998521,55845000.0,-48951000.0,-79156000.0,-64854000.0,1258000.0,false,false,false,,false,false,false,"",-0.8765511684125705,false,-1.698519902284811,7201000.0,-3892000.0,0.0,0.0,13164000.0,,2197935.0,true,FAIL,false,PASS,true,FAIL,true,FAIL,false,PASS,true,true,FAIL,,NOT_EVALUABLE,,0,insufficient,true,0.14355844001065,,,,-10.531515532010046,,,-33.35539949998521,,false,0,-1.4174232249977616,,,0.8990191935216796,rising,58312000.0,172403000.0,-32695000.0,1110000.0,4711000.0,-38516000.0,,,260636000.0,44977000.0,9250000.0,9975931.0,-0.47717985611510794,-0.06678064970330887,0.26753137192871457,-0.007705856450902686,0.17427340206246392,0,,,0.572613917667553,,,0,false,,,,,,-1.4174232249977616,,2026-08-25,PaymentsToAcquirePropertyPlantAndEquipment,StockholdersEquity,,,NetIncomeLoss,NetCashProvidedByUsedInOperatingActivities,OperatingIncomeLoss,ShareBasedCompensation,0.0,,,,,-35546000.0,,0.0,,,,,,,,,,,,,,,ineligible:gate0_status,,,
FLYX,1843973,"flyExclusive, Inc.","",NYSE,4522,"Air Transportation, Nonscheduled",us-gaap,10-Q,USD,1231,2025,2025-12-31,false,false,"tax_anomaly,ni_vs_oi",fail_stale,"",goodwill,carried_forward,never_acquired,carried_forward,intangibles,365,false,,-328351000.0,-0.38017280582082763,-24253000.0,-28733000.0,0.011918792583744151,,-0.0005516048720127615,0.3724514640188004,,,false,,-1.0548902734953467,375877000.0,-17592000.0,-47233000.0,6688000.0,30941000.0,false,false,false,1.3117819137660576,false,false,false,"",-0.04680254444938105,false,-0.11834336413391594,4480000.0,-326751000.0,0.0,1600000.0,29340000.0,,27237904.0,true,FAIL,true,FAIL,true,FAIL,true,FAIL,false,PASS,false,true,FAIL,true,FAIL,,0,insufficient,true,0.05506591291914176,,,,,,,-1.0548902734953467,,false,0,-0.1256607879705329,,,-0.01513641848008009,falling,403894000.0,-21258000.0,18918000.0,45956000.0,5750000.0,-32788000.0,,1192000.0,-220038000.0,14236000.0,81359000.0,50025086.0,0.15591105261159555,0.19771719771719773,0.09333333333333334,0.21670389348749616,0.0077994658243837455,1,,,0.016893283889575606,,,0,false,,,23587000.0,,,-0.1256607879705329,-67077000.0,2026-08-25,PaymentsToAcquirePropertyPlantAndEquipment,StockholdersEquity,,,NetIncomeLoss,NetCashProvidedByUsedInOperatingActivities,OperatingIncomeLoss,ShareBasedCompensation,37000.0,,,22200000.0,,-35514000.0,-52677000.0,97000.0,,,,,,,,,,,,,,,ineligible:gate0_status,,,
ESLA,1844417,"ESTRELLA IMMUNOPHARMA, INC.","",Nasdaq,2836,"Biological Products, (No Diagnostic Substances)",us-gaap,10-Q,USD,1231,2025,2025-12-31,false,false,tax_anomaly,fail,"fcf,sbc","goodwill,intangibles",never_acquired,never_acquired,never_acquired,"",,false,,-10366058.0,0.1366921085233435,,,,,-0.00006415225550296977,1.000064152255503,,,false,,,,-13063512.0,-13062674.0,-1785679.0,,false,false,false,,false,false,false,"",,false,,618974.0,-10366058.0,0.0,0.0,1384302.0,,36820810.0,true,FAIL,true,FAIL,,NOT_EVALUABLE,,NOT_EVALUABLE,,NOT_EVALUABLE,,false,PASS,true,FAIL,,0,insufficient,true,,,,,,,,,,false,0,,,,0.8181720275526713,rising,,-10012726.0,-9383567.0,,592793.0,,,,-7431333.0,100000.0,,42561826.0,,,,,,0,,,,,,0,false,,,,,,,-13062674.0,2026-08-25,,StockholdersEquity,,,NetIncomeLoss,NetCashProvidedByUsedInOperatingActivities,OperatingIncomeLoss,ShareBasedCompensation,838.0,,,,,-9682032.0,-10012751.0,,,,,,,,,,,,,,,,ineligible:gate0_status,,,
ELVA,1844450,ELECTROVAYA INC.,"",Nasdaq,3690,"Miscellaneous Electrical Machinery, Equipment & Supplies",ifrs-full,6-K,USD,930,2024,2024-09-30,false,false,"",unknown,"income_quality,fcf,sbc,ni_vs_oi,tax_anomaly","goodwill,intangibles",never_acquired,never_acquired,never_acquired,"",,true,,7620000.0,,,,,781000.0,,,,,false,,,,,,,,false,false,false,,false,false,true,,,false,,,7620000.0,0.0,0.0,781000.0,0.0,,false,PASS,,NOT_EVALUABLE,,NOT_EVALUABLE,,NOT_EVALUABLE,,NOT_EVALUABLE,,,NOT_EVALUABLE,,NOT_EVALUABLE,,0,insufficient,true,,,,,,,,,,false,0,,,,0.0021206965552328923,,,,,,,,,,22334000.0,1290000.0,18834000.0,37509735.0,,,,,,0,,,,,,0,false,,,,,,,,2026-08-25,,Equity,,,,,,,,,,,,,,,,,,,,,,,,,,,,,ineligible:gate0_status,,,
LUNR,1844452,"INTUITIVE MACHINES, INC.","",Nasdaq,3812,"Search, Detection, Navigation, Guidance, Aeronautical Sys",us-gaap,10-Q,USD,1231,2025,2025-12-31,false,false,"tax_anomaly,ni_vs_oi",fail,"","",reported,reported,reported,"",,false,,-786629000.0,0.17189713544793142,-55952000.0,-64561000.0,0.041562868122742985,247271000.0,-0.0385093892150383,0.95486696243308,0.07185273159144893,0.1528735299229477,true,-0.32062700391877447,-0.5593250499754736,207132000.0,-83294000.0,-87231000.0,-14318000.0,41634000.0,false,false,false,11.57464553794829,false,false,false,dividends,-0.402130042678099,false,-0.7682995814006109,8609000.0,-754964000.0,18697000.0,12968000.0,582606000.0,335335000.0,115426620.0,true,FAIL,true,FAIL,true,FAIL,true,FAIL,false,PASS,false,true,FAIL,true,FAIL,true,2,insufficient,true,0.3407274767016706,,,,,,,-0.5593250499754736,,false,0,-0.4211372458142634,,,-0.11934415030397638,rising,481337000.0,-130549000.0,-126352000.0,61399000.0,22578000.0,-210329000.0,379216000.0,297069000.0,-290649000.0,367354000.0,336352000.0,155064726.0,0.2082562858720972,-0.12809945620575258,1.9369522103512251,3.0429312503726673,1.0569076560058688,2,,,-5.86154771753027,,,0,true,14883000.0,20700000.0,3597000.0,,31665000.0,-0.4211372458142634,-102884000.0,2026-08-25,PaymentsToAcquirePropertyPlantAndEquipment,StockholdersEquity,Goodwill,IntangibleAssetsNetExcludingGoodwill,NetIncomeLoss,NetCashProvidedByUsedInOperatingActivities,OperatingIncomeLoss,ShareBasedCompensation,3962000.0,461945000.0,0.0,30197000.0,,-134851000.0,-181012000.0,3972000.0,,,,,,,,,,,,,,,ineligible:gate0_status,,,
QTI,1844505,"QT Imaging Holdings, Inc.","",Nasdaq,3845,Electromedical & Electrotherapeutic Apparatus,us-gaap,10-Q,USD,1231,2025,2025-12-31,false,false,tax_anomaly,fail,"","goodwill,intangibles",never_acquired,never_acquired,never_acquired,"",,false,,6445000.0,0.42493952473556895,-9083000.0,-9884000.0,0.04232496697490092,,0.000047429330297856194,4.751633986928105,,,false,,-0.9434898816342115,18925000.0,-21083000.0,-4437000.0,-8959000.0,124000.0,false,false,false,0.9465648854961832,false,false,false,"",-1.1140290620871862,false,-124.09760872258704,801000.0,6445000.0,0.0,0.0,10412000.0,,10476000.0,false,PASS,true,FAIL,true,FAIL,true,FAIL,false,PASS,false,false,PASS,true,FAIL,,0,insufficient,true,,,,,,,,-0.9434898816342115,,false,0,-0.23445178335535008,,,0.6587555753179563,falling,26432000.0,-20421000.0,-12471000.0,268000.0,1530000.0,-14269000.0,,,2246000.0,10924000.0,,14317000.0,1.134728870764016,3.38518049729594,1.3338098641887062,1.0319759497130363,-0.2359629396260173,0,,,-0.03817873303167421,,,0,false,,,131000.0,,,-0.23445178335535008,-21084000.0,2026-08-25,PaymentsToAcquirePropertyPlantAndEquipment,StockholdersEquity,,,NetIncomeLoss,NetCashProvidedByUsedInOperatingActivities,OperatingIncomeLoss,ShareBasedCompensation,-1000.0,,,96000.0,,-6565000.0,-20423000.0,-2000.0,,,,,,,,,,,,,,,ineligible:gate0_status,,,
ANNA,1845123,"AleAnna, Inc.","",Nasdaq,1311,Crude Petroleum & Natural Gas,us-gaap,10-Q,USD,1231,2025,2025-12-31,false,false,"",unknown,fcf,"goodwill,intangibles",never_acquired,never_acquired,never_acquired,"",,false,,58680062.0,3.523824559309496,,,0.030924593911495397,,0.3047658838672824,0.9929383149042312,,,false,,,25035737.0,2882068.0,2902565.0,10155902.0,,false,false,false,,false,false,false,buybacks,0.115118160891369,false,,774220.0,58680062.0,0.0,0.0,31826830.0,,40632428.0,false,PASS,false,PASS,,NOT_EVALUABLE,,NOT_EVALUABLE,false,PASS,false,false,PASS,false,PASS,,0,insufficient,true,,,,,,,,,,false,0,0.11593687056226865,,,1.0667879797232087,rising,39919363.0,8970722.0,19802237.0,,,,,,65894329.0,32619509.0,,40781367.0,,16.313563504892585,13.495062053986969,1.5345111291407079,,0,,,,,,0,false,,,,,,0.11593687056226865,4145464.0,2026-08-25,,StockholdersEquityIncludingPortionAttributableToNoncontrollingInterest,,,ProfitLoss,NetCashProvidedByUsedInOperatingActivities,OperatingIncomeLoss,ShareBasedCompensation,1263396.0,,,,,11554867.0,12694406.0,-80838.0,,,,,,,,,,,,,,,ineligible:gate0_status,,,
NPWR,1845437,NET Power Inc.,"",NYSE,3620,Electrical Industrial Apparatus,us-gaap,10-Q,USD,1231,2025,2025-12-31,false,false,"tax_anomaly,ni_vs_oi",fail,sbc,"",reported,reported,reported,"",,false,,22332000.0,0.20874205880116414,-153998000.0,-200432000.0,,,0.0025659640514694836,0.32294050279391967,,,false,,-2.5428433686026746,0.0,-578628000.0,-1791748000.0,-120784000.0,33214000.0,false,false,false,0.5323865548912433,false,false,false,"",,false,,46434000.0,203904000.0,0.0,181572000.0,199430000.0,,78822000.0,false,PASS,true,FAIL,true,FAIL,true,FAIL,,NOT_EVALUABLE,,true,FAIL,true,FAIL,false,3,insufficient,true,,,,,-7.931018744448463,,,-2.5428433686026746,,false,0,,,,0.4260660549133791,,0.0,-521284000.0,-136549000.0,30185000.0,33148000.0,-199882000.0,0.0,402000.0,83527000.0,117933000.0,,86895000.0,-1.0,-1.0,,,,0,,,-1.0236819655348917,,,0,false,,,62387000.0,,-1419618000.0,,-1677732000.0,2026-08-25,PaymentsToAcquirePropertyPlantAndEquipment,StockholdersEquityIncludingPortionAttributableToNoncontrollingInterest,Goodwill,IntangibleAssetsNetExcludingGoodwill,NetIncomeLoss,NetCashProvidedByUsedInOperatingActivities,OperatingIncomeLoss,ShareBasedCompensation,-4305000.0,,,25897000.0,,-1470775000.0,,-3077000.0,,,,,,,,,,,,,,,ineligible:gate0_status,,,
HVII,1846416,HENNESSY CAPITAL INVESTMENT CORP. VII,"",Nasdaq,4911,Electric Services,us-gaap,10-Q,USD,1231,2026,2026-12-31,false,false,"",fail,"income_quality,fcf,sbc,ni_vs_oi,tax_anomaly","goodwill,intangibles",never_acquired,never_acquired,never_acquired,"",,true,,-10084981.0,,,,,,,,,,false,,,,575611.0,,,,false,false,false,,false,false,false,"",,false,,,-10084981.0,0.0,0.0,323217.0,,,true,FAIL,,NOT_EVALUABLE,,NOT_EVALUABLE,,NOT_EVALUABLE,,NOT_EVALUABLE,,,NOT_EVALUABLE,,NOT_EVALUABLE,,0,insufficient,true,,,,,,,,,,false,0,,,,-0.5107300071377897,,,2639629.0,-1891103.0,,,,,,-10084981.0,259477.0,,,,,,,,0,,,,,,0,false,,,,,,,,2026-08-25,,StockholdersEquity,,,NetIncomeLoss,,,,,,,,,-4586628.0,,,,,,,,,,,,,,,,,ineligible:gate0_status,,,
PSQH,1847064,"PSQ Holdings, Inc.","",NYSE,7310,Services-Advertising,us-gaap,10-Q,USD,1231,2025,2025-12-31,false,false,"tax_anomaly,sbc",fail,"","",reported,reported,reported,"",,false,,-12067395.0,0.5446732992334575,-22835137.0,-33609594.0,0.5913705278677441,,-0.0,1.1455189596495954,,-0.0034373669177735094,false,,-0.7380449276497522,18219469.0,-36611668.0,-31960770.0,-19941398.0,2893739.0,false,false,false,0.4374787401531949,false,false,false,"",-2.0094805177911605,false,-6.91981814239111,10774457.0,13436906.0,10930978.0,14573323.0,14644384.0,,45538683.0,true,FAIL,true,FAIL,true,FAIL,true,FAIL,true,FAIL,true,false,PASS,true,FAIL,true,1,insufficient,true,2.3720502981786415,,,,,,,-0.7380449276497522,,false,0,-1.7542097412388913,,,0.539801094409829,rising,27027751.0,-35874371.0,-15128115.0,2523868.0,9820644.0,-27472627.0,10930978.0,12804583.0,4186691.0,6735250.0,,3620930.0,-0.42660897797042985,0.3733397809071998,1.6742025413131374,1.0783169321968509,0.581564049090778,0,,,0.3229649065267301,,,0,false,,,6614582.0,,-62627.0,-1.7542097412388913,-24896522.0,2026-08-25,PaymentsToDevelopSoftware,StockholdersEquity,Goodwill,IntangibleAssetsNetExcludingGoodwill,NetIncomeLoss,NetCashProvidedByUsedInOperatingActivities,OperatingIncomeLoss,ShareBasedCompensation,0.0,,,7285223.0,,-28366450.0,-29067295.0,-5185.0,,,,,,,,,,,,,,,ineligible:gate0_status,,,
ASBP,1847345,"ASPIRE     BIOPHARMA HOLDINGS, INC.","",Nasdaq,2834,Pharmaceutical Preparations,us-gaap,10-Q,USD,1231,2025,2025-12-31,false,false,sbc,fail,"fcf,tax_anomaly","goodwill,intangibles",never_acquired,never_acquired,never_acquired,"",,false,,-6376329.0,0.2011159090567451,,,2278.4988713318285,,,1.2650756996006107,,,false,,,6202.0,-24480848.0,-19351291.0,-4923488.0,,false,false,false,,false,false,false,buybacks,-3947.250564334086,false,,14131250.0,-6376329.0,0.0,0.0,1003904.0,,1494956.0,true,FAIL,true,FAIL,,NOT_EVALUABLE,,NOT_EVALUABLE,true,FAIL,true,false,PASS,,NOT_EVALUABLE,,0,insufficient,true,,,,,,,,,,false,0,-3120.1694614640437,,,0.0857550030924505,rising,,-11049261.0,-7185846.0,,157500.0,,,,11757821.0,12167136.0,,599714.0,,,,,,0,,,,,,0,false,,,,,,-3120.1694614640437,-24480848.0,2026-08-25,,StockholdersEquity,,,NetIncomeLoss,NetCashProvidedByUsedInOperatingActivities,OperatingIncomeLoss,ShareBasedCompensation,,,,,,-7319312.0,-11049261.0,,,,,,,,,,,,,,,,ineligible:gate0_status,,,
ALMS,1847367,Alumis Inc.,"",Nasdaq,2834,Pharmaceutical Preparations,us-gaap,10-Q,USD,1231,2025,2025-12-31,false,false,"tax_anomaly,sbc,ni_vs_oi",fail,"","goodwill,intangibles",never_acquired,never_acquired,never_acquired,"",,false,,301297000.0,1.5186396794410768,-370176000.0,-413700000.0,1.8097297297297297,,0.03398759756397735,0.5361896325285807,,,false,-0.000041092579163645155,-4.865363158609287,24050000.0,-243325000.0,-453804000.0,-369523000.0,653000.0,false,true,false,0.18678489702517162,false,false,false,"",-10.117463617463617,false,,43524000.0,301297000.0,0.0,0.0,89670000.0,,85029624.0,false,PASS,false,PASS,true,FAIL,true,FAIL,true,FAIL,true,true,FAIL,true,FAIL,,0,insufficient,true,,,,,,,,-4.865363158609287,,false,0,-18.86918918918919,,,1.074717043371688,rising,7398000.0,-438957000.0,-351398000.0,401000.0,44506000.0,-396305000.0,,,452158000.0,63706000.0,,126377692.0,,,-0.8998792339985048,-0.3765941485371343,,1,,,-0.08525723952632103,,,0,false,,17000.0,3496000.0,,,-18.86918918918919,-251886000.0,2026-08-25,PaymentsToAcquirePropertyPlantAndEquipment,StockholdersEquity,,,NetIncomeLoss,NetCashProvidedByUsedInOperatingActivities,OperatingIncomeLoss,ShareBasedCompensation,-8561000.0,,17000.0,3528000.0,,-459001000.0,-440714000.0,-1757000.0,,,,,,,,,,,,,,,ineligible:gate0_status,,,
OKLO,1849056,Oklo Inc.,"",NYSE,4911,Electric Services,us-gaap,10-Q,USD,1231,2025,2025-12-31,false,false,"tax_anomaly,ni_vs_oi",fail,sbc,"",reported,reported,reported,"",,false,,1442089000.0,0.7776989106877525,-115379000.0,-157174000.0,,788445000.0,0.04110098736750399,0.7585610291900584,,,false,,-1.0739466603667773,,-105663000.0,-139294000.0,-82174000.0,33205000.0,false,false,false,63.611111111111114,false,false,false,"",,false,,41795000.0,1476210000.0,6621000.0,27500000.0,788445000.0,0.0,146351775.0,false,PASS,true,FAIL,true,FAIL,true,FAIL,,NOT_EVALUABLE,,true,FAIL,true,FAIL,,0,insufficient,true,,,,,,,,-1.0739466603667773,,false,0,,,,0.5988126834838531,rising,,-152769000.0,-116919000.0,158897000.0,58063000.0,-333879000.0,16535000.0,44203000.0,3273557000.0,1644704000.0,700000.0,173295347.0,,,,,,0,,,-3.029980119284294,,,0,false,900000.0,,522000.0,,,,-110192000.0,2026-08-25,PaymentsToAcquirePropertyPlantAndEquipment,StockholdersEquity,Goodwill,IntangibleAssetsNetExcludingGoodwill,NetIncomeLoss,NetCashProvidedByUsedInOperatingActivities,OperatingIncomeLoss,ShareBasedCompensation,-4529000.0,25736000.0,,773000.0,,-217571000.0,-153316000.0,-547000.0,,,,,,,,,,,,,,,ineligible:gate0_status,,,
PMNT,1849221,Perfect Moment Ltd.,"",OTC,2300,Apparel & Other Finishd Prods of  Fabrics & Similar Matl,us-gaap,10-Q,USD,331,2026,2026-03-31,false,false,"",fail,tax_anomaly,"goodwill,intangibles",never_acquired,never_acquired,never_acquired,"",,false,,-686000.0,1.2618146122563456,-9357000.0,-9833000.0,0.020166927932889888,,,1.3608778625954199,,,false,,-0.29729745337353697,23603000.0,-7131000.0,-5240000.0,-8998000.0,359000.0,false,false,false,,false,false,false,"",-0.3021226115324323,false,-0.3139958270261424,476000.0,-686000.0,0.0,0.0,1151000.0,,33074619.0,true,FAIL,false,PASS,true,FAIL,true,FAIL,false,PASS,false,false,PASS,,NOT_EVALUABLE,,0,insufficient,true,0.0023411314319643495,,,,-1.5843861824913372,,,-0.29729745337353697,,false,0,-0.22200567724441808,,,0.7970112785284721,rising,23281000.0,-6845000.0,-8352000.0,,409000.0,,,,-1994000.0,707000.0,,50617198.0,0.5112936344969199,0.24262979389512132,-0.00017155601303825698,-0.21875,-0.24329322533989192,0,,,,,,0,false,,,,,,-0.22200567724441808,,2026-08-25,PaymentsToAcquirePropertyPlantAndEquipment,StockholdersEquity,,,NetIncomeLoss,NetCashProvidedByUsedInOperatingActivities,OperatingIncomeLoss,ShareBasedCompensation,,,,,,-5445000.0,,,,,,,,,,,,,,,,,ineligible:gate0_status,,,
LFTO,1850351,"Liftoff Mobile, Inc.","",Nasdaq,7374,Services-Computer Processing & Data Preparation,us-gaap,10-Q,USD,1231,2026,2026-03-31,false,false,"",fail_stale,"income_quality,fcf,sbc,ni_vs_oi,tax_anomaly","",carried_forward,carried_forward,carried_forward,"goodwill,intangibles",90,true,,-2130142000.0,,,,,,,,,,false,,,,,,,,false,false,false,,false,false,true,,,false,,,-894285000.0,1057180000.0,178677000.0,,,,true,FAIL,,NOT_EVALUABLE,,NOT_EVALUABLE,,NOT_EVALUABLE,,NOT_EVALUABLE,,,NOT_EVALUABLE,,NOT_EVALUABLE,,1,insufficient,true,,,,,,,,,,false,0,,,,,,,,,,,,1056302000.0,153313000.0,-5534000.0,305398000.0,1410699000.0,143533326.0,,,,,,0,,,,,,0,false,,,,,,,,2026-08-25,,StockholdersEquity,,,,,,,,,,,,,,,,,,,,,,,,,,,,,ineligible:gate0_status,,,
CTOR,1851484,"Citius Oncology, Inc.","",Nasdaq,2834,Pharmaceutical Preparations,us-gaap,10-Q,USD,930,2025,2025-09-30,false,false,tax_anomaly,fail,"fcf,sbc","goodwill,intangibles",never_acquired,never_acquired,never_acquired,"",,false,,44866231.0,0.2217989643464382,,,,,-0.044589173263083676,1.052656215791096,,,false,,,,-24761369.0,-23522750.0,-5492046.0,,false,false,false,,false,false,true,"",,false,,8320419.0,44866231.0,0.0,0.0,3924908.0,,73267969.0,false,PASS,true,FAIL,,NOT_EVALUABLE,,NOT_EVALUABLE,,NOT_EVALUABLE,,false,PASS,true,FAIL,,0,insufficient,true,,,,,,,,,,false,0,,,,0.08772717765864631,rising,,-46064266.0,,,13341683.0,,,,40384994.0,16563705.0,,98413989.0,,,,,,0,,,,,,0,false,,,,,,,-23704409.0,2026-08-25,,StockholdersEquity,,,NetIncomeLoss,NetCashProvidedByUsedInOperatingActivities,OperatingIncomeLoss,ShareBasedCompensation,1056960.0,,,,,-47294200.0,-45874343.0,189923.0,,,,,,,,,,,,,,,ineligible:gate0_status,,,
AMSS,1851491,AMASS BRANDS,"",Nasdaq,2080,Beverages,us-gaap,10-Q,USD,1231,2025,2025-12-31,false,false,"",fail,"income_quality,fcf,sbc,ni_vs_oi,tax_anomaly","",reported,reported,reported,"",,true,,-8163110.0,,,,,,,,,,false,,,,,,,,false,false,false,,false,false,true,,,false,,,-2988251.0,2972280.0,2202579.0,824962.0,,,true,FAIL,,NOT_EVALUABLE,,NOT_EVALUABLE,,NOT_EVALUABLE,,NOT_EVALUABLE,,,NOT_EVALUABLE,,NOT_EVALUABLE,,1,insufficient,true,,,,,,,,,,false,0,,,,,,,,,,,,2972280.0,1829895.0,-1279486.0,1570517.0,,7139009.0,,,,,,0,,,,,,0,false,,,,,,,,2026-08-25,,StockholdersEquity,Goodwill,IntangibleAssetsNetExcludingGoodwill,,,,,,,,,,,,,,,,,,,,,,,,,,,ineligible:gate0_status,,,
GCTS,1851961,"GCT Semiconductor Holding, Inc.","",NYSE,3674,Semiconductors & Related Devices,us-gaap,10-Q,USD,1231,2025,2025-12-31,false,false,"tax_anomaly,sbc",fail,"",goodwill,never_acquired,never_acquired,reported,"",,false,,-83293000.0,0.707253527621507,-33086000.0,-39416000.0,2.2086531751570133,-62045000.0,-0.021238521309159406,1.1869731800766283,,,false,,-0.7454985625661976,2866000.0,-43372000.0,-36540000.0,-30675000.0,2411000.0,false,false,false,3.2405913978494625,false,false,false,"",-15.133286810886252,false,-0.9082855003743449,6330000.0,-83293000.0,0.0,0.0,590000.0,62635000.0,52872000.0,true,FAIL,true,FAIL,true,FAIL,true,FAIL,true,FAIL,true,false,PASS,true,FAIL,,0,insufficient,true,,,,,,,,-0.7454985625661976,,false,0,-12.749476622470342,,,1.2002911102379672,rising,4079000.0,-53108000.0,-38071000.0,2588000.0,6096000.0,-46755000.0,,10000.0,-52016000.0,30228000.0,64700000.0,74358000.0,-0.19482288828337874,-0.8352490421455939,2.870967741935484,-0.1785109983079526,0.37551524540073566,0,,,0.07126037922914859,,,0,false,,,744000.0,,,-12.749476622470342,-42470000.0,2026-08-25,PaymentsToAcquirePropertyPlantAndEquipment,StockholdersEquity,,FiniteLivedIntangibleAssetsNet,NetIncomeLoss,NetCashProvidedByUsedInOperatingActivities,OperatingIncomeLoss,ShareBasedCompensation,902000.0,,,963000.0,,-34755000.0,-52114000.0,994000.0,,,,,,,,,,,,,,,ineligible:gate0_status,,,
AEAE,1852016,ALTENERGY ACQUISITION CORP.,"",OTC,3714,Motor Vehicle Parts & Accessories,us-gaap,10-Q,USD,1231,2025,2025-12-31,false,false,tax_anomaly,fail,"fcf,sbc,ni_vs_oi","goodwill,intangibles",never_acquired,never_acquired,never_acquired,"",,true,,-18737716.0,0.767528448105262,,,,,-0.0027292485180497703,,,,false,,,,-2339611.0,,-1795718.0,,false,false,false,,false,false,false,"",,false,,,-18737716.0,0.0,0.0,18708.0,,,true,FAIL,true,FAIL,,NOT_EVALUABLE,,NOT_EVALUABLE,,NOT_EVALUABLE,,,NOT_EVALUABLE,true,FAIL,,0,insufficient,true,,,,,,,,,,false,0,,,,0.12853221739756937,rising,,-3519974.0,-1769411.0,,,,,,-21778794.0,7496.0,,,,,,,,0,,,,,,0,false,,2603925.0,,,,,-2333243.0,2026-08-25,,StockholdersEquity,,,NetIncomeLoss,NetCashProvidedByUsedInOperatingActivities,,,6368.0,,32971.0,,,,-3512956.0,7018.0,,,,,,,,,,,,,,,ineligible:gate0_status,,,
IXAQF,1852019,IX ACQUISITION CORP.,"",OTC,4899,"Communications Services, NEC",us-gaap,10-Q,USD,1231,2025,2025-12-31,false,false,"",fail,"fcf,sbc,tax_anomaly","goodwill,intangibles",never_acquired,never_acquired,never_acquired,"",,true,,-15507857.0,-0.7075640750078078,,,,,,4.108701910175404,,,false,,,,-842099.0,-204955.0,595839.0,,false,false,false,,false,false,false,"",,false,,,-15507857.0,0.0,0.0,178975.0,,,true,FAIL,true,FAIL,,NOT_EVALUABLE,,NOT_EVALUABLE,,NOT_EVALUABLE,,false,PASS,,NOT_EVALUABLE,,0,insufficient,true,,,,,,,,,,false,0,,,,-0.08204151853286235,falling,,877659.0,1115219.0,,,,,,-13691569.0,373452.0,,5750000.0,,,,,,0,,,,,,0,false,,,,,,,,2026-08-25,,StockholdersEquity,,,NetIncomeLoss,NetCashProvidedByUsedInOperatingActivities,OperatingIncomeLoss,,,,,,,111946.0,,,,,,,,,,,,,,,,,ineligible:gate0_status,,,
NVA,1852551,Nova Minerals Corp,"",NYSE,1040,Gold and Silver Ores,ifrs-full,20-F,AUD,630,2025,2025-06-30,false,false,"",fail,"sbc,ni_vs_oi,tax_anomaly","goodwill,intangibles",never_acquired,never_acquired,never_acquired,"",,false,,102162911.0,0.6883738434158732,-7858536.0,-6597047.0,,,,,,,false,,-0.02294369039775906,,-11099171.0,,-7640379.0,218157.0,false,false,false,0.41983061056788373,false,false,true,,,false,,-1261489.0,102162911.0,0.0,0.0,9083315.0,,287532079.0,false,PASS,true,FAIL,true,FAIL,true,FAIL,,NOT_EVALUABLE,,,NOT_EVALUABLE,,NOT_EVALUABLE,,0,insufficient,true,,,,,-0.028904594124313406,,,-0.02294369039775906,,false,0,,,,0.3928660949526024,rising,,,,,,,,,,,,,,,,,,,,,,,,,false,,,519631.0,,,,-11099171.0,2026-08-25,PurchaseOfPropertyPlantAndEquipmentClassifiedAsInvestingActivities,EquityAttributableToOwnersOfParent,,,ProfitLoss,CashFlowsFromUsedInOperatingActivities,,AdjustmentsForSharebasedPayments,,,,,,,,,,,,,,,,,,,,,,,ineligible:gate0_status,,,
BRLS,1852973,Borealis Foods Inc.,"",Nasdaq,2000,Food and Kindred Products,us-gaap,10-Q,USD,1231,2025,2025-12-31,false,false,tax_anomaly,fail,"",goodwill,structured_absence_asc350,structured_absence_asc350,reported,"",,false,,-19528628.0,0.347697761765372,-6667639.0,-7940639.0,0.04044399050592414,,0.0035026963043114827,1.7197031347904153,,,false,,-0.3705617946067531,31475628.0,-18978618.0,-11035985.0,-6598823.0,68816.0,false,true,false,0.03737968495382944,false,false,false,"",-0.6029623300923496,false,-0.6357880418630881,1273000.0,-19230587.0,0.0,298041.0,64000.0,,21428650.0,true,FAIL,true,FAIL,true,FAIL,true,FAIL,false,PASS,false,false,PASS,true,FAIL,false,2,insufficient,true,,,,,,,,-0.3705617946067531,,false,0,-0.35062000986922326,,,0.5329023674954734,falling,32032879.0,-18303448.0,-5349090.0,1116648.0,315842.0,-6781580.0,1917356.0,298041.0,-22702880.0,500000.0,,21428650.0,-0.08491947180097659,0.31257198972477923,-0.12036460095287296,0.07712862512538136,0.0053207700101421725,1,0.8102793870895606,,,,,0,false,,,1841000.0,,,-0.35062000986922326,-19045328.0,2026-08-25,PaymentsForProceedsFromProductiveAssets,StockholdersEquity,,IntangibleAssetsNetExcludingGoodwill,NetIncomeLoss,NetCashProvidedByUsedInOperatingActivities,OperatingIncomeLoss,AllocatedShareBasedCompensationExpense,-66710.0,,,1871000.0,,-10180016.0,-18370158.0,-135862.0,,,,,,,,,,,,,,,ineligible:gate0_status,,,
SOAR,1853070,"VOLATO GROUP, INC.","",NYSE,4522,"Air Transportation, Nonscheduled",us-gaap,10-Q,USD,1231,2025,2025-12-31,false,false,ni_vs_oi,fail_stale,"","",carried_forward,carried_forward,carried_forward,"goodwill,intangibles",365,false,,-3684000.0,0.6750434950705587,3281000.0,2676000.0,0.007701218192695936,,0.1950989632422243,1.3063131313131313,,,false,,0.6100078211391418,78559000.0,5173000.0,3960000.0,3492000.0,211000.0,false,false,false,0.7104377104377104,true,false,false,"",0.06584859786911748,false,-0.12481376324740674,605000.0,-1849000.0,635000.0,1200000.0,0.0,,4386829.0,true,FAIL,true,FAIL,false,PASS,false,PASS,false,PASS,false,true,FAIL,false,PASS,false,2,insufficient,true,-0.06693010910747277,,,,-1.926367298823601,,,0.6100078211391418,,false,1,0.05040797362491885,,,0.5555638380537681,rising,30188000.0,-3569000.0,101000.0,567000.0,32000.0,-498000.0,635000.0,1345000.0,3465000.0,0.0,,27125094.0,136.32044198895028,-0.9900951489627203,-0.960875878036338,-0.9611748139207403,-41.18156311376867,0,,,-7.810897435897436,,,0,false,,,297000.0,,,0.05040797362491885,1061000.0,2026-08-25,PaymentsToAcquirePropertyPlantAndEquipment,StockholdersEquity,,,NetIncomeLoss,NetCashProvidedByUsedInOperatingActivities,OperatingIncomeLoss,ShareBasedCompensation,207000.0,,,248000.0,,-4300000.0,-7053000.0,26000.0,,,,,,,,,,,,,,,ineligible:gate0_status,,,
KDK,1853138,"Kodiak AI, Inc.","",Nasdaq,7373,Services-Computer Integrated Systems Design,us-gaap,10-Q,USD,1231,2025,2025-12-31,false,false,"tax_anomaly,sbc",fail,"","goodwill,intangibles",never_acquired,never_acquired,never_acquired,"",,false,,-283052000.0,0.161294564706887,-116468000.0,-135550000.0,5.025546484066369,8983000.0,-5.123633270825008e-6,5.198890122086571,,,false,,-1.485886544258701,3797000.0,-585525000.0,-112625000.0,-94442000.0,22026000.0,false,false,false,6.781403940886699,false,false,false,"",-154.20726889649723,false,-3.177682048861088,19082000.0,-283052000.0,0.0,0.0,50761000.0,41778000.0,91225000.0,true,FAIL,true,FAIL,true,FAIL,true,FAIL,true,FAIL,true,false,PASS,true,FAIL,,0,insufficient,true,,,,,,,,-1.485886544258701,,false,0,-29.6615749275744,,,0.5549599886221293,falling,7152000.0,-304647000.0,-121199000.0,26254000.0,26594000.0,-174047000.0,,,-188918000.0,46750000.0,42160000.0,188886000.0,0.925,,0.24405166553365057,5.956262425447316,,1,,,-0.860458939764156,,,0,false,,,3248000.0,,,-29.6615749275744,-585522000.0,2026-08-25,PaymentsToAcquirePropertyPlantAndEquipment,StockholdersEquity,,,NetIncomeLoss,NetCashProvidedByUsedInOperatingActivities,OperatingIncomeLoss,ShareBasedCompensation,3000.0,,,5059000.0,,-150207000.0,-304638000.0,9000.0,,,,,,,,,,,,,,,ineligible:gate0_status,,,
HMELF,1853630,Hold Me Ltd.,"",OTC,7372,Services-Prepackaged Software,us-gaap,20-F,,1231,2025,2025-12-31,false,false,"",unknown,"tangible_book,income_quality,fcf,sbc,ni_vs_oi,tax_anomaly","goodwill,intangibles",unresolved,never_acquired,never_acquired,"",,true,,,,,,,,,,,,false,,,,,,,,false,false,false,,false,false,true,,,false,,,,0.0,0.0,,,2282124.0,,NOT_EVALUABLE,,NOT_EVALUABLE,,NOT_EVALUABLE,,NOT_EVALUABLE,,NOT_EVALUABLE,,,NOT_EVALUABLE,,NOT_EVALUABLE,,0,insufficient,true,,,,,,,,,,false,0,,,,,,,,,,,,,,,,,,,,,,,,,,,,,,false,,,,,,,,2026-08-25,,,,,,,,,,,,,,,,,,,,,,,,,,,,,,,ineligible:gate0_status,,,
FRVO,1853868,Fervo Energy Co,"",Nasdaq,4911,Electric Services,us-gaap,10-Q,USD,1231,2025,2025-12-31,false,false,"",fail,"income_quality,fcf,sbc,ni_vs_oi,tax_anomaly","goodwill,intangibles",never_acquired,never_acquired,never_acquired,"",,true,,-187708000.0,,,,,288999000.0,,,,,false,,,,,,,,false,false,false,,false,false,true,,,false,,,-187708000.0,0.0,0.0,461836000.0,172837000.0,,true,FAIL,,NOT_EVALUABLE,,NOT_EVALUABLE,,NOT_EVALUABLE,,NOT_EVALUABLE,,,NOT_EVALUABLE,,NOT_EVALUABLE,,0,insufficient,true,,,,,,,,,,false,0,,,,,,,,,,,,,,2793837000.0,2106371000.0,228418000.0,83643000.0,,,,,,0,,,,,,0,false,,,,,,,,2026-08-25,,StockholdersEquity,,,,,,,,,,,,,,,,,,,,,,,,,,,,,ineligible:gate0_status,,,
CTNM,1855175,"Contineum Therapeutics, Inc.","",Nasdaq,2834,Pharmaceutical Preparations,us-gaap,10-Q,USD,1231,2025,2025-12-31,false,false,"tax_anomaly,ni_vs_oi",fail,sbc,"goodwill,intangibles",never_acquired,never_acquired,never_acquired,"",,false,,260989000.0,0.9222048084297576,-55543000.0,-65581000.0,,,-0.0,0.8812647849659854,,,false,,-2.36747205095294,,-59978000.0,-68059000.0,-55312000.0,231000.0,false,false,false,0.7151702786377709,false,false,false,"pretax_income,revenue,tax_expense",,false,0.32154,10038000.0,260989000.0,0.0,0.0,75603000.0,,27700855.0,false,PASS,false,PASS,true,FAIL,true,FAIL,,NOT_EVALUABLE,,true,FAIL,true,FAIL,,0,insufficient,true,,,,,,,,-2.36747205095294,,false,0,,,,0.8503608692665637,rising,,-57558000.0,-53006000.0,458000.0,12714000.0,-66178000.0,,,239660000.0,14711000.0,,37403789.0,,,,,,0,,,-0.1465523203541047,,,0,false,,,323000.0,,,,-60143000.0,2026-08-25,PaymentsToAcquirePropertyPlantAndEquipment,StockholdersEquity,,,NetIncomeLoss,NetCashProvidedByUsedInOperatingActivities,OperatingIncomeLoss,ShareBasedCompensation,0.0,,,383000.0,,-66379000.0,,,,,,,,,,,,,,,,,ineligible:gate0_status,,,
MOBX,1855467,"Mobix Labs, Inc.","",Nasdaq,3674,Semiconductors & Related Devices,us-gaap,10-Q,USD,930,2025,2025-09-30,false,false,"tax_anomaly,sbc",fail,"","",reported,reported,reported,"",,false,,-29921000.0,-0.21922351564024192,10087000.0,-15532000.0,2.584644874899112,2174000.0,-0.00015176480790911456,1.2238611943862256,,-0.17070217917675545,false,,-0.3416246522085301,9912000.0,-46131000.0,-37693000.0,10113000.0,26000.0,false,true,false,,false,false,false,"",-4.6540556900726395,false,-29.03921568627451,25619000.0,-336000.0,16066000.0,13519000.0,3273000.0,1099000.0,45465103.0,true,FAIL,true,FAIL,false,PASS,true,FAIL,true,FAIL,true,false,PASS,true,FAIL,false,2,insufficient,true,,,,,,,,-0.3416246522085301,,false,0,-3.802764326069411,,,-0.25597183799457524,falling,5516000.0,-48502000.0,994000.0,19000.0,15304000.0,-14329000.0,16066000.0,12324000.0,6248000.0,2142000.0,1010000.0,9683935.0,0.14188532555879493,-0.4083307036920164,-0.613699721226603,-0.6642553191489362,-0.26237909516577795,0,,,,,,0,false,,,,,-1692000.0,-3.802764326069411,-46124000.0,2026-08-25,PaymentsToAcquirePropertyPlantAndEquipment,StockholdersEquity,Goodwill,IntangibleAssetsNetExcludingGoodwill,NetIncomeLoss,NetCashProvidedByUsedInOperatingActivities,OperatingIncomeLoss,ShareBasedCompensation,7000.0,1036000.0,,,,-29443000.0,-48504000.0,-2000.0,,,,,,,,,,,,,,,ineligible:gate0_status,,,
AIRJW,1855474,AIRJOULE TECHNOLOGIES CORPORATION,"",Nasdaq,3585,Air-Cond & Warm Air Heatg Equip & Comm & Indl Refrig Equip,us-gaap,10-Q,USD,1231,2025,2025-12-31,false,false,ni_vs_oi,fail_stale,sbc,goodwill,carried_forward,never_acquired,carried_forward,intangibles,365,false,,-97362139.0,0.623276724691207,-5652553.0,-10519910.0,,,0.6691141677525145,0.6654273598893884,,,false,,,,-9040198.0,-13585552.0,-5634545.0,18008.0,false,false,false,,false,false,false,"",,false,,4867357.0,267937861.0,0.0,365300000.0,21848455.0,,,true,FAIL,true,FAIL,true,FAIL,true,FAIL,,NOT_EVALUABLE,,true,FAIL,false,PASS,,0,insufficient,true,,,,,,,,,,false,0,,,,0.3196910228075451,rising,,-84791175.0,-7231012.0,26138.0,5298311.0,-12555461.0,247233000.0,365300000.0,248637802.0,41417134.0,,,,,,,,0,,,-33.712510035157656,,,0,false,,,,,,,-27321200.0,2026-08-25,PaymentsToAcquirePropertyPlantAndEquipment,StockholdersEquity,,,NetIncomeLoss,NetCashProvidedByUsedInOperatingActivities,OperatingIncomeLoss,ShareBasedCompensation,-18281002.0,,,,,-13955248.0,-117535550.0,-32744375.0,,,,,,,,,,,,,,,ineligible:gate0_status,,,
CLDI,1855485,"Calidi Biotherapeutics, Inc.","",NYSE,2836,"Biological Products, (No Diagnostic Substances)",us-gaap,10-Q,USD,1231,2025,2025-12-31,false,false,"tax_anomaly,ni_vs_oi",fail,sbc,"goodwill,intangibles",never_acquired,never_acquired,never_acquired,"",,false,,3759000.0,1.0696774841756254,-21413000.0,-23521000.0,,5729000.0,-0.0007482043096568237,0.9834980237154151,,,false,,-5467.4569967457,,-19906000.0,-20240000.0,-21293000.0,120000.0,false,false,true,,false,false,false,"",,false,,2108000.0,3759000.0,0.0,0.0,5819000.0,90000.0,4302.0,false,PASS,false,PASS,true,FAIL,true,FAIL,,NOT_EVALUABLE,,true,FAIL,true,FAIL,,0,insufficient,true,,,,,-2.1356848912404467,,,-5467.4569967457,,false,0,,,,0.960882491609281,rising,,-17473000.0,-17751000.0,94000.0,1367000.0,-19212000.0,,,3133000.0,4290000.0,45000.0,1032000.0,,,,,,0,,,0.42266741384141215,,,0,false,,,,,,,-20048000.0,2026-08-25,PaymentsToAcquireMachineryAndEquipment,StockholdersEquity,,,NetIncomeLoss,NetCashProvidedByUsedInOperatingActivities,OperatingIncomeLoss,ShareBasedCompensation,15000.0,,,,,-17851000.0,-17491000.0,17000.0,,,,,,,,,,,,,,,ineligible:gate0_status,,,
ZURA,1855644,ZURA BIO LIMITED,"",Nasdaq,2836,"Biological Products, (No Diagnostic Substances)",us-gaap,10-Q,USD,1231,2025,2025-12-31,false,false,ni_vs_oi,fail,"sbc,tax_anomaly","goodwill,intangibles",never_acquired,never_acquired,never_acquired,"",,false,,101538000.0,0.9441369264384559,-64928000.0,-77260000.0,,,,0.9123408553278579,,,false,,-0.8205170642379475,,-68650000.0,-75246000.0,-64815000.0,113000.0,false,false,false,2.306122448979592,false,false,false,"",,false,,12332000.0,101538000.0,0.0,0.0,109407000.0,,94160138.0,false,PASS,false,PASS,true,FAIL,true,FAIL,,NOT_EVALUABLE,,true,FAIL,,NOT_EVALUABLE,,0,insufficient,true,,,,,,,,-0.8205170642379475,,false,0,,,,0.5764371192603511,rising,,-85742000.0,-64827731.0,112973.0,12334089.0,-77274793.0,,,197085000.0,205134000.0,,119553659.0,,,,,,0,,,-0.7041036717062635,,,0,false,,,49000.0,,,,-68650000.0,2026-08-25,PaymentsToAcquirePropertyPlantAndEquipment,StockholdersEquity,,,NetIncomeLoss,NetCashProvidedByUsedInOperatingActivities,OperatingIncomeLoss,ShareBasedCompensation,,,,49012.0,,-92750000.0,-85823000.0,,,,,,,,,,,,,,,,ineligible:gate0_status,,,
ZVSA,1859007,"ZYVERSA THERAPEUTICS, INC.","",OTC,2834,Pharmaceutical Preparations,us-gaap,10-Q,USD,1231,2025,2025-12-31,false,false,"tax_anomaly,ni_vs_oi",fail,"tangible_book,fcf,sbc","",unresolved,unresolved,unresolved,"",,false,,,0.2049656750150226,,,,,0.03300487439232861,0.9788052182802207,,,false,,,,-24952378.0,-25492690.0,-5114381.0,,false,false,false,,false,false,false,"",,false,,222831.0,-12386786.0,,,101778.0,,5963943.0,,NOT_EVALUABLE,true,FAIL,,NOT_EVALUABLE,,NOT_EVALUABLE,,NOT_EVALUABLE,,true,FAIL,true,FAIL,,1,insufficient,true,,,,,,,,,,false,0,,,,0.3641642069921272,rising,,-24488829.0,-4141447.0,,124812.0,,11895033.0,30806158.0,-14124295.0,302660.0,,8095921.0,,,,,,0,,,,,,0,false,,,,,,,-25804037.0,2026-08-25,,StockholdersEquity,,,NetIncomeLoss,NetCashProvidedByUsedInOperatingActivities,OperatingIncomeLoss,ShareBasedCompensation,-851659.0,,,,,-24652817.0,-26550126.0,-854621.0,,,,,,,,,,,,,,,ineligible:gate0_status,,,
MCAG,1859035,MOUNTAIN CREST ACQUISITION CORP. V,"",OTC,3841,Surgical & Medical Instruments & Apparatus,us-gaap,10-Q,USD,1231,2025,2025-12-31,false,false,"tax_anomaly,ni_vs_oi",fail,"fcf,sbc","goodwill,intangibles",never_acquired,never_acquired,never_acquired,"",,true,,-3684374.0,1.7209302325581395,,,,,-0.021062503108222996,0.9138987922387882,,,false,,,,-431161.0,-471782.0,-741998.0,,false,false,false,,false,false,false,"",,false,,,-3684374.0,0.0,0.0,11909.0,,,true,FAIL,false,PASS,,NOT_EVALUABLE,,NOT_EVALUABLE,,NOT_EVALUABLE,,true,FAIL,true,FAIL,,0,insufficient,true,,,,,,,,,,false,0,,,,1.4633768921166712,rising,,-248006.0,-664271.0,,,,,,-3800349.0,18299.0,,,,,,,,0,,,,,,0,false,,,,,,,-422267.0,2026-08-25,,StockholdersEquity,,,NetIncomeLoss,NetCashProvidedByUsedInOperatingActivities,OperatingIncomeLoss,,8894.0,,,,,-381022.0,-240920.0,7086.0,,,,,,,,,,,,,,,ineligible:gate0_status,,,
YSWY,1859836,"Yesway, Inc.","",Nasdaq,5411,Retail-Grocery Stores,us-gaap,10-Q,USD,1231,2025,2025-12-31,false,false,"",unknown,"income_quality,fcf,sbc,ni_vs_oi,tax_anomaly","",reported,reported,reported,"",,true,,23128000.0,,,,,-395719000.0,,,,,false,,,,,,,,false,false,false,,false,false,true,,,false,,,582070000.0,277996000.0,280946000.0,36592000.0,432311000.0,,false,PASS,,NOT_EVALUABLE,,NOT_EVALUABLE,,NOT_EVALUABLE,,NOT_EVALUABLE,,,NOT_EVALUABLE,,NOT_EVALUABLE,,0,insufficient,true,,,,,,,,,,false,0,,,,,,,,,,,,277996000.0,280956000.0,393806000.0,81608000.0,392273000.0,100.0,,,,,,0,,,,,,0,false,,,,,,,,2026-08-25,,StockholdersEquity,Goodwill,IntangibleAssetsNetExcludingGoodwill,,,,,,,,,,,,,,,,,,,,,,,,,,,ineligible:gate0_status,,,
FLY,1860160,Firefly Aerospace Inc.,"",Nasdaq,3760,Guided Missiles & Space Vehicles & Parts,us-gaap,10-Q,USD,1231,2025,2025-12-31,false,false,"",fail,"","",reported,reported,reported,"",,false,,-1454552000.0,0.6868807400951934,-237750000.0,-255590000.0,0.11160113853179444,,0.11067523579000084,1.1444331921684159,1.7354289825154046,3.7454630759125456,true,,-3.6932836252239754,159855000.0,-298340000.0,-260688000.0,-204924000.0,32826000.0,false,false,false,1.4176023492831231,false,false,false,"",-1.8663163491914547,false,-2.387526025165203,17840000.0,-838724000.0,450119000.0,165709000.0,792966000.0,,69204000.0,true,FAIL,true,FAIL,true,FAIL,true,FAIL,false,PASS,true,false,PASS,false,PASS,true,2,insufficient,true,,,,,,,,-3.6932836252239754,,false,0,-1.6307778924650465,,,0.6862414239018261,falling,287013000.0,-363464000.0,-264415000.0,62078000.0,46188000.0,-372681000.0,466984000.0,152286000.0,1222925000.0,459817000.0,,160711000.0,,,,6.5685253070937035,,0,,,,,,0,true,277417000.0,,23156000.0,,598731000.0,-1.6307778924650465,-335468000.0,2026-08-25,PaymentsToAcquirePropertyPlantAndEquipment,StockholdersEquityIncludingPortionAttributableToNoncontrollingInterest,Goodwill,IntangibleAssetsNetExcludingGoodwill,NetIncomeLoss,NetCashProvidedByUsedInOperatingActivities,OperatingIncomeLoss,ShareBasedCompensation,-37128000.0,281116000.0,,45128000.0,,-338659000.0,-400560000.0,-37096000.0,,,,,,,,,,,,,,,ineligible:gate0_status,,,
TVGN,1860871,Tevogen Inc.,"",Nasdaq,2836,"Biological Products, (No Diagnostic Substances)",us-gaap,10-Q,USD,1231,2025,2025-12-31,false,false,"",fail,"sbc,tax_anomaly","goodwill,intangibles",never_acquired,never_acquired,never_acquired,"",,false,,-8234726.0,0.46920549203529743,-12393016.0,-28615877.0,,,,1.0051612219575627,,,false,,-8.619728165329844,,-26275432.0,-26140515.0,-12328577.0,64439.0,false,false,false,,false,false,false,"",,false,,16222861.0,-8234726.0,0.0,0.0,0.0,,3319812.0,true,FAIL,true,FAIL,true,FAIL,true,FAIL,,NOT_EVALUABLE,,false,PASS,,NOT_EVALUABLE,,0,insufficient,true,,,,,,,,-8.619728165329844,,false,0,,,,0.49279599248989175,rising,,-21612587.0,-11569983.0,,11829043.0,,,,-8888760.0,1082155.0,,3658135.0,,,,,,0,,,,,,0,false,,,,,,,,2026-08-25,PaymentsToAcquirePropertyPlantAndEquipment,StockholdersEquity,,,NetIncomeLoss,NetCashProvidedByUsedInOperatingActivities,OperatingIncomeLoss,ShareBasedCompensation,4750.0,,,,,-21402928.0,,,,,,,,,,,,,,,,,ineligible:gate0_status,,,
CBLL,1861107,"CeriBell, Inc.","",Nasdaq,3845,Electromedical & Electrotherapeutic Apparatus,us-gaap,10-Q,USD,1231,2025,2025-12-31,false,false,"tax_anomaly,ni_vs_oi",fail,"","goodwill,intangibles",never_acquired,never_acquired,never_acquired,"",,false,,155336000.0,0.7640230659776829,-41575000.0,-53798000.0,0.1372399312845963,,-0.0,0.9145577206260059,,,false,,-1.4722218086955607,89063000.0,-53412000.0,-58402000.0,-40808000.0,767000.0,false,false,false,0.5719612229679344,false,false,false,"",-0.5997103174157619,false,-0.6642564953012714,12223000.0,155336000.0,0.0,0.0,40476000.0,,36542048.0,false,PASS,true,FAIL,true,FAIL,true,FAIL,false,PASS,true,true,FAIL,true,FAIL,,0,insufficient,true,,,,,,,,-1.4722218086955607,,false,0,-0.6557380730494144,,,0.87329772609754,falling,101964000.0,-65997000.0,-54032000.0,690000.0,16429000.0,-71151000.0,,,128313000.0,32663000.0,,37848625.0,,0.31369584181448096,0.2929578839490508,0.32539270720317,,1,,,-0.6814128646870401,,,0,false,,,1341000.0,,,-0.6557380730494144,-53412000.0,2026-08-25,PaymentsToAcquirePropertyPlantAndEquipment,StockholdersEquity,,,NetIncomeLoss,NetCashProvidedByUsedInOperatingActivities,OperatingIncomeLoss,ShareBasedCompensation,0.0,,,1166000.0,,-69969000.0,-65997000.0,0.0,,,,,,,,,,,,,,,ineligible:gate0_status,,,
EIKN,1861123,"EIKON THERAPEUTICS, INC.","",Nasdaq,2836,"Biological Products, (No Diagnostic Substances)",us-gaap,10-Q,USD,1231,2025,2025-06-30,false,false,"",fail,"income_quality,fcf,sbc,ni_vs_oi,tax_anomaly","goodwill,intangibles",never_acquired,never_acquired,never_acquired,"",,true,,-640137000.0,,,,,,,,,,false,,,,,,,,false,false,false,,false,false,true,,,false,,,-640137000.0,0.0,0.0,136564000.0,,,true,FAIL,,NOT_EVALUABLE,,NOT_EVALUABLE,,NOT_EVALUABLE,,NOT_EVALUABLE,,,NOT_EVALUABLE,,NOT_EVALUABLE,,0,insufficient,true,,,,,,,,,,false,0,,,,,,,,,,,,,,466500000.0,142613000.0,,43978373.0,,,,,,0,,,,,,0,false,,,,,,,,2026-08-25,,StockholdersEquity,,,,,,,,,,,,,,,,,,,,,,,,,,,,,ineligible:gate0_status,,,
JTAI,1861622,Jet.AI Inc.,"",Nasdaq,4522,"Air Transportation, Nonscheduled",us-gaap,10-Q,USD,1231,2025,2025-12-31,false,false,"sbc,ni_vs_oi",fail,"fcf,tax_anomaly",goodwill,never_acquired,never_acquired,reported,"",,false,,21888262.0,-1.792165071640018,,,0.17717839208600522,,,-0.4557697731416564,,,false,,,9177767.0,4589474.0,-10069720.0,-8225095.0,,false,false,false,,false,false,false,dep_amort,0.5000643402692616,false,-1.0242242943583049,1626102.0,21975007.0,0.0,86745.0,1819503.0,,13766617.0,false,PASS,true,FAIL,,NOT_EVALUABLE,,NOT_EVALUABLE,true,FAIL,true,true,FAIL,,NOT_EVALUABLE,,0,insufficient,true,-0.2512372590601415,,,,,,,,,false,0,-1.0971862763567652,,,-0.2820986846390669,falling,10478610.0,5186528.0,-8938802.0,,440798.0,,,86745.0,39983716.0,10608614.0,,866305.0,-0.2782153933157019,-0.5632329970467604,-0.5161406742227536,1.390109618581248,0.5052067358514857,2,,,,,,0,false,,,,,,-1.0971862763567652,4589474.0,2026-08-25,,StockholdersEquity,,IntangibleAssetsNetExcludingGoodwill,NetIncomeLoss,NetCashProvidedByUsedInOperatingActivities,OperatingIncomeLoss,ShareBasedCompensation,,,,,,-9966780.0,5186528.0,,,,,,,,,,,,,,,,ineligible:gate0_status,,,
ZKH,1862044,ZKH Group Limited,"",NYSE,5200,"Retail-Building Materials, Hardware, Garden Supply",us-gaap,20-F,,1231,2025,2025-12-31,false,false,"",unknown,"tangible_book,income_quality,fcf,sbc,ni_vs_oi,tax_anomaly","goodwill,intangibles",unresolved,never_acquired,never_acquired,"",,true,,,,,,,,,,,,false,,,,,,,,false,false,false,,false,false,true,,,false,,,,0.0,0.0,,,5686064402.0,,NOT_EVALUABLE,,NOT_EVALUABLE,,NOT_EVALUABLE,,NOT_EVALUABLE,,NOT_EVALUABLE,,,NOT_EVALUABLE,,NOT_EVALUABLE,,0,insufficient,true,,,,,,,,,,false,0,,,,,,,,,,,,,,,,,,,,,,,,,,,,,,false,,,,,,,,2026-08-25,,,,,,,,,,,,,,,,,,,,,,,,,,,,,,,ineligible:gate0_status,,,
CURR,1862935,CURRENC GROUP INC.,"",Nasdaq,7389,"Services-Business Services, NEC",us-gaap,10-Q,USD,1231,2025,2025-12-31,false,false,tax_anomaly,fail,"","",reported,reported,reported,"",,false,,-17241586.0,-0.4266691349539318,7384962.0,3420905.0,0.1048322835842806,74094019.0,-0.008114248691310845,2.3223614909374253,,-0.10240078609330368,false,,0.05564813602766718,37813323.0,-18431134.0,-7936376.0,7863996.0,479034.0,false,false,false,,false,false,false,buybacks,-0.4874243398285837,false,-0.12479091072164547,3964057.0,-5668155.0,9727871.0,1845560.0,75244405.0,1150386.0,61473847.0,true,FAIL,true,FAIL,false,PASS,false,PASS,false,PASS,true,false,PASS,true,FAIL,false,3,insufficient,true,,,,,,,,0.05564813602766718,,false,1,-0.2098830615865207,,,0.16153937349514394,falling,43386858.0,-41114695.0,2183300.0,739774.0,,,12059428.0,3000978.0,-68387147.0,62300298.0,3677066.0,35374891.0,,,-0.11595222786835396,-0.23264082609725198,,0,,,,-6.136720593914947,,0,false,,,,,-3872114.0,-0.2098830615865207,-18354626.0,2026-08-25,PaymentsToAcquirePropertyPlantAndEquipment,StockholdersEquity,Goodwill,IntangibleAssetsNetExcludingGoodwill,NetIncomeLoss,NetCashProvidedByUsedInOperatingActivities,OperatingIncomeLoss,ShareBasedCompensation,148934.0,,,,,-30275980.0,-40125939.0,556253.0,,,,,,,,,,,,,,,ineligible:gate0_status,,,
ADUR,1863934,ADURO CLEAN TECHNOLOGIES INC.,"",Nasdaq,2800,Chemicals & Allied Products,ifrs-full,40-F,CAD,531,2025,2025-05-31,false,false,sbc,fail,tax_anomaly,"goodwill,intangibles",never_acquired,never_acquired,never_acquired,"",,false,,11792377.0,0.7396679013880529,-10424510.0,-13660098.0,13.994031451654758,,,1.0174120697347262,,,false,,-0.5017385520134962,231212.0,-12145790.0,-11937926.0,-8983851.0,1440659.0,false,false,false,2.6862831016852446,false,false,true,,-52.530967250834735,false,,3235588.0,11792377.0,0.0,0.0,6957846.0,,27225530.0,false,PASS,true,FAIL,true,FAIL,true,FAIL,true,FAIL,true,false,PASS,,NOT_EVALUABLE,,0,insufficient,true,,,,,,,,-0.5017385520134962,,false,0,-51.63194816878017,,,0.7200503255866055,,,,,,,,,,,,,,,,,,,,,,,,,,false,,,536302.0,,,-51.63194816878017,,2026-08-25,PurchaseOfPropertyPlantAndEquipmentClassifiedAsInvestingActivities,Equity,,,ProfitLoss,CashFlowsFromUsedInOperatingActivities,ProfitLossFromOperatingActivities,AdjustmentsForSharebasedPayments,0.0,,,,,,,,,,,,,,,,,,,,,,ineligible:gate0_status,,,
MSAI,1863990,"MultiSensor AI Holdings, Inc.","",Nasdaq,3827,Optical Instruments & Lenses,us-gaap,10-Q,USD,1231,2025,2025-12-31,false,false,"tax_anomaly,sbc,ni_vs_oi",fail,"","goodwill,intangibles",never_acquired,never_acquired,never_acquired,"",,false,,32032000.0,0.6847092973619056,-9651000.0,-11316000.0,0.2999459556836606,,0.002724563644103874,0.9751894097077679,,,false,,-0.3029833984857417,5551000.0,-11713000.0,-12011000.0,-8020000.0,1631000.0,false,false,false,,false,false,false,"",-2.110070257611241,false,-3.9552486187845304,1665000.0,32032000.0,0.0,0.0,24365000.0,,37348581.0,false,PASS,true,FAIL,true,FAIL,true,FAIL,true,FAIL,true,true,FAIL,true,FAIL,,0,insufficient,true,-0.0859174121773395,,,,-1.022979436110456,,,-0.3029833984857417,,false,0,-2.1637542785083768,,,0.5377660735496269,rising,6271000.0,-8886000.0,-8120000.0,1074000.0,704000.0,-9898000.0,,,28492000.0,21005000.0,,2040995.0,-0.3322352941176471,-0.017478152309612985,0.37948717948717947,0.1945031712473573,0.19771807278918058,0,,,0.49903073940736636,,,0,false,,,,,,-2.1637542785083768,-11745000.0,2026-08-25,PaymentsToAcquireProductiveAssets,StockholdersEquity,,,NetIncomeLoss,NetCashProvidedByUsedInOperatingActivities,OperatingIncomeLoss,ShareBasedCompensation,-32000.0,,,,,-9271000.0,-8917000.0,-31000.0,,,,,,,,,,,,,,,ineligible:gate0_status,,,
VSEE,1864531,"VSee Health, Inc.","",OTC,8000,Services-Health Services,us-gaap,10-Q,USD,1231,2025,2025-12-31,false,false,tax_anomaly,fail,"","",reported,reported,reported,"",,false,,-8249326.0,0.23419888057038576,-3475661.0,-4600180.0,0.07692603951352645,3577329.0,-0.0009221940036699293,1.5353244578646552,,-0.15118156947538763,false,-9.564843114834636e-6,-0.22837165516256372,14618184.0,-14712850.0,-9582893.0,-3445733.0,29928.0,false,false,false,,false,false,false,"",-1.0064759069936458,false,-0.3249436470247693,1124519.0,5452368.0,4916694.0,8785000.0,5051445.0,1474116.0,20143393.0,true,FAIL,true,FAIL,true,FAIL,true,FAIL,false,PASS,false,false,PASS,true,FAIL,false,2,insufficient,true,,,,,,,,-0.22837165516256372,,false,0,-0.6555460650926271,,,0.1675488027094876,rising,15806556.0,-13514011.0,-6306555.0,129928.0,1004344.0,-7440827.0,4916694.0,7680004.0,7592775.0,454151.0,1116163.0,51280293.0,-0.3834938296273705,0.18668348816805921,-0.048562615817924815,0.4801907901034031,0.2355807755206337,1,,,-4.479949863606018,,,0,false,,44.0,,,-2210000.0,-0.6555460650926271,-14644424.0,2026-08-25,PaymentsToAcquirePropertyPlantAndEquipment,StockholdersEquityIncludingPortionAttributableToNoncontrollingInterest,Goodwill,IntangibleAssetsNetExcludingGoodwill,NetIncomeLoss,NetCashProvidedByUsedInOperatingActivities,OperatingIncomeLoss,AllocatedShareBasedCompensationExpense,13505.0,,50000.0,,,-10836619.0,-13455558.0,3532.0,,,,,,,,,,,,,,,ineligible:gate0_status,,,
ALSAF,1865111,ALPHA STAR ACQUISITION CORPORATION,"",OTC,7372,Services-Prepackaged Software,us-gaap,10-Q,USD,1231,2025,2025-12-31,false,false,ni_vs_oi,fail,"fcf,sbc,tax_anomaly","goodwill,intangibles",never_acquired,never_acquired,never_acquired,"",,true,,-2965785.0,0.7695089298363257,,,,,,0.95432995637596,,,false,,,,-847048.0,-887584.0,-651811.0,,false,false,false,,false,false,false,"",,false,,,-2965785.0,0.0,0.0,,,,true,FAIL,true,FAIL,,NOT_EVALUABLE,,NOT_EVALUABLE,,NOT_EVALUABLE,,true,FAIL,,NOT_EVALUABLE,,0,insufficient,true,,,,,,,,,,false,0,,,,0.18019165367975742,rising,,-812079.0,-785962.0,,,,,,-3243398.0,101629.0,,,,,,,,0,,,,,,0,false,,10819317.0,,,,,-847048.0,2026-08-25,,StockholdersEquity,,,NetIncomeLoss,NetCashProvidedByUsedInOperatingActivities,OperatingIncomeLoss,,,,10819316.0,,,-836385.0,-812079.0,,,,,,,,,,,,,,,,ineligible:gate0_status,,,
ZEO,1865506,Zeo Energy Corp.,"",Nasdaq,1700,Construction - Special Trade Contractors,us-gaap,10-Q,USD,1231,2025,2025-12-31,false,false,"tax_anomaly,ni_vs_oi",fail_stale,"","",carried_forward,reported,carried_forward,intangibles,365,false,,-29332519.0,0.620427841048533,-9914821.0,-16312746.0,0.09225567007716719,6058827.0,-0.013614025499556336,0.6822844310566482,,,true,,,69349938.0,-14008754.0,-20532132.0,-8691421.0,1223400.0,false,false,false,8.96441054274472,false,false,false,"",-0.20200095925103784,false,0.0468527678036232,6397925.0,5330332.0,27091695.0,7571156.0,6137939.0,79112.0,,true,FAIL,true,FAIL,true,FAIL,true,FAIL,false,PASS,false,true,FAIL,true,FAIL,true,1,insufficient,true,,,,,,,,,,false,0,-0.29606561436291406,,,-0.03477159720356149,rising,71818720.0,-11079557.0,-5455775.0,822690.0,4423375.0,-10701840.0,27091695.0,2938804.0,9263661.0,2451981.0,42815.0,13252964.0,0.22341154582721917,0.21561519398939002,0.5010703354340058,-0.10675474935545547,-0.07050437441034081,0,,,0.5985669282735765,,,0,false,,,136473.0,621063.0,,-0.29606561436291406,-19365984.0,2026-08-25,PaymentsToAcquirePropertyPlantAndEquipment,StockholdersEquity,Goodwill,,NetIncomeLoss,NetCashProvidedByUsedInOperatingActivities,OperatingIncomeLoss,ShareBasedCompensation,263649.0,,,136472.0,,-11921307.0,-11140287.0,-68204.0,,,,,,,,,,,,,,,ineligible:gate0_status,,,
BTSG,1865782,"BrightSpring Health Services, Inc.","",Nasdaq,8082,Services-Home Health Care Services,us-gaap,10-Q,USD,1231,2025,2025-12-31,false,false,"",fail,"","",reported,reported,reported,"",,false,,-1228163000.0,2.570825422466512,394685000.0,324586000.0,0.0054295846409188634,-2419174000.0,0.2402838894889844,0.6457737796865051,0.015844698961253744,0.011162951517842287,true,0.13300943355535974,1.476908096499131,12910564000.0,190666000.0,295252000.0,490169000.0,95484000.0,false,false,false,,false,false,false,"",0.01476821616778322,false,0.00755751905860032,70099000.0,1875065000.0,2545673000.0,557555000.0,88370000.0,2507544000.0,219774000.0,true,FAIL,false,PASS,false,PASS,false,PASS,false,PASS,false,false,PASS,false,PASS,false,3,insufficient,true,0.18694921482456284,,,,-0.6645706042090971,,,1.476908096499131,,false,1,0.022869024157271517,,,-0.03626698879572654,rising,14371598000.0,365973000.0,506354000.0,104003000.0,54785000.0,347566000.0,2535244000.0,514424000.0,2048717000.0,550381000.0,2190760000.0,221191000.0,0.2909639438713112,0.2817425916749352,0.25557992709847266,0.23046747178414193,-0.020765208083797036,0,,,0.20761975085153514,,,0,true,204564000.0,43173000.0,,,144120000.0,0.022869024157271517,137941000.0,2026-08-25,PaymentsToAcquirePropertyPlantAndEquipment,StockholdersEquity,Goodwill,IntangibleAssetsNetExcludingGoodwill,NetIncomeLoss,NetCashProvidedByUsedInOperatingActivities,OperatingIncomeLoss,ShareBasedCompensation,33145000.0,240013000.0,,,,447796000.0,295532000.0,47606000.0,,,,,,,,,,,,,,,ineligible:gate0_status,,,
EMAT,1866226,Evolution Metals & Technologies Corp.,"",Nasdaq,3690,"Miscellaneous Electrical Machinery, Equipment & Supplies",us-gaap,10-Q,USD,1231,2025,2025-12-31,false,false,"tax_anomaly,ni_vs_oi",fail,"tangible_book,fcf,sbc",goodwill,unresolved,never_acquired,unresolved,"",,true,,,0.7422915871492829,,,,,-0.022096168740818253,0.876798304261738,,,false,,,,-1789441.0,-2040881.0,-1328287.0,,false,false,false,,false,false,false,buybacks,,false,,,-654868000.0,0.0,,4022.0,,,,NOT_EVALUABLE,true,FAIL,,NOT_EVALUABLE,,NOT_EVALUABLE,,NOT_EVALUABLE,,true,FAIL,true,FAIL,,0,insufficient,true,,,,,,,,,,false,0,,,,9.055844655597003,falling,,-395125441.0,-11684287.0,,,,58909000.0,6347000.0,-18862000.0,5254000.0,3555000.0,617779981.0,,,,,,0,,,,,,0,false,,,,,,,-1750756.0,2026-08-25,,StockholdersEquity,,,NetIncomeLoss,NetCashProvidedByUsedInOperatingActivities,OperatingIncomeLoss,,38685.0,,,,,-24180881.0,-395137756.0,-37965.0,,,,,,,,,,,,,,,ineligible:gate0_status,,,
OPTX,1866816,"SYNTEC OPTICS HOLDINGS, INC.","",Nasdaq,3827,Optical Instruments & Lenses,us-gaap,10-Q,USD,1231,2025,2025-12-31,false,false,tax_anomaly,fail,tangible_book,goodwill,unresolved,never_acquired,unresolved,"",,false,,,-0.37509751972282374,28343.0,-271657.0,0.01068224470280838,,-0.32509190599171645,3.4645034775888717,,,false,,-0.0073579452086777585,28083985.0,-1793227.0,-517600.0,672635.0,644292.0,false,true,false,0.2465501492597855,false,false,false,"",-0.06385229873894321,false,0.052345456262282965,300000.0,9540855.0,0.0,,,2629133.0,36920226.0,,NOT_EVALUABLE,true,FAIL,false,PASS,true,FAIL,false,PASS,false,false,PASS,true,FAIL,,0,insufficient,true,0.0029210454721140255,,,,,,,-0.0073579452086777585,,false,0,-0.018430432860578726,,,0.4726286928032451,falling,29242712.0,-2414591.0,702011.0,1110005.0,,,,250000.0,30475179.0,325098.0,2757685.0,38078711.0,-0.06373751070510991,-0.11646245306752619,-0.07860697390113115,0.2613636346312308,0.10131589151754172,2,,,1.072943152118639,,,0,false,,,2613229.0,,,-0.018430432860578726,-1353285.0,2026-08-25,PaymentsToAcquirePropertyPlantAndEquipment,StockholdersEquity,,,NetIncomeLoss,NetCashProvidedByUsedInOperatingActivities,OperatingIncomeLoss,ShareBasedCompensation,439942.0,,,2676649.0,,-1354461.0,-1984237.0,-117886.0,,,,,,,,,,,,,,,ineligible:gate0_status,,,
WRD,1867729,WeRide Inc.,"",Nasdaq,7373,Services-Computer Integrated Systems Design,ifrs-full,20-F,CNY,1231,2024,2024-12-31,false,false,"tax_anomaly,sbc",fail,"","",reported,reported,reported,"",,false,,-3737396000.0,0.23585231769765513,-677599000.0,-1865466000.0,3.289269357080751,1748884000.0,-0.0023369734043824225,1.151760744981084,,-0.008113331893424601,false,,,361134000.0,-2516808000.0,-2185183000.0,-593595000.0,84004000.0,false,false,false,,false,false,false,"",-6.969180415026002,false,-1.47709286257234,1187867000.0,-3670974000.0,44758000.0,21664000.0,1828943000.0,80059000.0,,true,FAIL,true,FAIL,true,FAIL,true,FAIL,true,FAIL,true,false,PASS,true,FAIL,false,2,insufficient,true,,,,,,,,,,false,0,-6.050892466508277,,,0.3319243202256507,falling,410451000.0,-2426625000.0,-929811000.0,185086000.0,1115489000.0,-2230386000.0,44758000.0,19544000.0,6463756000.0,3836137000.0,149809000.0,,,,,,,0,,,,,,0,false,,,,,-2930000.0,-6.050892466508277,-2510940000.0,2026-08-25,PurchaseOfPropertyPlantAndEquipmentClassifiedAsInvestingActivities,Equity,Goodwill,IntangibleAssetsOtherThanGoodwill,ProfitLoss,CashFlowsFromUsedInOperatingActivities,ProfitLossFromOperatingActivities,ExpenseFromSharebasedPaymentTransactionsWithEmployees,5868000.0,,,,,-2376277000.0,-2420471000.0,6154000.0,,,,,,,,,,,,,,,ineligible:gate0_status,,,
AVBP,1868279,"ARRIVENT BIOPHARMA, INC.","",Nasdaq,2834,Pharmaceutical Preparations,us-gaap,10-Q,USD,1231,2025,2025-12-31,false,false,ni_vs_oi,unknown,"fcf,sbc,tax_anomaly","goodwill,intangibles",never_acquired,never_acquired,never_acquired,"",,false,,307224000.0,0.9656059840777352,,,,,,0.9367670418060766,,,false,,,,-166308000.0,-177534000.0,-160588000.0,,false,false,false,,false,false,false,"",,false,,12520000.0,307224000.0,0.0,0.0,45540000.0,,38462600.0,false,PASS,false,PASS,,NOT_EVALUABLE,,NOT_EVALUABLE,,NOT_EVALUABLE,,true,FAIL,,NOT_EVALUABLE,,0,insufficient,true,,,,,,,,,,false,0,,,,0.8811173707231181,rising,,-163735000.0,-147929000.0,,19088000.0,,,,366841000.0,154682000.0,,46351614.0,,,,,,0,,,,,,0,false,,,-3026000.0,,,,,2026-08-25,,StockholdersEquity,,,NetIncomeLoss,NetCashProvidedByUsedInOperatingActivities,OperatingIncomeLoss,ShareBasedCompensation,,,,,,-175940000.0,,,,,,,,,,,,,,,,,ineligible:gate0_status,,,
CYCU,1868419,"Cycurion, Inc.","",Nasdaq,7371,Services-Computer Programming Services,us-gaap,10-Q,USD,1231,2025,2025-12-31,false,false,"tax_anomaly,sbc",fail,"","",reported,reported,reported,"",,false,,-741448.0,0.5107118282706775,-12541357.0,-16440224.0,0.25762904341564197,,-0.0,1.0107131103313785,,0.9399719710655337,false,-0.06090038675872056,-9.321741418189509,15133647.0,-23665708.0,-23414862.0,-12086357.0,455000.0,false,false,false,,false,false,false,"",-1.563780891677994,false,0.01686860420311761,3898867.0,20101060.0,20842508.0,0.0,5255235.0,,1763643.0,true,FAIL,true,FAIL,true,FAIL,true,FAIL,true,FAIL,true,false,PASS,true,FAIL,true,3,insufficient,true,,,,,,,,-9.321741418189509,,false,0,-1.5472055083615999,,,0.11446445369573033,falling,14401378.0,-14112703.0,-11957411.0,473000.0,3266645.0,-15697056.0,27617398.0,0.0,22783109.0,1873287.0,,6826267.0,-0.2226209842537318,-0.13872966018918997,-0.15540626090102194,-0.0336527418937914,0.05502281263679894,1,,,-0.07236842338964494,,,0,false,,1001216.0,,,14225204.0,-1.5472055083615999,-24059084.0,2026-08-25,PaymentsToAcquirePropertyPlantAndEquipment,StockholdersEquity,Goodwill,FiniteLivedIntangibleAssetsNet,NetIncomeLoss,NetCashProvidedByUsedInOperatingActivities,OperatingIncomeLoss,ShareBasedCompensation,0.0,,0.0,,,-13807156.0,-15121537.0,0.0,,,,,,,,,,,,,,,ineligible:gate0_status,,,
BBOT,1869105,"BRIDGEBIO ONCOLOGY THERAPEUTICS, INC.","",Nasdaq,2834,Pharmaceutical Preparations,us-gaap,10-Q,USD,1231,2025,2025-12-31,false,false,ni_vs_oi,fail,"sbc,tax_anomaly","goodwill,intangibles",never_acquired,never_acquired,never_acquired,"",,false,,411096000.0,0.8496762257169288,-114500000.0,-120373000.0,,,,0.9192492062076958,,,false,,-3.8649500598414983,,-134044000.0,-145819000.0,-113894000.0,606000.0,false,false,false,,false,false,false,"",,false,,5873000.0,411096000.0,0.0,0.0,373687000.0,,31144775.0,false,PASS,false,PASS,true,FAIL,true,FAIL,,NOT_EVALUABLE,,true,FAIL,,NOT_EVALUABLE,,0,insufficient,true,,,,,,,,-3.8649500598414983,,false,0,,,,0.795265578358296,,,-182114000.0,-151280000.0,284000.0,15469000.0,-167033000.0,,,323112000.0,54063000.0,,80072000.0,,,,,,0,,,-0.8187844744699155,,,0,false,,,,,,,,2026-08-25,PaymentsToAcquirePropertyPlantAndEquipment,StockholdersEquity,,,NetIncomeLoss,NetCashProvidedByUsedInOperatingActivities,OperatingIncomeLoss,ShareBasedCompensation,0.0,,,,,-198955000.0,,0.0,,,,,,,,,,,,,,,ineligible:gate0_status,,,
OCEA,1869974,"OCEAN BIOMEDICAL, INC.","",OTC,2834,Pharmaceutical Preparations,us-gaap,10-Q,USD,1231,2024,2024-12-31,false,false,"",fail,"fcf,sbc,tax_anomaly","goodwill,intangibles",never_acquired,never_acquired,never_acquired,"",,false,,-97616000.0,0.4409282700421941,,,,,,2.4960505529225907,,,false,,,,-9480000.0,-3798000.0,-4180000.0,,false,false,false,,false,false,false,"",,false,,745000.0,-97616000.0,0.0,0.0,200000.0,,27502537.0,true,FAIL,true,FAIL,,NOT_EVALUABLE,,NOT_EVALUABLE,,NOT_EVALUABLE,,false,PASS,,NOT_EVALUABLE,,0,insufficient,true,,,,,,,,,,false,0,,,,0.19350194378034172,rising,,-30719000.0,-4051000.0,,745000.0,,,,-92399000.0,800000.0,,91024268.0,,,,,,0,,,,,,0,false,,,,,,,,2026-08-25,,StockholdersEquity,,,NetIncomeLoss,NetCashProvidedByUsedInOperatingActivities,OperatingIncomeLoss,AllocatedShareBasedCompensationExpense,,,,,,-4161000.0,,,,,,,,,,,,,,,,,ineligible:gate0_status,,,
CERO,1870404,"CERO THERAPEUTICS HOLDINGS, INC.","",OTC,2836,"Biological Products, (No Diagnostic Substances)",us-gaap,10-Q,USD,1231,2025,2025-12-31,false,false,"",fail,"fcf,sbc,ni_vs_oi,tax_anomaly","goodwill,intangibles",never_acquired,never_acquired,never_acquired,"",,false,,-5446462.0,0.8082223014938257,,,,,,,,,false,,,,-19920262.0,,-16100000.0,,false,false,false,,false,false,false,"pretax_income,tax_expense",,false,,1096056.0,-5446462.0,0.0,0.0,1662380.0,,,true,FAIL,false,PASS,,NOT_EVALUABLE,,NOT_EVALUABLE,,NOT_EVALUABLE,,,NOT_EVALUABLE,,NOT_EVALUABLE,,0,insufficient,true,,,,,,,,,,false,0,,,,0.5086168031325039,rising,,-16311760.0,-12120257.0,,3347322.0,,,,-30505297.0,862756.0,,38567412.0,,,,,,0,,,,,,0,false,,,,127144.0,,,-19920262.0,2026-08-25,,StockholdersEquity,,,NetIncomeLoss,NetCashProvidedByUsedInOperatingActivities,,AllocatedShareBasedCompensationExpense,,,,,127144.0,,,,,,,,,,,,,,,,,,ineligible:gate0_status,,,
BZAI,1871638,"Blaize Holdings, Inc.","",Nasdaq,3674,Semiconductors & Related Devices,us-gaap,10-Q,USD,1231,2025,2025-12-31,false,false,"tax_anomaly,sbc",fail,"","goodwill,intangibles",never_acquired,never_acquired,never_acquired,"",,false,,39000000.0,0.3564503344546263,-74539000.0,-112085000.0,0.9718885897701387,,-0.001049896703711409,1.9925077763118615,,,false,,-1.0748953742769198,38632000.0,-206904000.0,-103841000.0,-73751000.0,788000.0,false,false,false,,false,false,false,"",-5.355767239594119,false,,37546000.0,39000000.0,0.0,0.0,45781000.0,,104275265.0,false,PASS,true,FAIL,true,FAIL,true,FAIL,true,FAIL,true,false,PASS,true,FAIL,,0,insufficient,true,,,,,,,,-1.0748953742769198,,false,0,-2.687952992337958,,,-0.17089357581778972,rising,50366000.0,-81016000.0,-82675000.0,746000.0,35454000.0,-118875000.0,,,42790000.0,36847000.0,,128627046.0,7.887892376681615,14.194622279129321,1.7189672293942404,5.046922300706357,-2.099856527766085,1,,,0.2323998795543511,,,0,false,,,,,,-2.687952992337958,-206687000.0,2026-08-25,PaymentsToAcquirePropertyPlantAndEquipment,StockholdersEquity,,,NetIncomeLoss,NetCashProvidedByUsedInOperatingActivities,OperatingIncomeLoss,ShareBasedCompensation,217000.0,,,,,-97929000.0,-80633000.0,383000.0,,,,,,,,,,,,,,,ineligible:gate0_status,,,
MIBE,1872066,MIAMI BREEZE CAR CARE INC.,"",OTC,7500,"Services-Automotive Repair, Services & Parking",us-gaap,10-Q,USD,1231,2024,2024-12-31,false,false,"",fail,"fcf,sbc,tax_anomaly","goodwill,intangibles",never_acquired,never_acquired,never_acquired,"",,true,,-136026.0,0.42924889736114225,,,,,,1.001148341920561,,,false,,,7580.0,-428064.0,-427573.0,-183746.0,,false,false,false,,false,false,false,"",-56.47282321899736,false,-128.5524559852078,,-136026.0,0.0,0.0,3743.0,,29871474.0,true,FAIL,true,FAIL,,NOT_EVALUABLE,,NOT_EVALUABLE,,NOT_EVALUABLE,,false,PASS,,NOT_EVALUABLE,,0,insufficient,true,,,,,,,,,,false,0,-56.40804749340369,,,0.4017149361987366,rising,664590.0,-1097893.0,-1570484.0,,,,360954.0,,1417626.0,3348.0,,25137464.0,,45.54726952436876,107.32369942196532,173.8159383033419,,2,,,,,,0,false,,,,,,-56.40804749340369,,2026-08-25,,StockholdersEquity,,,NetIncomeLoss,NetCashProvidedByUsedInOperatingActivities,OperatingIncomeLoss,,,,,,,-1137311.0,,,,,,,,,,,,,,,,,ineligible:gate0_status,,,
YXT,1872090,YXT.COM GROUP HOLDING LIMITED,"",Nasdaq,7372,Services-Prepackaged Software,us-gaap,20-F,USD,1231,2025,2025-12-31,false,false,"",fail,tax_anomaly,"",reported,reported,reported,"",,false,,-13239000.0,0.9177557755775577,-21083000.0,-22843000.0,0.03617602926969641,15300000.0,,1.126896756917584,,0.01023617191835728,false,-0.021888543536313095,-0.1256291473657067,48651000.0,-22725000.0,-20166000.0,-20856000.0,227000.0,false,false,false,,false,false,true,,-0.46710242338286984,false,,1760000.0,10673000.0,23428000.0,484000.0,16444000.0,1144000.0,181828823.0,true,FAIL,false,PASS,true,FAIL,true,FAIL,false,PASS,false,false,PASS,,NOT_EVALUABLE,false,1,insufficient,true,,,,,,,,-0.1256291473657067,,false,0,-0.41450329900721467,,,1.612696503540569,,,,,,,,22871000.0,,22373000.0,19883000.0,,179881274.0,,,,,,0,,,,,,0,false,,500000.0,,,498000.0,-0.41450329900721467,,2026-08-25,PaymentsToAcquirePropertyPlantAndEquipment,StockholdersEquity,Goodwill,FiniteLivedIntangibleAssetsNet,NetIncomeLoss,NetCashProvidedByUsedInOperatingActivities,OperatingIncomeLoss,ShareBasedCompensation,,,,,,,,,,,,,,,,,,,,,,,ineligible:gate0_status,,,
BRWC,1873213,BIRDIE WIN CORPORATION,"",OTC,8200,Services-Educational Services,us-gaap,10-Q,USD,731,2025,2025-07-31,false,false,sbc,fail,"fcf,tax_anomaly","goodwill,intangibles",never_acquired,never_acquired,never_acquired,"",,false,,14370.0,-0.018845019943349327,,,0.3333333333333333,,,1.0,,,false,,,30000.0,-17299.0,-17299.0,326.0,,false,false,false,,false,false,false,"",-0.5766333333333333,false,-0.49905,10000.0,14370.0,0.0,0.0,2171.0,,6162411.0,false,PASS,true,FAIL,,NOT_EVALUABLE,,NOT_EVALUABLE,true,FAIL,true,false,PASS,,NOT_EVALUABLE,,0,insufficient,true,0.0,,,,,,,,,false,0,-0.5766333333333333,,,0.8529635465357895,falling,20000.0,-32604.0,4264.0,,0.0,,,,-6968.0,6032.0,,6720000.0,0.0,-0.5,-0.5,0.0,0.0,1,,,,,,0,false,,,,,,-0.5766333333333333,-17299.0,2026-08-25,,StockholdersEquity,,,NetIncomeLoss,NetCashProvidedByUsedInOperatingActivities,OperatingIncomeLoss,ShareBasedCompensation,,,,,,-32604.0,-32604.0,,,,,,,,,,,,,,,,ineligible:gate0_status,,,
RYET,1873454,Ruanyun Edai Technology Inc.,"",Nasdaq,7372,Services-Prepackaged Software,us-gaap,20-F,USD,331,2026,2026-03-31,false,false,tax_anomaly,fail,"",goodwill,never_acquired,never_acquired,reported,"",,false,,5577051.0,1.165409487492921,-9216106.0,-9666886.0,0.060253339911415106,,-0.002807532185676298,1.0735349042974027,,,false,,-0.28234193936823004,7481411.0,-7852633.0,-7314744.0,-9151533.0,64573.0,false,false,false,,false,false,true,,-1.0496192496308516,false,-0.2317260559016796,450780.0,5672540.0,0.0,95489.0,4082622.0,,34238222.0,false,PASS,false,PASS,true,FAIL,true,FAIL,false,PASS,false,false,PASS,true,FAIL,,0,insufficient,true,,,,,,,,-0.28234193936823004,,false,0,-0.9777225178512449,,,2.051109467979578,rising,,,,,,,,,,,,,,,,,,,,,,,,,false,,,,,,-0.9777225178512449,-7885573.0,2026-08-25,PaymentsToAcquirePropertyPlantAndEquipment,StockholdersEquity,,FiniteLivedIntangibleAssetsNet,NetIncomeLoss,NetCashProvidedByUsedInOperatingActivities,OperatingIncomeLoss,ShareBasedCompensation,22139.0,,,,,,,,,,,,,,,,,,,,,,ineligible:gate0_status,,,
KLC,1873529,"KinderCare Learning Companies, Inc.","",NYSE,8351,Services-Child Day Care Services,us-gaap,10-Q,USD,102,2025,2026-01-03,false,false,tax_anomaly,fail,"","",reported,reported,reported,"",,false,,-630489000.0,-2.113173281360737,110264000.0,98415000.0,0.004335016388476591,-794340000.0,-0.2093162777742067,5.627960313107643,0.008451617317089858,-0.059901080113839454,true,,0.8317065131962579,2733323000.0,-112880000.0,-20057000.0,238535000.0,128271000.0,false,false,false,1.034718917131172,false,false,false,"",-0.041297717101125626,false,0.10966774520731963,11849000.0,755262000.0,964829000.0,420922000.0,133205000.0,927545000.0,118329000.0,true,FAIL,true,FAIL,false,PASS,false,PASS,false,PASS,false,false,PASS,true,FAIL,false,3,3y,true,0.08066229738740849,,-0.2606436156046795,,2.0578258589879406,,2.0578258589879406,0.8317065131962579,-1.2261193457916826,false,1,-0.007337954570316058,,,-0.1339088236646535,falling,2735013000.0,-471227000.0,209527000.0,128541000.0,8711000.0,72275000.0,692405000.0,416774000.0,466187000.0,173706000.0,925717000.0,118648000.0,,0.007973479320184192,0.006401853215292618,-0.003696561968833469,,0,,,-0.9857226572905013,,,0,true,23101000.0,,123967000.0,,-163729000.0,-0.007337954570316058,-93342000.0,2026-08-25,PaymentsToAcquirePropertyPlantAndEquipment,StockholdersEquity,Goodwill,IntangibleAssetsNetExcludingGoodwill,NetIncomeLoss,NetCashProvidedByUsedInOperatingActivities,OperatingIncomeLoss,ShareBasedCompensation,19538000.0,9536000.0,,125692000.0,,-407259000.0,-476325000.0,-5098000.0,,,,,,,,,,,,,,,ineligible:gate0_status,,,
KMTS,1877184,"Kestra Medical Technologies, Ltd.","",Nasdaq,3841,Surgical & Medical Instruments & Apparatus,us-gaap,10-Q,USD,430,2026,2026-04-30,false,false,"tax_anomaly,sbc,ni_vs_oi",fail,"","goodwill,intangibles",never_acquired,never_acquired,never_acquired,"",,false,,259658000.0,0.6207868583411847,-116595000.0,-150239000.0,0.353678279334777,57061000.0,-0.002238840067622108,0.9767776697515975,,,false,,-2.7727200768010185,95126000.0,-131612000.0,-134741000.0,-81703000.0,34892000.0,false,false,false,4.006430129750832,false,false,false,"",-1.3835544435800937,false,-3.0582800028762493,33644000.0,259658000.0,0.0,0.0,99710000.0,42649000.0,54184698.0,false,PASS,true,FAIL,true,FAIL,true,FAIL,true,FAIL,true,true,FAIL,true,FAIL,,0,insufficient,true,,,,,,,,-2.7727200768010185,,false,0,-1.416447658894519,,,0.6900496748608956,falling,83721000.0,-144830000.0,-87039000.0,32617000.0,45652000.0,-165308000.0,,,287989000.0,291321000.0,42261000.0,52843097.0,,,,,,0,,,,,,0,false,,,8709000.0,,,-1.416447658894519,-131318000.0,2026-08-25,PaymentsToAcquirePropertyPlantAndEquipment,StockholdersEquityIncludingPortionAttributableToNoncontrollingInterest,,,NetIncomeLoss,NetCashProvidedByUsedInOperatingActivities,OperatingIncomeLoss,ShareBasedCompensation,294000.0,,,8220000.0,,-143609000.0,-143684000.0,204000.0,,,,,,,,,,,,,,,ineligible:gate0_status,,,
POM,1877971,POMDOCTOR Ltd,"",Nasdaq,5900,Retail-Miscellaneous Retail,us-gaap,20-F,USD,1231,2025,2025-12-31,false,false,tax_anomaly,fail,"","goodwill,intangibles",never_acquired,never_acquired,never_acquired,"",,false,,-64917028.0,1.1340218976484289,-21376416.0,-23724971.0,0.04106793074708362,,-2.884159188282238e-6,1.1036550091443607,,,false,,-2.4507692790814475,57187079.0,-18723015.0,-16964554.0,-21232309.0,144107.0,false,false,false,,false,false,true,,-0.3273993938385977,false,,2348555.0,-64917028.0,0.0,0.0,1369974.0,,9680622.0,true,FAIL,false,PASS,true,FAIL,true,FAIL,false,PASS,false,false,PASS,true,FAIL,,0,insufficient,true,,,,,,,,-2.4507692790814475,,false,0,-0.29665012266144947,,,1.1340218976484289,,,,,,,,,,,,,,,,,,,,,,,,,,false,,,,,,-0.29665012266144947,-18722961.0,2026-08-25,PaymentsToAcquirePropertyPlantAndEquipment,StockholdersEquity,,,ProfitLoss,NetCashProvidedByUsedInOperatingActivities,OperatingIncomeLoss,ShareBasedCompensation,54.0,,,,,,,,,,,,,,,,,,,,,,ineligible:gate0_status,,,
TCRG,1879270,"The Cannaisseur Group, Inc.","",OTC,2833,Medicinal Chemicals & Botanical Products,us-gaap,10-Q,USD,1231,2025,2025-12-31,false,false,tax_anomaly,fail,"fcf,sbc","goodwill,intangibles",never_acquired,never_acquired,never_acquired,"",,false,,-235291.0,0.07184737921194558,,,,,-0.0,1.0334808281069303,,,false,,,0.0,-1773913.0,-1716445.0,-127451.0,,false,false,false,,false,false,false,"",,false,-3.5742518351214003,1292962.0,-235291.0,0.0,0.0,22.0,,53899293.0,true,FAIL,true,FAIL,,NOT_EVALUABLE,,NOT_EVALUABLE,,NOT_EVALUABLE,,false,PASS,true,FAIL,,0,insufficient,true,,,,,,,,,,false,0,,,,0.3812515353834731,falling,0.0,-1043865.0,-111082.0,,592962.0,,,,-362694.0,41.0,118160.0,60459890.0,,-1.0,,,,0,,,,,,0,false,,,,,,,-1808379.0,2026-08-25,,StockholdersEquityIncludingPortionAttributableToNoncontrollingInterest,,,NetIncomeLoss,NetCashProvidedByUsedInOperatingActivities,OperatingIncomeLoss,ShareBasedCompensation,0.0,,,,,-988967.0,-1078025.0,0.0,,,,,,,,,,,,,,,ineligible:gate0_status,,,
PEVM,1879848,Phoenix Motor Inc.,"",OTC,3713,Truck & Bus Bodies,us-gaap,10-Q,USD,1231,2024,2024-12-31,false,false,ni_vs_oi,fail_stale,tangible_book,"",unresolved,carried_forward,unresolved,goodwill,366,false,,,-0.24533535047907212,-2059000.0,-2132000.0,0.002343198305193555,623000.0,0.3054898870501707,-0.2561353655386205,,,false,,-0.05826876555570378,31154000.0,7932000.0,-30968000.0,-1946000.0,113000.0,false,true,false,0.061546840958605666,false,false,false,"",0.25460615009308596,false,-3.0369515011547343,73000.0,10320000.0,4271000.0,,764000.0,141000.0,36589071.0,,NOT_EVALUABLE,true,FAIL,true,FAIL,true,FAIL,false,PASS,false,true,FAIL,false,PASS,false,0,insufficient,true,1.1873166573559515,,,,-0.7788,,,-0.05826876555570378,,false,0,-0.9940296591127945,,,0.3672167656864025,falling,14574000.0,-14622000.0,-4925000.0,44000.0,659000.0,-5628000.0,4271000.0,1240000.0,5329000.0,276000.0,3000.0,11302020.0,15.569444444444445,-0.5317409766454353,-0.7721077127659575,-0.4779966471081308,-4.838269001077824,1,,,,,,0,false,,,1836000.0,,,-0.9940296591127945,11421000.0,2026-08-25,PaymentsToAcquirePropertyPlantAndEquipment,StockholdersEquity,,,NetIncomeLoss,NetCashProvidedByUsedInOperatingActivities,OperatingIncomeLoss,ShareBasedCompensation,3489000.0,,,1734000.0,,-10681000.0,-6634000.0,7988000.0,,,,,,,,,,,,,,,ineligible:gate0_status,,,
VHAI,1880431,VOCODIA HOLDINGS CORP.,"",OTC,7371,Services-Computer Programming Services,us-gaap,10-Q,USD,1231,2024,2024-12-31,false,false,sbc,fail,tax_anomaly,"goodwill,intangibles",never_acquired,never_acquired,never_acquired,"",,false,,-2215363.0,0.5355053624226608,-5371692.0,-5524692.0,3.0552338352170616,,,1.6993972084175581,,,false,,-0.008705225804866669,50078.0,-10027091.0,-5900381.0,-5369561.0,2131.0,false,false,false,,false,false,false,"",-200.22946203921882,false,-30.966209068487952,153000.0,-2215363.0,0.0,0.0,281.0,,634640861.0,true,FAIL,true,FAIL,true,FAIL,true,FAIL,true,FAIL,true,false,PASS,,NOT_EVALUABLE,,0,insufficient,true,,,,,,,,-0.008705225804866669,,false,0,-117.82381484883581,,,0.3644924889641333,rising,66308.0,-6126069.0,-733954.0,180562.0,145350.0,-1059866.0,,,-7072668.0,4057.0,,1687709517.0,,,200.81333333333333,0.023287343488316452,,0,,,,,,0,false,,,,,,-117.82381484883581,-10027091.0,2026-08-25,PaymentsToAcquirePropertyPlantAndEquipment,StockholdersEquity,,,NetIncomeLoss,NetCashProvidedByUsedInOperatingActivities,OperatingIncomeLoss,ShareBasedCompensation,,,,,,-1396167.0,-4254535.0,,,,,,,,,,,,,,,,ineligible:gate0_status,,,
STI,1881551,"SOLIDION TECHNOLOGY, INC.","",Nasdaq,3690,"Miscellaneous Electrical Machinery, Equipment & Supplies",us-gaap,10-Q,USD,1231,2025,2025-12-31,false,false,sbc,fail,tax_anomaly,goodwill,never_acquired,never_acquired,reported,"",,false,,-9177197.0,0.1106404741000878,-4654514.0,-7604434.0,220.9677902621723,,,3.173461675210701,,,false,,-1.9269811118989106,13350.0,-41004000.0,-12920906.0,-4536702.0,117812.0,false,false,false,,false,false,false,"",-3071.4606741573034,false,-766.5148329493088,2949920.0,-7185574.0,0.0,1991623.0,204725.0,,3946294.0,true,FAIL,true,FAIL,true,FAIL,true,FAIL,true,FAIL,true,false,PASS,,NOT_EVALUABLE,,0,insufficient,true,,,,,,,,-1.9269811118989106,,false,0,-967.858127340824,,,0.3674284152870924,falling,219690.0,-52402195.0,-5396046.0,,2563120.0,,,1997407.0,21675307.0,27677315.0,,8074545.0,,,,30.2285,,0,,,,,,0,false,,,,,,-967.858127340824,-41004000.0,2026-08-25,PaymentsToAcquirePropertyPlantAndEquipment,StockholdersEquity,,IntangibleAssetsNetExcludingGoodwill,NetIncomeLoss,NetCashProvidedByUsedInOperatingActivities,OperatingIncomeLoss,ShareBasedCompensation,,,,,,-11142743.0,-52402195.0,,,,,,,,,,,,,,,,ineligible:gate0_status,,,
ATEK,1882198,ATHENA TECHNOLOGY ACQUISITION CORP. II,"",OTC,4955,Hazardous Waste Management,us-gaap,10-Q,USD,1231,2025,2025-12-31,false,false,tax_anomaly,fail,"fcf,sbc,ni_vs_oi","goodwill,intangibles",never_acquired,never_acquired,never_acquired,"",,true,,-17022162.0,0.6588988434009032,,,,,-0.0035152284464316443,,,,false,,,,-1271227.0,,-837610.0,,false,false,false,,false,false,false,"",,false,,,-17022162.0,0.0,0.0,348472.0,,,true,FAIL,true,FAIL,,NOT_EVALUABLE,,NOT_EVALUABLE,,NOT_EVALUABLE,,,NOT_EVALUABLE,true,FAIL,,0,insufficient,true,,,,,,,,,,false,0,,,,0.3671765343578873,rising,,-678386.0,-638907.0,,,,,,-17902849.0,23999.0,,,,,,,,0,,,,,,0,false,,3335294.0,,,,,-1266774.0,2026-08-25,,StockholdersEquity,,,NetIncomeLoss,NetCashProvidedByUsedInOperatingActivities,,,4453.0,,,,,,-676618.0,1768.0,,,,,,,,,,,,,,,ineligible:gate0_status,,,
ODTX,1882782,"Odyssey Therapeutics, Inc.","",Nasdaq,2836,"Biological Products, (No Diagnostic Substances)",us-gaap,10-Q,USD,1231,2025,2025-12-31,false,false,"",fail,"income_quality,fcf,sbc,ni_vs_oi,tax_anomaly","",reported,reported,reported,"",,true,,-431762000.0,,,,,,,,,,false,,,,,,,,false,false,false,,false,false,true,,,false,,,-417173000.0,14327000.0,262000.0,163001000.0,,,true,FAIL,,NOT_EVALUABLE,,NOT_EVALUABLE,,NOT_EVALUABLE,,NOT_EVALUABLE,,,NOT_EVALUABLE,,NOT_EVALUABLE,,1,insufficient,true,,,,,,,,,,false,0,,,,,,,,,,,,14100000.0,86000.0,421221000.0,82031000.0,,18034399.0,,,,,,0,,,,,,0,false,,,,,,,,2026-08-25,,StockholdersEquity,Goodwill,FiniteLivedIntangibleAssetsNet,,,,,,,,,,,,,,,,,,,,,,,,,,,ineligible:gate0_status,,,
SVV,1883313,"Savers Value Village, Inc.","",NYSE,5900,Retail-Miscellaneous Retail,us-gaap,10-Q,USD,103,2025,2026-01-03,false,false,"",fail,"","",reported,reported,reported,"",,false,,-395894000.0,7.389018949600247,48637000.0,10035000.0,0.022991696020260233,-622311000.0,0.39150651794113694,0.18242546333601933,0.0,0.0039774764526008454,true,4.505331340308919,0.061648001277806105,1678954000.0,22639000.0,124100000.0,167280000.0,118643000.0,false,false,false,1.474155711836187,false,false,false,dividends,0.013483990627497834,true,0.09455563709757514,38602000.0,435579000.0,677884000.0,153589000.0,85904000.0,708215000.0,162779000.0,true,FAIL,false,PASS,false,PASS,false,PASS,false,PASS,false,false,PASS,false,PASS,false,4,3y,true,0.053184054799785274,,-0.46043382977708724,,0.39245047894884594,,,0.061648001277806105,,false,1,0.07391506854863207,,,5.1040950756562316,rising,1743015000.0,24813000.0,205090000.0,123281000.0,24343000.0,57466000.0,669220000.0,150985000.0,444346000.0,91869000.0,706494000.0,159803000.0,0.07899643875933306,0.0814038607182932,0.08928933255886207,0.07432983068397538,-0.0006114352385504174,0,,,0.5110097202935926,,,0,true,0.0,45211000.0,80482000.0,0.0,6678000.0,0.07391506854863207,37205000.0,2026-08-25,PaymentsToAcquirePropertyPlantAndEquipment,StockholdersEquity,Goodwill,IntangibleAssetsNetExcludingGoodwill,NetIncomeLoss,NetCashProvidedByUsedInOperatingActivities,OperatingIncomeLoss,ShareBasedCompensation,14566000.0,0.0,30095000.0,88448000.0,,134378000.0,41343000.0,16530000.0,,,,,,,,,,,,,,,ineligible:gate0_status,,,
EPSM,1883437,EPSIUM ENTERPRISE LIMITED,"",Nasdaq,5180,"Wholesale-Beer, Wine & Distilled Alcoholic Beverages",us-gaap,20-F,USD,1231,2025,2025-12-31,false,false,"",fail,"sbc,tax_anomaly","goodwill,intangibles",never_acquired,never_acquired,never_acquired,"",,true,,11478615.0,1.5886564365684723,-2383339.0,,,,,1.0010628221470745,,,false,,,5118074.0,-1497607.0,-1496017.0,-2379183.0,4156.0,false,false,false,,false,false,false,"",-0.2926114393812985,false,0.14840368466722506,,11478615.0,0.0,0.0,1978728.0,,,false,PASS,false,PASS,true,FAIL,,NOT_EVALUABLE,,NOT_EVALUABLE,,false,PASS,,NOT_EVALUABLE,,0,insufficient,true,-0.22913606306885903,,,,,,,,,false,0,-0.29230077564333773,,,-0.9906774472899995,rising,8446963.0,-887137.0,-2425813.0,1990.0,,,,,12205074.0,2430160.0,,12732689.0,,,,,,0,,,,,,0,false,,300000.0,,,,-0.29230077564333773,-1496341.0,2026-08-25,PaymentsToAcquirePropertyPlantAndEquipment,StockholdersEquity,,,NetIncomeLoss,NetCashProvidedByUsedInOperatingActivities,OperatingIncomeLoss,,,,,,,-826141.0,-825484.0,56802.0,,,,,,,,,,,,,,,ineligible:gate0_status,,,
ESGH,1883835,ESG INC.,"",OTC,0100,Agricultural Production-Crops,us-gaap,10-Q,USD,1231,2025,2025-12-31,false,false,ni_vs_oi,fail,tax_anomaly,goodwill,never_acquired,never_acquired,reported,"",,false,,5759336.0,-0.05199253537429428,-76981.0,-446644.0,0.049222094557158536,-135815.0,,0.8656578013837594,,,false,,-0.017245296312650128,7510103.0,-1947318.0,-2249524.0,101246.0,178227.0,false,true,false,0.09701112737394954,false,false,false,"",-0.25929311488803813,false,-0.028141353967436687,369663.0,8751493.0,0.0,2992157.0,42978.0,178793.0,25899468.0,false,PASS,true,FAIL,true,FAIL,true,FAIL,false,PASS,false,true,FAIL,,NOT_EVALUABLE,,0,insufficient,true,,,,,,,,-0.017245296312650128,,false,0,-0.29953304235640976,,,0.40527424948108176,rising,3433841.0,-2912540.0,1574676.0,507972.0,,,,3018625.0,-374139.0,161100.0,,23848509.0,-0.00786722028734778,-0.7801171511566763,,-0.9996313306313643,,0,,,,,,0,false,,,1837181.0,2151383.0,,-0.29953304235640976,-2503173.0,2026-08-25,PaymentsToAcquirePropertyPlantAndEquipment,StockholdersEquity,,FiniteLivedIntangibleAssetsNet,NetIncomeLoss,NetCashProvidedByUsedInOperatingActivities,OperatingIncomeLoss,ShareBasedCompensation,,,,1837181.0,,-2178229.0,-2464695.0,,,,,,,,,,,,,,,,ineligible:gate0_status,,,
ALCE,1883984,"Alternus Clean Energy, Inc.","",OTC,4931,Electric & Other Services Combined,us-gaap,10-Q,USD,1231,2025,2025-12-31,false,false,tax_anomaly,fail,sbc,"",reported,reported,reported,"",,false,,-53051000.0,0.38313290163428926,-2485000.0,-4645000.0,,-6129000.0,-0.0,-0.9461706783369803,,,false,,,0.0,-6486000.0,6855000.0,-2485000.0,0.0,false,true,false,0.0,false,false,false,"",,false,-0.9190178571428571,2160000.0,3431000.0,18964000.0,37518000.0,32000.0,6161000.0,,true,FAIL,true,FAIL,true,FAIL,true,FAIL,,NOT_EVALUABLE,,false,PASS,true,FAIL,,2,insufficient,true,,,,,,,,,,false,0,,,,0.06217427289962909,rising,0.0,-13398000.0,-2528000.0,-19000.0,2100000.0,,18964000.0,36572000.0,10127000.0,1072000.0,7908000.0,724658.0,-1.0,,,,,0,,,,,,0,false,,,593000.0,,54687000.0,,-7306000.0,2026-08-25,PaymentsToAcquirePropertyPlantAndEquipment,StockholdersEquity,Goodwill,IntangibleAssetsNetExcludingGoodwill,NetIncomeLoss,NetCashProvidedByUsedInOperatingActivitiesContinuingOperations,OperatingIncomeLoss,ShareBasedCompensation,0.0,,,1409000.0,,-7155000.0,-15839000.0,0.0,,,,,,,,,,,,,,,ineligible:gate0_status,,,
SPKL,1884046,Spark I Acquisition Corp,"",Nasdaq,3690,"Miscellaneous Electrical Machinery, Equipment & Supplies",us-gaap,10-Q,USD,1231,2025,2025-12-31,false,false,"",fail,"fcf,sbc,ni_vs_oi,tax_anomaly","goodwill,intangibles",never_acquired,never_acquired,never_acquired,"",,true,,-7154185.0,-8.384887602179836,,,,,,,,,false,,,,293600.0,,-2461803.0,,false,false,false,,false,false,false,"",,false,,,-7154185.0,0.0,0.0,112295.0,,,true,FAIL,true,FAIL,,NOT_EVALUABLE,,NOT_EVALUABLE,,NOT_EVALUABLE,,,NOT_EVALUABLE,,NOT_EVALUABLE,,0,insufficient,true,,,,,,,,,,false,0,,,,-2.384614946498432,falling,,-2356396.0,-2157577.0,,,,,,-9548479.0,401642.0,,,,,,,,0,,,,,,0,false,,84840616.0,,,,,,2026-08-25,,StockholdersEquity,,,NetIncomeLoss,NetCashProvidedByUsedInOperatingActivities,,,,,,,,,,,,,,,,,,,,,,,,,ineligible:gate0_status,,,
DTI,1884516,DRILLING TOOLS INTERNATIONAL CORPORATION,"",Nasdaq,3533,Oil & Gas Field Machinery & Equipment,us-gaap,10-Q,USD,1231,2025,2025-12-31,false,false,tax_anomaly,fail,ni_vs_oi,"",reported,reported,reported,"",,false,,68571000.0,-5.2972613666578034,-224000.0,-2688000.0,0.015436081841304048,-17168000.0,-0.3168767507002801,,0.03521982634407929,0.030765664741332865,false,-0.47061011904761907,-0.07564741863878098,159626000.0,-3761000.0,,19923000.0,20147000.0,false,false,false,,false,false,false,operating_income,-0.02356132459624372,false,0.18350500545930515,2464000.0,122861000.0,14616000.0,39674000.0,3648000.0,20816000.0,35533268.0,false,PASS,true,FAIL,true,FAIL,true,FAIL,false,PASS,false,,NOT_EVALUABLE,true,FAIL,true,0,insufficient,true,0.07205080363041594,,,,-0.5434631531321523,,,-0.07564741863878098,,false,0,,,,-0.568375727298647,falling,153356000.0,-3013000.0,9831000.0,19469000.0,2908000.0,-12546000.0,14543000.0,38143000.0,119711000.0,2520000.0,14889000.0,35202327.0,0.05030240055417899,-0.03182600453944579,-0.11476212686567164,-0.034220339413003224,-0.03365043422277725,1,,,-3.1539050535987747,,,0,false,5622000.0,1265000.0,,,4911000.0,,-2856000.0,2026-08-25,PaymentsToAcquirePropertyPlantAndEquipment,StockholdersEquity,Goodwill,FiniteLivedIntangibleAssetsNet,NetIncomeLoss,NetCashProvidedByUsedInOperatingActivities,,ShareBasedCompensation,905000.0,0.0,1363000.0,,,,-3330000.0,-315000.0,,,,,,,,,,,,,,,ineligible:gate0_status,,,
NMRA,1885522,"NEUMORA THERAPEUTICS, INC.","",Nasdaq,2836,"Biological Products, (No Diagnostic Substances)",us-gaap,10-Q,USD,1231,2025,2025-12-31,false,false,"tax_anomaly,ni_vs_oi",unknown,"fcf,sbc","goodwill,intangibles",never_acquired,never_acquired,never_acquired,"",,false,,103871000.0,0.8713195569962182,,,,67998000.0,-0.0005489911232358382,0.9824677801920748,,,false,,,,-236928000.0,-241156000.0,-206440000.0,,false,false,false,,false,false,false,"",,false,,29876000.0,103871000.0,0.0,0.0,182530000.0,114532000.0,163391000.0,false,PASS,false,PASS,,NOT_EVALUABLE,,NOT_EVALUABLE,,NOT_EVALUABLE,,true,FAIL,true,FAIL,,0,insufficient,true,,,,,-4.546807806814423,,,,,false,0,,,,0.771262729819768,rising,,-212745000.0,-180520000.0,,27976000.0,,,,44519000.0,116834000.0,112912000.0,182504000.0,,,,,,0,,,,,,0,false,,,208000.0,,,,-236798000.0,2026-08-25,,StockholdersEquity,,,NetIncomeLoss,NetCashProvidedByUsedInOperatingActivities,OperatingIncomeLoss,ShareBasedCompensation,130000.0,,,47000.0,,-211234000.0,-212715000.0,30000.0,,,,,,,,,,,,,,,ineligible:gate0_status,,,
MGAM,1886362,MOBILE GLOBAL ESPORTS INC.,"",OTC,7900,Services-Amusement & Recreation Services,us-gaap,10-Q,USD,1231,2025,2025-12-31,false,false,"",fail,"fcf,sbc,tax_anomaly","goodwill,intangibles",never_acquired,never_acquired,never_acquired,"",,true,,-161677.0,0.4717466779726842,,,,,,1.047619996478188,,,false,,,3697.0,-2260743.0,-2157980.0,-1066498.0,,false,false,false,,false,false,false,"",-611.5074384636191,false,-1371.611245465538,,-161677.0,0.0,0.0,573305.0,,46432409.0,true,FAIL,true,FAIL,,NOT_EVALUABLE,,NOT_EVALUABLE,,NOT_EVALUABLE,,false,PASS,,NOT_EVALUABLE,,0,insufficient,true,,,,,,,,,,false,0,-583.7111171219908,,,0.6358577230855876,falling,8453.0,-2651292.0,-1166617.0,112067.0,,,,,5583.0,184650.0,,60805093.0,,,-0.9639012032932236,3.040920716112532,,1,,,,,,0,false,,,,,,-583.7111171219908,-2129864.0,2026-08-25,,StockholdersEquity,,,NetIncomeLoss,NetCashProvidedByUsedInOperatingActivities,OperatingIncomeLoss,,,,,,,-2491016.0,-2511685.0,,,,,,,,,,,,,,,,ineligible:gate0_status,,,
SHIM,1887944,Shimmick Corporation,"",Nasdaq,1600,Heavy Construction Other Than Bldg Const - Contractors,us-gaap,10-Q,USD,1231,2025,2026-01-02,false,false,tax_anomaly,fail,"",goodwill,never_acquired,never_acquired,reported,"",,false,,-38765000.0,0.17041555776445313,-31736000.0,-37866000.0,0.01276455742593225,-40347000.0,0.0076604274884457205,1.0454385465028577,,,false,,-1245.3463132276524,480236000.0,-124748000.0,-119326000.0,-21259000.0,10477000.0,false,false,true,0.6923737774253238,false,false,true,,-0.2597639493915492,false,0.019441157074069723,6130000.0,-34674000.0,0.0,4091000.0,19969000.0,60316000.0,30406.0,true,FAIL,true,FAIL,true,FAIL,true,FAIL,false,PASS,false,false,PASS,true,FAIL,,0,insufficient,true,,,,,,,,-1245.3463132276524,,false,0,-0.2484736671136691,,,17.386857425386545,rising,,,,,,,,2803000.0,-60485000.0,16875000.0,69947000.0,36067.0,0.017218829919278925,-0.2790680533944804,,,,0,0.022192486366390627,0.7900281442846446,,,,0,false,,,15132000.0,,,-0.2484736671136691,-125711000.0,2026-08-25,PaymentsToAcquirePropertyPlantAndEquipment,StockholdersEquityIncludingPortionAttributableToNoncontrollingInterest,,FiniteLivedIntangibleAssetsNet,NetIncomeLoss,NetCashProvidedByUsedInOperatingActivities,OperatingIncomeLoss,ShareBasedCompensation,-963000.0,,,,,,,,,,,,,,,,,,,,,,ineligible:gate0_status,,,
FMTOF,1888151,FEMTO TECHNOLOGIES INC.,"",OTC,7372,Services-Prepackaged Software,ifrs-full,6-K,CAD,1231,2024,2024-12-31,false,false,"tax_anomaly,sbc",fail,"income_quality,fcf,ni_vs_oi",goodwill,never_acquired,never_acquired,reported,"",,false,,-20870968.0,,,,3.713589477383242,4576265.0,-0.000027044081853421075,,,,false,,,998839.0,-47590257.0,,,,false,false,false,,false,false,true,"",-47.64557351084609,false,,3709278.0,4391799.0,0.0,25262767.0,4617034.0,40769.0,469733.0,true,FAIL,,NOT_EVALUABLE,,NOT_EVALUABLE,,NOT_EVALUABLE,true,FAIL,true,,NOT_EVALUABLE,true,FAIL,,0,insufficient,true,-0.06384653546581776,,,,,,,,,false,0,,,,,,801300.0,3010177.0,,,2201432.0,,,20262767.0,36666868.0,17337450.0,99279.0,527914.0,-0.4970800463233329,-0.3439708966624375,-0.49444261059352723,1.077101723102963,0.45720735943477975,1,,,,,,0,false,,,4187.0,,,,-47588970.0,2026-08-25,,EquityAttributableToOwnersOfParent,,IntangibleAssetsOtherThanGoodwill,ProfitLoss,,,AdjustmentsForSharebasedPayments,1287.0,,,2109.0,,,3006901.0,-3276.0,,,,,,,,,,,,,,,ineligible:gate0_status,,,
MF,1888525,U-BX Technology Ltd.,"",Nasdaq,7370,"Services-Computer Programming, Data Processing, Etc.",us-gaap,6-K,USD,630,2025,2025-06-30,false,false,ni_vs_oi,fail,sbc,goodwill,never_acquired,never_acquired,reported,"",,true,,19013630.0,1.037752200924254,-8604016.0,,,,0.07988174091987559,0.8753281051172807,,,false,,,29674534.0,-2718517.0,-3105712.0,-2821147.0,5782869.0,false,false,false,,false,false,false,"",-0.09161111005146702,false,0.0016317335128947373,,19018916.0,0.0,5286.0,11182783.0,,7294535.0,false,PASS,false,PASS,true,FAIL,,NOT_EVALUABLE,,NOT_EVALUABLE,,true,FAIL,false,PASS,,0,insufficient,true,-0.3004368828888557,,,,,,,,,false,0,-0.10465916667806814,,,0.49010645646262135,rising,24040028.0,-13241861.0,-1867724.0,6111552.0,,,,5182.0,36969023.0,9873052.0,,28425446.0,,,,,,0,,,,,,0,false,,,,,,-0.10465916667806814,-2954530.0,2026-08-25,PaymentsForProceedsFromProductiveAssets,StockholdersEquity,,IntangibleAssetsNetExcludingGoodwill,NetIncomeLoss,NetCashProvidedByUsedInOperatingActivities,OperatingIncomeLoss,,-236013.0,,,,,-12946538.0,-13528236.0,-286375.0,,,,,,,,,,,,,,,ineligible:gate0_status,,,
GPCR,1888886,Structure Therapeutics Inc.,"",Nasdaq,2834,Pharmaceutical Preparations,us-gaap,10-Q,USD,1231,2025,2025-12-31,false,false,"tax_anomaly,ni_vs_oi",fail,sbc,"goodwill,intangibles",never_acquired,never_acquired,never_acquired,"",,false,,1516377000.0,1.573625019475645,-225813000.0,-254804000.0,,,-0.003660608300695871,0.7997394653375623,,,false,,-1.4347395211603864,,-141202000.0,-176560000.0,-222199000.0,3614000.0,false,false,false,,false,false,false,"",,false,,28991000.0,1516377000.0,0.0,0.0,799623000.0,,177596000.0,false,PASS,false,PASS,true,FAIL,true,FAIL,,NOT_EVALUABLE,,true,FAIL,true,FAIL,,0,insufficient,true,,,,,-5.090671953255426,,,-1.4347395211603864,,false,0,,,,1.1374994893712154,rising,,-214835000.0,-220293000.0,4208000.0,39837000.0,-264338000.0,,,1354404000.0,272638000.0,,217643000.0,,,,,,0,,,1.2674380983194717,,,0,false,,,,,,,-140687000.0,2026-08-25,PaymentsToAcquirePropertyPlantAndEquipment,StockholdersEquity,,,NetIncomeLoss,NetCashProvidedByUsedInOperatingActivities,OperatingIncomeLoss,ShareBasedCompensation,515000.0,,,,,-257807000.0,-214133000.0,702000.0,,,,,,,,,,,,,,,ineligible:gate0_status,,,
LRE,1888980,"LEAD REAL ESTATE CO., LTD","",Nasdaq,1531,Operative Builders,us-gaap,20-F,,630,2025,2025-06-30,false,false,"",unknown,"tangible_book,income_quality,fcf,sbc,ni_vs_oi,tax_anomaly","goodwill,intangibles",unresolved,never_acquired,never_acquired,"",,true,,,,,,,,,,,,false,,,,,,,,false,false,false,,false,false,true,,,false,,,,0.0,0.0,,,13641900.0,,NOT_EVALUABLE,,NOT_EVALUABLE,,NOT_EVALUABLE,,NOT_EVALUABLE,,NOT_EVALUABLE,,,NOT_EVALUABLE,,NOT_EVALUABLE,,0,insufficient,true,,,,,,,,,,false,0,,,,,,,,,,,,,,,,,,,,,,,,,,,,,,false,,,,,,,,2026-08-25,,,,,,,,,,,,,,,,,,,,,,,,,,,,,,,ineligible:gate0_status,,,
MNTN,1891027,"MNTN, Inc.","",NYSE,7310,Services-Advertising,us-gaap,10-Q,USD,1231,2025,2025-12-31,false,false,"",fail,"",intangibles,never_acquired,reported,never_acquired,"",,false,,-165810000.0,-8.787892934951758,43968000.0,12274000.0,0.10925461834653025,,0.598375,-0.26726002329063386,,,false,0.8167671500733257,0.2411181864737805,290093000.0,-6426000.0,24044000.0,56471000.0,12503000.0,false,false,false,1.2667679837892605,false,false,false,"",-0.022151516927330202,false,,31694000.0,-113907000.0,51903000.0,0.0,210160000.0,,50904497.0,true,FAIL,true,FAIL,false,PASS,false,PASS,false,PASS,true,false,PASS,false,PASS,,0,insufficient,true,,,,,,,,0.2411181864737805,,false,2,0.08288376486161335,,,-5.041024972205629,,313331000.0,56395000.0,72910000.0,13309000.0,22637000.0,36964000.0,51903000.0,,334329000.0,237281000.0,,78774979.0,,,,0.20562372188139058,,0,,,,,,0,false,,10025000.0,9870000.0,,,0.08288376486161335,-16000000.0,2026-08-25,PaymentsToDevelopSoftware,StockholdersEquity,Goodwill,,NetIncomeLoss,NetCashProvidedByUsedInOperatingActivities,OperatingIncomeLoss,ShareBasedCompensation,-9574000.0,,0.0,9855000.0,,44747000.0,54438000.0,-1957000.0,,,,,,,,,,,,,,,ineligible:gate0_status,,,
GENK,1891856,"GEN Restaurant Group, Inc.","",Nasdaq,5812,Retail-Eating  Places,us-gaap,10-Q,USD,1231,2025,2025-12-31,false,false,"tax_anomaly,ni_vs_oi",fail,tangible_book,"",unresolved,reported,unresolved,"",,false,,,-1.1282220753469927,-24320000.0,-27256000.0,0.013813805336382157,-10783000.0,0.04580152671755725,0.15135297354073926,,,false,-0.007374523040798356,-5.2780790085205265,212541000.0,-3026000.0,-19993000.0,3414000.0,27734000.0,false,false,false,,false,true,false,"",-0.014237253047647277,false,0.044694404083819965,2936000.0,26506000.0,9498000.0,,2824000.0,13607000.0,5164000.0,,NOT_EVALUABLE,true,FAIL,true,FAIL,true,FAIL,false,PASS,false,true,FAIL,true,FAIL,,0,insufficient,true,0.09086842182890686,,,,,,,-5.2780790085205265,,false,0,-0.09406655657026174,,,10.540547226757194,falling,209790000.0,-4386000.0,-2892000.0,16585000.0,2936000.0,-22413000.0,9498000.0,,15967000.0,5930000.0,11966000.0,5348000.0,0.021927218715187522,0.026738621321657673,-0.059996163036084904,0.012499772896568014,-0.01150171218136011,1,,,0.8573262032085561,,,0,false,,201000.0,,157000.0,,-0.09406655657026174,-20305000.0,2026-08-25,PaymentsToAcquirePropertyPlantAndEquipment,StockholdersEquityIncludingPortionAttributableToNoncontrollingInterest,Goodwill,,NetIncomeLoss,NetCashProvidedByUsedInOperatingActivities,OperatingIncomeLoss,ShareBasedCompensation,-930000.0,,,,,-28297000.0,-28671000.0,-1126000.0,,,,,,,,,,,,,,,ineligible:gate0_status,,,
PMEC,1891944,PRIMECH HOLDINGS LTD.,"",Nasdaq,7340,Services-To Dwellings & Other Buildings,us-gaap,20-F,USD,331,2025,2025-03-31,false,false,tax_anomaly,fail,"","",reported,reported,reported,"",,false,,14496000.0,-3.801235839340886,6284000.0,4516000.0,0.023779741489461863,-2667000.0,-0.2585034013605442,2.048523206751055,,-0.003967773608252969,false,,0.12015751383567476,74349000.0,-1942000.0,-948000.0,7382000.0,1098000.0,false,false,false,,false,false,true,,-0.026120055414329716,false,-0.03049575522266972,1768000.0,14889000.0,391000.0,2000.0,10145000.0,12812000.0,37584000.0,false,PASS,true,FAIL,false,PASS,false,PASS,false,PASS,false,false,PASS,true,FAIL,false,0,insufficient,true,,,,,,,,0.12015751383567476,,false,1,-0.012750675866521406,,,0.08673998236430529,falling,,,,,,,,,,,,,,,,,,,,,,,,,false,,,,,-295000.0,-0.012750675866521406,-1764000.0,2026-08-25,PaymentsToAcquirePropertyPlantAndEquipment,StockholdersEquity,Goodwill,IntangibleAssetsNetExcludingGoodwill,NetIncomeLoss,NetCashProvidedByUsedInOperatingActivities,OperatingIncomeLoss,ShareBasedCompensation,456000.0,,,,,,,,,,,,,,,,,,,,,,ineligible:gate0_status,,,
MSS,1892292,MAISON SOLUTIONS INC.,"",Nasdaq,5411,Retail-Grocery Stores,us-gaap,10-Q,USD,430,2025,2025-04-30,false,false,ni_vs_oi,fail,sbc,"",reported,reported,reported,"",,true,,-10635392.0,4.067595848018384,4580775.0,,,,0.1589088663966872,-0.9243220980770052,,-0.004500968784747525,true,,,124217480.0,1169273.0,-1265006.0,4756130.0,175355.0,false,false,false,,false,true,false,"",0.00941311158461756,false,0.0015098978481821153,,11667269.0,14882849.0,7419812.0,775360.0,,17748272.0,true,FAIL,false,PASS,false,PASS,,NOT_EVALUABLE,,NOT_EVALUABLE,,true,FAIL,false,PASS,true,3,insufficient,true,0.435595885693677,,,,,,,,,false,0,-0.010183800218777583,,,1.8343907191788205,rising,118702265.0,-12011340.0,-718223.0,35541.0,,,14882849.0,7000488.0,7704073.0,1518958.0,,26426308.0,1.3767312506053067,-0.03594838983237012,-0.0588458650019653,-0.08586126269456648,-0.4410675015069215,0,,-0.688264103258365,,,,0,false,,,,,-559099.0,-0.010183800218777583,1094898.0,2026-08-25,PaymentsToAcquireMachineryAndEquipment,StockholdersEquity,Goodwill,IntangibleAssetsNetExcludingGoodwill,NetIncomeLoss,NetCashProvidedByUsedInOperatingActivities,OperatingIncomeLoss,,173989.0,,,414233.0,,-9438887.0,-13150727.0,-716597.0,,,,,,,,,,,,,,,ineligible:gate0_status,,,
ABPO,1893219,"Abpro Holdings, Inc.","",OTC,2836,"Biological Products, (No Diagnostic Substances)",us-gaap,10-Q,USD,1231,2025,2025-12-31,false,false,ni_vs_oi,fail,"fcf,sbc,tax_anomaly","goodwill,intangibles",never_acquired,never_acquired,never_acquired,"",,false,,-8831000.0,2.0767634854771786,,,,,,0.34216753431140556,,,false,,,,-2892000.0,-8452000.0,-6006000.0,,false,false,false,,false,false,false,"buybacks,dep_amort,pretax_income,tax_expense",,false,-96.27868852459017,1489000.0,-8831000.0,0.0,0.0,82000.0,,2232610.0,true,FAIL,false,PASS,,NOT_EVALUABLE,,NOT_EVALUABLE,,NOT_EVALUABLE,,true,FAIL,,NOT_EVALUABLE,,0,insufficient,true,,,,,,,,,,false,0,,,,0.23397178826807954,rising,,2011000.0,-6588000.0,,1127000.0,,,,-3533000.0,4236000.0,,5197159.0,,,,,,0,,,,,,0,false,,,,,,,,2026-08-25,,StockholdersEquity,,,ProfitLoss,NetCashProvidedByUsedInOperatingActivities,OperatingIncomeLoss,ShareBasedCompensation,,,,,,-5341000.0,,,,,,,,,,,,,,,,,ineligible:gate0_status,,,
PLRZ,1893645,Polyrizon Ltd.,"",Nasdaq,3841,Surgical & Medical Instruments & Apparatus,us-gaap,20-F,USD,1231,2025,2025-12-31,false,false,ni_vs_oi,fail,"sbc,tax_anomaly",goodwill,never_acquired,never_acquired,reported,"",,false,,18447000.0,1.3577211394302848,-4535000.0,-5845000.0,,,,0.533685389662346,,,false,,-8.590787501102325,,-3335000.0,-6249000.0,-4528000.0,7000.0,false,false,false,,false,false,false,"",,false,,1310000.0,20994000.0,0.0,2547000.0,1306000.0,,680380.0,false,PASS,false,PASS,true,FAIL,true,FAIL,,NOT_EVALUABLE,,true,FAIL,,NOT_EVALUABLE,,0,insufficient,true,,,,,-0.9688772130036343,,,-8.590787501102325,,false,0,,,,0.9983719871455857,rising,,-1134000.0,-2631000.0,,414000.0,,,2697000.0,18375000.0,15828000.0,,1443182.0,,,,,,0,,,,,,0,false,,,,,,,,2026-08-25,PaymentsToAcquirePropertyPlantAndEquipment,StockholdersEquity,,IntangibleAssetsNetExcludingGoodwill,NetIncomeLoss,NetCashProvidedByUsedInOperatingActivities,OperatingIncomeLoss,ShareBasedCompensation,,,,,,-3440000.0,,,,,,,,,,,,,,,,,ineligible:gate0_status,,,
WAMFF,1893899,ALASKA SILVER CORP.,"",OTC,1040,Gold and Silver Ores,us-gaap,10-Q,USD,1231,2025,2025-12-31,false,false,"",fail,"fcf,sbc,ni_vs_oi,tax_anomaly","goodwill,intangibles",never_acquired,never_acquired,never_acquired,"",,false,,4991569.0,0.5200409081722571,,,,,,,,,false,,,,-8861799.0,,-4608498.0,,false,false,false,,false,false,false,"",,false,,315212.0,4991569.0,0.0,0.0,9054203.0,,70588703.0,false,PASS,true,FAIL,,NOT_EVALUABLE,,NOT_EVALUABLE,,NOT_EVALUABLE,,,NOT_EVALUABLE,,NOT_EVALUABLE,,0,insufficient,true,,,,,,,,,,false,0,,,,0.6571141599271545,,,-7164763.0,-6905077.0,,465748.0,,,,6514971.0,4078106.0,,88669449.0,,,,,,0,,,,,,0,false,,,441359.0,,,,-8861799.0,2026-08-25,,StockholdersEquity,,,NetIncomeLoss,NetCashProvidedByUsedInOperatingActivities,,ShareBasedCompensation,,,,441359.0,,,,,,,,,,,,,,,,,,,ineligible:gate0_status,,,
APUS,1894525,"APIMEDS PHARMACEUTICALS US, INC.","",NYSE,2834,Pharmaceutical Preparations,us-gaap,10-Q,USD,1231,2025,2025-12-31,false,false,ni_vs_oi,fail,"tangible_book,sbc,tax_anomaly","",unresolved,unresolved,unresolved,"",,false,,,1.4873476476207759,-8983110.0,-10548916.0,,,,0.5037654368556487,,,false,,-0.9693995730711538,,-6001137.0,-11912562.0,-8925777.0,57333.0,false,false,false,,false,false,false,"",,false,,1565806.0,153347827.0,,,1636655.0,,10881907.0,,NOT_EVALUABLE,false,PASS,true,FAIL,true,FAIL,,NOT_EVALUABLE,,true,FAIL,,NOT_EVALUABLE,,0,insufficient,true,,,,,,,,-0.9693995730711538,,false,0,,,,0.940771171412036,rising,,-58169529.0,-13279261.0,53358.0,1593129.0,-14925748.0,,,106448541.0,278371.0,,1632818.0,,,,,,0,,,,,,0,false,-15345.0,,,,,,,2026-08-25,PaymentsToAcquirePropertyPlantAndEquipment,StockholdersEquity,,,NetIncomeLoss,NetCashProvidedByUsedInOperatingActivities,OperatingIncomeLoss,ShareBasedCompensation,,,,,,-27348744.0,,,,,,,,,,,,,,,,,ineligible:gate0_status,,,
CNTM,1895249,"ConnectM Technology Solutions, Inc.","",OTC,1700,Construction - Special Trade Contractors,us-gaap,10-Q,USD,1231,2025,2025-12-31,false,false,tax_anomaly,fail,"","",reported,reported,reported,"",,false,,-8631168.0,0.6027819551186362,-9954427.0,-11414717.0,0.04079022346368715,,0.001000761614054411,1.2907456641368553,,0.11083525139664804,false,,-0.15783928194302746,35800000.0,-16245050.0,-12585787.0,-9792223.0,162204.0,false,true,false,0.19901134778399826,false,false,false,"",-0.4537723463687151,false,-0.37376235083107107,1460290.0,-1526982.0,5216788.0,1887398.0,2736582.0,,72318607.0,true,FAIL,true,FAIL,true,FAIL,true,FAIL,false,PASS,false,false,PASS,true,FAIL,true,3,insufficient,true,,,,,,,,-0.15783928194302746,,false,0,-0.3515582960893855,,,0.457327342228038,rising,37100265.0,1373386.0,-10173828.0,268524.0,1257161.0,-11699513.0,2604288.0,1759873.0,13994066.0,2393541.0,8491000.0,54752325.0,0.5741676588561193,0.4517294370861645,-0.090760888853485,0.24212673843063734,-0.15386130872160952,1,,,0.02601596318120759,,,0,false,,,815049.0,,3967902.0,-0.3515582960893855,-16073758.0,2026-08-25,PaymentsToDevelopSoftware,StockholdersEquity,Goodwill,IntangibleAssetsNetExcludingGoodwill,NetIncomeLoss,NetCashProvidedByUsedInOperatingActivities,OperatingIncomeLoss,ShareBasedCompensation,-16086.0,,,900493.0,,-11608133.0,-9716599.0,-16086.0,,,,,,,,,,,,,,,ineligible:gate0_status,,,
GXAI,1895618,Gaxos.ai Inc.,"",Nasdaq,7372,Services-Prepackaged Software,us-gaap,10-Q,USD,1231,2025,2025-12-31,false,false,ni_vs_oi,fail,tax_anomaly,goodwill,never_acquired,never_acquired,reported,"",,false,,12410373.0,0.9879951279078025,-3936807.0,-4073698.0,0.07081680056698551,,,0.7933616134644665,,,false,,-0.5743009334421306,1933030.0,-3900583.0,-4916526.0,-3853757.0,83050.0,false,false,false,,false,false,false,buybacks,-2.017859526236013,false,-15684.70703125,136891.0,13128706.0,0.0,718333.0,840499.0,,7093316.0,false,PASS,false,PASS,true,FAIL,true,FAIL,false,PASS,false,true,FAIL,,NOT_EVALUABLE,,0,insufficient,true,,,,,,,,-0.5743009334421306,,false,0,-2.5434297450117174,,,0.9008751471053147,rising,6005051.0,-3890864.0,-5420744.0,40800.0,172605.0,-5634149.0,,628533.0,17291048.0,1089449.0,,9596222.0,,183.2718195266272,75.24165683465363,13.372946289136754,,0,,,-0.8906796638604544,,,0,false,,,,,,-2.5434297450117174,,2026-08-25,PaymentsToDevelopSoftware,StockholdersEquity,,IntangibleAssetsNetExcludingGoodwill,NetIncomeLoss,NetCashProvidedByUsedInOperatingActivities,OperatingIncomeLoss,ShareBasedCompensation,,,,,,-6954014.0,,,,,,,,,,,,,,,,,ineligible:gate0_status,,,
CDT,1896212,CDT EQUITY INC.,"",Nasdaq,2834,Pharmaceutical Preparations,us-gaap,10-Q,USD,1231,2025,2025-12-31,false,false,"",fail,"tangible_book,fcf,sbc,tax_anomaly",goodwill,unresolved,never_acquired,unresolved,"",,false,,,0.3965684274933714,,,,,,1.0671164676116114,,,false,,,,-39224000.0,-36757000.0,-15555000.0,,false,false,true,,false,false,false,"pretax_income,tax_expense",,false,,2183000.0,-7170000.0,0.0,,1509000.0,,33300.0,,NOT_EVALUABLE,true,FAIL,,NOT_EVALUABLE,,NOT_EVALUABLE,,NOT_EVALUABLE,,false,PASS,,NOT_EVALUABLE,,0,insufficient,true,,,,,,,,,,false,0,,,,5.126564079685708,falling,,-37147000.0,-11484000.0,398000.0,2187000.0,-14069000.0,,5000.0,103093000.0,747000.0,,304293.0,,,,,,0,,,,,,0,false,,106000.0,,,,,-39224000.0,2026-08-25,,StockholdersEquity,,,NetIncomeLoss,NetCashProvidedByUsedInOperatingActivities,OperatingIncomeLoss,ShareBasedCompensation,,,,,,-34847000.0,,,,,,,,,,,,,,,,,ineligible:gate0_status,,,
LBGJ,1896425,Li Bang International Corporation Inc.,"",Nasdaq,3580,Refrigeration & Service Industry Machinery,us-gaap,20-F,USD,630,2025,2025-06-30,false,false,"tax_anomaly,ni_vs_oi",fail,sbc,goodwill,never_acquired,never_acquired,reported,"",,true,,7355415.0,0.9142559751375083,-1200490.0,,,-1993662.0,0.02519513777706109,0.7472780007608621,,,false,,,11106078.0,-1013575.0,-1356356.0,-926667.0,273823.0,false,false,false,0.6412836774459475,false,false,false,"",-0.09126309035466885,false,0.08908798770228071,,7877975.0,0.0,522560.0,1079565.0,3073227.0,18183518.0,false,PASS,false,PASS,true,FAIL,,NOT_EVALUABLE,,NOT_EVALUABLE,,true,FAIL,true,FAIL,,0,insufficient,true,-0.06251088895164236,,,,,,,,,false,0,-0.12212736125209997,,,0.11907290826487323,rising,11781015.0,-1034481.0,-216219.0,42558.0,,,,527846.0,7754704.0,1190394.0,10155250.0,17628239.0,,,,,,0,,,,,,0,false,,,426992.0,,,-0.12212736125209997,-1041828.0,2026-08-25,PaymentsToAcquireOtherPropertyPlantAndEquipment,StockholdersEquity,,IntangibleAssetsNetExcludingGoodwill,NetIncomeLoss,NetCashProvidedByUsedInOperatingActivities,OperatingIncomeLoss,,-26249.0,,,448333.0,,-1321106.0,-1310784.0,-274030.0,,,,,,,,,,,,,,,ineligible:gate0_status,,,
SUPX,1897087,SUPERX AI TECHNOLOGY LIMITED,"",Nasdaq,8742,Services-Management Consulting Services,us-gaap,20-F,USD,630,2025,2025-06-30,false,false,"tax_anomaly,sbc,ni_vs_oi",fail,"","goodwill,intangibles",never_acquired,never_acquired,never_acquired,"",,false,,19828396.0,0.39287278582627133,-8635537.0,-12241516.0,1.0026147098281004,,0.0016474765391773572,0.9920566111886445,,,false,,-0.8123351351358525,3596575.0,-21214460.0,-21384324.0,-8334584.0,300953.0,false,false,false,,false,false,true,,-5.898517339413192,false,-0.01605509181235915,3605979.0,19828396.0,0.0,0.0,17206993.0,,15069539.0,false,PASS,true,FAIL,true,FAIL,true,FAIL,true,FAIL,true,true,FAIL,true,FAIL,,0,insufficient,true,-0.2796181331342885,,,,,,,-0.8123351351358525,,false,0,-5.945746717363047,,,0.8124393882229888,falling,,,,,,,,,,,,,,,,,,,,,,,,,false,,,,,,-5.945746717363047,-21249468.0,2026-08-25,PaymentsToAcquirePropertyPlantAndEquipment,StockholdersEquity,,,NetIncomeLoss,NetCashProvidedByUsedInOperatingActivities,OperatingIncomeLoss,ShareBasedCompensation,-35008.0,,,,,,,,,,,,,,,,,,,,,,ineligible:gate0_status,,,
HWH,1897245,HWH     INTERNATIONAL INC.,"",Nasdaq,5122,"Wholesale-Drugs, Proprietaries & Druggists' Sundries",us-gaap,10-Q,USD,1231,2025,2025-12-31,false,false,"tax_anomaly,sbc",fail,ni_vs_oi,intangibles,never_acquired,reported,never_acquired,"",,false,,2502233.0,0.6653526545073024,-1769754.0,-3349754.0,1.8225315655546148,,-0.018185321573961955,,,,false,,-0.5106173527530546,866926.0,-2630620.0,,-1750290.0,19464.0,false,false,false,0.9984610649430594,false,false,false,buybacks,-3.034422776569165,false,,1580000.0,2618881.0,116648.0,0.0,2085918.0,,6560204.0,false,PASS,true,FAIL,true,FAIL,true,FAIL,true,FAIL,true,,NOT_EVALUABLE,true,FAIL,,0,insufficient,true,,,,,,,,-0.5106173527530546,,false,0,,,,1.2445191838799037,falling,389738.0,-2650241.0,-936397.0,18857.0,,,122482.0,,2734617.0,1506036.0,,7508168.0,-0.07313322304572954,-0.4015506927179956,-0.7825181150214942,-0.7931641059180196,-0.25410600709203685,0,,,,,,0,false,,,19494.0,,,,-2610457.0,2026-08-25,PaymentsToAcquirePropertyPlantAndEquipment,StockholdersEquity,Goodwill,,NetIncomeLoss,NetCashProvidedByUsedInOperatingActivities,,ShareBasedCompensation,47472.0,,,16969.0,,,-2658526.0,,,,,,,,,,,,,,,,ineligible:gate0_status,,,
PASW,1897532,"Ping An Biomedical Co., Ltd.","",Nasdaq,2300,Apparel & Other Finishd Prods of  Fabrics & Similar Matl,us-gaap,20-F,USD,930,2025,2025-09-30,false,false,"tax_anomaly,ni_vs_oi",fail,"fcf,sbc","goodwill,intangibles",never_acquired,never_acquired,never_acquired,"",,true,,6355106.0,0.5010254657323534,,,,,-0.12636122168297734,0.8726479986712528,,,false,,,4796732.0,-1802108.0,-2065103.0,-902902.0,,false,false,false,,false,false,true,,-0.3756949523133667,false,,,6355106.0,0.0,0.0,164697.0,,18479452.0,false,PASS,true,FAIL,,NOT_EVALUABLE,,NOT_EVALUABLE,,NOT_EVALUABLE,,true,FAIL,true,FAIL,,0,insufficient,true,,,,,,,,,,false,0,-0.43052290601184307,,,0.5010254657323534,,,,,,,,,,-1618667.0,15110.0,,18000000.0,,,,,,0,,,,,,0,false,,,,,,-0.43052290601184307,-2062761.0,2026-08-25,,StockholdersEquity,,,NetIncomeLoss,NetCashProvidedByUsedInOperatingActivities,OperatingIncomeLoss,,260653.0,,,,,,,,,,,,,,,,,,,,,,ineligible:gate0_status,,,
VSTD,1898604,Vestand Inc.,"",Nasdaq,5812,Retail-Eating  Places,us-gaap,10-Q,USD,1231,2024,2024-12-31,false,false,tax_anomaly,fail,"","",reported,reported,reported,"",,false,,-2221469.0,-0.3283072048926635,113697.0,-26072.0,0.010886167816419438,,-0.013009797722477914,1.0433811123083143,0.14019633874145904,,false,,-0.01937349712726527,12839137.0,-2665869.0,-2555029.0,875224.0,761527.0,false,false,false,,false,true,false,"",-0.2076361518690859,false,-0.45690193915556515,139769.0,255399.0,1985645.0,491223.0,,,1345756.0,true,FAIL,true,FAIL,false,PASS,true,FAIL,false,PASS,false,false,PASS,true,FAIL,,1,insufficient,true,0.252339960499816,,,,,,,-0.01937349712726527,,false,0,-0.19900317287680627,,,0.7570732369014586,falling,13902861.0,-3313705.0,-1508245.0,612965.0,86044.0,-2207254.0,1985645.0,477947.0,4687617.0,,,1489599.0,0.5050656967805387,0.488864344870558,0.24903178215747637,0.10932352116860669,-0.14270590895488777,0,,,-0.22743129297186498,,,0,false,1800000.0,,,,,-0.19900317287680627,-2631632.0,2026-08-25,PaymentsToAcquirePropertyPlantAndEquipment,StockholdersEquity,Goodwill,IntangibleAssetsNetExcludingGoodwill,NetIncomeLoss,NetCashProvidedByUsedInOperatingActivities,OperatingIncomeLoss,ShareBasedCompensation,34237.0,,,,,-3811935.0,-3284381.0,29324.0,,,,,,,,,,,,,,,ineligible:gate0_status,,,
GMRS,1898718,GMR Solutions Inc.,"",NYSE,4700,Transportation Services,us-gaap,10-Q,USD,1231,2025,2025-12-31,false,false,"",fail,"income_quality,fcf,sbc,ni_vs_oi,tax_anomaly","",reported,reported,reported,"",,true,,-3157417000.0,,,,,-4436560000.0,,,,,false,,,,,,,,false,false,false,,false,false,true,,,false,,,227401000.0,2180581000.0,1204237000.0,609349000.0,5045909000.0,,true,FAIL,,NOT_EVALUABLE,,NOT_EVALUABLE,,NOT_EVALUABLE,,NOT_EVALUABLE,,,NOT_EVALUABLE,,NOT_EVALUABLE,,1,insufficient,true,,,,,,,,,,false,0,,,,,,,,,,,,2180581000.0,1171914000.0,789263000.0,420001000.0,4417608000.0,54304118.0,,,,,,0,,,,,,0,false,,,,,,,,2026-08-25,,StockholdersEquity,Goodwill,IntangibleAssetsNetExcludingGoodwill,,,,,,,,,,,,,,,,,,,,,,,,,,,ineligible:gate0_status,,,
TPET,1898766,TRIO PETROLEUM CORP,"",NYSE,1311,Crude Petroleum & Natural Gas,us-gaap,10-Q,USD,1031,2025,2025-10-31,false,false,sbc,fail,tax_anomaly,"goodwill,intangibles",never_acquired,never_acquired,never_acquired,"",,false,,11303351.0,0.3576903909884645,-3485834.0,-6114944.0,6.593643882889345,,,1.3812577258069503,,,false,,-0.6707229966532645,398734.0,-7282133.0,-5272103.0,-2604749.0,881085.0,false,false,false,,false,false,false,"",-18.26313532329824,false,,2629110.0,11303351.0,0.0,0.0,882162.0,,9116944.0,false,PASS,true,FAIL,true,FAIL,true,FAIL,true,FAIL,true,false,PASS,,NOT_EVALUABLE,,0,insufficient,true,,,,,,,,-0.6707229966532645,,false,0,-13.222105463792905,,,0.4578298993992731,falling,695094.0,-6482841.0,-3098441.0,538890.0,2149106.0,-5786437.0,,,34553215.0,21020685.0,,19228852.0,-0.6808825747706485,2.0513702975321957,10.294297069969499,7.9492071677194795,3.4133195999907686,0,,,0.4102107845591549,,,0,false,,,,,,-13.222105463792905,-7282133.0,2026-08-25,PaymentsToExploreAndDevelopOilAndGasProperties,StockholdersEquity,,,NetIncomeLoss,NetCashProvidedByUsedInOperatingActivities,OperatingIncomeLoss,ShareBasedCompensation,,,,,,-5395706.0,-6482841.0,,,,,,,,,,,,,,,,ineligible:gate0_status,,,
WLGSF,1899658,"WANG & LEE GROUP, Inc.","",OTC,1700,Construction - Special Trade Contractors,us-gaap,20-F,USD,1231,2024,2024-12-31,false,false,ni_vs_oi,fail,"fcf,sbc,tax_anomaly","goodwill,intangibles",never_acquired,never_acquired,never_acquired,"",,true,,3494999.0,0.6171247256736448,,,,,,0.9980713059683194,,,false,,,3951649.0,-2543959.0,-2548875.0,-1569940.0,,false,false,false,,false,false,true,,-0.6437714989362668,false,-0.15382796501908544,,3494999.0,0.0,0.0,4304514.0,,15180451.0,false,PASS,true,FAIL,,NOT_EVALUABLE,,NOT_EVALUABLE,,NOT_EVALUABLE,,true,FAIL,,NOT_EVALUABLE,,0,insufficient,true,-0.01500910241913822,,,,,,,,,false,0,-0.6450155365519559,,,2.3622615297739555,rising,,,,,,,,,,,,,,,,,,,,,,,,,false,,,,,,-0.6450155365519559,-2543959.0,2026-08-25,,StockholdersEquity,,,NetIncomeLoss,NetCashProvidedByUsedInOperatingActivities,OperatingIncomeLoss,,,,,,,,,,,,,,,,,,,,,,,,ineligible:gate0_status,,,
TETEF,1900679,TECHNOLOGY & TELECOMMUNICATION ACQUISITION CORPORATION,"",OTC,7389,"Services-Business Services, NEC",us-gaap,10-Q,USD,1130,2025,2025-11-30,false,false,ni_vs_oi,fail,"fcf,sbc,tax_anomaly","goodwill,intangibles",never_acquired,never_acquired,never_acquired,"",,true,,-10490667.0,0.4682753349531223,,,,,,0.6463661012874808,,,false,,,,-731371.0,-1131512.0,-342483.0,,false,false,false,,false,false,false,"",,false,,,-10490667.0,0.0,0.0,,,,true,FAIL,true,FAIL,,NOT_EVALUABLE,,NOT_EVALUABLE,,NOT_EVALUABLE,,true,FAIL,,NOT_EVALUABLE,,0,insufficient,true,,,,,,,,,,false,0,,,,-1.689008380871602,rising,,-1346819.0,-318645.0,,,,,,-11078532.0,207763.0,,3417971.0,,,,,,0,,,,,,0,false,,,,,,,,2026-08-25,,StockholdersEquity,,,NetIncomeLoss,NetCashProvidedByUsedInOperatingActivities,OperatingIncomeLoss,,,,,,,-1422384.0,,,,,,,,,,,,,,,,,ineligible:gate0_status,,,
EPWKF,1900720,EPWK HOLDINGS LTD.,"",OTC,7389,"Services-Business Services, NEC",us-gaap,20-F,USD,630,2025,2025-06-30,false,false,"tax_anomaly,ni_vs_oi",fail,sbc,goodwill,never_acquired,never_acquired,reported,"",,true,,-189158.0,1.0225550917846005,-10680166.0,,,,-0.001079681760445082,0.9689203312029061,,,false,,,27841607.0,-10440259.0,-10775147.0,-10675740.0,4426.0,false,false,false,,false,false,true,,-0.37498765786041016,false,-0.09940369298850142,,-103856.0,0.0,85302.0,389348.0,,519184.0,true,FAIL,false,PASS,true,FAIL,,NOT_EVALUABLE,,NOT_EVALUABLE,,true,FAIL,true,FAIL,,0,insufficient,true,,,,,,,,,,false,0,-0.3870159865412941,,,1.2522187372669422,falling,,,,,,,,,,,,,,,,,,,,,,,,,false,,,,,,-0.3870159865412941,-10428999.0,2026-08-25,PaymentsToAcquirePropertyPlantAndEquipment,StockholdersEquity,,IntangibleAssetsNetExcludingGoodwill,NetIncomeLoss,NetCashProvidedByUsedInOperatingActivities,OperatingIncomeLoss,,11260.0,,,,,,,,,,,,,,,,,,,,,,ineligible:gate0_status,,,
UCFI,1901203,CN Healthy Food Tech Group Corp.,"",Nasdaq,2000,Food and Kindred Products,us-gaap,10-Q,USD,1231,2025,2025-12-31,false,false,"",unknown,"income_quality,fcf,sbc,ni_vs_oi,tax_anomaly",goodwill,never_acquired,never_acquired,reported,"",,true,,19790453.0,,,,,,,,,,false,,,,,,,,false,false,false,,false,false,true,,,false,,,19874181.0,0.0,83728.0,33013749.0,,,false,PASS,,NOT_EVALUABLE,,NOT_EVALUABLE,,NOT_EVALUABLE,,NOT_EVALUABLE,,,NOT_EVALUABLE,,NOT_EVALUABLE,,0,insufficient,true,,,,,,,,,,false,0,,,,-0.23341130337838495,,,,,,,,,87144.0,23347133.0,23317217.0,,52234983.0,,0.8418284301413385,0.20837707797409655,0.17076115861320515,,0,,,-14.082510752530562,,,0,false,,,,,,,,2026-08-25,,StockholdersEquity,,IntangibleAssetsNetExcludingGoodwill,,,,,,,,,,,,,,,,,,,,,,,,,,,ineligible:gate0_status,,,
PPHC,1903508,"Public Policy Holding Company, Inc.","",Nasdaq,8742,Services-Management Consulting Services,us-gaap,10-Q,USD,1231,2025,2025-12-31,false,false,tax_anomaly,fail,sbc,"",reported,reported,reported,"",,true,,-14045000.0,-0.6351119202071742,24759000.0,,,-26552000.0,-0.12713137968903532,1.1500309615781559,0.11292423649492604,-0.012592405959011692,true,,,186541000.0,-39001000.0,-33913000.0,24770000.0,11000.0,false,true,false,,false,false,false,"",-0.209074680633212,false,,,80058000.0,56990000.0,37113000.0,20436000.0,46988000.0,17466665.0,true,FAIL,true,FAIL,false,PASS,,NOT_EVALUABLE,,NOT_EVALUABLE,,false,PASS,true,FAIL,false,2,insufficient,true,,,,,,,,,,false,0,-0.18179917551637442,,,-0.6598984904704945,,200908000.0,-37885000.0,15998000.0,550000.0,,,57153000.0,35002000.0,110943000.0,36923000.0,42153000.0,24130718.0,,,,,,0,,,,,,0,true,21065000.0,,,8656000.0,-2349000.0,-0.18179917551637442,-34602000.0,2026-08-25,PaymentsToAcquirePropertyPlantAndEquipment,StockholdersEquity,Goodwill,IntangibleAssetsNetExcludingGoodwill,NetIncomeLoss,NetCashProvidedByUsedInOperatingActivities,OperatingIncomeLoss,,4399000.0,3154000.0,,,9932000.0,-35185000.0,-34482000.0,3403000.0,,,,,,,,,,,,,,,ineligible:gate0_status,,,
MIRA,1904286,"MIRA Pharmaceuticals, Inc.","",Nasdaq,2834,Pharmaceutical Preparations,us-gaap,10-Q,USD,1231,2025,2025-12-31,false,false,"",fail,"fcf,sbc,ni_vs_oi,tax_anomaly","goodwill,intangibles",never_acquired,never_acquired,never_acquired,"",,false,,10391537.0,0.4464137607092565,,,,,,,,,false,,,,-10442485.0,,-4661669.0,,false,false,false,,false,false,false,"",,false,,6313167.0,10391537.0,0.0,0.0,6346921.0,,,false,PASS,true,FAIL,,NOT_EVALUABLE,,NOT_EVALUABLE,,NOT_EVALUABLE,,,NOT_EVALUABLE,,NOT_EVALUABLE,,0,insufficient,true,,,,,,,,,,false,0,,,,0.5109293928037811,rising,,-9479680.0,-4638863.0,,5078255.0,,,,8162317.0,3609442.0,,17984641.0,,,,,,0,,,,,,0,false,,,,,,,,2026-08-25,,StockholdersEquity,,,NetIncomeLoss,NetCashProvidedByUsedInOperatingActivities,,ShareBasedCompensation,,,,,,,,,,,,,,,,,,,,,,,ineligible:gate0_status,,,
ZTEK,1904501,Zentek Ltd.,"",Nasdaq,2890,Miscellaneous Chemical Products,ifrs-full,40-F,CAD,331,2025,2025-03-31,false,false,"",fail,"sbc,tax_anomaly","goodwill,intangibles",never_acquired,never_acquired,never_acquired,"",,false,,14749447.0,0.6257624512707505,-6283839.0,-7813773.0,,121481.0,,1.045208363242684,,,false,,-0.07587818391254197,,-10039658.0,-9605413.0,-6282441.0,1398.0,false,false,false,,false,false,true,,,false,-205.50076178711137,1529934.0,14749447.0,0.0,0.0,121481.0,0.0,102977860.0,false,PASS,true,FAIL,true,FAIL,true,FAIL,,NOT_EVALUABLE,,false,PASS,,NOT_EVALUABLE,,0,insufficient,true,,,,,-0.18135804503199807,,,-0.07587818391254197,,false,0,,,,0.7375299863763717,falling,,,,,,,,,,,,,,,,,,,,,,,,,false,,,,,,,,2026-08-25,PurchaseOfPropertyPlantAndEquipmentClassifiedAsInvestingActivities,Equity,,,ProfitLoss,CashFlowsFromUsedInOperatingActivities,ProfitLossFromOperatingActivities,AdjustmentsForSharebasedPayments,0.0,,,,,,,,,,,,,,,,,,,,,,ineligible:gate0_status,,,
GLXG,1905920,Galaxy Payroll Group Limited,"",Nasdaq,8700,"Services-Engineering, Accounting, Research, Management",us-gaap,20-F,USD,630,2025,2025-06-30,false,false,"tax_anomaly,ni_vs_oi",fail,sbc,"goodwill,intangibles",never_acquired,never_acquired,never_acquired,"",,true,,3452175.0,1.0050515620377434,-3537795.0,,,,-0.019812390780526136,0.9931668545359835,,,false,,,3494225.0,-3511983.0,-3536146.0,-3529724.0,8071.0,false,false,false,,false,false,true,,-1.0050820997503023,false,,,3452175.0,0.0,0.0,4100525.0,,1805534.0,false,PASS,false,PASS,true,FAIL,,NOT_EVALUABLE,,NOT_EVALUABLE,,true,FAIL,true,FAIL,,0,insufficient,true,,,,,,,,,,false,0,-1.0119972239910138,,,1.1133265258978289,,,,,,,,,,,,,,,,,,,,,,,,,,false,,,,747190.0,,-1.0119972239910138,-3443754.0,2026-08-25,PaymentsToAcquirePropertyPlantAndEquipment,StockholdersEquity,,,NetIncomeLoss,NetCashProvidedByUsedInOperatingActivities,OperatingIncomeLoss,,68229.0,,,,,,,,,,,,,,,,,,,,,,ineligible:gate0_status,,,
LXEO,1907108,"Lexeo Therapeutics, Inc.","",Nasdaq,2836,"Biological Products, (No Diagnostic Substances)",us-gaap,10-Q,USD,1231,2025,2025-12-31,false,false,"tax_anomaly,ni_vs_oi",fail,sbc,"goodwill,intangibles",never_acquired,never_acquired,never_acquired,"",,false,,246669000.0,0.98561,-98958000.0,-111090000.0,,,-0.0,0.9152731632755796,,,false,,-2.0708235832599984,,-100000000.0,-109257000.0,-98561000.0,397000.0,false,false,false,,false,false,false,"",,false,,12132000.0,246669000.0,0.0,0.0,63000000.0,,53645323.0,false,PASS,false,PASS,true,FAIL,true,FAIL,,NOT_EVALUABLE,,true,FAIL,true,FAIL,,0,insufficient,true,,,,,-35.110295470660255,,,-2.0708235832599984,,false,0,,,,0.9023274246769416,rising,,-87304000.0,-88367000.0,331000.0,13809000.0,-102507000.0,,,235061000.0,92834000.0,,83417555.0,,,,,,0,,,,,,0,false,,,,,,,-99670000.0,2026-08-25,PaymentsToAcquirePropertyPlantAndEquipment,StockholdersEquity,,,NetIncomeLoss,NetCashProvidedByUsedInOperatingActivities,OperatingIncomeLoss,ShareBasedCompensation,0.0,,,,,-95117000.0,-86974000.0,,,,,,,,,,,,,,,,ineligible:gate0_status,,,
GRML,1907223,GREENLAND     MINES LTD,"",Nasdaq,2836,"Biological Products, (No Diagnostic Substances)",us-gaap,10-Q,USD,1231,2025,2025-12-31,false,false,"",fail,"fcf,sbc,tax_anomaly",goodwill,never_acquired,never_acquired,reported,"",,false,,7163922.0,0.558134567083858,,,,,,1.4765299075810931,,,false,,,,-10551674.0,-7146265.0,-5889254.0,,false,false,false,,false,false,false,tax_expense,,false,,1565212.0,9463476.0,0.0,2299554.0,7176615.0,,48489970.0,false,PASS,true,FAIL,,NOT_EVALUABLE,,NOT_EVALUABLE,,NOT_EVALUABLE,,false,PASS,,NOT_EVALUABLE,,0,insufficient,true,,,,,,,,,,false,0,,,,0.5563113748740113,falling,,-21766724.0,-14223097.0,,5897998.0,,,48670775.0,57903852.0,9300000.0,,109946717.0,,,,,,0,,,,,,0,false,,,,,,,-10551674.0,2026-08-25,,StockholdersEquity,,IntangibleAssetsNetExcludingGoodwill,NetIncomeLoss,NetCashProvidedByUsedInOperatingActivities,OperatingIncomeLoss,ShareBasedCompensation,,,,,,-18670676.0,-21766724.0,,,,,,,,,,,,,,,,ineligible:gate0_status,,,
JOCM,1907425,JOCOM HOLDINGS CORP.,"",,7380,Services-Miscellaneous Business Services,us-gaap,10-Q,USD,1231,2025,2025-12-31,false,false,"",fail_stale,"fcf,sbc,ni_vs_oi,tax_anomaly",goodwill,carried_forward,never_acquired,carried_forward,intangibles,365,true,,-106241.0,0.5820057808946172,,,,,,,,,false,,,,-844160.0,,-491306.0,,false,false,false,,false,false,false,revenue,,false,,,-106240.0,0.0,1.0,11220.0,,64632881.0,true,FAIL,true,FAIL,,NOT_EVALUABLE,,NOT_EVALUABLE,,NOT_EVALUABLE,,,NOT_EVALUABLE,,NOT_EVALUABLE,,0,insufficient,true,,,,,,,,,,false,0,,,,0.4501003590971877,falling,,-95518.0,-487857.0,,,,,1.0,306769.0,22987.0,,61936910.0,0.0,,,,,0,,,,,,0,false,,,,,,,-839842.0,2026-08-25,,StockholdersEquity,,,NetIncomeLoss,NetCashProvidedByUsedInOperatingActivities,,,,,,,,,-95518.0,,,,,,,,,,,,,,,,ineligible:gate0_status,,,
GLE,1908705,GLOBAL ENGINE GROUP HOLDING LIMITED,"",Nasdaq,7374,Services-Computer Processing & Data Preparation,us-gaap,20-F,USD,630,2025,2025-06-30,false,false,ni_vs_oi,fail,sbc,"",reported,reported,reported,"",,true,,5721536.0,1.5765056417868706,-1341314.0,,,,0.1184285389167046,0.82131041093349,,,false,,,2940304.0,-743736.0,-905548.0,-1172504.0,168810.0,false,false,false,2.4992227403952922,false,false,true,,-0.25294527368598624,false,,,8064297.0,777264.0,1565497.0,3212399.0,,17750137.0,false,PASS,false,PASS,true,FAIL,,NOT_EVALUABLE,,NOT_EVALUABLE,,true,FAIL,false,PASS,,0,insufficient,true,,,,,,,,,,false,0,-0.3079776784985498,,,0.7886002906816141,,,,,,,,785490.0,286185.0,8740912.0,3463739.0,,18300000.0,,,,,,0,,,,,,0,false,,,67545.0,,,-0.3079776784985498,-843648.0,2026-08-25,PaymentsToAcquirePropertyPlantAndEquipment,StockholdersEquity,Goodwill,IntangibleAssetsNetExcludingGoodwill,NetIncomeLoss,NetCashProvidedByUsedInOperatingActivities,OperatingIncomeLoss,,-99912.0,,,,,,,,,,,,,,,,,,,,,,ineligible:gate0_status,,,
RPDL,1910975,RAPID LINE INC.,"",OTC,8200,Services-Educational Services,us-gaap,10-Q,USD,131,2026,2026-01-31,false,false,tax_anomaly,fail,"fcf,sbc,ni_vs_oi",goodwill,never_acquired,never_acquired,reported,"",,true,,-92752.0,1.0109306188274052,,,,,-0.0,,,,false,,,0.0,-145097.0,,-146683.0,,false,false,false,,false,false,false,"",,false,,,-68500.0,0.0,24252.0,19081.0,,3632750.0,true,FAIL,false,PASS,,NOT_EVALUABLE,,NOT_EVALUABLE,,NOT_EVALUABLE,,,NOT_EVALUABLE,true,FAIL,,0,insufficient,true,,,,,,,,,,false,0,,,,0.9378040322991642,rising,0.0,-177948.0,-181779.0,,,,,22202.0,-117799.0,16387.0,,3632750.0,,,,,,0,,,,,,0,false,,,,,,,-145097.0,2026-08-25,,StockholdersEquity,,IntangibleAssetsNetExcludingGoodwill,NetIncomeLoss,NetCashProvidedByUsedInOperatingActivities,,,0.0,,,,,,-177948.0,0.0,,,,,,,,,,,,,,,ineligible:gate0_status,,,
GITS,1911545,"Global Interactive Technologies, Inc.","",Nasdaq,7370,"Services-Computer Programming, Data Processing, Etc.",us-gaap,10-Q,USD,1231,2025,2025-12-31,false,false,tax_anomaly,fail,"fcf,sbc",goodwill,never_acquired,never_acquired,reported,"",,true,,413644.0,0.16214425845794408,,,,,-0.0,1.8996453202778394,,,false,,,1932.0,-4632893.0,-2438820.0,-751197.0,,false,false,false,,false,false,false,capex,-2397.9777432712217,false,-2.5258258349010156,,3442705.0,0.0,3029061.0,6990.0,,3220583.0,false,PASS,true,FAIL,,NOT_EVALUABLE,,NOT_EVALUABLE,,NOT_EVALUABLE,,false,PASS,true,FAIL,,0,insufficient,true,-0.8347564379875057,,,,,,,,,false,0,-1262.329192546584,,,0.1448523959834249,falling,2028.0,-4563205.0,-706604.0,,,,,2839745.0,2951415.0,360.0,,3674208.0,-1.0,1.2307692307692308,,,,0,,,,,,0,false,,,1238.0,,,-1262.329192546584,-4632893.0,2026-08-25,,StockholdersEquity,,IntangibleAssetsNetExcludingGoodwill,NetIncomeLoss,NetCashProvidedByUsedInOperatingActivitiesContinuingOperations,OperatingIncomeLoss,,0.0,,,1102.0,,-2371703.0,-4563205.0,,,,,,,,,,,,,,,,ineligible:gate0_status,,,
AIEV,1912582,"Thunder Power Holdings, Inc.","",OTC,3711,Motor Vehicles & Passenger Car Bodies,us-gaap,10-Q,USD,1231,2025,2025-12-31,false,false,"",fail,"fcf,sbc,ni_vs_oi,tax_anomaly","goodwill,intangibles",never_acquired,never_acquired,never_acquired,"",,true,,4815748.0,0.7143643747313531,,,,,,,,,false,,,,-2119417.0,,-1514036.0,,false,false,false,,false,false,false,"operating_income,sbc,tax_expense",,false,,,4815748.0,0.0,0.0,10093.0,,50724664.0,false,PASS,true,FAIL,,NOT_EVALUABLE,,NOT_EVALUABLE,,NOT_EVALUABLE,,,NOT_EVALUABLE,,NOT_EVALUABLE,,0,insufficient,true,,,,,,,,,,false,0,,,,0.5225372404909173,rising,,-1858165.0,-1244498.0,,,,,,4323883.0,8666.0,,50724664.0,,,,,,0,,,,,,0,false,,,,,,,-2119417.0,2026-08-25,,StockholdersEquity,,,NetIncomeLoss,NetCashProvidedByUsedInOperatingActivities,,,,,,,,,-1858165.0,,,,,,,,,,,,,,,,ineligible:gate0_status,,,
USEA,1912847,United Maritime Corp,"",Nasdaq,4400,Water Transportation,us-gaap,6-K,USD,1231,2026,2026-06-30,false,false,"",unknown,"income_quality,fcf,sbc,ni_vs_oi,tax_anomaly","goodwill,intangibles",never_acquired,never_acquired,never_acquired,"",,true,,52460000.0,,,,,-57106000.0,,,,,false,,,,,,,,false,false,false,,false,false,false,"",,false,,,52460000.0,0.0,0.0,12090000.0,69196000.0,,false,PASS,,NOT_EVALUABLE,,NOT_EVALUABLE,,NOT_EVALUABLE,,NOT_EVALUABLE,,,NOT_EVALUABLE,,NOT_EVALUABLE,,0,insufficient,true,,,,,-10.82578392669311,,-10.376788412344249,,,false,0,,,,-0.6611450919757157,,1827000.0,-1737000.0,6229000.0,13866000.0,,,,,,,,9508453.0,,,,,,,,,,,,,false,,,,,,,,2026-08-25,,StockholdersEquity,,,,,,,,,221000.0,,2140000.0,3656000.0,,,,,,,,,,,,,,,,,ineligible:gate0_status,,,
RGNT,1912966,Regentis Biomaterials Ltd.,"",NYSE,3842,"Orthopedic, Prosthetic & Surgical Appliances & Supplies",us-gaap,20-F,USD,1231,2025,2025-12-31,false,false,"",fail,"fcf,sbc,tax_anomaly","goodwill,intangibles",never_acquired,never_acquired,never_acquired,"",,false,,4744000.0,0.10074736225087925,,,,,,1.9586681974741675,,,false,,,,-13648000.0,-6968000.0,-1375000.0,,false,false,false,,false,false,true,,,false,,7042000.0,4744000.0,0.0,0.0,7378000.0,,566744.0,false,PASS,true,FAIL,,NOT_EVALUABLE,,NOT_EVALUABLE,,NOT_EVALUABLE,,false,PASS,,NOT_EVALUABLE,,0,insufficient,true,,,,,,,,,,false,0,,,,0.08749668177860687,falling,,,,,,,,,,,,,,,,,,,,,,,,,false,,,,,,,13648000.0,2026-08-25,,StockholdersEquity,,,NetIncomeLoss,NetCashProvidedByUsedInOperatingActivities,OperatingIncomeLoss,ShareBasedCompensation,,,,,,,,,,,,,,,,,,,,,,,ineligible:gate0_status,,,
VFS,1913510,VinFast Auto Ltd.,"",Nasdaq,3711,Motor Vehicles & Passenger Car Bodies,us-gaap,20-F,USD,1231,2024,2024-12-31,false,false,tax_anomaly,fail,tangible_book,"",unresolved,unresolved,reported,"",,false,,,0.39433530689909724,-1937857244.0,-1941214261.0,0.0018558572627017627,-803620177.0,0.0003837324982003,1.3947028581057295,0.00023289923249556816,,false,,-0.8301409587552164,1808876721.0,-3175071461.0,-2276521800.0,-1252042779.0,685814465.0,false,false,false,,false,false,true,,-1.7552724429140354,false,,3357017.0,-6768509143.0,,47858434.0,135886295.0,939506472.0,2338415230.0,,NOT_EVALUABLE,true,FAIL,true,FAIL,true,FAIL,false,PASS,false,false,PASS,true,FAIL,,0,insufficient,true,,,,,,,,-0.8301409587552164,,false,0,-1.258527888369016,,,0.6645221584625012,,,,,,,,,41071332.0,-7184711320.0,549759899.0,1734019759.0,2338812617.0,,,,,,0,,,,,,0,false,421286.0,,,,,-1.258527888369016,-3179973043.0,2026-08-25,PaymentsToAcquireProductiveAssets,StockholdersEquity,,FiniteLivedIntangibleAssetsNet,NetIncomeLoss,NetCashProvidedByUsedInOperatingActivities,OperatingIncomeLoss,ShareBasedCompensation,-1220259.0,,,,,,,,,,,,,,,,,,,,,,ineligible:gate0_status,,,
SMNR,1913577,"Semnur Pharmaceuticals, Inc.","",OTC,2834,Pharmaceutical Preparations,us-gaap,10-Q,USD,1231,2025,2025-12-31,false,false,"",fail,"fcf,sbc,tax_anomaly","goodwill,intangibles",never_acquired,never_acquired,never_acquired,"",,false,,-20750000.0,0.03657365848793138,,,,,,1.0,,,false,,,,-160416000.0,-160416000.0,-5867000.0,,false,false,false,,false,false,false,"",,false,,142435000.0,-20750000.0,0.0,0.0,20000.0,,204784615.0,true,FAIL,true,FAIL,,NOT_EVALUABLE,,NOT_EVALUABLE,,NOT_EVALUABLE,,false,PASS,,NOT_EVALUABLE,,0,insufficient,true,,,,,,,,,,false,0,,,,0.026346769912230505,rising,,-167675000.0,-10544000.0,,145003000.0,,,,-29673000.0,39000.0,,230209142.0,,,,,,0,,,,,,0,false,,,,,,,0.0,2026-08-25,,StockholdersEquity,,,NetIncomeLoss,NetCashProvidedByUsedInOperatingActivities,OperatingIncomeLoss,ShareBasedCompensation,0.0,,,,,-167552000.0,,,,,,,,,,,,,,,,,ineligible:gate0_status,,,
INTJ,1916416,Intelligent Group Limited,"",Nasdaq,8742,Services-Management Consulting Services,us-gaap,20-F,USD,1130,2025,2025-11-30,false,false,"tax_anomaly,sbc,ni_vs_oi",fail,"","goodwill,intangibles",never_acquired,never_acquired,never_acquired,"",,false,,11593875.0,0.009794815285772798,-130736.0,-2533039.0,1.012206035897181,8470897.0,0.027272390085904215,0.9089582207240536,,,false,,-2.4750292641078406,2373334.0,-2334092.0,-2567876.0,-22862.0,107874.0,false,false,false,,false,false,true,,-0.9834654540827377,false,0.20126044189610004,2402303.0,11593875.0,0.0,0.0,8664212.0,193315.0,1023438.0,false,PASS,true,FAIL,true,FAIL,true,FAIL,true,FAIL,true,true,FAIL,true,FAIL,,0,insufficient,true,,,,,,,,-2.4750292641078406,,false,0,-1.081969920794966,,,1.203984909001312,falling,,,,,,,,,8244190.0,8402591.0,224179.0,12565068.0,,,,,,0,,,,,,0,false,,,,,,-1.081969920794966,-2399533.0,2026-08-25,PaymentsToAcquirePropertyPlantAndEquipment,StockholdersEquity,,,NetIncomeLoss,NetCashProvidedByUsedInOperatingActivities,OperatingIncomeLoss,ShareBasedCompensation,-65441.0,,,,,,,,,,,,,,,,,,,,,,ineligible:gate0_status,,,
TRWD,1916558,Tradewinds Universal,"",OTC,2000,Food and Kindred Products,us-gaap,10-Q,USD,1231,2025,2025-12-31,false,false,"tax_anomaly,sbc",fail,"fcf,ni_vs_oi",goodwill,never_acquired,never_acquired,reported,"",,false,,117333.0,0.06447920598245895,,,6.715857741213914,,-0.0,,,,false,,,133222.0,-892877.0,,-57572.0,,false,false,false,,false,false,false,"",-6.702173815135638,false,,894700.0,307333.0,0.0,190000.0,16638.0,,35527656.0,false,PASS,true,FAIL,,NOT_EVALUABLE,,NOT_EVALUABLE,true,FAIL,true,,NOT_EVALUABLE,true,FAIL,,0,insufficient,true,,,,,,,,,,false,0,,,,0.2039435531866023,falling,147050.0,-3858823.0,-198694.0,,150000.0,,,170000.0,184331.0,8636.0,,51416436.0,-0.774103189662962,1.3318369673649708,0.6805427073697194,0.25,0.24210153089936348,0,,,,,,0,false,,,,,,,-892877.0,2026-08-25,,StockholdersEquity,,IntangibleAssetsNetExcludingGoodwill,NetIncomeLoss,NetCashProvidedByUsedInOperatingActivities,,AllocatedShareBasedCompensationExpense,0.0,,,,,,-3858823.0,0.0,,,,,,,,,,,,,,,ineligible:gate0_status,,,
DBHL,1918080,"DEEP ISOLATION NUCLEAR, INC.","",OTC,4953,Refuse Systems,us-gaap,10-Q,USD,1231,2025,2025-12-31,false,false,"tax_anomaly,ni_vs_oi",fail,"","",reported,reported,reported,"",,false,,26941000.0,0.7366941529235382,-4036000.0,-4509000.0,0.07708604954367666,,-0.00018744142455482662,0.9247833622183709,,-0.01303780964797914,false,,-0.09261922547937844,6136000.0,-5336000.0,-5770000.0,-3931000.0,105000.0,false,false,false,,false,false,false,"",-0.8696219035202086,false,,473000.0,27196000.0,182000.0,73000.0,,,48683197.0,false,PASS,true,FAIL,true,FAIL,true,FAIL,false,PASS,false,true,FAIL,true,FAIL,false,0,insufficient,true,,,,,,,,-0.09261922547937844,,false,0,-0.9403520208604954,,,1.0076693886781538,falling,5748000.0,-12259000.0,-11357000.0,148000.0,1303000.0,-12808000.0,182000.0,33000.0,19666000.0,28209000.0,,57684662.0,-0.2412082957619477,-0.1300155962001985,-0.04802631578947368,-0.19277845777233782,0.022727879437955446,0,,,-275.7894736842105,,,0,false,,,,,-80000.0,-0.9403520208604954,-5335000.0,2026-08-25,PaymentsToAcquirePropertyPlantAndEquipment,StockholdersEquity,Goodwill,IntangibleAssetsNetExcludingGoodwill,NetIncomeLoss,NetCashProvidedByUsedInOperatingActivities,OperatingIncomeLoss,ShareBasedCompensation,1000.0,,,,,-13071000.0,-12259000.0,0.0,,,,,,,,,,,,,,,ineligible:gate0_status,,,
FISN,1918102,"Deep Fission, Inc.","",Nasdaq,4911,Electric Services,us-gaap,10-Q,USD,1231,2025,2025-12-31,false,false,"",fail,"sbc,tax_anomaly","goodwill,intangibles",never_acquired,never_acquired,never_acquired,"",,false,,22287000.0,0.21394365590885975,-13094631.0,-21519434.0,,,,2.8527156701763814,,,false,,,,-61002954.0,-21384169.0,-13051195.0,43436.0,false,false,false,,false,false,false,"",,false,,8424803.0,22287000.0,0.0,0.0,23719000.0,,,false,PASS,true,FAIL,true,FAIL,true,FAIL,,NOT_EVALUABLE,,false,PASS,,NOT_EVALUABLE,,0,insufficient,true,,,,,,,,,,false,0,,,,0.5585517182590385,falling,,-106419954.0,-51881195.0,92436.0,25921803.0,-77895434.0,,,98755000.0,93016000.0,,53532466.0,,,,,,0,,,-7.582263126855148,,,0,false,,,,,,,,2026-08-25,PaymentsToAcquirePropertyPlantAndEquipment,StockholdersEquity,,,NetIncomeLoss,NetCashProvidedByUsedInOperatingActivities,OperatingIncomeLoss,ShareBasedCompensation,,,,,,-70989169.0,,,,,,,,,,,,,,,,,ineligible:gate0_status,,,
PTHS,1919246,Pelthos Therapeutics Inc.,"",NYSE,2836,"Biological Products, (No Diagnostic Substances)",us-gaap,10-Q,USD,1231,2025,2025-12-31,false,false,sbc,fail,"","",reported,reported,reported,"",,false,,-25270000.0,0.5214801819063228,-22689000.0,-28150000.0,0.3251562965168205,,0.14568295665207273,1.3357693493678693,,3.819648704971718,false,-0.0,-14.969438946491833,16795000.0,-43319000.0,-32430000.0,-22590000.0,99000.0,false,false,false,,false,false,false,"",-2.5792795474843704,false,,5461000.0,38881000.0,24681000.0,39470000.0,17973000.0,,1880498.0,true,FAIL,true,FAIL,true,FAIL,true,FAIL,true,FAIL,true,false,PASS,false,PASS,true,2,insufficient,true,,,,,,,,-14.969438946491833,,false,0,-1.930931824947901,,,0.4608308222892535,rising,43304000.0,-86392000.0,-42301000.0,295000.0,9230000.0,-51826000.0,24681000.0,37397000.0,-1501000.0,24192000.0,,3426232.0,,,,,,0,,,-20.075949367088608,,,0,false,,0.0,,,64151000.0,-1.930931824947901,-50706000.0,2026-08-25,PaymentsToAcquirePropertyPlantAndEquipment,StockholdersEquity,Goodwill,FiniteLivedIntangibleAssetsNet,NetIncomeLoss,NetCashProvidedByUsedInOperatingActivities,OperatingIncomeLoss,ShareBasedCompensation,-7387000.0,,,,,-57776000.0,-93779000.0,-7387000.0,,,,,,,,,,,,,,,ineligible:gate0_status,,,
GELS,1920092,Gelteq Limited,"",Nasdaq,2834,Pharmaceutical Preparations,ifrs-full,20-F,AUD,630,2025,2025-06-30,false,false,"",fail,"sbc,tax_anomaly",goodwill,never_acquired,never_acquired,reported,"",,true,,-4053487.0,0.8308864722991796,-5524734.0,,,-3872757.0,,1.209247629936128,,,false,,,165645.0,-6645453.0,-5495527.0,-5521617.0,3117.0,false,true,false,0.002548744639009612,false,false,true,"",-40.11864529566241,false,-38.85313678093258,,15804486.0,0.0,19857973.0,344648.0,4217405.0,9272375.0,true,FAIL,false,PASS,true,FAIL,,NOT_EVALUABLE,,NOT_EVALUABLE,,false,PASS,,NOT_EVALUABLE,,0,insufficient,true,,,,,,,,,,false,0,-33.176534154366266,,,0.5458974552400019,rising,,-5164910.0,,,,,,20158270.0,18793763.0,3046602.0,3896328.0,8620569.0,,,,,,0,,,,,,0,false,,,1222955.0,,,-33.176534154366266,-6645453.0,2026-08-25,PurchaseOfPropertyPlantAndEquipmentClassifiedAsInvestingActivities,Equity,,IntangibleAssetsOtherThanGoodwill,ProfitLoss,CashFlowsFromUsedInOperatingActivities,ProfitLossFromOperatingActivities,,,,,,,-4230696.0,-5164910.0,,,,,,,,,,,,,,,,ineligible:gate0_status,,,
RZLV,1920294,Rezolve AI plc,"",Nasdaq,7370,"Services-Computer Programming, Data Processing, Etc.",us-gaap,20-F,USD,1231,2025,2025-12-31,false,false,"",fail,"","",reported,reported,reported,"",,false,,-160781787.0,0.6226911845617781,-63237472.0,-69639140.0,0.1367874884196292,61020222.0,0.14880865332892582,1.1675558365542937,,,false,,-0.25986571239892986,46800099.0,-101410228.0,-86856855.0,-63147255.0,90217.0,false,false,false,,false,false,false,"",-2.166880629889266,false,-179.2905529779181,6401668.0,246815532.0,168396367.0,239200952.0,111112251.0,50092029.0,267981256.0,true,FAIL,true,FAIL,true,FAIL,true,FAIL,false,PASS,true,false,PASS,false,PASS,,1,insufficient,true,,,,,,,,-0.25986571239892986,,false,0,-1.85591177916098,,,0.3915835738530973,rising,7128503.0,-218336554.0,-37292416.0,94625.0,66576151.0,-103963192.0,,,,,,233521905.0,,,,,,,,,,,,,false,,,,,,-1.85591177916098,-119139167.0,2026-08-25,PaymentsToAcquirePropertyPlantAndEquipment,StockholdersEquity,Goodwill,FiniteLivedIntangibleAssetsNet,NetIncomeLoss,NetCashProvidedByUsedInOperatingActivities,OperatingIncomeLoss,AllocatedShareBasedCompensationExpense,-17728939.0,,,,,-161227965.0,-217741428.0,595126.0,,,,,,,,,,,,,,,ineligible:gate0_status,,,
WHK,1921603,WhiteHawk Minerals Corp.,"",NYSE,1311,Crude Petroleum & Natural Gas,us-gaap,10-Q,USD,1231,2026,2026-03-31,false,false,"",unknown,"income_quality,fcf,sbc,ni_vs_oi,tax_anomaly","goodwill,intangibles",never_acquired,never_acquired,never_acquired,"",,true,,208977000.0,,,,,,,,,,false,,,,,,,,false,false,false,,false,false,true,,,false,,,208977000.0,0.0,0.0,,,,false,PASS,,NOT_EVALUABLE,,NOT_EVALUABLE,,NOT_EVALUABLE,,NOT_EVALUABLE,,,NOT_EVALUABLE,,NOT_EVALUABLE,,0,insufficient,true,,,,,,,,,,false,0,,,,,,,,,,,,,,278493000.0,13229000.0,,15948000.0,,,,,,0,,,,,,0,false,,,,,,,,2026-08-25,,StockholdersEquityIncludingPortionAttributableToNoncontrollingInterest,,,,,,,,,,,,,,,,,,,,,,,,,,,,,ineligible:gate0_status,,,
ASPI,1921865,ASP Isotopes Inc.,"",Nasdaq,2890,Miscellaneous Chemical Products,us-gaap,10-Q,USD,1231,2025,2025-12-31,false,false,"tax_anomaly,sbc",fail,"","",reported,reported,reported,"",,false,,201876000.0,0.23635692523288476,-47434000.0,-63458000.0,0.6718939997484171,277517000.0,-0.0017673491642694644,2.66814114976297,,,false,,-0.7644290162885852,23849000.0,-159843000.0,-59908000.0,-37780000.0,9654000.0,false,false,false,5.049163179916318,false,false,false,"",-6.702293597215816,false,-37.04627204832966,16024000.0,204151000.0,1600000.0,675000.0,279572000.0,2055000.0,83013594.0,false,PASS,true,FAIL,true,FAIL,true,FAIL,true,FAIL,true,false,PASS,true,FAIL,,0,insufficient,true,,,,,,,,-0.7644290162885852,,false,0,-2.511971151830265,,,0.36115610433197826,falling,30852000.0,-117338000.0,-67803000.0,15773000.0,18659000.0,-102235000.0,6466000.0,634000.0,264693000.0,219596000.0,59769000.0,121860483.0,0.17186850422430228,3.495309806517452,2.793103448275862,3.2762938230383973,0.8611069598200695,1,,,-3.3615623288921337,,,0,false,,,1912000.0,0.0,,-2.511971151830265,-159561000.0,2026-08-25,PaymentsToAcquirePropertyPlantAndEquipment,StockholdersEquity,Goodwill,FiniteLivedIntangibleAssetsNet,NetIncomeLoss,NetCashProvidedByUsedInOperatingActivities,OperatingIncomeLoss,ShareBasedCompensation,282000.0,,,5492000.0,341.0,-99071000.0,-136794000.0,129000.0,,,,,,,,,,,,,,,ineligible:gate0_status,,,
SYRA,1922335,Syra Health Corp,"",OTC,7361,Services-Employment Agencies,us-gaap,10-Q,USD,1231,2025,2025-12-31,false,false,ni_vs_oi,fail,tax_anomaly,"goodwill,intangibles",never_acquired,never_acquired,never_acquired,"",,false,,2098178.0,0.4995308663186561,-447853.0,-546407.0,0.013638855279420502,,,0.9911635652708543,,,false,,-0.046101164604782495,7225973.0,-896333.0,-904324.0,-447746.0,107.0,false,false,false,,false,false,false,capex,-0.12404322573582824,false,-0.5235763563018482,98554.0,2098178.0,0.0,0.0,1614733.0,,11852347.0,false,PASS,true,FAIL,true,FAIL,true,FAIL,false,PASS,false,true,FAIL,,NOT_EVALUABLE,,0,insufficient,true,0.0875413434567458,,,,-0.7787467301966239,,,-0.046101164604782495,,false,0,-0.12514909756789847,,,0.7394908880365575,falling,8089943.0,130749.0,109683.0,,88926.0,,,,2633838.0,2123747.0,,12937216.0,-0.011921727426928524,-0.2509013302942837,0.2237871775576577,0.23030738377730128,0.12013758414646307,2,,,,,,0,false,,,,,,-0.12514909756789847,,2026-08-25,PaymentsToAcquirePropertyPlantAndEquipment,StockholdersEquity,,,NetIncomeLoss,NetCashProvidedByUsedInOperatingActivities,OperatingIncomeLoss,ShareBasedCompensation,,,,,,74722.0,,,,,,,,,,,,,,,,,ineligible:gate0_status,,,
NCL,1923780,NORTHANN CORP.,"",NYSE,3089,"Plastics Products, NEC",us-gaap,10-Q,USD,1231,2025,2025-12-31,false,false,"",unknown,"income_quality,fcf,sbc,ni_vs_oi,tax_anomaly",goodwill,never_acquired,never_acquired,reported,"",,true,,8015254.0,,,,,,,,,,false,,,,,,,,false,false,false,,false,false,true,,,false,-0.34095314903402435,,9010182.0,0.0,994928.0,1030612.0,,,false,PASS,,NOT_EVALUABLE,,NOT_EVALUABLE,,NOT_EVALUABLE,,NOT_EVALUABLE,,,NOT_EVALUABLE,,NOT_EVALUABLE,,0,insufficient,true,,,,,,,,,,false,0,,,,0.46879583595273955,,,,,,,,,11085329.0,18449922.0,239641.0,,45115306.0,-0.2519412881775795,-0.5612579209559121,0.38623427960361045,0.443331014940977,0.3033309109915192,2,,,,,,0,false,,,,,,,,2026-08-25,,StockholdersEquity,,IntangibleAssetsNetExcludingGoodwill,,,,,,,,,,,,,,,,,,,,,,,,,,,ineligible:gate0_status,,,
NNE,1923891,NANO     NUCLEAR ENERGY INC.,"",Nasdaq,4911,Electric Services,us-gaap,10-Q,USD,930,2025,2025-09-30,false,false,"",fail,"sbc,ni_vs_oi,tax_anomaly","goodwill,intangibles",never_acquired,never_acquired,never_acquired,"",,false,,222568728.0,0.4897278503677184,-28071295.0,-46895510.0,,,,,,,false,,-1.23700430911746,,-40067076.0,,-19621963.0,8449332.0,false,false,false,,false,false,false,"",,false,,18824215.0,222568728.0,0.0,0.0,203265052.0,,37910547.0,false,PASS,true,FAIL,true,FAIL,true,FAIL,,NOT_EVALUABLE,,,NOT_EVALUABLE,,NOT_EVALUABLE,,0,insufficient,true,,,,,,,,-1.23700430911746,,false,0,,,,0.6474260070674261,falling,,-33850990.0,-23572938.0,14475367.0,8396309.0,-46444614.0,4240900.0,5546149.0,616030515.0,298471607.0,,51260663.0,,,,,,0,,,,,,0,false,,,,,,,,2026-08-25,PaymentsToAcquirePropertyPlantAndEquipment,StockholdersEquity,,,NetIncomeLoss,NetCashProvidedByUsedInOperatingActivities,,ShareBasedCompensation,0.0,,,,,,,,,,,,,,,,,,,,,,ineligible:gate0_status,,,
RLNDF,1924064,RoyaLand Co Ltd.,"",OTC,7372,Services-Prepackaged Software,ifrs-full,6-K,USD,630,2025,2025-06-30,false,false,"",fail,"income_quality,fcf,sbc,ni_vs_oi,tax_anomaly","goodwill,intangibles",never_acquired,never_acquired,never_acquired,"",,true,,-319015.0,,,,,,,,,,false,,,,,,,,false,false,false,,false,false,true,,,false,,,-319015.0,0.0,0.0,,,,true,FAIL,,NOT_EVALUABLE,,NOT_EVALUABLE,,NOT_EVALUABLE,,NOT_EVALUABLE,,,NOT_EVALUABLE,,NOT_EVALUABLE,,0,insufficient,true,,,,,,,,,,false,0,,,,,,,,,,,,,,-602335.0,78784.0,,13875000.0,,,,,,0,,,,,,0,false,,,,,,,,2026-08-25,,Equity,,,,,,,,,,,,,,,,,,,,,,,,,,,,,ineligible:gate0_status,,,
IBG,1924482,Innovation Beverage Group Limited,"",Nasdaq,2080,Beverages,us-gaap,20-F,USD,1231,2024,2024-12-31,false,false,ni_vs_oi,fail,"",goodwill,never_acquired,never_acquired,reported,"",,false,,2280077.0,0.6126386586257011,-1581683.0,-1730471.0,0.05075935362574853,,0.15903854349032628,0.8042855266121162,,,false,,-0.2084503740665802,2931243.0,-2571333.0,-3197040.0,-1575298.0,6385.0,false,false,false,,false,false,true,,-0.8772159114750978,false,,148788.0,2619109.0,0.0,339032.0,619944.0,,8301597.0,false,PASS,true,FAIL,true,FAIL,true,FAIL,false,PASS,false,true,FAIL,false,PASS,,0,insufficient,true,,,,,,,,-0.2084503740665802,,false,0,-1.0906772314680155,,,0.29204866712890126,,,,,,,,,,,,,,,,,,,,,,,,,,false,,,,,,-1.0906772314680155,-3057611.0,2026-08-25,PaymentsToAcquirePropertyPlantAndEquipment,StockholdersEquity,,IntangibleAssetsNetExcludingGoodwill,NetIncomeLoss,NetCashProvidedByUsedInOperatingActivities,OperatingIncomeLoss,ShareBasedCompensation,-486278.0,,,,,,,,,,,,,,,,,,,,,,ineligible:gate0_status,,,
GCDT,1926293,Green Circle Decarbonize Technology Limited,"",NYSE,3585,Air-Cond & Warm Air Heatg Equip & Comm & Indl Refrig Equip,ifrs-full,6-K,HKD,331,2025,2025-03-31,false,false,"",fail,"income_quality,fcf,sbc,ni_vs_oi,tax_anomaly","goodwill,intangibles",never_acquired,never_acquired,never_acquired,"",,true,,-21003885.0,,,,,,,,,,false,,,,,,,,false,false,false,,false,false,true,,,false,,,-21003885.0,0.0,0.0,1384211.0,,,true,FAIL,,NOT_EVALUABLE,,NOT_EVALUABLE,,NOT_EVALUABLE,,NOT_EVALUABLE,,,NOT_EVALUABLE,,NOT_EVALUABLE,,0,insufficient,true,,,,,,,,,,false,0,,,,,,,,,,,,,,-23263544.0,1107535.0,,10000000.0,,,,,,0,,,,,,0,false,,,,,,,,2026-08-25,,Equity,,,,,,,,,,,,,,,,,,,,,,,,,,,,,ineligible:gate0_status,,,
SFHG,1926792,SAMFINE CREATION HOLDINGS GROUP LIMITED,"",Nasdaq,2750,Commercial Printing,us-gaap,20-F,USD,1231,2025,2025-12-31,false,false,"tax_anomaly,ni_vs_oi",fail,sbc,goodwill,never_acquired,never_acquired,reported,"",,true,,6572125.0,1.0630117562031351,-3224467.0,,,,-0.013728531997139458,0.9174956979268963,,,false,,,,-2545890.0,-2774825.0,-2706311.0,518156.0,false,false,false,1.3597825003017914,false,false,true,,,false,,,6655727.0,0.0,83602.0,4005088.0,,20300000.0,false,PASS,false,PASS,true,FAIL,,NOT_EVALUABLE,,NOT_EVALUABLE,,true,FAIL,true,FAIL,,0,insufficient,true,,,,,,,,,,false,0,,,,2.7741407855743994,,,,,,,,,91483.0,8048524.0,2677254.0,,20300000.0,,,,,,0,,,,,,0,false,,,381058.0,,,,-2511412.0,2026-08-25,PaymentsToAcquirePropertyPlantAndEquipment,StockholdersEquity,,IntangibleAssetsNetExcludingGoodwill,NetIncomeLoss,NetCashProvidedByUsedInOperatingActivities,OperatingIncomeLoss,,34478.0,,,,,,,,,,,,,,,,,,,,,,ineligible:gate0_status,,,
NTCL,1927578,NetClass Technology Inc,"",Nasdaq,7372,Services-Prepackaged Software,us-gaap,20-F,USD,930,2025,2025-09-30,false,false,"tax_anomaly,sbc,ni_vs_oi",fail,"",goodwill,never_acquired,never_acquired,reported,"",,false,,4671289.0,0.5283175830715681,-5725283.0,-8788883.0,0.31245165112584483,,0.00791883088782277,0.989964708338733,,,false,,-0.48848379536675096,9805037.0,-10824582.0,-10934311.0,-5718817.0,6466.0,false,true,false,0.02312291693487248,false,false,false,"",-1.1039817595792856,false,0.0348710062321859,3063600.0,5781700.0,0.0,1110411.0,1763888.0,,17992169.0,false,PASS,true,FAIL,true,FAIL,true,FAIL,true,FAIL,true,true,FAIL,true,FAIL,,0,insufficient,true,0.019334755227848,,,,,,,-0.48848379536675096,,false,0,-1.11517284432481,,,1.0118929898752194,falling,9989865.0,-4368445.0,-6944352.0,,,,,327071.0,6535193.0,1805463.0,,16927527.0,,,,,,0,,,,,,0,false,,,279636.0,,,-1.11517284432481,-10953132.0,2026-08-25,PaymentsToAcquirePropertyPlantAndEquipment,StockholdersEquity,,IntangibleAssetsNetExcludingGoodwill,NetIncomeLoss,NetCashProvidedByUsedInOperatingActivities,OperatingIncomeLoss,ShareBasedCompensation,-86736.0,,,,,-4232140.0,-4113289.0,167067.0,,,,,,,,,,,,,,,ineligible:gate0_status,,,
AIRO,1927958,"AIRO Group Holdings, Inc.","",Nasdaq,3721,Aircraft,us-gaap,10-Q,USD,1231,2025,2025-12-31,false,false,"sbc,ni_vs_oi",fail,"","",reported,reported,reported,"",,false,,-102618000.0,7.902534113060429,-35506000.0,-55412000.0,0.2189710363338357,72861000.0,2.396393331064988,0.14267338779767078,,0.04543104491403302,false,-0.3503392766909695,-2340.2314384660867,90907000.0,-4104000.0,-28765000.0,-32432000.0,3074000.0,false,false,false,,false,false,false,"",-0.045145038335881724,true,,19906000.0,552522000.0,571653000.0,83487000.0,74551000.0,1690000.0,23678.0,true,FAIL,false,PASS,true,FAIL,true,FAIL,true,FAIL,true,true,FAIL,false,PASS,false,2,insufficient,true,,,,,,,,-2340.2314384660867,,false,0,-0.3164222777123874,,,3.6736400342528586,,106643000.0,-25449000.0,-50401000.0,6515000.0,3749000.0,-60665000.0,568210000.0,79413000.0,720140000.0,26003000.0,1348000.0,31433000.0,,,,0.7588594704684317,,0,,,,,,0,false,,19413000.0,,,4130000.0,-0.3164222777123874,2939000.0,2026-08-25,PaymentsToAcquirePropertyPlantAndEquipment,StockholdersEquity,Goodwill,IntangibleAssetsNetExcludingGoodwill,NetIncomeLoss,NetCashProvidedByUsedInOperatingActivities,OperatingIncomeLoss,ShareBasedCompensation,7043000.0,,,,,-21499000.0,-18333000.0,7116000.0,,,,,,,,,,,,,,,ineligible:gate0_status,,,
GMEX,1928581,FITELL CORPORATION,"",Nasdaq,3949,"Sporting & Athletic Goods, NEC",us-gaap,20-F,USD,630,2025,2025-06-30,false,false,"tax_anomaly,ni_vs_oi",unknown,fcf,intangibles,never_acquired,reported,never_acquired,"",,false,,8028906.0,1.4887275092130934,,,0.0,,-0.954957663639982,0.4160105098828728,,,false,,,5200138.0,-682724.0,-1641122.0,-1016390.0,,false,false,false,,false,false,true,,-0.13128959269927068,false,-0.07216002927141107,0.0,9189958.0,1161052.0,0.0,2890822.0,,1277346.0,false,PASS,false,PASS,,NOT_EVALUABLE,,NOT_EVALUABLE,false,PASS,false,true,FAIL,true,FAIL,,0,insufficient,true,-0.13930237337037044,,,,-0.026217428571428572,,,,,false,0,-0.31559200928898423,,,1.0129169047804805,rising,,,,,,,,,,,,,,,,,,,,,,,,,false,,,,,,-0.31559200928898423,-349227.0,2026-08-25,,StockholdersEquity,Goodwill,,NetIncomeLoss,NetCashProvidedByUsedInOperatingActivities,OperatingIncomeLoss,ShareBasedCompensation,333497.0,,,,,,,,,,,,,,,,,,,,,,ineligible:gate0_status,,,
WOK,1929783,WORK Medical Technology Group LTD,"",Nasdaq,3841,Surgical & Medical Instruments & Apparatus,us-gaap,20-F,USD,930,2025,2025-09-30,false,false,tax_anomaly,fail,"sbc,ni_vs_oi",goodwill,never_acquired,never_acquired,reported,"",,true,,17379825.0,-5.8212707205498075,4911778.0,,,,-0.11003354991358355,,,,false,,,9848715.0,-1072667.0,,6244285.0,1332507.0,false,false,false,,false,true,false,"",-0.10891441167705634,false,,,18338941.0,0.0,959116.0,4088599.0,,28983269.0,false,PASS,true,FAIL,false,PASS,,NOT_EVALUABLE,,NOT_EVALUABLE,,,NOT_EVALUABLE,true,FAIL,,0,insufficient,true,-0.20648554789669393,,,,,,,,,false,0,,,,4.847076080663526,falling,10740930.0,-3705687.0,-3760433.0,9434991.0,,,,975622.0,12947563.0,1995767.0,,14591942.0,,,,,,0,,,,,,0,false,,,,,,,-1081970.0,2026-08-25,PaymentsToAcquirePropertyPlantAndEquipment,StockholdersEquity,,IntangibleAssetsNetExcludingGoodwill,NetIncomeLoss,NetCashProvidedByUsedInOperatingActivities,,,119053.0,,,,,,-4041780.0,-237092.0,,,,,,,,,,,,,,,ineligible:gate0_status,,,
HOVR,1930021,NEW HORIZON AIRCRAFT LTD.,"",Nasdaq,3721,Aircraft,us-gaap,10-Q,USD,531,2026,2026-05-31,false,false,"",unknown,"tangible_book,income_quality,fcf,sbc,ni_vs_oi,tax_anomaly","goodwill,intangibles",unresolved,never_acquired,never_acquired,"",,true,,,,,,,,,,,,false,,,,,,,,false,false,false,,false,false,true,"net_income,ocf,operating_income,pretax_income",,false,,,,0.0,0.0,,,43046980.0,,NOT_EVALUABLE,,NOT_EVALUABLE,,NOT_EVALUABLE,,NOT_EVALUABLE,,NOT_EVALUABLE,,,NOT_EVALUABLE,,NOT_EVALUABLE,,0,insufficient,true,,,,,,,,,,false,0,,,,,,,,,,,,,,-16142000.0,4415000.0,,41251886.0,,,,,,0,,,,,,0,false,,,,,,,,2026-08-25,,,,,,,,,,,,,,,,,,,,,,,,,,,,,,,ineligible:gate0_status,,,
SBC,1930313,SBC Medical Group Holdings Incorporated,"",Nasdaq,8011,Services-Offices & Clinics of  Doctors of  Medicine,us-gaap,10-Q,USD,1231,2025,2025-12-31,false,false,"",fail,"","",reported,reported,reported,"",,false,,185107247.0,0.483832488196229,23267484.0,23267484.0,0.0,,0.37799754903483956,0.7554946553822594,,0.3281604574097607,false,0.21489203559783257,0.22590236174273226,173607489.0,50985613.0,67486398.0,24668496.0,1401012.0,false,false,false,0.5219282494505085,false,false,false,"",0.2936832580995397,false,0.3650882576787829,0.0,248282196.0,15432061.0,47742888.0,163773838.0,,102997967.0,false,PASS,true,FAIL,false,PASS,false,PASS,false,PASS,false,false,PASS,false,PASS,true,0,insufficient,true,,,,,,,,0.22590236174273226,,false,2,0.3887297626889817,,,0.7374728808491047,falling,175168571.0,49025820.0,62820912.0,1049972.0,7854.0,61763086.0,15179809.0,45686697.0,263836341.0,184311213.0,,102576943.0,-0.18348119320373138,-0.18332239707488854,-0.09018077635386612,0.1344413286635597,0.10469091863228956,3,,,4.437318496193196,,,0,false,,4999997.0,2684300.0,,56971113.0,0.3887297626889817,82065630.0,2026-08-25,PaymentsToAcquirePropertyPlantAndEquipment,StockholdersEquity,Goodwill,IntangibleAssetsNetExcludingGoodwill,NetIncomeLoss,NetCashProvidedByUsedInOperatingActivities,OperatingIncomeLoss,ShareBasedCompensation,31020607.0,,2584735.0,3222853.0,,65410697.0,75485159.0,25311975.0,,,,,,,,,,,,,,,ineligible:gate0_status,,,
HERE,1932770,QuantaSing Group Limited,"",Nasdaq,5945,"Retail-Hobby, Toy & Game Shops",us-gaap,20-F,USD,630,2025,2025-06-30,false,false,"",fail,"","",reported,reported,reported,"",,false,,77538000.0,0.512620312312792,25239000.0,22378000.0,0.0075194886432329855,,0.24051328216786952,0.903837129552756,0.039192804840227295,,false,0.000893734918223255,0.13546312996635843,380478000.0,50078000.0,55406000.0,25671000.0,432000.0,false,true,false,,false,false,true,,0.1316186481215734,false,-0.0368685608859562,2861000.0,112931000.0,26188000.0,9205000.0,115886000.0,,165196242.0,false,PASS,true,FAIL,false,PASS,false,PASS,false,PASS,false,false,PASS,false,PASS,,0,insufficient,true,,,,,,,,0.13546312996635843,,false,3,0.14562208590247006,,,-0.30834292841962907,rising,,,,,,,,,,,,,,,,,,,,,,,,,false,14912000.0,20000.0,,10904000.0,,0.14562208590247006,65539000.0,2026-08-25,PaymentsToAcquirePropertyPlantAndEquipment,StockholdersEquity,Goodwill,IntangibleAssetsNetExcludingGoodwill,NetIncomeLoss,NetCashProvidedByUsedInOperatingActivities,OperatingIncomeLoss,ShareBasedCompensation,15763000.0,,,,,,,,,,,,,,,,,,,,,,ineligible:gate0_status,,,
MLYS,1933414,"MINERALYS THERAPEUTICS, INC.","",Nasdaq,2834,Pharmaceutical Preparations,us-gaap,10-Q,USD,1231,2025,2025-12-31,false,false,ni_vs_oi,fail,"sbc,tax_anomaly","goodwill,intangibles",never_acquired,never_acquired,never_acquired,"",,false,,646693000.0,0.9208863828879218,-142431000.0,-161755000.0,,,,0.9064910553093715,,,false,,-2.390832317230214,,-154651000.0,-170604000.0,-142416000.0,15000.0,false,false,false,0.2542372881355932,false,false,false,"",,false,,19324000.0,646693000.0,0.0,0.0,172921000.0,,67656355.0,false,PASS,false,PASS,true,FAIL,true,FAIL,,NOT_EVALUABLE,,true,FAIL,,NOT_EVALUABLE,,0,insufficient,true,,,,,,,,-2.390832317230214,,false,0,,,,0.995078432950954,falling,,-349576000.0,-138787000.0,0.0,25029000.0,-163816000.0,,,550917000.0,138268000.0,,83786245.0,,,,,,0,,,,,,0,false,,,59000.0,,,,,2026-08-25,PaymentsToAcquireProductiveAssets,StockholdersEquity,,,NetIncomeLoss,NetCashProvidedByUsedInOperatingActivities,OperatingIncomeLoss,ShareBasedCompensation,0.0,,,39000.0,,-370791000.0,,,,,,,,,,,,,,,,,ineligible:gate0_status,,,
NRXS,1933567,"NEURAXIS, INC.","",NYSE,3845,Electromedical & Electrotherapeutic Apparatus,us-gaap,10-Q,USD,1231,2025,2025-12-31,false,false,"sbc,ni_vs_oi",fail,tax_anomaly,goodwill,never_acquired,never_acquired,reported,"",,false,,3124594.0,0.8246647834673302,-6463993.0,-7060845.0,0.16721906534703618,,,0.9962511692346833,,,false,,-0.7773351143112837,3569282.0,-7800555.0,-7829908.0,-6432843.0,31150.0,false,false,false,,false,false,false,"",-2.1854689542602688,false,-2.7090903473873893,596852.0,3399372.0,0.0,274778.0,4965072.0,,9083399.0,false,PASS,false,PASS,true,FAIL,true,FAIL,true,FAIL,true,true,FAIL,,NOT_EVALUABLE,,0,insufficient,true,0.09957910653795254,,,,-1.1614273691398587,,,-0.7773351143112837,,false,0,-2.193692737082696,,,0.6740886030673657,rising,5316119.0,-7678631.0,-5621003.0,12165.0,1287235.0,-6920403.0,,258214.0,6735053.0,8322258.0,,11537209.0,0.46211937857726904,0.21719707481717607,0.795203510280186,1.1571694445500769,0.2663156633381433,2,,,,,,0,false,,,,,,-2.193692737082696,,2026-08-25,PaymentsToAcquirePropertyPlantAndEquipment,StockholdersEquity,,FiniteLivedIntangibleAssetsNet,NetIncomeLoss,NetCashProvidedByUsedInOperatingActivities,OperatingIncomeLoss,ShareBasedCompensation,,,,42297.0,,-7682344.0,,,,,,,,,,,,,,,,,ineligible:gate0_status,,,
INEO,1933951,INNEOVA Holdings Limited,"",Nasdaq,5010,Wholesale-Motor Vehicles & Motor Vehicle Parts & Supplies,us-gaap,20-F,USD,1231,2025,2025-12-31,false,false,"",fail,sbc,"goodwill,intangibles",never_acquired,never_acquired,never_acquired,"",,true,,4973000.0,-11.18639798488665,4431000.0,,,-17868000.0,0.6229819563152896,7.784313725490196,,,false,,,58425000.0,-397000.0,-51000.0,4441000.0,10000.0,false,true,false,,false,false,false,"",-0.0067950363714163456,false,0.04553937441181631,,4973000.0,0.0,0.0,1059000.0,18927000.0,14402000.0,false,PASS,true,FAIL,false,PASS,,NOT_EVALUABLE,,NOT_EVALUABLE,,false,PASS,false,PASS,,0,insufficient,true,0.04332236341753348,,,,,,,,,false,0,-0.0008729139922978177,,,-0.8122737429985166,falling,65612000.0,-1057000.0,1071000.0,974000.0,,,,,11166000.0,2139000.0,21711000.0,16170000.0,,,,,,0,,,,,,0,false,,,,,,-0.0008729139922978177,-1053000.0,2026-08-25,PaymentsToAcquirePropertyPlantAndEquipment,StockholdersEquity,,,NetIncomeLoss,NetCashProvidedByUsedInOperatingActivities,OperatingIncomeLoss,,-656000.0,,,,,552000.0,-956000.0,101000.0,,,,,,,,,,,,,,,ineligible:gate0_status,,,
SUJA,1934114,"Suja Life, Inc.","",Nasdaq,2080,Beverages,us-gaap,10-Q,USD,1227,2025,2025-12-29,false,false,"",fail,"income_quality,fcf,sbc,ni_vs_oi,tax_anomaly","",reported,reported,reported,"",,true,,-252094000.0,,,,,-294730000.0,,,,,false,,,,,,,,false,false,false,,false,false,true,,,false,,,32570000.0,106201000.0,178463000.0,9167000.0,303897000.0,,true,FAIL,,NOT_EVALUABLE,,NOT_EVALUABLE,,NOT_EVALUABLE,,NOT_EVALUABLE,,,NOT_EVALUABLE,,NOT_EVALUABLE,,1,insufficient,true,,,,,,,,,,false,0,,,,,,,,,,,,106201000.0,167849000.0,188922000.0,21595000.0,162951000.0,23789.0,,,,,,0,,,,,,0,false,,,,,,,,2026-08-25,,StockholdersEquityIncludingPortionAttributableToNoncontrollingInterest,Goodwill,FiniteLivedIntangibleAssetsNet,,,,,,,,,,,,,,,,,,,,,,,,,,,ineligible:gate0_status,,,
NWTG,1934245,"NEWTON GOLF COMPANY, INC.","",Nasdaq,3949,"Sporting & Athletic Goods, NEC",us-gaap,10-Q,USD,1231,2025,2025-12-31,false,false,ni_vs_oi,fail,tax_anomaly,"goodwill,intangibles",never_acquired,never_acquired,never_acquired,"",,false,,926000.0,0.858139534883721,-5635000.0,-5909000.0,0.03368162261831592,,,0.7975622681505035,,,false,,-1.5964039980072642,8135000.0,-6020000.0,-7548000.0,-5166000.0,469000.0,false,false,false,,false,false,false,"",-0.7400122925629994,false,-13.275071633237822,274000.0,926000.0,0.0,0.0,1298000.0,,3701444.0,false,PASS,false,PASS,true,FAIL,true,FAIL,false,PASS,false,true,FAIL,,NOT_EVALUABLE,,0,insufficient,true,2.498388086968826,,,,,,,-1.5964039980072642,,false,0,-0.9278426551936079,,,0.7896002498453619,falling,7164000.0,-8912000.0,-5204000.0,347000.0,459000.0,-6010000.0,,,-3499000.0,442000.0,,4599535.0,1.5436654366543665,1.1321222130470685,-0.18099173553719008,-0.36363636363636365,-0.7035019349456448,0,,,0.30265486725663715,,,0,false,,,,,,-0.9278426551936079,,2026-08-25,PaymentsToAcquirePropertyPlantAndEquipment,StockholdersEquity,,,NetIncomeLoss,NetCashProvidedByUsedInOperatingActivities,OperatingIncomeLoss,ShareBasedCompensation,,,,,,-8225000.0,,,,,,,,,,,,,,,,,ineligible:gate0_status,,,
KMFG,1935033,KEEMO FASHION GROUP LIMITED,"",OTC,5130,"Wholesale-Apparel, Piece Goods & Notions",us-gaap,10-Q,USD,331,2026,2026-03-31,false,false,"",fail,"income_quality,fcf,sbc,ni_vs_oi,tax_anomaly",intangibles,never_acquired,reported,never_acquired,"",,true,,-606896.0,,,,,,,,,,false,,,,,,,,false,false,false,,false,false,true,revenue,,false,-1.9642691199702629,,-313398.0,293498.0,0.0,15667.0,,,true,FAIL,,NOT_EVALUABLE,,NOT_EVALUABLE,,NOT_EVALUABLE,,NOT_EVALUABLE,,,NOT_EVALUABLE,,NOT_EVALUABLE,,0,insufficient,true,,,,,,,,,,false,0,,,,0.3568199104225317,,,,,,,,293498.0,,-329451.0,22147.0,,55000000.0,0.036827195467422094,,,,,0,,,,,,0,false,,,,,,,,2026-08-25,,StockholdersEquity,Goodwill,,,,,,,,,,,,,,,,,,,,,,,,,,,,ineligible:gate0_status,,,
FMST,1935418,Foremost Clean Energy Ltd.,"",Nasdaq,1090,Miscellaneous Metal Ores,ifrs-full,6-K,CAD,331,2025,2025-03-31,false,false,ni_vs_oi,unknown,"fcf,sbc,tax_anomaly","goodwill,intangibles",never_acquired,never_acquired,never_acquired,"",,false,,24492262.0,1.045643674584241,,,,,,0.6215679768384641,,,false,,,,-3615375.0,-5816540.0,-3780394.0,,false,false,false,,false,false,false,"",,false,,872879.0,24492262.0,0.0,0.0,5005346.0,,7512279.0,false,PASS,false,PASS,,NOT_EVALUABLE,,NOT_EVALUABLE,,NOT_EVALUABLE,,true,FAIL,,NOT_EVALUABLE,,0,insufficient,true,,,,,,,,,,false,0,,,,-0.23144497218434842,rising,,-4549345.0,-3446281.0,,312126.0,,,,12360981.0,167305.0,1160366.0,5438679.0,,,,,,0,,,,,,0,false,,,,,,,,2026-08-25,,Equity,,,ProfitLoss,CashFlowsFromUsedInOperatingActivities,ProfitLossFromOperatingActivities,AdjustmentsForSharebasedPayments,,,,,,-4484413.0,,,,,,,,,,,,,,,,,ineligible:gate0_status,,,
SRFM,1936224,SURF AIR MOBILITY INC.,"",NYSE,4522,"Air Transportation, Nonscheduled",us-gaap,10-Q,USD,1231,2025,2025-12-31,false,false,tax_anomaly,fail,"",goodwill,structured_absence_asc350,structured_absence_asc350,reported,"",,false,,-74924000.0,0.5803393755200984,-72552000.0,-82613000.0,0.09441894948243663,-4429000.0,0.003425398427922406,1.438145536852512,,,false,,-2.3535265663929636,106557000.0,-110556000.0,-76874000.0,-64160000.0,8392000.0,false,false,false,,false,false,false,"",-1.037529209718742,false,-3.2520783406330054,10061000.0,-54857000.0,0.0,20067000.0,12672000.0,17101000.0,35101792.0,true,FAIL,true,FAIL,true,FAIL,true,FAIL,false,PASS,false,false,PASS,true,FAIL,true,3,insufficient,true,0.7386580709596675,,,,-3.022866304553169,,,-2.3535265663929636,,false,0,-0.7214354758486069,,,0.5207638070688212,rising,110742000.0,-112487000.0,-51120000.0,17130000.0,8503000.0,-76753000.0,58164000.0,18600000.0,-42457000.0,18429000.0,22592000.0,87673959.0,-0.15247481925477352,0.027689706193193827,0.08963668850506254,0.07575370930698844,0.07466325679971546,0,,,0.10800429305767384,,,0,false,,,,,,-0.7214354758486069,-110936000.0,2026-08-25,PaymentsToAcquirePropertyPlantAndEquipment+PaymentsToDevelopSoftware,StockholdersEquity,,IntangibleAssetsNetExcludingGoodwill,NetIncomeLoss,NetCashProvidedByUsedInOperatingActivities,OperatingIncomeLoss,AllocatedShareBasedCompensationExpense,-380000.0,,,,,-74529000.0,-112842000.0,-355000.0,,,,,,,,,,,,,,,ineligible:gate0_status,,,
HXHX,1936817,HAOXIN HOLDINGS LIMITED,"",Nasdaq,4210,Trucking & Courier Services (No Air),us-gaap,20-F,USD,1231,2025,2025-12-31,false,false,"",fail,sbc,"goodwill,intangibles",never_acquired,never_acquired,never_acquired,"",,true,,27625727.0,-2.40587169678937,-14024943.0,,,,0.30257126490582936,0.5093681336597083,,,false,,,33040012.0,3967882.0,7789812.0,-9546215.0,4478728.0,false,false,false,,false,false,true,,0.12009323725427218,false,0.22531883281063037,,27625727.0,0.0,0.0,1404626.0,,13246575.0,false,PASS,true,FAIL,true,FAIL,,NOT_EVALUABLE,,NOT_EVALUABLE,,false,PASS,false,PASS,,0,insufficient,true,0.04505789159118456,,,,,,,,,false,0,0.2357690426988949,,,-1.1392638981879997,falling,,,,,,,,,,,,,,,,,,,,,,,,,false,,,,,,0.2357690426988949,5689301.0,2026-08-25,PaymentsToAcquirePropertyPlantAndEquipment,StockholdersEquity,,,NetIncomeLoss,NetCashProvidedByUsedInOperatingActivities,OperatingIncomeLoss,,1721419.0,,,,,,,,,,,,,,,,,,,,,,ineligible:gate0_status,,,
MLEC,1937737,MOOLEC SCIENCE SA,"",Nasdaq,2000,Food and Kindred Products,ifrs-full,6-K,USD,630,2024,2024-06-30,false,false,"sbc,ni_vs_oi",fail,"","",reported,reported,reported,"",,false,,-2422290.0,1.27570245040521,-9486551.0,-11533641.0,0.3639190887169776,,0.12524875153198645,0.8086232981169323,,0.08311141229953331,false,,,5625124.0,-7312260.0,-9042851.0,-9328268.0,158283.0,false,false,false,1.0938398385670058,false,false,false,"",-1.2999286771278287,false,,2047090.0,6815760.0,262532.0,8975518.0,5389928.0,,,true,FAIL,false,PASS,true,FAIL,true,FAIL,true,FAIL,true,true,FAIL,false,PASS,true,1,insufficient,true,,,,,,,,,,false,0,-1.6075825172920633,,,0.6124519823400775,rising,7832927.0,-8280546.0,-5697041.0,177228.0,866661.0,-6740930.0,281034.0,9055855.0,2796578.0,1929911.0,1646.0,,,,,,,0,,,,,,0,false,,,144704.0,,467512.0,-1.6075825172920633,-8359245.0,2026-08-25,PurchaseOfPropertyPlantAndEquipmentClassifiedAsInvestingActivities,Equity,Goodwill,IntangibleAssetsOtherThanGoodwill,ProfitLoss,CashFlowsFromUsedInOperatingActivities,ProfitLossFromOperatingActivities,AdjustmentsForSharebasedPayments,-1046985.0,,,,,-9142850.0,-8623350.0,-342804.0,,,,,,,,,,,,,,,ineligible:gate0_status,,,
AMCI,1937891,AMC Robotics Corporation,"",Nasdaq,5700,"Retail-Home Furniture, Furnishings & Equipment Stores",us-gaap,10-Q,USD,1231,2025,2025-12-31,false,false,tax_anomaly,fail,"tangible_book,fcf,sbc","",unresolved,unresolved,unresolved,"",,true,,,0.22386926045504793,,,,,-0.00018744440093176513,49.12710277413761,0.718961712279214,,false,,,5980847.0,-24817342.0,-505166.0,-5555840.0,,false,false,false,,false,false,false,"",-4.149469464776478,false,,,10317180.0,,,7004601.0,,18289571.0,,NOT_EVALUABLE,true,FAIL,,NOT_EVALUABLE,,NOT_EVALUABLE,,NOT_EVALUABLE,,false,PASS,true,FAIL,,0,insufficient,true,,,,,,,,,,false,0,-0.08446395635935847,,,-0.2416211432145504,rising,4912840.0,-24541381.0,-7710664.0,,,,,,10306468.0,4544353.0,,22598291.0,,,-0.33913557690966656,-0.3292823531516702,,1,,,,,,0,false,4300000.0,,,,,-0.08446395635935847,-24812691.0,2026-08-25,,StockholdersEquity,,,NetIncomeLoss,NetCashProvidedByUsedInOperatingActivities,OperatingIncomeLoss,,4651.0,,,,,949661.0,-24542360.0,-979.0,,,,,,,,,,,,,,,ineligible:gate0_status,,,
FBYD,1937987,"Falcon’s Beyond Global, Inc.","",Nasdaq,7990,Services-Miscellaneous Amusement & Recreation,us-gaap,10-Q,USD,1231,2025,2025-12-31,false,false,"tax_anomaly,ni_vs_oi",fail,"",goodwill,structured_absence_asc350,structured_absence_asc350,reported,"",,false,,10863000.0,-3.8978136882129277,-24756000.0,-26417000.0,0.11150644468313642,-12366000.0,-0.0003169572107765452,-0.47076372315035797,,,false,,-0.6729436872968219,14896000.0,6312000.0,-13408000.0,-24603000.0,153000.0,false,false,false,0.4383954154727794,false,false,false,"",0.4237379162191192,false,-3.1329752247314184,1661000.0,11926000.0,0.0,1063000.0,1868000.0,14234000.0,39255885.0,false,PASS,true,FAIL,true,FAIL,true,FAIL,false,PASS,true,true,FAIL,true,FAIL,,0,insufficient,true,-0.02253100167951194,,,,,,,-0.6729436872968219,,false,0,-0.9001074113856069,,,-1.3091440037659037,falling,21633000.0,1613000.0,-17991000.0,75000.0,2071000.0,-20137000.0,,949000.0,15059000.0,3092000.0,15837000.0,49527876.0,0.41768631813125695,0.9594006766553891,2.1475409836065573,1.2040015692428403,0.3547086060285919,0,,,-4.2403282532239155,,,0,false,,,349000.0,,,-0.9001074113856069,6310000.0,2026-08-25,PaymentsToAcquirePropertyPlantAndEquipment,StockholdersEquity,,FiniteLivedIntangibleAssetsNet,ProfitLoss,NetCashProvidedByUsedInOperatingActivities,OperatingIncomeLoss,ShareBasedCompensation,-2000.0,,,569000.0,,506000.0,-4907000.0,-2000.0,,,,,,,,,,,,,,,ineligible:gate0_status,,,
CVKD,1937993,"CADRENAL THERAPEUTICS, INC.","",Nasdaq,2834,Pharmaceutical Preparations,us-gaap,10-Q,USD,1231,2025,2025-12-31,false,false,ni_vs_oi,fail,"sbc,tax_anomaly","goodwill,intangibles",never_acquired,never_acquired,never_acquired,"",,false,,4298913.0,0.9519771386474133,-12606770.0,-14546666.0,,,,0.9833732964063989,,,false,,-7.296107800499258,,-13237362.0,-13461177.0,-12601666.0,5104.0,false,false,false,,false,false,false,"",,false,,1939896.0,4298913.0,0.0,0.0,4007789.0,,1993757.0,false,PASS,false,PASS,true,FAIL,true,FAIL,,NOT_EVALUABLE,,true,FAIL,,NOT_EVALUABLE,,0,insufficient,true,,,,,-0.27059072376464527,,-0.27059072376464527,-7.296107800499258,-7.025517076734613,false,0,,,,0.6883909537099783,rising,,-11543800.0,-10162480.0,,1722953.0,,,,4091708.0,2388135.0,,2661857.0,,,,,,0,,,,,,0,false,,,,,,,,2026-08-25,PaymentsToAcquirePropertyPlantAndEquipment,StockholdersEquity,,,NetIncomeLoss,NetCashProvidedByUsedInOperatingActivities,OperatingIncomeLoss,ShareBasedCompensation,,,,,,-11653688.0,,,,,,,,,,,,,,,,,ineligible:gate0_status,,,
MGRX,1938046,"Mangoceuticals, Inc.","",Nasdaq,8090,"Services-Misc Health & Allied Services, NEC",us-gaap,10-Q,USD,1231,2025,2025-12-31,false,false,sbc,fail,"fcf,tax_anomaly",goodwill,never_acquired,never_acquired,reported,"",,false,,968063.0,0.2834014775182321,,,2.5618995616429947,,,1.1447756473657424,,,false,,,456021.0,-20642994.0,-18032349.0,-5850255.0,,false,false,false,,false,false,false,capex,-45.267638990309656,false,-12.602841038806933,1168280.0,15200547.0,0.0,14232484.0,1486338.0,,10071609.0,false,PASS,true,FAIL,,NOT_EVALUABLE,,NOT_EVALUABLE,true,FAIL,true,false,PASS,,NOT_EVALUABLE,,0,insufficient,true,2.7087876527948236,,,,-0.15037002401259558,,,,,false,0,-39.5428039498181,,,0.5338735594571172,falling,315227.0,-15103588.0,-3890874.0,,2168853.0,,,13646570.0,12525944.0,228688.0,,16802376.0,0.030313245037171418,-0.36831923699838043,-0.37913746729365266,-0.5909975075694937,-0.1874750488115267,0,,,,,,0,false,,,,,,-39.5428039498181,-20643455.0,2026-08-25,,StockholdersEquity,,IntangibleAssetsNetExcludingGoodwill,NetIncomeLoss,NetCashProvidedByUsedInOperatingActivities,OperatingIncomeLoss,ShareBasedCompensation,,,,1013.0,,-12070031.0,-15104218.0,,,,,,,,,,,,,,,,ineligible:gate0_status,,,
GLTK,1938338,GLOBALTECH CORPORATION,"",OTC,4813,Telephone Communications (No Radiotelephone),us-gaap,10-Q,USD,1231,2025,2025-12-31,false,false,"tax_anomaly,ni_vs_oi",fail,sbc,"",reported,reported,reported,"",,true,,-71360850.0,0.48125806458787634,-1821875.0,,,-8367291.0,-0.10064960158352408,0.8436772864621198,,63.906962361256156,false,,,638677.0,-3147247.0,-3730392.0,-1514638.0,307237.0,false,true,false,0.14394139217478527,false,false,false,"",-4.927760041460707,false,-0.9873350326359183,,-20280894.0,4826375.0,46253581.0,528717.0,8896008.0,147164898.0,true,FAIL,true,FAIL,true,FAIL,,NOT_EVALUABLE,,NOT_EVALUABLE,,true,FAIL,true,FAIL,true,3,insufficient,true,-0.6197942910647415,,,,,,,,,false,0,-5.840811552631456,,,0.25257229606392534,rising,13164301.0,-4395294.0,-3022372.0,420954.0,,,4826375.0,44863560.0,-20749415.0,796306.0,9533176.0,151166489.0,-1.0,0.10431227010311539,,,,0,,,0.5942415544448721,,,0,false,,,2134459.0,,40815907.0,-5.840811552631456,-2859445.0,2026-08-25,PaymentsToAcquirePropertyPlantAndEquipment,StockholdersEquity,Goodwill,FiniteLivedIntangibleAssetsNet,NetIncomeLoss,NetCashProvidedByUsedInOperatingActivities,OperatingIncomeLoss,,287802.0,,,,,-8921139.0,-4080570.0,314724.0,,,,,,,,,,,,,,,ineligible:gate0_status,,,
FBGL,1938534,FBS Global Limited,"",Nasdaq,1520,General Bldg Contractors - Residential Bldgs,us-gaap,20-F,USD,1231,2025,2025-12-31,false,false,"",fail,tax_anomaly,"goodwill,intangibles",never_acquired,never_acquired,never_acquired,"",,false,,9574911.0,2.019977474652347,-3102086.0,-3245397.0,0.007488717360085389,5198538.0,,1.0544818454501301,,,false,,-0.2426775674015246,19136922.0,-1506747.0,-1428898.0,-3043595.0,58491.0,false,false,false,0.47719707600430766,false,false,true,"",-0.0787350755779848,false,-0.0020517193884322282,143311.0,9574911.0,0.0,0.0,5295704.0,97166.0,13373288.0,false,PASS,false,PASS,true,FAIL,true,FAIL,false,PASS,false,false,PASS,,NOT_EVALUABLE,,0,insufficient,true,,,,,,,,-0.2426775674015246,,false,0,-0.07466707550984426,,,255.65778234810963,falling,,-443602.0,,,,,,,,,,13040055.0,,,,,,,,,,,,,false,,,122572.0,,,-0.07466707550984426,-1506747.0,2026-08-25,PaymentsToAcquirePropertyPlantAndEquipment,StockholdersEquity,,,NetIncomeLoss,NetCashProvidedByUsedInOperatingActivities,OperatingIncomeLoss,AllocatedShareBasedCompensationExpense,,,,,,,,,,,,,,,,,,,,,,,ineligible:gate0_status,,,
PALX,1938569,PALOMINO LABORATORIES INC.,"",OTC,3674,Semiconductors & Related Devices,us-gaap,10-Q,USD,1231,2025,2025-12-31,false,false,"",fail,"fcf,sbc,tax_anomaly","goodwill,intangibles",never_acquired,never_acquired,never_acquired,"",,false,,8097687.0,0.4062185839891047,,,,,,1.170325665579166,,,false,,,,-3163196.0,-2702834.0,-1284949.0,,false,false,false,,false,false,false,"",,false,,1441823.0,8097687.0,0.0,0.0,8121445.0,,6710995.0,false,PASS,true,FAIL,,NOT_EVALUABLE,,NOT_EVALUABLE,,NOT_EVALUABLE,,false,PASS,,NOT_EVALUABLE,,0,insufficient,true,,,,,,,,,,false,0,,,,0.5508567846771318,falling,,-5175908.0,-3441893.0,,1531162.0,,,,20566204.0,19444793.0,,20174547.0,,,,,,0,,,,,,0,false,,,,,,,,2026-08-25,,StockholdersEquity,,,NetIncomeLoss,NetCashProvidedByUsedInOperatingActivities,OperatingIncomeLoss,ShareBasedCompensation,,,,,,-4956435.0,,,,,,,,,,,,,,,,,ineligible:gate0_status,,,
APTN,1938571,"ADAPTIN     BIO, INC.","",OTC,2836,"Biological Products, (No Diagnostic Substances)",us-gaap,10-Q,USD,1231,2025,2025-12-31,false,false,ni_vs_oi,fail,"fcf,sbc,tax_anomaly","goodwill,intangibles",never_acquired,never_acquired,never_acquired,"",,false,,-1489396.0,0.9245918148359509,,,,,,0.9543164166271002,,,false,,,,-5167569.0,-5414943.0,-4777892.0,,false,false,false,,false,false,false,"",,false,,496864.0,-1489396.0,0.0,0.0,459174.0,,7812264.0,true,FAIL,false,PASS,,NOT_EVALUABLE,,NOT_EVALUABLE,,NOT_EVALUABLE,,true,FAIL,,NOT_EVALUABLE,,0,insufficient,true,,,,,,,,,,false,0,,,,0.6930909701181553,falling,,-5395038.0,-2521768.0,,,,,,-1665350.0,670488.0,,8775964.0,,,,,,0,,,,,,0,false,,,,,,,-5167569.0,2026-08-25,,StockholdersEquity,,,NetIncomeLoss,NetCashProvidedByUsedInOperatingActivities,OperatingIncomeLoss,ShareBasedCompensation,,,,,,-5388399.0,-5395038.0,,,,,,,,,,,,,,,,ineligible:gate0_status,,,
LMMY,1939937,"Exousia Bio, Inc.","",OTC,8200,Services-Educational Services,us-gaap,10-Q,USD,531,2025,2025-05-31,false,false,tax_anomaly,fail,"fcf,sbc,ni_vs_oi",goodwill,never_acquired,never_acquired,reported,"",,true,,0.0,-0.0881019554431365,,,,,0.0,,,,false,,,3750.0,51395.0,,-4528.0,,false,false,false,,false,false,false,"",13.705333333333334,false,,,0.0,0.0,0.0,0.0,,7777000.0,false,PASS,true,FAIL,,NOT_EVALUABLE,,NOT_EVALUABLE,,NOT_EVALUABLE,,,NOT_EVALUABLE,true,FAIL,,0,insufficient,true,,,,,,,,,,false,0,,,,0.35703940284069335,falling,0.0,-80161.0,85560.0,,,,,0.0,21789647.0,0.0,,12270883.0,-1.0,-1.0,,,,0,,2.4480761274306992,,,,0,false,,,,,,,51395.0,2026-08-25,,StockholdersEquity,,IntangibleAssetsNetExcludingGoodwill,NetIncomeLoss,NetCashProvidedByUsedInOperatingActivities,,,0.0,,,,,,-80161.0,0.0,,,,,,,,,,,,,,,ineligible:gate0_status,,,
PODC,1940177,"PodcastOne, Inc.","",Nasdaq,7370,"Services-Computer Programming, Data Processing, Etc.",us-gaap,10-Q,USD,331,2026,2026-03-31,false,false,tax_anomaly,fail,"","",reported,reported,reported,"",,false,,4440000.0,-0.9273827534039334,2430000.0,-421000.0,0.046229183895185745,,-0.0,1.0007570022710068,,-0.009291238994016637,false,,,61671000.0,-2644000.0,-2642000.0,2452000.0,22000.0,false,true,false,0.03571428571428571,false,false,false,"",-0.042872663002059316,false,-0.11572213754560991,2851000.0,17094000.0,12041000.0,613000.0,3509000.0,,,false,PASS,true,FAIL,false,PASS,true,FAIL,false,PASS,false,false,PASS,true,FAIL,true,1,insufficient,true,0.21193727100451265,,,,,,,,,false,0,-0.04284023284850254,,,-0.34821223598834145,falling,62802000.0,-3148000.0,1102000.0,-90000.0,4283000.0,,12041000.0,455000.0,24135000.0,7014000.0,,20000000.0,0.21719977015897338,0.07543017206882753,0.246996873457298,0.24752163650668765,0.02625323004316133,2,,-1.5651074589127687,,,,0,false,,,616000.0,,-573000.0,-0.04284023284850254,-2644000.0,2026-08-25,PaymentsToAcquirePropertyPlantAndEquipment,StockholdersEquity,Goodwill,IntangibleAssetsNetExcludingGoodwill,NetIncomeLoss,NetCashProvidedByUsedInOperatingActivities,OperatingIncomeLoss,ShareBasedCompensation,0.0,,,539000.0,,-3144000.0,-3148000.0,0.0,,,,,,,,,,,,,,,ineligible:gate0_status,,,
MFI,1940941,mF International Limited,"",Nasdaq,7371,Services-Computer Programming Services,us-gaap,20-F,USD,1231,2025,2025-12-31,false,false,"tax_anomaly,ni_vs_oi",fail,sbc,goodwill,never_acquired,never_acquired,reported,"",,true,,515503301.0,-0.2015488574581638,-2058581.0,,,28703513.0,-0.04016331898659814,-1.6205664875102554,,,false,,,4345609.0,10117135.0,-6242962.0,-2039097.0,19484.0,false,false,false,,false,false,false,"",2.3281282324295627,false,0.209072919978621,,515510159.0,0.0,6858.0,28703513.0,0.0,5806608.0,false,PASS,true,FAIL,true,FAIL,,NOT_EVALUABLE,,NOT_EVALUABLE,,true,FAIL,true,FAIL,,0,insufficient,true,,,,,,,,,,false,0,-1.4366138324916025,,,0.8631039584909636,falling,3680728.0,-3636236.0,-884268.0,62479.0,,,,2238190.0,2831885.0,1640410.0,518643.0,1656459.0,,,,,,0,,,,,,0,false,,,,0.0,,-1.4366138324916025,9726487.0,2026-08-25,PaymentsToAcquirePropertyPlantAndEquipment,StockholdersEquity,,IntangibleAssetsNetExcludingGoodwill,NetIncomeLoss,NetCashProvidedByUsedInOperatingActivities,OperatingIncomeLoss,,-390648.0,,,,,-3476500.0,-3448183.0,188053.0,,,,,,,,,,,,,,,ineligible:gate0_status,,,
ADVB,1941029,Advanced Biomed Inc,"",Nasdaq,8071,Services-Medical Laboratories,us-gaap,10-Q,USD,630,2025,2025-06-30,false,false,"",fail_stale,"sbc,ni_vs_oi,tax_anomaly",goodwill,carried_forward,never_acquired,carried_forward,intangibles,365,true,,3358566.0,1.787391963532025,-5856705.0,,,,,,,,false,,,,-3258969.0,,-5825055.0,31650.0,false,false,false,,false,false,false,"",,false,,,3477564.0,0.0,118998.0,2867177.0,,20525699.0,false,PASS,false,PASS,true,FAIL,,NOT_EVALUABLE,,NOT_EVALUABLE,,,NOT_EVALUABLE,,NOT_EVALUABLE,,0,insufficient,true,,,,,,,,,,false,0,,,,1.275818113343087,,,5280467.0,-2907637.0,36090.0,,,,20325.0,9209737.0,2602697.0,,1148654.0,,,,,,0,,,,,,0,false,,,,,,,-3258969.0,2026-08-25,PaymentsToAcquirePropertyPlantAndEquipment,StockholdersEquity,,,NetIncomeLoss,NetCashProvidedByUsedInOperatingActivities,,,,,,,,,4757694.0,,,,,,,,,,,,,,,,ineligible:gate0_status,,,
TORO,1941131,Toro Corp.,"",Nasdaq,4412,Deep Sea Foreign Transportation of  Freight,us-gaap,20-F,USD,1231,2025,2025-12-31,false,false,"tax_anomaly,sbc,ni_vs_oi",fail,"","goodwill,intangibles",never_acquired,never_acquired,never_acquired,"",,false,,163599055.0,-1.0687996939899183,-73111861.0,-76705867.0,0.17047876276454046,,0.0,-1.2762848400817157,,,false,-0.0,-4.288508983263906,21081840.0,5934445.0,-4649781.0,-6342733.0,66769128.0,false,false,false,13.530657766348407,false,false,false,"",0.2814955905177157,false,0.3676470423405239,3594006.0,163599055.0,0.0,0.0,87418906.0,,17886372.0,false,PASS,true,FAIL,true,FAIL,true,FAIL,true,FAIL,true,true,FAIL,true,FAIL,,0,insufficient,true,0.10470328898597892,,,,0.9663810570357991,,-12.22946770265201,-4.288508983263906,7.940958719388105,false,0,-0.2205585945059824,,,-0.08068883174350616,falling,20143992.0,4965456.0,-9547648.0,86694.0,4465212.0,-14099554.0,,,,,,88983383.0,,,,,,,,,,,,,false,,0.0,4934655.0,,,-0.2205585945059824,5613058.0,2026-08-25,PaymentsToAcquirePropertyPlantAndEquipment,StockholdersEquity,,,NetIncomeLoss,NetCashProvidedByUsedInOperatingActivitiesContinuingOperations,OperatingIncomeLoss,ShareBasedCompensation,0.0,,0.0,4888620.0,,-6543972.0,4860318.0,-22497.0,,,,,,,,,,,,,,,ineligible:gate0_status,,,
WETO,1941158,Wetour Robotics Ltd,"",Nasdaq,4100,Local & Suburban Transit & Interurban Hwy Passenger Trans,us-gaap,20-F,USD,630,2025,2025-06-30,false,false,ni_vs_oi,fail,tax_anomaly,"goodwill,intangibles",never_acquired,never_acquired,never_acquired,"",,false,,7932127.0,4.704888822065378,-8219445.0,-8219445.0,0.0,1277563.0,,0.9334348600008677,,,false,,-0.39767993728425194,4968599.0,-1742567.0,-1866833.0,-8198584.0,20861.0,false,true,false,0.06734873089563707,false,false,true,,-0.35071596641226227,false,,0.0,7932127.0,0.0,0.0,1584671.0,307108.0,20668493.0,false,PASS,false,PASS,true,FAIL,true,FAIL,false,PASS,false,true,FAIL,,NOT_EVALUABLE,,0,insufficient,true,,,,,,,,-0.39767993728425194,,false,0,-0.37572623590674153,,,4.704888822065378,,,,,,,,,,6391878.0,104030.0,314596.0,22000000.0,,,,,,0,,,,,,0,false,,,309746.0,,,-0.37572623590674153,,2026-08-25,PaymentsToAcquirePropertyPlantAndEquipment,StockholdersEquity,,,NetIncomeLoss,NetCashProvidedByUsedInOperatingActivities,OperatingIncomeLoss,ShareBasedCompensation,-13588.0,,,,,,,,,,,,,,,,,,,,,,ineligible:gate0_status,,,
NELR,1941360,NEOLARA CORP.,"",OTC,1520,General Bldg Contractors - Residential Bldgs,us-gaap,10-Q,USD,630,2025,2025-06-30,false,false,tax_anomaly,fail,"fcf,sbc,ni_vs_oi",goodwill,never_acquired,never_acquired,reported,"",,true,,-70093.0,1.710739614994934,,,,,-0.0,,,,false,,,29150.0,-23688.0,,-40524.0,,false,false,false,,false,false,false,"",-0.8126243567753002,false,,,-23343.0,0.0,46750.0,1034.0,,3177000.0,true,FAIL,false,PASS,,NOT_EVALUABLE,,NOT_EVALUABLE,,NOT_EVALUABLE,,,NOT_EVALUABLE,true,FAIL,,0,insufficient,true,,,,,,,,,,false,0,,,,1.1840262304806533,rising,11600.0,-80900.0,-48442.0,,,,,0.0,14883.0,0.0,,3177357.0,,,-1.0,-1.0,,0,,,,,,0,false,,,,,,,-23688.0,2026-08-25,,StockholdersEquity,,IntangibleAssetsNetExcludingGoodwill,NetIncomeLoss,NetCashProvidedByUsedInOperatingActivities,,,0.0,,,,,,-80900.0,0.0,,,,,,,,,,,,,,,ineligible:gate0_status,,,
ZJK,1941506,"ZJK Industrial Co., Ltd","",Nasdaq,3452,"Bolts, Nuts, Screws, Rivets & Washers",us-gaap,20-F,USD,1231,2025,2025-12-31,false,false,ni_vs_oi,fail,"",goodwill,never_acquired,never_acquired,reported,"",,false,,43371596.0,0.6460448017402742,988253.0,-929551.0,0.03418310681799341,,0.2653869313736903,1.07282538628648,,,false,,-0.014843735104182932,56103853.0,10153802.0,9464543.0,6559811.0,5571558.0,false,false,false,,false,false,false,"",0.18098225802780427,false,0.21624487451620714,1917804.0,43469029.0,0.0,97433.0,14350959.0,,62622446.0,false,PASS,true,FAIL,false,PASS,true,FAIL,false,PASS,false,true,FAIL,false,PASS,,0,insufficient,true,0.3128820313052836,,,,,,,-0.014843735104182932,,false,0,0.16869684511685856,,,0.8799759707669496,rising,46282771.0,4074806.0,97973.0,3124418.0,,,,,,,,61510641.0,,,,,,,,,,,,,false,,,,,,0.16869684511685856,13821973.0,2026-08-25,PaymentsForProceedsFromProductiveAssets,StockholdersEquity,,FiniteLivedIntangibleAssetsNet,ProfitLoss,NetCashProvidedByUsedInOperatingActivities,OperatingIncomeLoss,ShareBasedCompensation,3668171.0,,,,,2580005.0,6526248.0,2451442.0,,,,,,,,,,,,,,,ineligible:gate0_status,,,
BAER,1941536,"BRIDGER AEROSPACE GROUP HOLDINGS, INC.","",Nasdaq,7389,"Services-Business Services, NEC",us-gaap,10-Q,USD,1231,2025,2025-12-31,false,false,tax_anomaly,fail,ni_vs_oi,"",reported,reported,reported,"",,false,,-369502000.0,4.041545893719807,-65536000.0,-72634000.0,0.05778718554099162,-181925000.0,-0.05477707006369427,,,0.0007001546853374583,false,,-1.3380515336085188,122830000.0,4140000.0,,16732000.0,82268000.0,false,false,false,5.317561889987719,false,true,false,"",0.033705120898803224,false,-0.8618906278107573,7098000.0,-342591000.0,20888000.0,6023000.0,31381000.0,213306000.0,54283410.0,true,FAIL,false,PASS,true,FAIL,true,FAIL,false,PASS,false,,NOT_EVALUABLE,true,FAIL,true,4,insufficient,true,0.38345891975504576,,,,-0.8813904906134854,,,-1.3380515336085188,,false,0,,,,1.262379933745963,rising,115439000.0,-12432000.0,-3875000.0,86594000.0,5147000.0,-95616000.0,20888000.0,5934000.0,-387092000.0,7241000.0,235887000.0,55867575.0,1.3629168587674811,0.05238191204055374,-0.4559631854787166,-0.008357451790185684,-0.4622168029192271,1,,,-0.2755683155268979,,,0,false,,,15471000.0,,86000.0,,3925000.0,2026-08-25,PaymentsToAcquirePropertyPlantAndEquipment+PaymentsToDevelopSoftware,StockholdersEquity,Goodwill,FiniteLivedIntangibleAssetsNet,NetIncomeLoss,NetCashProvidedByUsedInOperatingActivities,,ShareBasedCompensation,-215000.0,,,16360000.0,,26923000.0,-13057000.0,-625000.0,,,,,,,,,,,,,,,ineligible:gate0_status,,,
SVCO,1943289,"Silvaco Group, Inc.","",Nasdaq,7372,Services-Prepackaged Software,us-gaap,10-Q,USD,1231,2025,2025-12-31,false,false,"sbc,ni_vs_oi",fail,"","",reported,reported,reported,"",,false,,18892000.0,0.8228413337863418,-34524000.0,-45337000.0,0.17146073829760244,,0.0770299025646769,0.8978320078439918,,0.6771216541925663,false,,-1.5243804541858226,63064000.0,-41206000.0,-45895000.0,-33906000.0,618000.0,false,true,false,0.1780979827089337,false,false,false,"",-0.653399720918432,false,0.020904767171773034,10813000.0,74989000.0,30070000.0,26027000.0,9008000.0,,29741263.0,false,PASS,false,PASS,true,FAIL,true,FAIL,true,FAIL,true,true,FAIL,false,PASS,true,0,insufficient,true,,,,,,,,-1.5243804541858226,,false,0,-0.7277527591018648,,,-0.8031695519137209,rising,72485000.0,-22061000.0,-33817000.0,410000.0,12247000.0,-46474000.0,30070000.0,23784000.0,83635000.0,13000000.0,4283000.0,32196234.0,-0.1946524064171123,0.7017863652934743,0.2599347147317627,0.47792164674634796,0.15758705089286693,1,,,-7.953696181965881,,,0,false,,,3470000.0,,42702000.0,-0.7277527591018648,-44645000.0,2026-08-25,PaymentsToAcquirePropertyPlantAndEquipment,StockholdersEquity,Goodwill,FiniteLivedIntangibleAssetsNet,NetIncomeLoss,NetCashProvidedByUsedInOperatingActivities,OperatingIncomeLoss,ShareBasedCompensation,-3439000.0,,,4799000.0,,-25776000.0,-25724000.0,-3663000.0,,,,,,,,,,,,,,,ineligible:gate0_status,,,
RUBI,1943421,Rubico Inc.,"",Nasdaq,4400,Water Transportation,us-gaap,20-F,USD,1231,2025,2025-12-31,false,false,"",fail,"sbc,tax_anomaly","goodwill,intangibles",never_acquired,never_acquired,never_acquired,"",,true,,45798000.0,4.284310018903592,-8600000.0,,,-78318000.0,,0.21330645161290324,,,false,,,23523000.0,2645000.0,12400000.0,11332000.0,19932000.0,false,false,false,,false,false,true,,0.11244314075585597,false,0.5080480431407794,,45798000.0,0.0,0.0,3964000.0,82282000.0,53907.0,false,PASS,false,PASS,true,FAIL,,NOT_EVALUABLE,,NOT_EVALUABLE,,false,PASS,,NOT_EVALUABLE,,0,insufficient,true,,,,,,,,,,false,0,0.5271436466437104,,,2.6101948069117857,rising,,,,,,,,,,,,,,,,,,,,,,,,,false,,,,,,0.5271436466437104,,2026-08-25,PaymentsToAcquireOtherPropertyPlantAndEquipment,StockholdersEquity,,,ProfitLoss,NetCashProvidedByUsedInOperatingActivities,OperatingIncomeLoss,,,,,,,,,,,,,,,,,,,,,,,,ineligible:gate0_status,,,
RBRK,1943896,"RUBRIK, INC.","",NYSE,7372,Services-Prepackaged Software,us-gaap,10-Q,USD,131,2026,2026-01-31,false,false,"tax_anomaly,sbc",fail,tangible_book,"",unresolved,reported,unresolved,"",,false,,,-0.8110243443760249,253277000.0,-76097000.0,0.2502478743586607,,-0.06847426892882413,1.0098779442758876,0.01615191108281397,,false,,-0.38732516236740844,1316191000.0,-348828000.0,-345416000.0,282908000.0,29631000.0,false,false,false,0.7983564596524316,false,false,false,"",-0.265028403932256,false,-0.4881508284864276,329374000.0,-519562000.0,199606000.0,,380196000.0,,196468000.0,,NOT_EVALUABLE,true,FAIL,false,PASS,true,FAIL,true,FAIL,true,false,PASS,true,FAIL,,0,insufficient,true,0.2994699254975024,,,,-0.212854505789562,,,-0.38732516236740844,,false,0,-0.2624360750073508,,,-0.2800098929654544,falling,1424778000.0,-288577000.0,324942000.0,31058000.0,329202000.0,-35318000.0,199606000.0,,-481325000.0,429397000.0,322821000.0,203668000.0,0.48669887622454155,0.5118735697800938,0.4826359779488352,0.3899260631784574,-0.0319556030969511,0,2.0509708737864076,,,1.1033011819046326,,0,false,21259000.0,,37115000.0,,,-0.2624360750073508,-326473000.0,2026-08-25,PaymentsToAcquirePropertyPlantAndEquipment,StockholdersEquity,Goodwill,,NetIncomeLoss,NetCashProvidedByUsedInOperatingActivities,OperatingIncomeLoss,ShareBasedCompensation,22355000.0,19284000.0,,41121000.0,,-304959000.0,-262859000.0,25718000.0,,,,,,,,,,,,,,,ineligible:gate0_status,,,
KVUE,1944048,Kenvue Inc.,"",NYSE,2844,"Perfumes, Cosmetics & Other Toilet Preparations",us-gaap,10-Q,USD,103,2025,2025-12-28,false,false,"",fail,"","",reported,reported,reported,"",,false,,-7438000000.0,1.4945578231292518,1722000000.0,1586000000.0,0.00899233007140968,312000000.0,0.26463231615807903,0.6089478044739023,,0.05858238561227189,false,0.12421185372005045,0.8243243243243243,15124000000.0,1470000000.0,2414000000.0,2197000000.0,475000000.0,false,false,false,0.8527827648114902,false,false,false,"",0.09719650886008992,false,0.16265216265216265,136000000.0,10765000000.0,9509000000.0,8694000000.0,1062000000.0,750000000.0,1924000000.0,true,FAIL,false,PASS,false,PASS,false,PASS,false,PASS,false,false,PASS,false,PASS,true,2,insufficient,true,0.0015475794057375758,,,,-0.05943501771396607,,,0.8243243243243243,,false,3,0.15961385876752182,,,1.7052932350435819,falling,15408000000.0,1658000000.0,2325000000.0,411000000.0,116000000.0,1798000000.0,9265000000.0,8406000000.0,10553000000.0,1110000000.0,0.0,1922000000.0,-0.04025,-0.03462426263144396,0.04490777866880513,0.03021620213597291,0.029093064770816784,0,,,0.40562248995983935,,,0,false,,197000000.0,557000000.0,1581000000.0,886000000.0,0.15961385876752182,1999000000.0,2026-08-25,PaymentsToAcquirePropertyPlantAndEquipment,StockholdersEquity,Goodwill,IntangibleAssetsNetExcludingGoodwill,NetIncomeLoss,NetCashProvidedByUsedInOperatingActivities,OperatingIncomeLoss,ShareBasedCompensation,529000000.0,,70000000.0,567000000.0,1592000000.0,2630000000.0,2223000000.0,565000000.0,,,,,,,,,,,,,,,ineligible:gate0_status,,,
ANL,1944552,Adlai Nortye Ltd.,"",Nasdaq,2834,Pharmaceutical Preparations,ifrs-full,20-F,USD,1231,2024,2024-12-31,false,false,ni_vs_oi,fail,"sbc,tax_anomaly",goodwill,never_acquired,never_acquired,reported,"",,false,,25445000.0,0.9990360330833445,-51989000.0,-54439000.0,,34572000.0,,0.9799916868198307,,,false,,-0.5683949797063395,,-51869000.0,-52928000.0,-51819000.0,170000.0,false,false,false,,false,false,true,,,false,,2450000.0,25485000.0,0.0,40000.0,60902000.0,26330000.0,95776708.0,false,PASS,false,PASS,true,FAIL,true,FAIL,,NOT_EVALUABLE,,true,FAIL,,NOT_EVALUABLE,,0,insufficient,true,,,,,,,,-0.5683949797063395,,false,0,,,,0.7509681074424176,rising,,,,,,,,,,,,,,,,,,,,,,,,,false,,,,,,,-51869000.0,2026-08-25,PurchaseOfPropertyPlantAndEquipmentClassifiedAsInvestingActivities,Equity,,IntangibleAssetsOtherThanGoodwill,ProfitLoss,CashFlowsFromUsedInOperatingActivities,ProfitLossFromOperatingActivities,AdjustmentsForSharebasedPayments,,,,,,,,,,,,,,,,,,,,,,,ineligible:gate0_status,,,
BIYA,1944712,Baiya International Group Inc.,"",Nasdaq,7361,Services-Employment Agencies,us-gaap,20-F,USD,1231,2025,2025-12-31,false,false,"sbc,ni_vs_oi",fail,tax_anomaly,"goodwill,intangibles",never_acquired,never_acquired,never_acquired,"",,false,,22955161.0,0.7800539429678326,-7440935.0,-13542651.0,0.3703162479233984,,,0.9954031657264281,,,false,,-7.154979054385688,16477041.0,-9531919.0,-9575938.0,-7435411.0,5524.0,false,false,false,13.572481572481573,false,false,false,"",-0.5784970129041981,false,-0.06212497981620021,6101716.0,22955161.0,0.0,0.0,688941.0,,1892759.0,false,PASS,true,FAIL,true,FAIL,true,FAIL,true,FAIL,true,true,FAIL,,NOT_EVALUABLE,,0,insufficient,true,0.07776469110751782,,,,,,,-7.154979054385688,,false,0,-0.5811685484062339,,,-59.48329141171157,falling,13278854.0,-4706462.0,-4924228.0,,,,,,22412549.0,909699.0,57278.0,12368833.0,,,,,,0,,,,,,0,false,,,407.0,,,-0.5811685484062339,,2026-08-25,PaymentsToAcquirePropertyPlantAndEquipment,StockholdersEquity,,,NetIncomeLoss,NetCashProvidedByUsedInOperatingActivities,OperatingIncomeLoss,ShareBasedCompensation,19050.0,,,,,-4645438.0,,35492.0,,,,,,,,,,,,,,,ineligible:gate0_status,,,
ROMA,1945240,ROMA GREEN FINANCE LIMITED,"",Nasdaq,8742,Services-Management Consulting Services,us-gaap,20-F,USD,331,2026,2026-03-31,false,false,ni_vs_oi,fail,"sbc,tax_anomaly","",reported,reported,reported,"",,true,,7784102.0,0.7259934646960827,-2544281.0,,,,,0.9134403864364398,,,false,,,1217176.0,-3502515.0,-3834421.0,-2542803.0,1478.0,false,false,false,,false,false,false,"",-2.8775748125168423,false,-0.6149834963224089,,9610101.0,1699999.0,126000.0,884396.0,,51608407.0,false,PASS,true,FAIL,true,FAIL,,NOT_EVALUABLE,,NOT_EVALUABLE,,true,FAIL,,NOT_EVALUABLE,,0,insufficient,true,,,,,,,,,,false,0,-3.1502601102880767,,,1.822966466318321,falling,1636032.0,-3585637.0,-2442311.0,,,,1699999.0,,10863508.0,2690795.0,,43850285.0,,,,,,0,,,,,,0,false,,,,,,-3.1502601102880767,-3502515.0,2026-08-25,PaymentsToAcquirePropertyPlantAndEquipment,StockholdersEquity,Goodwill,IntangibleAssetsNetExcludingGoodwill,NetIncomeLoss,NetCashProvidedByUsedInOperatingActivities,OperatingIncomeLoss,,,,,,,-3839404.0,-3598708.0,,,,,,,,,,,,,,,,ineligible:gate0_status,,,
HUHU,1945415,HUHUTECH International Group Inc.,"",Nasdaq,3360,Nonferrous Foundries (Castings),us-gaap,20-F,USD,1231,2025,2025-12-31,false,false,"tax_anomaly,sbc",fail,"",goodwill,never_acquired,never_acquired,reported,"",,false,,7369943.0,-0.16711949792721956,2734024.0,-15620978.0,0.8564316493429996,2808924.0,-0.017779566865406004,1.0167514546876257,,,false,,-0.6723584573911973,21431952.0,-17344577.0,-17058817.0,2898617.0,164593.0,false,false,false,,false,true,false,"",-0.8092859203865331,false,0.12920530162278768,18355002.0,7415058.0,0.0,45115.0,4728898.0,1919974.0,23233110.0,false,PASS,true,FAIL,false,PASS,true,FAIL,true,FAIL,true,false,PASS,true,FAIL,,0,insufficient,true,0.23513064452461063,,,,,,,-0.6723584573911973,,false,0,-0.7959525571912441,,,0.9037368469411718,falling,19113237.0,-11511811.0,-3861990.0,2362473.0,,,,65793.0,6941713.0,3036019.0,2421807.0,23018717.0,,,,,,0,,,,,,0,false,,,,,,-0.7959525571912441,-17041585.0,2026-08-25,PaymentsToAcquirePropertyPlantAndEquipment,StockholdersEquity,,IntangibleAssetsNetExcludingGoodwill,NetIncomeLoss,NetCashProvidedByUsedInOperatingActivities,OperatingIncomeLoss,ShareBasedCompensation,302992.0,,,,,-11397690.0,-11403934.0,107877.0,,,,,,,,,,,,,,,ineligible:gate0_status,,,
SXTP,1946563,"60 DEGREES PHARMACEUTICALS, INC.","",Nasdaq,2834,Pharmaceutical Preparations,us-gaap,10-Q,USD,1231,2025,2025-12-31,false,false,"tax_anomaly,sbc,ni_vs_oi",fail,"",goodwill,never_acquired,never_acquired,reported,"",,false,,3238816.0,0.92992193785931,-6988903.0,-7445247.0,0.4538609268690992,1357290.0,-0.0,0.949292131974167,,,false,,-11.108810508929277,1005471.0,-7365158.0,-7758579.0,-6849022.0,139881.0,false,false,false,3.228718493213923,false,false,false,"",-7.325082473785917,false,-20.327806982604613,456344.0,3463177.0,0.0,224361.0,1510065.0,152775.0,670211.0,false,PASS,false,PASS,true,FAIL,true,FAIL,true,FAIL,true,true,FAIL,true,FAIL,,0,insufficient,true,0.6515304967261422,,,,,,,-11.108810508929277,,false,0,-7.716362779234807,,,0.9490077168927252,falling,1110977.0,-8108623.0,-8774808.0,119880.0,413468.0,-9308156.0,,308683.0,2614185.0,1022606.0,2003.0,2192367.0,-0.19236308933201038,2.2344762848040918,-0.008926824496184699,1.0597828240795784,0.151303463093449,1,,,-0.7321767401396462,,,0,false,,,43324.0,,,-7.716362779234807,-7368325.0,2026-08-25,PaymentsToAcquirePropertyPlantAndEquipment,StockholdersEquity,,IntangibleAssetsNetExcludingGoodwill,NetIncomeLoss,NetCashProvidedByUsedInOperatingActivities,OperatingIncomeLoss,AllocatedShareBasedCompensationExpense,0.0,,,61045.0,,-8607376.0,-8111835.0,1062.0,,,,,,,,,,,,,,,ineligible:gate0_status,,,
LTESF,1946746,LEET Inc.,"",OTC,7372,Services-Prepackaged Software,us-gaap,20-F,USD,1231,2025,2025-12-31,false,false,"tax_anomaly,ni_vs_oi",fail,sbc,"goodwill,intangibles",never_acquired,never_acquired,never_acquired,"",,true,,-11431869.0,0.9388497806791901,-594055.0,,,,-0.0,0.8397579054273211,,,false,,,9842.0,-631723.0,-752268.0,-593093.0,962.0,false,true,false,0.14186698127119893,false,false,false,"",-64.18644584434058,false,,,-11431869.0,0.0,0.0,3994.0,,151096262.0,true,FAIL,false,PASS,true,FAIL,,NOT_EVALUABLE,,NOT_EVALUABLE,,true,FAIL,true,FAIL,,0,insufficient,true,,,,,,,,,,false,0,-76.4344645397277,,,20.236066053308225,,176947.0,-620378.0,-668880.0,,,,,,-11020839.0,26379.0,,151096262.0,,,,,,0,,,,,,0,false,,,6781.0,,,-76.4344645397277,-633441.0,2026-08-25,PaymentsToAcquirePropertyPlantAndEquipment,StockholdersEquity,,,NetIncomeLoss,NetCashProvidedByUsedInOperatingActivities,OperatingIncomeLoss,,0.0,,,29574.0,,-868133.0,-623337.0,21.0,,,,,,,,,,,,,,,ineligible:gate0_status,,,
FJET,1947016,"STARFIGHTERS SPACE, INC.","",NYSE,4512,"Air Transportation, Scheduled",us-gaap,10-Q,USD,1231,2025,2025-12-31,false,false,tax_anomaly,fail,"sbc,ni_vs_oi","goodwill,intangibles",never_acquired,never_acquired,never_acquired,"",,false,,24900552.0,0.4973140092226512,-8378135.0,-14447695.0,,,-0.0,,,,false,,-0.6670307373402992,,-16543616.0,,-8227372.0,150763.0,false,false,false,,false,false,false,"",,false,,6069560.0,24900552.0,0.0,0.0,3763993.0,,21659714.0,false,PASS,true,FAIL,true,FAIL,true,FAIL,,NOT_EVALUABLE,,,NOT_EVALUABLE,true,FAIL,,0,insufficient,true,,,,,,,,-0.6670307373402992,,false,0,,,,0.49298770201245345,,,-27683420.0,-14799190.0,261930.0,10534312.0,-25595432.0,,,29777946.0,1452854.0,,45532723.0,,,,,,0,,,,,,0,false,,,,,,,-16543616.0,2026-08-25,PaymentsToAcquirePropertyPlantAndEquipment,StockholdersEquity,,,NetIncomeLoss,NetCashProvidedByUsedInOperatingActivities,,ShareBasedCompensation,0.0,,,,,,,,,,,,,,,,,,,,,,ineligible:gate0_status,,,
ROLR,1947210,"High Roller Technologies, Inc.","",NYSE,7900,Services-Amusement & Recreation Services,us-gaap,10-Q,USD,1231,2025,2025-12-31,false,false,ni_vs_oi,fail,"",goodwill,never_acquired,never_acquired,reported,"",,false,,-865000.0,-1.0227776020246757,-3284000.0,-4658000.0,0.06717840903534934,,1.3063943161634104,-0.5117370892018779,,,false,,-0.4822308591722318,20453000.0,3161000.0,-6177000.0,-3233000.0,51000.0,false,true,false,0.16293929712460065,false,false,false,"",0.1545494548476996,false,-0.09068239258635215,1374000.0,9642000.0,0.0,10507000.0,2076000.0,,9659274.0,true,FAIL,true,FAIL,true,FAIL,true,FAIL,false,PASS,false,true,FAIL,false,PASS,,0,insufficient,true,,,,,,,,-0.4822308591722318,,false,0,-0.30200948516110104,,,-0.21123967811422947,falling,15632000.0,1693000.0,-4658000.0,36000.0,1251000.0,-5945000.0,,12264000.0,29627000.0,18009000.0,,10669024.0,,-0.16431612559872272,-0.35206929740134746,-0.5157731425616273,,0,,,0.17370892018779344,,,0,false,,,313000.0,,,-0.30200948516110104,-2252000.0,2026-08-25,PaymentsToAcquirePropertyPlantAndEquipment,StockholdersEquity,,IntangibleAssetsNetExcludingGoodwill,NetIncomeLoss,NetCashProvidedByUsedInOperatingActivities,OperatingIncomeLoss,ShareBasedCompensation,-2942000.0,,,293000.0,,-6916000.0,-2713000.0,-2949000.0,,,,,,,,,,,,,,,ineligible:gate0_status,,,
USGO,1947244,U.S. GOLDMINING INC.,"",Nasdaq,1040,Gold and Silver Ores,us-gaap,10-Q,USD,1231,2025,2025-12-31,false,false,"tax_anomaly,ni_vs_oi",unknown,"fcf,sbc","goodwill,intangibles",never_acquired,never_acquired,never_acquired,"",,false,,7609110.0,0.8357433146084773,,,,,-0.0005837997362238505,0.9821895306382445,,,false,,,,-6991064.0,-7117836.0,-5842735.0,,false,false,false,,false,false,false,"",,false,,858515.0,7609110.0,0.0,0.0,7377562.0,,12719740.0,false,PASS,false,PASS,,NOT_EVALUABLE,,NOT_EVALUABLE,,NOT_EVALUABLE,,true,FAIL,true,FAIL,,0,insufficient,true,,,,,,,,,,false,0,,,,0.9189754094709875,falling,,-10930170.0,-9862555.0,,1420641.0,,,,8702777.0,7421773.0,,13363375.0,,,,,,0,,,,,,0,false,,,145125.0,,,,-6986985.0,2026-08-25,,StockholdersEquity,,,NetIncomeLoss,NetCashProvidedByUsedInOperatingActivities,OperatingIncomeLoss,ShareBasedCompensation,4079.0,,,157663.0,,-11087685.0,-10929456.0,4164.0,,,,,,,,,,,,,,,ineligible:gate0_status,,,
NMHI,1947861,NATURE’S MIRACLE HOLDING INC.,"",OTC,3523,Farm Machinery & Equipment,us-gaap,10-Q,USD,1231,2025,2025-12-31,false,false,"tax_anomaly,sbc",fail,"tangible_book,fcf",intangibles,unresolved,unresolved,never_acquired,"",,false,,,0.3324513875900014,,,0.19597672122867835,-5304492.0,-0.00014184333253734193,1.6759250598512008,,,false,,,1742360.0,-11986754.0,-7152321.0,-3985013.0,,false,false,false,,false,false,false,"",-6.879608117725384,false,-20.12451133633058,341462.0,-12740716.0,,0.0,97694.0,5402186.0,14926994.0,,NOT_EVALUABLE,true,FAIL,,NOT_EVALUABLE,,NOT_EVALUABLE,true,FAIL,true,false,PASS,true,FAIL,,0,insufficient,true,-0.5460141783167773,,,,,,,,,false,0,-4.10496166119516,,,0.33202803678328946,rising,1766543.0,-7121669.0,-4996457.0,,361321.0,,,,-9259784.0,45695.0,7426138.0,270380478.0,-0.9570228280765113,-0.17786214159532546,-0.9362669817933338,1.3880725519458157,0.6276881299868973,1,,,,,,0,false,,,,,,-4.10496166119516,-11985054.0,2026-08-25,,StockholdersEquity,,,NetIncomeLoss,NetCashProvidedByUsedInOperatingActivities,OperatingIncomeLoss,ShareBasedCompensation,1700.0,,,,,-7079091.0,-7121669.0,4300.0,,,,,,,,,,,,,,,ineligible:gate0_status,,,
MTEN,1948099,Mingteng International Corporation Inc.,"",Nasdaq,3442,"Metal Doors, Sash, Frames, Moldings & Trim",us-gaap,20-F,USD,1231,2025,2025-12-31,false,false,tax_anomaly,fail,"",goodwill,never_acquired,never_acquired,reported,"",,false,,22009707.0,0.05824147476577674,-1110195.0,-1856400.0,0.06396997837534317,,-0.02274083879448831,4.224288969573193,,,false,,,11664925.0,-1787077.0,-423048.0,-104082.0,1006113.0,false,false,false,,false,false,false,"",-0.15320089927710637,false,0.21185835830219898,746205.0,22053774.0,0.0,44067.0,1452992.0,,,false,PASS,true,FAIL,true,FAIL,true,FAIL,false,PASS,false,false,PASS,true,FAIL,,0,insufficient,true,0.1326971789554019,,,,,,,,,false,0,-0.03626667123877779,,,0.289701845871233,falling,10735337.0,-6770013.0,731118.0,616254.0,,,,55630.0,7127162.0,1755205.0,,6839600.0,,,,,,0,,,,,,0,false,,,,,,-0.03626667123877779,-1747341.0,2026-08-25,PaymentsToAcquirePropertyPlantAndEquipment,StockholdersEquity,,IntangibleAssetsNetExcludingGoodwill,NetIncomeLoss,NetCashProvidedByUsedInOperatingActivities,OperatingIncomeLoss,AllocatedShareBasedCompensationExpense,39736.0,,,,,-4836416.0,-6621247.0,148766.0,,,,,,,,,,,,,,,ineligible:gate0_status,,,
NWGL,1948294,CL Workshop Group Ltd,"",Nasdaq,2400,Lumber & Wood Products (No Furniture),ifrs-full,20-F,USD,1231,2024,2024-12-31,false,false,tax_anomaly,fail,"sbc,ni_vs_oi",goodwill,never_acquired,never_acquired,reported,"",,true,,-6810667.0,-0.2657104077903619,1564502.0,,,-7389689.0,0.008352037322240153,,,,false,,,21539347.0,-8728529.0,,2319261.0,754759.0,false,false,false,1.822992497983199,false,false,true,,-0.4052364725820147,false,,,9108092.0,0.0,15918759.0,2963301.0,10352990.0,,true,FAIL,true,FAIL,false,PASS,,NOT_EVALUABLE,,NOT_EVALUABLE,,,NOT_EVALUABLE,true,FAIL,,0,insufficient,true,-0.23272172969144034,,,,,,,,,false,0,,,,0.3276324058545408,falling,,,,,,,,,,,,,,,,,,,,,,,,,false,,,414022.0,,,,-8802044.0,2026-08-25,PurchaseOfPropertyPlantAndEquipmentClassifiedAsInvestingActivities,EquityAttributableToOwnersOfParent,,IntangibleAssetsOtherThanGoodwill,ProfitLoss,CashFlowsFromUsedInOperatingActivities,,,-73515.0,,,,,,,,,,,,,,,,,,,,,,ineligible:gate0_status,,,
RAY,1948443,RAYTECH HOLDING LIMITED,"",Nasdaq,3630,Household Appliances,us-gaap,20-F,USD,331,2026,2026-03-31,false,false,"",fail,"tangible_book,fcf,sbc","",unresolved,reported,unresolved,"",,true,,,-0.8694292827281694,,,,,0.17966743566020993,0.925659003206696,0.19408887790755358,,false,,,18192485.0,2128900.0,2299875.0,-1850928.0,,false,false,false,,false,false,true,,0.11702084679470671,false,0.16961486255307454,,16524665.0,5585332.0,,9953175.0,,2320001.0,,NOT_EVALUABLE,true,FAIL,,NOT_EVALUABLE,,NOT_EVALUABLE,,NOT_EVALUABLE,,false,PASS,false,PASS,,0,insufficient,true,,,,,,,,,,false,0,0.1264189581577228,,,0.48924847869872057,falling,,,,,,,,,9440449.0,10431712.0,,17184908.0,,,,,,0,,,,,,0,false,3530959.0,,,,,0.1264189581577228,2595167.0,2026-08-25,,StockholdersEquity,Goodwill,,NetIncomeLoss,NetCashProvidedByUsedInOperatingActivities,OperatingIncomeLoss,,466267.0,,,,,,,,,,,,,,,,,,,,,,ineligible:gate0_status,,,
ISPR,1948455,Ispire Technology Inc.,"",Nasdaq,2111,Cigarettes,us-gaap,10-Q,USD,630,2025,2025-06-30,false,false,tax_anomaly,fail,"",goodwill,never_acquired,never_acquired,reported,"",,false,,-1627926.0,0.1879215731326318,-8474789.0,-14091071.0,0.04405123855572403,,-0.03164600590979375,1.0367337431825043,,,false,-0.00429264745028962,-0.24784856010403714,127494304.0,-39240226.0,-37849859.0,-7374085.0,1100704.0,false,false,false,,false,false,false,"",-0.307780228362202,false,-0.03870192686966133,5616282.0,604694.0,0.0,2232620.0,24351765.0,,56853552.0,true,FAIL,true,FAIL,true,FAIL,true,FAIL,false,PASS,false,false,PASS,true,FAIL,,0,insufficient,true,0.13112991230338844,,,,,,,-0.24784856010403714,,false,0,-0.29687490195640426,,,0.9452356391681386,falling,89460347.0,-34174829.0,1501061.0,1283973.0,3444998.0,-3227910.0,,2601408.0,-16204412.0,18033652.0,,57269726.0,-0.12741317385059941,-0.22846503356664025,-0.5149989504602913,-0.2865603758582475,-0.07639755229165954,1,,-1.3564740964911912,,,,0,false,,60488.0,,,,-0.29687490195640426,-38036522.0,2026-08-25,PaymentsToAcquirePropertyPlantAndEquipment,StockholdersEquity,,IntangibleAssetsNetExcludingGoodwill,NetIncomeLoss,NetCashProvidedByUsedInOperatingActivities,OperatingIncomeLoss,ShareBasedCompensation,1203704.0,,45001.0,,,-33695405.0,-33294837.0,879992.0,,,,,,,,,,,,,,,ineligible:gate0_status,,,
SPPL,1948697,SIMPPLE LTD.,"",Nasdaq,8744,Services-Facilities Support Management Services,us-gaap,20-F,USD,1231,2025,2025-12-31,false,false,"",fail,"sbc,tax_anomaly",goodwill,never_acquired,never_acquired,reported,"",,true,,122651.0,0.4318840659862309,-1842473.0,,,,,1.127178344127722,,,false,,,4594433.0,-3254679.0,-2887457.0,-1405644.0,436829.0,false,false,false,,false,false,true,,-0.7083962264766948,false,,,2669572.0,0.0,2546921.0,2439341.0,,5786184.0,false,PASS,true,FAIL,true,FAIL,,NOT_EVALUABLE,,NOT_EVALUABLE,,false,PASS,,NOT_EVALUABLE,,0,insufficient,true,,,,,,,,,,false,0,-0.6284686271407157,,,0.36278814253603703,,,,,,,,,1272493.0,950980.0,1081502.0,,16225961.0,,,,,,0,,,,,,0,false,,,,,,-0.6284686271407157,-3254679.0,2026-08-25,PaymentsToAcquirePropertyPlantAndEquipment,StockholdersEquity,,IntangibleAssetsNetExcludingGoodwill,NetIncomeLoss,NetCashProvidedByUsedInOperatingActivities,OperatingIncomeLoss,,,,,,,,,,,,,,,,,,,,,,,,ineligible:gate0_status,,,
HCWC,1948864,HEALTHY CHOICE WELLNESS CORP.,"",NYSE,5411,Retail-Grocery Stores,us-gaap,10-Q,USD,1231,2025,2025-12-31,false,false,"",fail,tax_anomaly,"",reported,reported,reported,"",,false,,795421.0,-0.25307523091862855,675420.0,577920.0,0.0012467125468818261,-3160880.0,,1.5843873635530707,,-0.014626342092450116,false,,0.03487454920064977,78205678.0,-3935802.0,-2484116.0,996054.0,320634.0,false,true,false,0.18814263760212227,true,true,false,"",-0.05032629472248805,false,-0.18897662269996227,97500.0,7305036.0,2212000.0,4297615.0,3019618.0,6180498.0,16571397.0,false,PASS,true,FAIL,false,PASS,false,PASS,false,PASS,false,false,PASS,,NOT_EVALUABLE,false,1,insufficient,true,,,,,,,,0.03487454920064977,,false,1,-0.03176388292420405,,,0.22709068976074653,falling,72600960.0,-9627970.0,-2358796.0,334971.0,634873.0,-3328640.0,2212000.0,3708809.0,3504168.0,893825.0,3621387.0,24302415.0,,0.04445901670279591,-0.09943766922219514,-0.17773038278901182,,0,,,-1.28077266921433,,,0,false,,,1704207.0,,-1143863.0,-0.03176388292420405,-3935802.0,2026-08-25,PaymentsToAcquirePropertyPlantAndEquipment,StockholdersEquity,Goodwill,IntangibleAssetsNetExcludingGoodwill,NetIncomeLoss,NetCashProvidedByUsedInOperatingActivities,OperatingIncomeLoss,ShareBasedCompensation,,,,1594901.0,,-6291588.0,-9627970.0,,,,,,,,,,,,,,,,ineligible:gate0_status,,,
RADX,1949257,Radiopharm Theranostics Limited,"",Nasdaq,2834,Pharmaceutical Preparations,ifrs-full,20-F,USD,630,2025,2025-06-30,false,false,"tax_anomaly,sbc",fail,fcf,goodwill,never_acquired,never_acquired,reported,"",,false,,-3702518.0,0.955741490431873,,,0.5216426828482901,,-0.002701209610617805,1.004416424692653,,,false,,,3633422.0,-38342457.0,-38173865.0,-36645477.0,,false,false,false,,false,false,true,,-10.552712291608296,false,-117.96147202583126,1895348.0,42871904.0,0.0,46574422.0,29116835.0,,2081058451.0,true,FAIL,false,PASS,,NOT_EVALUABLE,,NOT_EVALUABLE,true,FAIL,true,false,PASS,true,FAIL,,0,insufficient,true,,,,,,,,,,false,0,-10.506311956056852,,,0.7017566852348663,rising,,,,,,,,,,,,,,,,,,,,,,,,,false,,,2595637.0,,,-10.506311956056852,-38239165.0,2026-08-25,,Equity,,IntangibleAssetsOtherThanGoodwill,ProfitLoss,CashFlowsFromUsedInOperatingActivities,ProfitLossFromOperatingActivities,AdjustmentsForSharebasedPayments,103292.0,,,,,,,,,,,,,,,,,,,,,,ineligible:gate0_status,,,
MGNC,1949864,MAG MAGNA CORP.,"",OTC,1400,Mining & Quarrying of  Nonmetallic Minerals (No Fuels),us-gaap,10-Q,USD,430,2025,2025-04-30,false,false,ni_vs_oi,fail,"fcf,sbc,tax_anomaly",goodwill,never_acquired,never_acquired,reported,"",,true,,-201620.0,1.1780533547670993,,,,,,0.9999617268830373,,,false,,,49905.0,-52254.0,-52256.0,-61558.0,,false,false,false,,false,false,false,"",-1.0470694319206493,false,,,-83298.0,0.0,118322.0,0.0,,5829047.0,true,FAIL,false,PASS,,NOT_EVALUABLE,,NOT_EVALUABLE,,NOT_EVALUABLE,,true,FAIL,,NOT_EVALUABLE,,0,insufficient,true,,,,,,,,,,false,0,-1.047109508065324,,,1.633865871195688,falling,6277.0,-251363.0,-114882.0,,,,,0.0,1424863.0,26400.0,,5916004.0,4.308095238095238,,-1.0,-1.0,,0,,,,,,0,false,,,,,,-1.047109508065324,,2026-08-25,,StockholdersEquity,,IntangibleAssetsNetExcludingGoodwill,NetIncomeLoss,NetCashProvidedByUsedInOperatingActivities,OperatingIncomeLoss,,,,,,,-251363.0,,,,,,,,,,,,,,,,,ineligible:gate0_status,,,
CISS,1951067,C3is Inc.,"",Nasdaq,4412,Deep Sea Foreign Transportation of  Freight,us-gaap,20-F,USD,1231,2025,2025-12-31,false,false,ni_vs_oi,fail,tax_anomaly,"goodwill,intangibles",never_acquired,never_acquired,never_acquired,"",,false,,95099614.0,0.3821008076797849,3839922.0,3464698.0,0.010796069423263213,,,7.675886633979024,,,false,,9.897581808572939,34755612.0,10473210.0,1364430.0,4001822.0,161900.0,false,true,false,,false,false,false,"",0.3013386730177561,false,0.36285074398251127,375224.0,95099614.0,0.0,0.0,616640.0,,350055.0,false,PASS,true,FAIL,false,PASS,false,PASS,false,PASS,false,true,FAIL,,NOT_EVALUABLE,,0,insufficient,true,,,,,,,,9.897581808572939,,false,3,0.039257832663110635,,,-2.6995466204366054,falling,38084901.0,7810356.0,6531124.0,-1461225.0,439893.0,,,,74591616.0,675771.0,,1804320.0,,,,,,0,,,,,,0,false,,,,,,0.039257832663110635,,2026-08-25,PaymentsToAcquirePropertyPlantAndEquipment,StockholdersEquity,,,NetIncomeLoss,NetCashProvidedByUsedInOperatingActivities,OperatingIncomeLoss,ShareBasedCompensation,,,,,,3807103.0,,,,,,,,,,,,,,,,,ineligible:gate0_status,,,
MH,1951070,"MCGRAW HILL, INC.","",NYSE,2741,Miscellaneous Publishing,us-gaap,10-Q,USD,331,2026,2026-03-31,false,false,"",fail,"",intangibles,never_acquired,reported,never_acquired,"",,false,,-1796377000.0,9.376359003397509,246311000.0,212588000.0,0.016037333417032017,-2320349000.0,0.19338631588563077,0.12761037647228846,,,false,,1.1574452797746166,2102781000.0,35320000.0,276780000.0,331173000.0,84862000.0,false,true,false,0.2344785282854127,false,false,false,"",0.016796803851661206,true,0.07921435486651725,33723000.0,726218000.0,2522595000.0,0.0,253519000.0,2573868000.0,183670022.0,true,FAIL,false,PASS,false,PASS,false,PASS,false,PASS,false,false,PASS,false,PASS,,0,insufficient,true,,,,,,,,1.1574452797746166,,false,3,0.13162568997912763,,,0.20794932144398004,rising,2116974000.0,92678000.0,428426000.0,92508000.0,37607000.0,298311000.0,2522595000.0,,788390000.0,193637000.0,2574440000.0,191308015.0,,,,0.026493811950495605,,0,,,,0.7934387036791074,,0,false,,,361918000.0,,,0.13162568997912763,43788000.0,2026-08-25,PaymentsToAcquirePropertyPlantAndEquipment,StockholdersEquity,Goodwill,,NetIncomeLoss,NetCashProvidedByUsedInOperatingActivities,OperatingIncomeLoss,ShareBasedCompensation,8468000.0,,,357540000.0,,294837000.0,74849000.0,-17829000.0,,,,,,,,,,,,,,,ineligible:gate0_status,,,
CRML,1951089,Critical Metals Corp.,"",Nasdaq,1000,Metal Mining,ifrs-full,6-K,USD,630,2025,2025-06-30,false,false,"",fail,"tangible_book,sbc,ni_vs_oi,tax_anomaly","",unresolved,unresolved,unresolved,"",,false,,,0.2794802681216737,-14499227.0,-45066121.0,,6343277.0,,,,,false,,-0.48507208288926007,,-51871823.0,,-14497151.0,2076.0,false,false,false,,false,false,false,"",,false,,30566894.0,91922970.0,,,7297328.0,954051.0,92906029.0,,NOT_EVALUABLE,true,FAIL,true,FAIL,true,FAIL,,NOT_EVALUABLE,,,NOT_EVALUABLE,,NOT_EVALUABLE,,0,insufficient,true,,,,,,,,-0.48507208288926007,,false,0,,,,0.27479468261627354,falling,,-153310661.0,-31071169.0,1877.0,18936721.0,-50009767.0,,,143882582.0,80923699.0,,112693055.0,,,,,,0,,,,,,0,false,5268316.0,,,,,,-51871823.0,2026-08-25,PurchaseOfPropertyPlantAndEquipmentClassifiedAsInvestingActivities,Equity,,,ProfitLoss,CashFlowsFromUsedInOperatingActivities,,AdjustmentsForSharebasedPayments,,10771032.0,,,,,-153310661.0,,,,,,,,,,,,,,,,ineligible:gate0_status,,,
CTNT,1951667,Cheetah Net Supply Chain Service Inc.,"",Nasdaq,5010,Wholesale-Motor Vehicles & Motor Vehicle Parts & Supplies,us-gaap,10-Q,USD,1231,2025,2025-12-31,false,false,"tax_anomaly,sbc,ni_vs_oi",fail,fcf,"",reported,reported,reported,"",,false,,8087154.0,0.0005685394126590575,,,0.3008204660172475,-375338.0,-0.004380003561023252,0.7969521632570351,,-0.6511521602811252,false,,,1288536.0,-3649703.0,-4579576.0,-2075.0,,false,false,false,,false,false,false,"",-2.8324416236721364,false,-0.05716970681731854,387618.0,9355587.0,475862.0,792571.0,233217.0,608555.0,3263456.0,false,PASS,true,FAIL,,NOT_EVALUABLE,,NOT_EVALUABLE,true,FAIL,true,true,FAIL,true,FAIL,false,0,insufficient,true,-0.7141258238153453,,,,,,,,,false,0,-3.5540923963319613,,,13.953965154120354,falling,1416220.0,-2928486.0,-2201503.0,,389353.0,,2665654.0,505000.0,80326582.0,2143604.0,589849.0,1027682.0,2.784893601103,4.913197621225984,-0.8067940950272927,1.4536718569096876,-0.9713656948833215,1,,,,,,0,false,,,,,-839033.0,-3.5540923963319613,-3633787.0,2026-08-25,,StockholdersEquity,Goodwill,IntangibleAssetsNetExcludingGoodwill,NetIncomeLoss,NetCashProvidedByUsedInOperatingActivities,OperatingIncomeLoss,ShareBasedCompensation,15916.0,,,,,-4484395.0,-2925302.0,14961.0,,,,,,,,,,,,,,,ineligible:gate0_status,,,
TVCN,1952670,TV Channels Network Inc.,"",,4899,"Communications Services, NEC",us-gaap,10-Q,USD,1231,2025,2025-12-31,false,false,"",fail,"fcf,sbc,tax_anomaly","goodwill,intangibles",never_acquired,never_acquired,never_acquired,"",,true,,-344845.0,0.0005683798899616533,,,,,,1.0,,,false,,,0.0,-131954.0,-131954.0,-75.0,,false,false,false,,false,false,false,"",,false,,,-344845.0,0.0,0.0,191.0,,,true,FAIL,true,FAIL,,NOT_EVALUABLE,,NOT_EVALUABLE,,NOT_EVALUABLE,,false,PASS,,NOT_EVALUABLE,,0,insufficient,true,,,,,,,,,,false,0,,,,0.0006732053038835152,,0.0,-140534.0,129401.0,,,,,,-406191.0,69319.0,,,,,,,,0,,,,,,0,false,,,,,,,,2026-08-25,,StockholdersEquity,,,NetIncomeLoss,NetCashProvidedByUsedInOperatingActivities,OperatingIncomeLoss,,,,,,,-140534.0,,,,,,,,,,,,,,,,,ineligible:gate0_status,,,
MAMO,1952853,Massimo Group,"",Nasdaq,3790,Miscellaneous Transportation Equipment,us-gaap,10-Q,USD,1231,2025,2025-12-31,false,false,"",fail,"","goodwill,intangibles",never_acquired,never_acquired,never_acquired,"",,false,,23712605.0,-0.06511186007668247,-163637.0,-355202.0,0.002666979671730046,,0.25627856693754547,0.762301904364594,,,false,,-0.008530112785611279,71828444.0,1509341.0,1979978.0,-98276.0,65361.0,false,false,false,,false,false,false,"",0.021013137915113406,false,0.1123363169158062,191565.0,23712605.0,0.0,0.0,5787993.0,,41640950.0,false,PASS,true,FAIL,true,FAIL,true,FAIL,false,PASS,false,false,PASS,false,PASS,,0,insufficient,true,-0.06017416920811525,,,,,,,-0.008530112785611279,,false,0,0.0275653750762024,,,1.5896415882737331,falling,65643902.0,3965181.0,4564056.0,,71690.0,,,403746.0,24074818.0,4637858.0,,41640950.0,-0.46569207680565633,-0.33635461018947116,-0.14674317505050757,-0.2113466552350248,0.09526476998508582,0,,,,,,0,false,,,,,,0.0275653750762024,2029444.0,2026-08-25,PaymentsToAcquirePropertyPlantAndEquipment,StockholdersEquity,,,NetIncomeLoss,NetCashProvidedByUsedInOperatingActivities,OperatingIncomeLoss,ShareBasedCompensation,520103.0,,,,,5167096.0,5109140.0,1143959.0,,,,,,,,,,,,,,,ineligible:gate0_status,,,
MPU,1953021,Mega Matrix Inc,"",NYSE,7812,Services-Motion Picture & Video Tape Production,us-gaap,6-K,USD,1231,2025,2025-12-31,false,false,"tax_anomaly,sbc",fail,fcf,"",reported,reported,reported,"",,false,,15069100.0,0.28883290617355223,,,0.41086586785976953,,-0.00004665443931569601,1.1854720796391351,,-0.002692908801176759,false,,,26105600.0,-34296300.0,-28930500.0,-9905900.0,,false,false,false,,false,false,false,"",-1.3137526048050994,false,,10725900.0,18071800.0,2889200.0,113500.0,7297400.0,,45723613.0,false,PASS,true,FAIL,,NOT_EVALUABLE,,NOT_EVALUABLE,true,FAIL,true,false,PASS,true,FAIL,false,0,insufficient,true,,,,,,,,,,false,0,-1.1082104988967885,,,0.18779073869468244,falling,31139100.0,-16626300.0,-8269200.0,,,,2889200.0,149800.0,37438300.0,9766100.0,,40349627.0,,,,-0.40926006476245713,,0,,,,,,0,false,,,,,-70300.0,-1.1082104988967885,-34294700.0,2026-08-25,,StockholdersEquity,Goodwill,IntangibleAssetsNetExcludingGoodwill,NetIncomeLoss,NetCashProvidedByUsedInOperatingActivities,OperatingIncomeLoss,ShareBasedCompensation,1600.0,,,,,-14768300.0,-16624500.0,1800.0,,,,,,,,,,,,,,,ineligible:gate0_status,,,
CNL,1953575,Collective Mining Ltd.,"",Nasdaq,1040,Gold and Silver Ores,ifrs-full,40-F,USD,1231,2025,2025-12-31,false,false,"",fail,"sbc,tax_anomaly",goodwill,never_acquired,never_acquired,reported,"",,false,,145067536.0,0.7195809609041454,-41765064.0,-44550678.0,,,,1.186921243725012,,,false,,-0.5221418285801296,,-49858355.0,-42006456.0,-35877123.0,5887941.0,false,false,false,7.282450084167068,false,false,true,,,false,,2785614.0,145127536.0,0.0,60000.0,129647421.0,,85322944.0,false,PASS,true,FAIL,true,FAIL,true,FAIL,,NOT_EVALUABLE,,false,PASS,,NOT_EVALUABLE,,0,insufficient,true,,,,,,,,-0.5221418285801296,,false,0,,,,0.8141038905977416,falling,,,,,,,,,,,,,,,,,,,,,,,,,false,,,808511.0,,,,-51966906.0,2026-08-25,PurchaseOfPropertyPlantAndEquipmentClassifiedAsInvestingActivities,Equity,,IntangibleAssetsOtherThanGoodwill,ProfitLoss,CashFlowsFromUsedInOperatingActivities,ProfitLossFromOperatingActivities,AdjustmentsForSharebasedPayments,,,,,,,,,,,,,,,,,,,,,,,ineligible:gate0_status,,,
ZBIO,1953926,"Zenas BioPharma, Inc.","",Nasdaq,2834,Pharmaceutical Preparations,us-gaap,10-Q,USD,1231,2025,2025-12-31,false,false,"tax_anomaly,sbc,ni_vs_oi",fail,"","goodwill,intangibles",never_acquired,never_acquired,never_acquired,"",,false,,242144000.0,0.4562248336805767,-172351000.0,-198698000.0,2.6347,32005000.0,0.0002090964914138099,0.9861117274974742,,,false,,-4.442158931538913,10000000.0,-377737000.0,-383057000.0,-172333000.0,18000.0,false,false,false,,false,false,false,"",-37.7737,false,-0.74294,26347000.0,242144000.0,0.0,0.0,110641000.0,78636000.0,44730052.0,false,PASS,true,FAIL,true,FAIL,true,FAIL,true,FAIL,true,true,FAIL,true,FAIL,,0,insufficient,true,,,,,,,,-4.442158931538913,,false,0,-38.3057,,,0.6802966646481533,falling,1000000.0,-484384000.0,-225972000.0,2000.0,32730000.0,-258704000.0,,,247097000.0,196577000.0,72989000.0,59393300.0,,,,,,0,,,-1.0285953222369095,,,0,false,,,,,,-38.3057,-377816000.0,2026-08-25,PaymentsToAcquirePropertyPlantAndEquipment,StockholdersEquity,,,NetIncomeLoss,NetCashProvidedByUsedInOperatingActivities,OperatingIncomeLoss,ShareBasedCompensation,-79000.0,,,,,-475573000.0,-484164000.0,220000.0,,,,,,,,,,,,,,,ineligible:gate0_status,,,
HLEO,1953988,HELIO CORPORATION,"",OTC,3760,Guided Missiles & Space Vehicles & Parts,us-gaap,10-Q,USD,1031,2025,2025-10-31,false,false,"",fail,"fcf,tax_anomaly","goodwill,intangibles",never_acquired,never_acquired,never_acquired,"",,false,,-4060138.0,0.512351285991141,,,0.11120433934423227,,,1.0896834447492318,,,false,,,3875793.0,-4030471.0,-3698754.0,-2065017.0,,false,false,false,,false,false,false,"",-1.0399087360960713,false,,431005.0,-4060138.0,0.0,0.0,7305.0,,11291510.0,true,FAIL,true,FAIL,,NOT_EVALUABLE,,NOT_EVALUABLE,false,PASS,true,false,PASS,,NOT_EVALUABLE,,0,insufficient,true,,,,,,,,,,false,0,-0.954321863938554,,,0.6750271061806643,,2228823.0,-7475981.0,-2158135.0,,402632.0,,,,-1918822.0,464720.0,,20858117.0,,,-0.6528731219914036,-0.6098851790558408,,1,,,,,,0,false,,,,,,-0.954321863938554,,2026-08-25,,StockholdersEquity,,,NetIncomeLoss,NetCashProvidedByUsedInOperatingActivities,OperatingIncomeLoss,ShareBasedCompensation,,,,,,-5444068.0,,,,,,,,,,,,,,,,,ineligible:gate0_status,,,
MENS,1954488,Jyong Biotech Ltd.,"",Nasdaq,2834,Pharmaceutical Preparations,us-gaap,20-F,USD,1231,2025,2025-12-31,false,false,"",fail,"fcf,sbc,tax_anomaly","goodwill,intangibles",never_acquired,never_acquired,never_acquired,"",,true,,-24906000.0,0.6510383215585528,,,,,,1.7917146144994247,,,false,,,,-4671000.0,-2607000.0,-3041000.0,,false,false,false,,false,false,true,,,false,,,-24906000.0,0.0,0.0,1178000.0,,73011000.0,true,FAIL,true,FAIL,,NOT_EVALUABLE,,NOT_EVALUABLE,,NOT_EVALUABLE,,false,PASS,,NOT_EVALUABLE,,0,insufficient,true,,,,,,,,,,false,0,,,,0.8141907226016841,rising,,,,,,,,,,,,,,,,,,,,,,,,,false,,,,,,,-4671000.0,2026-08-25,,StockholdersEquity,,,NetIncomeLoss,NetCashProvidedByUsedInOperatingActivities,OperatingIncomeLoss,,,,,,,,,,,,,,,,,,,,,,,,ineligible:gate0_status,,,
HAO,1954594,Haoxi Health Technology Limited,"",Nasdaq,7311,Services-Advertising Agencies,us-gaap,20-F,USD,630,2025,2025-06-30,false,false,ni_vs_oi,fail,fcf,goodwill,never_acquired,never_acquired,reported,"",,false,,15573763.0,-0.8662262554556992,,,0.10899737001670244,8010800.0,0.06528003888678852,-1.9384340140496814,,,false,,,537646.0,3876680.0,-1999903.0,-3358082.0,,false,false,false,,false,false,false,"",7.21046934228098,false,0.042360858983032046,58602.0,17376430.0,0.0,1802667.0,8618461.0,607661.0,2397036.0,false,PASS,true,FAIL,,NOT_EVALUABLE,,NOT_EVALUABLE,false,PASS,true,true,FAIL,false,PASS,,0,insufficient,true,-0.6783528006297799,,,,,,,,,false,0,-3.719739382418915,,,-0.7814432366529748,rising,1636218.0,298936.0,-3298910.0,44340.0,,,,2010667.0,18742723.0,9096424.0,,1814800.0,,,,,,0,,,,,,0,false,,,,,,-3.719739382418915,4147424.0,2026-08-25,,StockholdersEquity,,IntangibleAssetsNetExcludingGoodwill,NetIncomeLoss,NetCashProvidedByUsedInOperatingActivities,OperatingIncomeLoss,ShareBasedCompensation,270744.0,,,,,771525.0,937098.0,638162.0,,,,,,,,,,,,,,,ineligible:gate0_status,,,
LGCL,1954694,Lucas GC Limited,"",Nasdaq,7370,"Services-Computer Programming, Data Processing, Etc.",us-gaap,20-F,USD,1231,2025,2025-12-31,false,false,"",fail,sbc,"goodwill,intangibles",never_acquired,never_acquired,never_acquired,"",,true,,44513000.0,3.6240171551107934,-6833000.0,,,,0.21196868008948547,0.4971570717839375,,,false,,,149043000.0,1399000.0,2814000.0,5070000.0,11903000.0,false,false,false,6.29122621564482,false,false,true,,0.009386552874002805,false,0.04594827627731776,,44513000.0,0.0,0.0,4334000.0,,2409466.0,false,PASS,false,PASS,true,FAIL,,NOT_EVALUABLE,,NOT_EVALUABLE,,false,PASS,false,PASS,,0,insufficient,true,,,,,,,,,,false,0,0.018880457317686842,,,1.2209782351419396,rising,,,,,,,,,,,,,,,,,,,,,,,,,false,,,1892000.0,,,0.018880457317686842,1788000.0,2026-08-25,PaymentsToAcquireProductiveAssets,StockholdersEquity,,,NetIncomeLoss,NetCashProvidedByUsedInOperatingActivities,OperatingIncomeLoss,,379000.0,,,,,,,,,,,,,,,,,,,,,,ineligible:gate0_status,,,
ENHA,1956439,Enhanced Group Inc.,"",NYSE,7990,Services-Miscellaneous Amusement & Recreation,us-gaap,10-Q,USD,1231,2025,2025-12-31,false,false,ni_vs_oi,fail,"fcf,sbc,tax_anomaly","goodwill,intangibles",never_acquired,never_acquired,never_acquired,"",,true,,4760221.0,-0.3016728217849921,,,,,,-2.4737075266911797,,,false,,,,2568594.0,-1038358.0,-774875.0,,false,false,false,,false,false,false,"",,false,,,4760221.0,0.0,0.0,25253578.0,,,false,PASS,true,FAIL,,NOT_EVALUABLE,,NOT_EVALUABLE,,NOT_EVALUABLE,,true,FAIL,,NOT_EVALUABLE,,0,insufficient,true,,,,,,,,,,false,0,,,,0.33149597840371103,,,-69486483.0,-37253576.0,,,,,,3061175.0,19606246.0,,112901012.0,,,,,,0,,,,,,0,false,,,,,,,2568594.0,2026-08-25,,StockholdersEquity,,,NetIncomeLoss,NetCashProvidedByUsedInOperatingActivities,OperatingIncomeLoss,,,,,,,-73050155.0,-69486483.0,,,,,,,,,,,,,,,,ineligible:gate0_status,,,
ZONE,1956741,"CleanCore Solutions, Inc.","",NYSE,2842,"Specialty Cleaning, Polishing and Sanitation Preparations",us-gaap,10-Q,USD,630,2025,2025-06-30,false,false,sbc,fail,tax_anomaly,"",reported,reported,reported,"",,false,,-2746437.0,0.3467166497955067,-2370048.0,-5573278.0,1.5453384110835697,,,1.0557336352693976,,0.23522674753501727,false,,,2072834.0,-6742275.0,-6386341.0,-2337659.0,32389.0,false,true,false,0.1589433547456288,false,false,false,"",-3.252684488965349,false,,3203230.0,1465982.0,2237910.0,1974509.0,1460997.0,,,true,FAIL,true,FAIL,true,FAIL,true,FAIL,true,FAIL,true,false,PASS,,NOT_EVALUABLE,true,2,insufficient,true,,,,,,,,,,false,0,-3.0809707868550977,,,0.5125465416198893,,3413291.0,-152603631.0,-14919011.0,54234.0,11242906.0,-26216151.0,2237910.0,1785113.0,66797886.0,4052657.0,,212256389.0,0.7772521661569827,1.4793066593587285,3.1546047133545043,-0.025489545898568777,-0.07329270821708785,0,,-3.723707532227196,,,,0,false,,,203777.0,,487586.0,-3.0809707868550977,,2026-08-25,PaymentsToAcquirePropertyPlantAndEquipment,StockholdersEquity,Goodwill,IntangibleAssetsNetExcludingGoodwill,NetIncomeLoss,NetCashProvidedByUsedInOperatingActivities,OperatingIncomeLoss,ShareBasedCompensation,,,,286362.0,,-45012319.0,,,,,,,,,,,,,,,,,ineligible:gate0_status,,,
UMAC,1956955,"Unusual Machines, Inc.","",NYSE,3663,Radio & Tv Broadcasting & Communications Equipment,us-gaap,10-Q,USD,1231,2025,2025-12-31,false,false,"tax_anomaly,sbc,ni_vs_oi",fail,"","",reported,reported,reported,"",,false,,156781670.0,1.1033678540110496,-23239801.0,-38859730.0,1.394734024709049,,0.0018851922496195893,0.7631031812106046,-0.008308973743432242,0.7616214597859833,true,,-1.493712162280231,11199217.0,-19193617.0,-25152060.0,-21177620.0,2062181.0,false,false,false,,false,false,false,"",-1.7138356190437243,false,,15619929.0,174939670.0,15596105.0,2561895.0,103261397.0,,26015541.0,false,PASS,false,PASS,true,FAIL,true,FAIL,true,FAIL,true,true,FAIL,true,FAIL,true,0,insufficient,true,,,,,,,,-1.493712162280231,,false,0,-2.2458766536982004,,,0.6578989303706285,rising,31851251.0,-6463158.0,-56207216.0,2307766.0,17785770.0,-76300752.0,15596105.0,2452610.0,388040737.0,229598776.0,,44775513.0,0.5051618426162406,0.3940039078826381,2.964077755471772,6.873212427670824,2.1674225602752886,2,,,-14.173256659528764,,,0,true,-93054.0,,,,8529564.0,-2.2458766536982004,-19229869.0,2026-08-25,PaymentsToAcquirePropertyPlantAndEquipment,StockholdersEquity,Goodwill,IntangibleAssetsNetExcludingGoodwill,NetIncomeLoss,NetCashProvidedByUsedInOperatingActivities,OperatingIncomeLoss,ShareBasedCompensation,-36252.0,-93054.0,,,,-29786906.0,-5680596.0,-36252.0,,,,,,,,,,,,,,,ineligible:gate0_status,,,
FEBO,1957001,FENBO HOLDINGS LIMITED,"",Nasdaq,3634,Electric Housewares & Fans,us-gaap,20-F,USD,1231,2025,2025-12-31,false,false,ni_vs_oi,fail,"sbc,tax_anomaly","goodwill,intangibles",never_acquired,never_acquired,never_acquired,"",,true,,4568000.0,-0.14945054945054945,196000.0,,,,,0.9791965566714491,,,false,,,10900000.0,-1365000.0,-1394000.0,204000.0,8000.0,false,false,false,,false,false,true,,-0.12522935779816513,false,-0.0032789035346580103,,4568000.0,0.0,0.0,,,11062500.0,false,PASS,true,FAIL,false,PASS,,NOT_EVALUABLE,,NOT_EVALUABLE,,true,FAIL,,NOT_EVALUABLE,,0,insufficient,true,,,,,,,,,,false,0,-0.12788990825688074,,,-1.795881978476378,rising,,,,,,,,,5377000.0,,,11062500.0,,,,,,0,,,,,,0,false,,,,,,-0.12788990825688074,-1365000.0,2026-08-25,PaymentsToAcquirePropertyPlantAndEquipment,StockholdersEquity,,,NetIncomeLoss,NetCashProvidedByUsedInOperatingActivities,OperatingIncomeLoss,,,,,,,,,,,,,,,,,,,,,,,,ineligible:gate0_status,,,
OIO,1957538,OIO Group,"",Nasdaq,4953,Refuse Systems,ifrs-full,6-K,USD,1231,2024,2024-12-31,false,false,"",fail,"sbc,ni_vs_oi",goodwill,never_acquired,never_acquired,reported,"",,true,,11735802.0,4.91362432630038,-3416342.0,,,-3684300.0,0.1674090766856082,,,,false,,,6099777.0,-633257.0,,-3111587.0,304755.0,false,true,false,0.19022268328489678,false,false,false,"",-0.10381641820676395,false,,,14713113.0,0.0,2977311.0,634882.0,4319182.0,26029785.0,false,PASS,false,PASS,true,FAIL,,NOT_EVALUABLE,,NOT_EVALUABLE,,,NOT_EVALUABLE,false,PASS,,0,insufficient,true,,,,,,,,,,false,0,,,,1.344799488199639,rising,5328267.0,-2729039.0,-2130483.0,446184.0,,,,3389962.0,13534139.0,141804.0,3929917.0,,,,,,,0,,,,,,0,false,,,1602096.0,,,,-760586.0,2026-08-25,PurchaseOfPropertyPlantAndEquipmentClassifiedAsInvestingActivities,Equity,,IntangibleAssetsOtherThanGoodwill,ProfitLoss,CashFlowsFromUsedInOperatingActivities,,,-127329.0,,,1628458.0,,,-2903321.0,-174282.0,,,,,,,,,,,,,,,ineligible:gate0_status,,,
DXST,1958133,Decent Holding Inc.,"",Nasdaq,4950,Sanitary Services,us-gaap,20-F,USD,1031,2025,2025-10-31,false,false,tax_anomaly,fail,sbc,goodwill,never_acquired,never_acquired,reported,"",,true,,7721933.0,10.724815488420308,-3456146.0,,,,-1.7007258889205545,2.325092368086826,,,false,,,12949345.0,-322202.0,-138576.0,-3455557.0,589.0,false,true,false,0.0083549654595231,false,false,false,"",-0.024881721816817762,true,0.22989797968400397,,7727671.0,0.0,5738.0,572807.0,,16250000.0,false,PASS,false,PASS,true,FAIL,,NOT_EVALUABLE,,NOT_EVALUABLE,,false,PASS,true,FAIL,,0,insufficient,true,0.5330932803149826,,,,,,,,,false,0,-0.010701390688100441,,,3.801492995668505,rising,14817155.0,1640041.0,-655447.0,,,,,5788.0,7441745.0,838415.0,,16250000.0,,,,,,0,,,,,,0,false,,,70497.0,,,-0.010701390688100441,-119302.0,2026-08-25,PaymentsToAcquirePropertyPlantAndEquipment,StockholdersEquity,,IntangibleAssetsNetExcludingGoodwill,NetIncomeLoss,NetCashProvidedByUsedInOperatingActivities,OperatingIncomeLoss,,202900.0,,,78181.0,,2049631.0,2061215.0,421174.0,,,,,,,,,,,,,,,ineligible:gate0_status,,,
BATRA,1958140,"ATLANTA BRAVES HOLDINGS, INC.","",Nasdaq,7900,Services-Amusement & Recreation Services,us-gaap,10-Q,USD,1231,2025,2025-12-31,false,false,tax_anomaly,fail,"",intangibles,never_acquired,reported,never_acquired,"",,false,,350286000.0,-1.0799383772680589,-68473000.0,-84048000.0,0.021263030859040098,-638747000.0,0.03446416721964167,1.7275079470688253,,,false,,-1.3212601395963026,732492000.0,-23368000.0,-13527000.0,25236000.0,93709000.0,false,false,false,1.2389798238887273,false,true,false,"",-0.031902054902988704,false,-0.07248695500158428,15575000.0,526050000.0,175764000.0,0.0,99884000.0,738631000.0,63612000.0,false,PASS,true,FAIL,true,FAIL,true,FAIL,false,PASS,false,false,PASS,true,FAIL,,0,insufficient,true,0.07564872879812712,,,,,,,-1.3212601395963026,,false,0,-0.018467095886371455,,,-0.5416004960390346,falling,749967000.0,-64187000.0,-64051000.0,105800000.0,23675000.0,-193526000.0,175764000.0,,514279000.0,116278000.0,793127000.0,64685000.0,0.10451222443756275,0.07177800560077613,0.5252165808815742,-0.023431698886186146,0.006960680530955133,0,,,,,,0,false,,,75634000.0,,,-0.018467095886371455,-24112000.0,2026-08-25,PaymentsToAcquireProductiveAssets,StockholdersEquity,Goodwill,,NetIncomeLoss,NetCashProvidedByUsedInOperatingActivities,OperatingIncomeLoss,ShareBasedCompensation,-831000.0,,,81740000.0,,-70656000.0,-75922000.0,-12049000.0,,,,,,,,,,,,,,,ineligible:gate0_status,,,
HCAI,1958399,"Huachen AI Parking Management Technology Holding Co., Ltd","",Nasdaq,3990,Miscellaneous Manufacturing Industries,us-gaap,20-F,USD,1231,2025,2025-12-31,false,false,"tax_anomaly,sbc",fail_stale,fcf,goodwill,carried_forward,never_acquired,carried_forward,intangibles,365,false,,5189159.0,0.030807986682141113,,,3.1803088776664064,,-0.00006561965780363668,1.9910363989892468,,,false,,,6575095.0,-42249434.0,-21219820.0,-1301620.0,,false,false,false,,false,false,false,"",-6.425676587182391,false,0.0757925065656774,20910833.0,5201008.0,0.0,11849.0,389.0,,1125647.0,false,PASS,true,FAIL,,NOT_EVALUABLE,,NOT_EVALUABLE,true,FAIL,true,false,PASS,true,FAIL,,0,insufficient,true,-0.3204780495624362,,,,,,,,,false,0,-3.2273024192045896,,,-0.10531974157607198,rising,19176987.0,115718.0,-4058939.0,,,,,60607.0,23463760.0,47495.0,,34897500.0,,,,,,0,,,,,,0,false,,,,,,-3.2273024192045896,-43340671.0,2026-08-25,,StockholdersEquity,,,NetIncomeLoss,NetCashProvidedByUsedInOperatingActivities,OperatingIncomeLoss,ShareBasedCompensation,2844.0,,,,,-1418120.0,-1327853.0,,,,,,,,,,,,,,,,ineligible:gate0_status,,,
FBLG,1958777,"FibroBiologics, Inc.","",Nasdaq,2834,Pharmaceutical Preparations,us-gaap,10-Q,USD,1231,2025,2025-12-31,false,false,"",fail,"sbc,tax_anomaly","goodwill,intangibles",never_acquired,never_acquired,never_acquired,"",,false,,6156000.0,0.8792234259358576,-16656000.0,-19342000.0,,,,1.119947143972611,,,false,,-0.4330894684204066,,-18646000.0,-16649000.0,-16394000.0,262000.0,false,false,false,,false,false,false,"",,false,,2686000.0,6156000.0,0.0,0.0,4894000.0,,44660518.0,false,PASS,false,PASS,true,FAIL,true,FAIL,,NOT_EVALUABLE,,false,PASS,,NOT_EVALUABLE,,0,insufficient,true,,,,,,,,-0.4330894684204066,,false,0,,,,0.7779393718718036,rising,,-18139000.0,-14790000.0,6000.0,2807000.0,-17603000.0,,,4636000.0,3515000.0,,5029640.0,,,,,,0,,,0.17939074840165475,,,0,false,,,,,,,,2026-08-25,PaymentsToAcquirePropertyPlantAndEquipment,StockholdersEquity,,,NetIncomeLoss,NetCashProvidedByUsedInOperatingActivities,OperatingIncomeLoss,ShareBasedCompensation,0.0,,,,,-16729000.0,,0.0,,,,,,,,,,,,,,,ineligible:gate0_status,,,
RENX,1959023,RENX ENTERPRISES CORP.,"",Nasdaq,4953,Refuse Systems,us-gaap,10-Q,USD,1231,2025,2025-12-31,false,false,"",fail,tax_anomaly,"",reported,reported,reported,"",,false,,-13106552.0,0.4554920039037171,-10891170.0,-11068181.0,0.021533008720083294,-20708137.0,,1.281623051434233,-0.03765694550261184,,false,,-47.45994399921101,8220449.0,-15957099.0,-12450696.0,-7268331.0,3622839.0,false,false,false,,false,false,false,"",-1.9411468886918464,false,,177011.0,4394245.0,6240432.0,11260365.0,54066.0,20762203.0,233211.0,true,FAIL,true,FAIL,true,FAIL,true,FAIL,false,PASS,false,false,PASS,,NOT_EVALUABLE,,1,insufficient,true,,,,,,,,-47.45994399921101,,false,0,-1.5146004798521346,,,0.6100744131066483,falling,15013798.0,-25401366.0,-12448151.0,,355916.0,,6240432.0,10758093.0,7041948.0,2160288.0,23138110.0,2266132.0,32.26481191594327,42.29156507819234,216.83841496973034,2.034490282072654,8.385588498992615,0,,,,,,0,false,-309557.0,,,,,-1.5146004798521346,,2026-08-25,PaymentsToAcquirePropertyPlantAndEquipment,StockholdersEquityIncludingPortionAttributableToNoncontrollingInterest,Goodwill,IntangibleAssetsNetExcludingGoodwill,NetIncomeLoss,NetCashProvidedByUsedInOperatingActivitiesContinuingOperations,OperatingIncomeLoss,ShareBasedCompensation,-4236263.0,,,,,-12017391.0,,,,,,,,,,,,,,,,,ineligible:gate0_status,,,
AZI,1959726,AUTOZI INTERNET TECHNOLOGY (GLOBAL) LTD.,"",Nasdaq,7500,"Services-Automotive Repair, Services & Parking",us-gaap,20-F,USD,930,2025,2025-09-30,false,false,"tax_anomaly,ni_vs_oi",fail,fcf,"goodwill,intangibles",never_acquired,never_acquired,never_acquired,"",,false,,-39991000.0,0.2820249803897906,,,0.07655599801301313,,-0.0011477588498248158,0.9469744586023656,,,false,,,122799000.0,-16573000.0,-17501000.0,-4674000.0,,false,false,false,,false,false,true,,-0.13496038241353758,false,-0.06451414026651166,9401000.0,-39991000.0,0.0,0.0,268000.0,,,true,FAIL,true,FAIL,,NOT_EVALUABLE,,NOT_EVALUABLE,false,PASS,false,true,FAIL,true,FAIL,,0,insufficient,true,0.006743074998320608,,,,,,,,,false,0,-0.14251744721048218,,,0.6262565300097943,falling,,,,,,,,,,,,,,,,,,,,,,,,,false,,,,,,-0.14251744721048218,-16554000.0,2026-08-25,,StockholdersEquity,,,ProfitLoss,NetCashProvidedByUsedInOperatingActivities,OperatingIncomeLoss,ShareBasedCompensation,19000.0,,,,,,,,,,,,,,,,,,,,,,ineligible:gate0_status,,,
COOT,1959994,AUSTRALIAN OILSEEDS HOLDINGS LIMITED,"",Nasdaq,2070,Fats & Oils,ifrs-full,10-Q,AUD,630,2025,2025-06-30,false,false,tax_anomaly,fail,sbc,goodwill,never_acquired,never_acquired,reported,"",,true,,447471.0,-0.6608125200839595,-413737.0,,,719203.0,-0.03473183182928244,4528.204334365325,,,false,,,41702614.0,-1462610.0,-323.0,966511.0,1380248.0,false,false,false,3.0843186109652407,false,true,false,"",-0.0350723817936209,false,0.08838694986065951,,3029966.0,0.0,2582495.0,2309303.0,1590100.0,23640568.0,false,PASS,true,FAIL,true,FAIL,,NOT_EVALUABLE,,NOT_EVALUABLE,,false,PASS,true,FAIL,,0,insufficient,true,,,,,,,,,,false,0,-7.745317835471896e-6,,,-0.061339824253591656,falling,37904380.0,-25250083.0,-5387384.0,1575490.0,,,,2582495.0,-2706683.0,1435123.0,1935347.0,23224102.0,,,,,,0,,,,,,0,false,,,447505.0,,,-7.745317835471896e-6,-1413516.0,2026-08-25,PurchaseOfPropertyPlantAndEquipmentClassifiedAsInvestingActivities,EquityAttributableToOwnersOfParent,,IntangibleAssetsOtherThanGoodwill,ProfitLoss,CashFlowsFromUsedInOperatingActivities,ProfitLossFromOperatingActivities,,49094.0,,,446108.0,,-87767.0,-24887568.0,,,,,,,,,,,,,,,,ineligible:gate0_status,,,
LUDG,1960262,"Ludwig Enterprises, Inc.","",OTC,8071,Services-Medical Laboratories,us-gaap,10-Q,USD,1231,2025,2025-12-31,false,false,"",fail,"fcf,sbc,tax_anomaly",goodwill,never_acquired,never_acquired,reported,"",,true,,-4397372.0,0.28833504066520216,,,,,,1.260189442603737,,,false,,,,-2236433.0,-1774680.0,-644842.0,,false,false,false,,false,false,false,"",,false,,,-4388206.0,0.0,9166.0,0.0,,161824928.0,true,FAIL,true,FAIL,,NOT_EVALUABLE,,NOT_EVALUABLE,,NOT_EVALUABLE,,false,PASS,,NOT_EVALUABLE,,0,insufficient,true,,,,,,,,,,false,0,,,,0.25697716625048156,rising,,-1476643.0,-707939.0,,,,,9166.0,-4028695.0,18323.0,,864591383.0,,,,,,0,,,,,,0,false,,,,,,,-2236433.0,2026-08-25,,StockholdersEquity,,IntangibleAssetsNetExcludingGoodwill,NetIncomeLoss,NetCashProvidedByUsedInOperatingActivities,OperatingIncomeLoss,,,,,,,-1814738.0,-1476643.0,,,,,,,,,,,,,,,,ineligible:gate0_status,,,
EXYN,1960355,"Exyn Technologies, Inc.","",Nasdaq,7372,Services-Prepackaged Software,us-gaap,10-Q,USD,1231,2026,2026-06-30,false,false,"",fail,"income_quality,fcf,sbc,ni_vs_oi,tax_anomaly","goodwill,intangibles",never_acquired,never_acquired,never_acquired,"",,true,,-14322806.0,,,,,,,,,,false,,,,,,,,false,false,false,,false,false,true,,,false,,,-14322806.0,0.0,0.0,7835535.0,,,true,FAIL,,NOT_EVALUABLE,,NOT_EVALUABLE,,NOT_EVALUABLE,,NOT_EVALUABLE,,,NOT_EVALUABLE,,NOT_EVALUABLE,,0,insufficient,true,,,,,,,,,,false,0,,,,,,,,,,,,,,,4485103.0,,2896798.0,,,,,,0,,,,,,0,false,,,,,,,,2026-08-25,,StockholdersEquity,,,,,,,,,,,,,,,,,,,,,,,,,,,,,ineligible:gate0_status,,,
TOPP,1960847,TOPPOINT HOLDINGS INC.,"",NYSE,4210,Trucking & Courier Services (No Air),us-gaap,10-Q,USD,1231,2025,2025-12-31,false,false,"tax_anomaly,sbc,ni_vs_oi",fail,"",goodwill,never_acquired,never_acquired,reported,"",,false,,8151033.0,0.24256125532467043,-2136882.0,-7500432.0,0.32410636366503925,,0.002059718101646185,0.9955334692955834,,,false,,-0.41847091167006306,16548734.0,-7344586.0,-7377538.0,-1781512.0,355370.0,false,false,false,1.0455564512807236,false,false,false,"",-0.44381558130066023,false,0.042932806196124405,5363550.0,8621558.0,0.0,470525.0,1202395.0,,17923425.0,false,PASS,true,FAIL,true,FAIL,true,FAIL,true,FAIL,true,true,FAIL,true,FAIL,,0,insufficient,true,,,,,,,,-0.41847091167006306,,false,0,-0.4458067910209929,,,0.18336530310744334,falling,17515211.0,-6245032.0,-1560351.0,2177570.0,,,,336089.0,11791115.0,4698480.0,,20335359.0,,,0.0774824811562568,0.16909973584780158,,1,,,,,,0,false,,,339886.0,,,-0.4458067910209929,-7359745.0,2026-08-25,PaymentsToAcquirePropertyPlantAndEquipment,StockholdersEquity,,IntangibleAssetsNetExcludingGoodwill,NetIncomeLoss,NetCashProvidedByUsedInOperatingActivities,OperatingIncomeLoss,ShareBasedCompensation,-15159.0,,,268682.0,,-6436003.0,-6245032.0,-220761.0,,,,,,,,,,,,,,,ineligible:gate0_status,,,
INHD,1961847,INNO HOLDINGS INC.,"",Nasdaq,5990,"Retail-Retail Stores, NEC",us-gaap,10-Q,USD,930,2025,2025-09-30,false,false,"tax_anomaly,sbc",fail,fcf,"goodwill,intangibles",never_acquired,never_acquired,never_acquired,"",,false,,15166727.0,0.6679609450737305,,,0.7677487922705314,,-0.0001174182658789858,1.622786662519172,,,false,,,2846250.0,-7079363.0,-4362473.0,-4728738.0,,false,false,false,,false,false,false,"",-2.4872597277119017,false,-4.981585426391097,2185205.0,15166727.0,0.0,0.0,10130942.0,,5401162.0,false,PASS,true,FAIL,,NOT_EVALUABLE,,NOT_EVALUABLE,true,FAIL,true,false,PASS,true,FAIL,,0,insufficient,true,-0.14176888768493123,,,,-0.15748720519543408,,,,,false,0,-1.5327090030742205,,,0.9002792274324204,rising,5541954.0,-4029095.0,-12656412.0,,2248205.0,,,,55634839.0,33238616.0,52515.0,949236.0,22.778512324329057,6.431025510204082,0.9491968207487973,0.9034863060989643,-7.110690674414556,0,,,,,,0,false,,,,,,-1.5327090030742205,-6813250.0,2026-08-25,,StockholdersEquity,,,NetIncomeLoss,NetCashProvidedByUsedInOperatingActivities,OperatingIncomeLoss,ShareBasedCompensation,800.0,,,,,-3760775.0,-4028295.0,,,,,,,,,,,,,,,,ineligible:gate0_status,,,
KAPA,1962011,"KAIROS PHARMA, LTD.","",NYSE,2834,Pharmaceutical Preparations,us-gaap,10-Q,USD,1231,2025,2025-12-31,false,false,ni_vs_oi,fail,"fcf,sbc,tax_anomaly",goodwill,never_acquired,never_acquired,reported,"",,true,,6279000.0,0.6317238847071782,,,,,,0.9775664034458005,,,false,,,,-5447000.0,-5572000.0,-3441000.0,,false,false,false,,false,false,false,"",,false,,,6341000.0,0.0,62000.0,4491000.0,,18427787.0,false,PASS,true,FAIL,,NOT_EVALUABLE,,NOT_EVALUABLE,,NOT_EVALUABLE,,true,FAIL,,NOT_EVALUABLE,,0,insufficient,true,,,,,,,,,,false,0,,,,0.7021408631540025,rising,,-5805000.0,-3970000.0,,,,,191000.0,4191000.0,2626000.0,,21207506.0,,,,,,0,,,,,,0,false,,,,,,,,2026-08-25,,StockholdersEquity,,IntangibleAssetsNetExcludingGoodwill,NetIncomeLoss,NetCashProvidedByUsedInOperatingActivities,OperatingIncomeLoss,,,,,,,-5957000.0,,,,,,,,,,,,,,,,,ineligible:gate0_status,,,
BOF,1962481,BRANCHOUT FOOD INC.,"",Nasdaq,2000,Food and Kindred Products,us-gaap,10-Q,USD,1231,2025,2025-12-31,false,false,"",fail,"tangible_book,tax_anomaly",goodwill,unresolved,never_acquired,unresolved,"",,false,,,1.1428713243745952,-7746755.0,-7992174.0,0.01788173510515417,-4934500.0,,1.1419219286295066,,,false,,-0.7445457759452297,13724563.0,-6124672.0,-5363477.0,-6999712.0,747043.0,false,false,false,,false,false,false,dep_amort,-0.44625624874176323,false,-1.2393268585967787,245419.0,5571707.0,0.0,,0.0,4934500.0,10734295.0,,NOT_EVALUABLE,false,PASS,true,FAIL,true,FAIL,false,PASS,false,false,PASS,,NOT_EVALUABLE,,0,insufficient,true,1.6326470143267455,,,,-2.1716758724066936,,,-0.7445457759452297,,false,0,-0.3907940092518793,,,1.0215681594173125,rising,14343820.0,-8115454.0,-7920660.0,975620.0,680066.0,-9576346.0,,850000.0,4468875.0,0.0,7259818.0,14823411.0,1.4027730292167344,0.4760643503652312,-0.17789100317484546,0.36132656843807504,-0.3778294735876055,1,,,-0.12798179562583584,,,0,false,,,,,,-0.3907940092518793,-6124672.0,2026-08-25,PaymentsToAcquirePropertyPlantAndEquipment,StockholdersEquity,,,NetIncomeLoss,NetCashProvidedByUsedInOperatingActivities,OperatingIncomeLoss,ShareBasedCompensation,,,,,,-7594104.0,-8115454.0,,,,,,,,,,,,,,,,ineligible:gate0_status,,,
TURB,1963439,"TURBO ENERGY, S.A.","",Nasdaq,3690,"Miscellaneous Electrical Machinery, Equipment & Supplies",ifrs-full,6-K,EUR,1231,2024,2024-12-31,false,false,ni_vs_oi,fail,"",goodwill,never_acquired,never_acquired,reported,"",,false,,910959.0,-0.2957593646988313,860357.0,756547.0,0.010770893416609152,,0.2554000233398734,0.840276462791138,,,false,,0.01373399993101658,9638012.0,-3337000.0,-3971312.0,986949.0,126592.0,false,false,false,,true,true,false,"",-0.34623322735020456,false,0.053639519060135976,103810.0,2623934.0,0.0,1712975.0,2384625.0,,55085700.0,false,PASS,true,FAIL,false,PASS,false,PASS,false,PASS,false,true,FAIL,false,PASS,,0,insufficient,true,-0.17484517206496109,,,,,,,0.01373399993101658,,false,1,-0.41204679969271674,,,-1.9588972698822733,rising,10197037.0,-1873384.0,-2685216.0,133604.0,134581.0,-2953401.0,,2115174.0,1289901.0,1364060.0,207770.0,55085700.0,,,,,,0,,,,,,0,false,,,,,,-0.41204679969271674,-4481601.0,2026-08-25,PurchaseOfPropertyPlantAndEquipmentClassifiedAsInvestingActivities,Equity,,IntangibleAssetsOtherThanGoodwill,ProfitLoss,CashFlowsFromUsedInOperatingActivities,ProfitLossFromOperatingActivities,AdjustmentsForSharebasedPayments,-1144601.0,,,,,-2396379.0,-3017985.0,,,,,,,,,,,,,,,,ineligible:gate0_status,,,
RR,1963685,RICHTECH ROBOTICS INC.,"",Nasdaq,3569,"General Industrial Machinery & Equipment, NEC",us-gaap,10-Q,USD,930,2025,2025-09-30,false,false,"tax_anomaly,sbc,ni_vs_oi",fail,"",goodwill,never_acquired,never_acquired,reported,"",,false,,240158000.0,0.5740129490922941,-14052000.0,-17776000.0,0.7381565906838454,193511000.0,-0.0007570977917981072,0.877953633526527,,,false,,-0.1457481813495032,5045000.0,-15754000.0,-17944000.0,-9043000.0,5009000.0,false,false,false,2.159982751185856,false,false,false,"",-3.122695738354807,false,0.032994634090649615,3724000.0,250873000.0,0.0,10715000.0,193629000.0,118000.0,121963786.0,false,PASS,true,FAIL,true,FAIL,true,FAIL,true,FAIL,true,true,FAIL,true,FAIL,,0,insufficient,true,-0.058704761093499314,,,,,,,-0.1457481813495032,,false,0,-3.556788899900892,,,3.2461358106902822,falling,5389000.0,-4407000.0,-7202000.0,21919000.0,9301000.0,-38422000.0,,371000.0,369041000.0,301962000.0,102000.0,217342358.0,,-0.08750994431185362,0.286203941730934,0.16652506372132542,,0,,0.5441936361163993,,,,0,false,,,2319000.0,,,-3.556788899900892,-15850000.0,2026-08-25,PaymentsToAcquirePropertyPlantAndEquipment,StockholdersEquity,,IntangibleAssetsNetExcludingGoodwill,NetIncomeLoss,NetCashProvidedByUsedInOperatingActivities,OperatingIncomeLoss,ShareBasedCompensation,12000.0,,,2606000.0,,-37806000.0,-4442000.0,10000.0,,,,,,,,,,,,,,,ineligible:gate0_status,,,
JBDI,1964314,JBDI Holdings Limited,"",Nasdaq,3412,"Metal Shipping Barrels, Drums, Kegs & Pails",us-gaap,20-F,USD,531,2025,2025-05-31,false,false,"tax_anomaly,ni_vs_oi",fail,sbc,"goodwill,intangibles",never_acquired,never_acquired,never_acquired,"",,true,,3960000.0,1.2378676470588235,-3399000.0,,,2491000.0,-0.0003677822728944465,0.9315068493150684,,,false,,,8445000.0,-2720000.0,-2920000.0,-3367000.0,32000.0,false,false,false,,false,false,true,,-0.32208407341622264,false,0.07795360546664269,,3960000.0,0.0,0.0,2727000.0,236000.0,19254000.0,false,PASS,false,PASS,true,FAIL,,NOT_EVALUABLE,,NOT_EVALUABLE,,true,FAIL,true,FAIL,,0,insufficient,true,-0.10787870408101308,,,,,,,,,false,0,-0.3457667258732978,,,0.7567191530462148,falling,,,,,,,,,,,,,,,,,,,,,,,,,false,,571000.0,,,,-0.3457667258732978,-2719000.0,2026-08-25,PaymentsToAcquirePropertyPlantAndEquipment,StockholdersEquity,,,NetIncomeLoss,NetCashProvidedByUsedInOperatingActivities,OperatingIncomeLoss,,1000.0,,,,,,,,,,,,,,,,,,,,,,ineligible:gate0_status,,,
ORISF,1964664,ORIENTAL RISE HOLDINGS LIMITED,"",OTC,0100,Agricultural Production-Crops,us-gaap,20-F,USD,1231,2025,2025-12-31,false,false,ni_vs_oi,fail,"sbc,tax_anomaly","goodwill,intangibles",never_acquired,never_acquired,never_acquired,"",,true,,78362000.0,-0.856093979441997,-2980000.0,,,,,-0.7549889135254989,,,false,,,12219000.0,681000.0,-902000.0,-583000.0,2397000.0,false,false,false,,false,false,true,,0.05573287503068991,false,0.4728463643147334,,78362000.0,0.0,0.0,48412000.0,,2006185.0,false,PASS,true,FAIL,true,FAIL,,NOT_EVALUABLE,,NOT_EVALUABLE,,true,FAIL,,NOT_EVALUABLE,,0,insufficient,true,-0.2048652687142749,,,,,,,,,false,0,-0.07381946149439397,,,0.5812743730736959,falling,,,,,,,,,,,,,,,,,,,,,,,,,false,,,,,,-0.07381946149439397,,2026-08-25,PaymentsToAcquirePropertyPlantAndEquipment,StockholdersEquity,,,NetIncomeLoss,NetCashProvidedByUsedInOperatingActivities,OperatingIncomeLoss,,182000.0,,,,,,,,,,,,,,,,,,,,,,ineligible:gate0_status,,,
SOLV,1964738,SOLVENTUM CORPORATION,"",NYSE,3841,Surgical & Medical Instruments & Apparatus,us-gaap,10-Q,USD,1231,2025,2025-12-31,false,false,"",fail,"","",reported,reported,reported,"",,false,,-3247000000.0,0.23714652956298202,-10000000.0,-171000000.0,0.01933933933933934,-4157000000.0,0.09165207238762405,0.7134342044933517,0.08360360360360361,-0.07507507507507508,true,,-0.975470621791215,8325000000.0,1556000000.0,2181000000.0,369000000.0,379000000.0,false,false,false,0.7750511247443763,false,false,false,"",0.1869069069069069,false,0.20641698182261803,161000000.0,5049000000.0,5704000000.0,2592000000.0,878000000.0,5035000000.0,175300000.0,true,FAIL,true,FAIL,true,FAIL,true,FAIL,false,PASS,false,false,PASS,false,PASS,false,2,insufficient,true,0.007931997022665449,,,,8.054429646786335,,,-0.975470621791215,,false,0,0.26198198198198197,,,1.3779281743019913,falling,8310000000.0,1434000000.0,209000000.0,327000000.0,167000000.0,-285000000.0,5626000000.0,2408000000.0,4800000000.0,403000000.0,4573000000.0,174400000.0,0.03844305622296973,0.0067243035542747355,-0.030434782608695653,0.022211938917167977,-0.008585243808037565,1,,,-2.4125,,,0,true,696000000.0,,489000000.0,,-625000000.0,0.26198198198198197,1713000000.0,2026-08-25,PaymentsToAcquirePropertyPlantAndEquipment,StockholdersEquity,Goodwill,IntangibleAssetsNetExcludingGoodwill,NetIncomeLoss,NetCashProvidedByUsedInOperatingActivities,OperatingIncomeLoss,ShareBasedCompensation,157000000.0,,,506000000.0,,2076000000.0,1695000000.0,262000000.0,,,,,,,,,,,,,,,ineligible:gate0_status,,,
YAAS,1964946,Youxin Technology Ltd,"",Nasdaq,7372,Services-Prepackaged Software,us-gaap,20-F,USD,930,2025,2025-09-30,false,false,sbc,fail,"fcf,tax_anomaly","goodwill,intangibles",never_acquired,never_acquired,never_acquired,"",,false,,8190253.0,0.40573236429652393,,,0.42106199742712347,,,3.3783109744459017,,,false,,,539474.0,-9646142.0,-2855315.0,-3913752.0,,false,false,false,,false,false,true,,-17.880642996696782,false,-2.7060909977700347,227152.0,8190253.0,0.0,0.0,9912327.0,,9311589.0,false,PASS,true,FAIL,,NOT_EVALUABLE,,NOT_EVALUABLE,true,FAIL,true,false,PASS,,NOT_EVALUABLE,,0,insufficient,true,-0.2496698599120052,,,,,,,,,false,0,-5.292775926179946,,,0.6533779324775263,falling,,,,,,,,,,,,,,,,,,,,,,,,,false,,,,,,-5.292775926179946,-9646142.0,2026-08-25,,StockholdersEquity,,,NetIncomeLoss,NetCashProvidedByUsedInOperatingActivities,OperatingIncomeLoss,AllocatedShareBasedCompensationExpense,,,,,,,,,,,,,,,,,,,,,,,ineligible:gate0_status,,,
ALUR,1964979,"Allurion Technologies, Inc.","",OTC,3841,Surgical & Medical Instruments & Apparatus,us-gaap,10-Q,USD,1231,2025,2025-12-31,false,false,"tax_anomaly,sbc,ni_vs_oi",fail,fcf,"goodwill,intangibles",never_acquired,never_acquired,never_acquired,"",,false,,-77189000.0,1.006642323074248,,,0.20656598818122127,5412000.0,-0.0025801052961891145,0.9535099645190172,,,false,,,15230000.0,-28755000.0,-30157000.0,-28946000.0,,false,false,false,,false,false,false,capex,-1.8880499015101773,false,-1.4790057418594647,3146000.0,-77189000.0,0.0,0.0,5412000.0,0.0,7544548.0,true,FAIL,false,PASS,,NOT_EVALUABLE,,NOT_EVALUABLE,true,FAIL,true,true,FAIL,true,FAIL,,0,insufficient,true,-0.38099119977603246,,,,-1.8191217603487626,,,,,false,0,-1.9801050558108995,,,2.5590090415333173,rising,12597000.0,-33349000.0,-22698000.0,,2887000.0,,,,-77910000.0,5056000.0,0.0,13350617.0,-0.4054975495418709,-0.7128165901750807,-0.504751257685858,-0.47186379928315414,0.0008966583265372918,2,,,,,,0,false,,,,,,-1.9801050558108995,-28681000.0,2026-08-25,,StockholdersEquity,,,NetIncomeLoss,NetCashProvidedByUsedInOperatingActivities,OperatingIncomeLoss,ShareBasedCompensation,74000.0,,,,,-26606000.0,-33348000.0,1000.0,,,,,,,,,,,,,,,ineligible:gate0_status,,,
NVNI,1965143,Nvni Group Limited,"",Nasdaq,7372,Services-Prepackaged Software,ifrs-full,6-K,BRL,1231,2024,2024-12-31,false,false,tax_anomaly,fail,"","",reported,reported,reported,"",,false,,-439870000.0,-0.49330639696198647,36752000.0,35839000.0,0.004723668008402231,,-0.138313975489768,-4.746267750940648,,-0.112710961186246,false,,1.1839009163562886,193282000.0,-78209000.0,16478000.0,38581000.0,1829000.0,false,true,false,0.09214105793450882,false,false,false,"",-0.4046367483780176,false,-0.7683969649524268,913000.0,-120495000.0,185758000.0,133617000.0,18035000.0,,30271959.0,true,FAIL,true,FAIL,false,PASS,false,PASS,false,PASS,false,false,PASS,true,FAIL,false,2,insufficient,true,,,,,,,,1.1839009163562886,,false,1,0.0852536708022475,,,-0.20964700550746404,falling,199304000.0,-102313000.0,19232000.0,1419000.0,319000.0,17494000.0,170986000.0,118839000.0,-97515000.0,16399000.0,,92257843.0,,,,,,0,,,,,,0,false,,,19850000.0,,-21785000.0,0.0852536708022475,-68706000.0,2026-08-25,PurchaseOfPropertyPlantAndEquipmentClassifiedAsInvestingActivities,EquityAttributableToOwnersOfParent,Goodwill,IntangibleAssetsOtherThanGoodwill,ProfitLoss,CashFlowsFromUsedInOperatingActivities,ProfitLossFromOperatingActivities,AdjustmentsForSharebasedPayments,9503000.0,,,20119000.0,,-29673000.0,-93516000.0,8797000.0,,,,,,,,,,,,,,,ineligible:gate0_status,,,
NIPG,1966233,NIP Group Inc.,"",Nasdaq,7990,Services-Miscellaneous Amusement & Recreation,us-gaap,20-F,USD,1231,2024,2024-12-31,false,false,ni_vs_oi,fail,sbc,"",reported,reported,reported,"",,true,,-25364698.0,1.3036425755046284,-17256953.0,,,5908781.0,0.15740593872633024,0.7513836143608954,,-0.18143980042015773,false,,,85318436.0,-12689785.0,-16888557.0,-16542944.0,714009.0,false,false,false,,false,false,true,,-0.1487343837385861,false,-0.12261733482135988,,234526583.0,131909760.0,127981521.0,9559298.0,3650517.0,70200374.0,true,FAIL,false,PASS,true,FAIL,,NOT_EVALUABLE,,NOT_EVALUABLE,,true,FAIL,false,PASS,false,2,insufficient,true,,,,,,,,,,false,0,-0.1979473346182764,,,1.0803239776141915,falling,,,,,,,,,,,,,,,,,,,,,,,,,false,,,,,-15480160.0,-0.1979473346182764,-15055080.0,2026-08-25,PaymentsToAcquirePropertyPlantAndEquipment,StockholdersEquity,Goodwill,IntangibleAssetsNetExcludingGoodwill,NetIncomeLoss,NetCashProvidedByUsedInOperatingActivities,OperatingIncomeLoss,,-2369759.0,,,,,,,,,,,,,,,,,,,,,,ineligible:gate0_status,,,
LZMH,1967397,LZ     Technology Holdings Limited,"",Nasdaq,7371,Services-Computer Programming Services,us-gaap,20-F,USD,1231,2025,2025-12-31,false,false,"tax_anomaly,ni_vs_oi",fail,"","",reported,reported,reported,"",,false,,6551000.0,0.2374732938283549,-5974000.0,-21862000.0,0.09841061407529453,,-0.0029548674357417525,0.9856172275418174,0.0000929103229562826,,false,,-0.14182700875394808,161446000.0,-24807000.0,-25169000.0,-5891000.0,83000.0,false,false,false,,false,false,true,,-0.15365509210510014,false,,15888000.0,6957000.0,237000.0,169000.0,3357000.0,,154145534.0,false,PASS,true,FAIL,true,FAIL,true,FAIL,false,PASS,false,true,FAIL,true,FAIL,,0,insufficient,true,,,,,,,,-0.14182700875394808,,false,0,-0.1558973278991118,,,0.5403440250432947,,,,,,,,,232000.0,9516000.0,2225000.0,,151390276.0,,,,,,0,,,,,,0,false,15000.0,,,,,-0.1558973278991118,-24705000.0,2026-08-25,PaymentsToAcquirePropertyPlantAndEquipment,StockholdersEquity,Goodwill,IntangibleAssetsNetExcludingGoodwill,NetIncomeLoss,NetCashProvidedByUsedInOperatingActivities,OperatingIncomeLoss,ShareBasedCompensation,73000.0,,,,,,,,,,,,,,,,,,,,,,ineligible:gate0_status,,,
ATGL,1967621,Alpha Technology Group Ltd,"",Nasdaq,7371,Services-Computer Programming Services,us-gaap,20-F,USD,930,2025,2025-09-30,false,false,"tax_anomaly,sbc",fail_stale,"","",carried_forward,carried_forward,carried_forward,"goodwill,intangibles",365,false,,1315443.0,0.1868458148728197,-1791684.0,-7356548.0,5.854417642163778,,0.014857196357525953,1.2354812544040004,,,false,,-0.44767383341761585,950541.0,-9049044.0,-7324307.0,-1690776.0,100908.0,false,false,false,,false,false,true,,-9.51988814790735,false,-0.7573410207724867,5564864.0,3152212.0,1309894.0,526875.0,3973707.0,,16432830.0,false,PASS,true,FAIL,true,FAIL,true,FAIL,true,FAIL,true,false,PASS,true,FAIL,false,0,insufficient,true,,,,,,,,-0.44767383341761585,,false,0,-7.705408814559288,,,1.0430749300654976,rising,,,,,,,,,,,,,,,,,,,,,,,,,false,,,,,,-7.705408814559288,-9185515.0,2026-08-25,PaymentsToAcquirePropertyPlantAndEquipment,StockholdersEquity,,,NetIncomeLoss,NetCashProvidedByUsedInOperatingActivities,OperatingIncomeLoss,ShareBasedCompensation,-136471.0,,,,,,,,,,,,,,,,,,,,,,ineligible:gate0_status,,,
NAMI,1967631,Jinxin Technology Holding Company,"",Nasdaq,8200,Services-Educational Services,us-gaap,20-F,USD,1231,2025,2025-12-31,false,false,"tax_anomaly,ni_vs_oi",fail,"",goodwill,never_acquired,never_acquired,reported,"",,false,,5541000.0,0.26048925129725725,-3626000.0,-9639000.0,0.10180826927635367,,-0.000972492358988608,0.9048832841427421,,,false,,-0.007701084028524412,59062000.0,-13490000.0,-14908000.0,-3514000.0,112000.0,false,true,false,0.020205664802453546,false,false,true,,-0.2284040499813755,false,,6013000.0,11993000.0,0.0,6452000.0,9190000.0,,1251641972.0,false,PASS,true,FAIL,true,FAIL,true,FAIL,false,PASS,true,true,FAIL,true,FAIL,,0,insufficient,true,,,,,,,,-0.007701084028524412,,false,0,-0.25241271883783145,,,0.7658714268013663,,,,,,,,,9352000.0,16695000.0,7699000.0,,1202529588.0,,,,,,0,,,,,,0,false,,,5543000.0,,,-0.25241271883783145,-14396000.0,2026-08-25,PaymentsToAcquirePropertyPlantAndEquipment,StockholdersEquity,,IntangibleAssetsNetExcludingGoodwill,NetIncomeLoss,NetCashProvidedByUsedInOperatingActivities,OperatingIncomeLoss,ShareBasedCompensation,14000.0,,,,,,,,,,,,,,,,,,,,,,ineligible:gate0_status,,,
VSTS,1967649,Vestis Corp,"",NYSE,5190,Wholesale-Miscellaneous Nondurable Goods,us-gaap,10-Q,USD,1003,2025,2025-10-03,false,false,"",fail,"","",reported,reported,reported,"",,false,,-284925000.0,-1.5968227133729458,5769000.0,-5796000.0,0.004228768128580878,-1125395000.0,0.09215456145894461,-0.6242802377737424,,-0.00952450948666448,true,,-0.043992075961472775,2734839000.0,-40223000.0,64431000.0,64229000.0,58460000.0,false,false,false,0.40876259465657927,false,false,false,"",-0.014707629955547658,false,0.07712812083449251,11565000.0,865644000.0,961732000.0,188837000.0,29748000.0,1155143000.0,131751000.0,true,FAIL,true,FAIL,false,PASS,true,FAIL,false,PASS,false,false,PASS,false,PASS,false,3,insufficient,true,0.005899124089166374,,,,1.0633008223369669,,,-0.043992075961472775,,false,0,0.0235593393249109,,,7.368994459008376,falling,2696499000.0,-5298000.0,191800000.0,55389000.0,9560000.0,126851000.0,960584000.0,168456000.0,877671000.0,57659000.0,1086134000.0,133318000.0,-0.03501477984899348,-0.029822457515575183,-0.008736578333826883,-0.018011306042306385,0.007209630060180959,0,,3.5840942293644997,,,,0,false,,,143017000.0,13822000.0,-26048000.0,0.0235593393249109,-44306000.0,2026-08-25,PaymentsToAcquireProductiveAssets,StockholdersEquity,Goodwill,IntangibleAssetsNetExcludingGoodwill,NetIncomeLoss,NetCashProvidedByUsedInOperatingActivities,OperatingIncomeLoss,ShareBasedCompensation,-4083000.0,,,137524000.0,0.0,98246000.0,-2609000.0,2689000.0,,,,,,,,,,,,,,,ineligible:gate0_status,,,
CGTL,1967822,Creative Global Technology Holdings Limited,"",Nasdaq,5045,Wholesale-Computers & Peripheral Equipment & Software,us-gaap,20-F,USD,930,2025,2025-09-30,false,false,"tax_anomaly,sbc",fail,fcf,"goodwill,intangibles",never_acquired,never_acquired,never_acquired,"",,false,,18037490.0,0.3598448258078742,,,0.673095590070223,,-0.01611627142016353,1.0159095794625275,,,false,,,21150042.0,-13369749.0,-13160373.0,-4811035.0,,false,false,false,,false,false,true,,-0.6321381773142578,false,0.07546551749890815,14236000.0,18037490.0,0.0,0.0,185240.0,,23568760.0,false,PASS,true,FAIL,,NOT_EVALUABLE,,NOT_EVALUABLE,true,FAIL,true,false,PASS,true,FAIL,,0,insufficient,true,-0.08774962162495792,,,,,,,,,false,0,-0.6222386225048631,,,0.36059820622632904,falling,,,,,,,,,,,,,,,,,,,,,,,,,false,,,,,,-0.6222386225048631,-13157696.0,2026-08-25,,StockholdersEquity,,,NetIncomeLoss,NetCashProvidedByUsedInOperatingActivities,OperatingIncomeLoss,ShareBasedCompensation,212053.0,,,,,,,,,,,,,,,,,,,,,,ineligible:gate0_status,,,
NCEW,1968043,NEW CENTURY LOGISTICS (BVI) LIMITED,"",Nasdaq,4731,Arrangement of  Transportation of  Freight & Cargo,us-gaap,20-F,USD,930,2025,2025-09-30,false,false,"tax_anomaly,ni_vs_oi",fail,"","goodwill,intangibles",never_acquired,never_acquired,never_acquired,"",,false,,5289643.0,0.3199627528140101,-3469628.0,-9824628.0,0.14415748975512077,,0.0019152079378583807,0.984758582996056,,,false,,-3.410720447808967,44083731.0,-10673558.0,-10838756.0,-3415141.0,54487.0,false,false,false,,false,false,true,"",-0.24212011456108376,false,0.014484086656973259,6355000.0,5289643.0,0.0,0.0,645912.0,,2880514.0,false,PASS,true,FAIL,true,FAIL,true,FAIL,false,PASS,true,true,FAIL,true,FAIL,,0,insufficient,true,-0.1630229699928335,,,,,,,-3.410720447808967,,false,0,-0.2458674834033444,,,0.4494594509824729,rising,48280479.0,-2172913.0,,,,,,,7741928.0,288545.0,,20857458.0,,,,,,0,,,,,,0,false,,,,,,-0.2458674834033444,-10751313.0,2026-08-25,PaymentsToAcquirePropertyPlantAndEquipment,StockholdersEquity,,,NetIncomeLoss,NetCashProvidedByUsedInOperatingActivities,OperatingIncomeLoss,AllocatedShareBasedCompensationExpense,-20591.0,,,,,-2024873.0,-2080114.0,,,,,,,,,,,,,,,,ineligible:gate0_status,,,
PONY,1969302,Pony AI Inc.,"",Nasdaq,7373,Services-Computer Integrated Systems Design,us-gaap,20-F,USD,1231,2025,2025-12-31,false,false,"sbc,ni_vs_oi",fail,tax_anomaly,"goodwill,intangibles",never_acquired,never_acquired,never_acquired,"",,false,,1652277000.0,1.2312923138935126,-208830000.0,-239628000.0,0.3421961978200242,,,0.5135725704121415,,,false,,-0.6307422207518439,90001000.0,-133969000.0,-260857000.0,-164955000.0,43875000.0,false,false,false,6.179577464788732,false,false,true,,-1.4885279052454972,false,-1.9922391132004618,30798000.0,1652277000.0,0.0,0.0,293489000.0,,379914317.0,false,PASS,false,PASS,true,FAIL,true,FAIL,true,FAIL,true,true,FAIL,,NOT_EVALUABLE,,0,insufficient,true,0.09587253913631133,,,,-2.109549354500284,,,-0.6307422207518439,,false,0,-2.8983789069010344,,,0.8533663328894031,rising,,,,,,,,,,,,,,,,,,,,,,,,,false,,,7100000.0,,,-2.8983789069010344,-76758000.0,2026-08-25,PaymentsToAcquireProductiveAssets,StockholdersEquity,,,NetIncomeLoss,NetCashProvidedByUsedInOperatingActivities,OperatingIncomeLoss,ShareBasedCompensation,,,,,,,,,,,,,,,,,,,,,,,ineligible:gate0_status,,,
SUGP,1969863,SU Group Holdings Ltd,"",Nasdaq,7381,"Services-Detective, Guard & Armored Car Services",us-gaap,20-F,USD,930,2025,2025-09-30,false,false,"tax_anomaly,ni_vs_oi",fail,sbc,"",reported,reported,reported,"",,true,,10880825.0,0.8362142686615177,-2196777.0,,,,0.03363151973340223,0.9248915823678037,,-0.00039670176825990205,false,,,24718821.0,-2374981.0,-2567848.0,-1985993.0,210784.0,false,false,false,,false,false,true,"",-0.09607986562142264,false,0.06568212607504566,,11069089.0,163325.0,24939.0,3257681.0,,1383984.0,false,PASS,false,PASS,true,FAIL,,NOT_EVALUABLE,,NOT_EVALUABLE,,true,FAIL,true,FAIL,false,0,insufficient,true,,,,,,,,,,false,0,-0.10388230085892851,,,0.2544269977028398,rising,25571042.0,-505178.0,,,,,163415.0,29735.0,12292490.0,5260979.0,,13770577.0,,,,,,0,,,,,,0,false,,,,,-9806.0,-0.10388230085892851,-2457635.0,2026-08-25,PaymentsToAcquirePropertyPlantAndEquipment,StockholdersEquity,Goodwill,FiniteLivedIntangibleAssetsNet,NetIncomeLoss,NetCashProvidedByUsedInOperatingActivities,OperatingIncomeLoss,,-82654.0,,,,,-528722.0,-415432.0,89746.0,,,,,,,,,,,,,,,ineligible:gate0_status,,,
TJGC,1969928,TJGC GROUP LIMITED,"",Nasdaq,7311,Services-Advertising Agencies,us-gaap,20-F,USD,331,2026,2026-03-31,false,false,tax_anomaly,fail,sbc,"goodwill,intangibles",never_acquired,never_acquired,never_acquired,"",,true,,789247.0,1.237213927162022,-3982146.0,,,,-0.010986413254243118,1.048307986140372,,,false,,,3662954.0,-2997969.0,-2859817.0,-3709129.0,273017.0,false,false,false,,false,false,true,,-0.8184566336350388,false,,,789247.0,0.0,0.0,330946.0,,5100000.0,false,PASS,false,PASS,true,FAIL,,NOT_EVALUABLE,,NOT_EVALUABLE,,false,PASS,true,FAIL,,0,insufficient,true,,,,,,,,,,false,0,-0.7807406262814112,,,1.267496731190879,,,,,,,,,,,,,,,,,,,,,,,,,,false,,,,,,-0.7807406262814112,-2965390.0,2026-08-25,PaymentsToAcquirePropertyPlantAndEquipment+PaymentsToDevelopSoftware,StockholdersEquity,,,NetIncomeLoss,NetCashProvidedByUsedInOperatingActivities,OperatingIncomeLoss,,32579.0,,,,,,,,,,,,,,,,,,,,,,ineligible:gate0_status,,,
ITOC,1970544,iTonic Holdings Ltd,"",Nasdaq,3845,Electromedical & Electrotherapeutic Apparatus,us-gaap,20-F,USD,1231,2025,2025-12-31,false,false,"sbc,ni_vs_oi",fail,tax_anomaly,"",reported,reported,reported,"",,false,,1752927.0,0.6338740199152553,-3235233.0,-6180728.0,5.631587802635026,,,0.9828296442446187,,,false,,-0.3853947121219235,523031.0,-5097901.0,-5186963.0,-3231427.0,3806.0,false,false,false,,false,false,false,"",-9.746842921356478,false,-0.48788480904117304,2945495.0,6122967.0,1955683.0,2414357.0,1490129.0,,16037397.0,false,PASS,true,FAIL,true,FAIL,true,FAIL,true,FAIL,true,true,FAIL,,NOT_EVALUABLE,,0,insufficient,true,-0.08366630899827743,,,,,,,-0.3853947121219235,,false,0,-9.917123459221346,,,0.6902944947115132,rising,305215.0,-2412952.0,-3404564.0,,,,,,4732094.0,1809154.0,,15008011.0,,,,,,0,,,,,,0,false,,,,8907.0,,-9.917123459221346,-5098384.0,2026-08-25,PaymentsToAcquirePropertyPlantAndEquipment,StockholdersEquity,Goodwill,IntangibleAssetsNetExcludingGoodwill,NetIncomeLoss,NetCashProvidedByUsedInOperatingActivities,OperatingIncomeLoss,ShareBasedCompensation,,,,,,-2536543.0,-2372624.0,,,,,,,,,,,,,,,,ineligible:gate0_status,,,
USAR,1970622,"USA Rare Earth, Inc.","",Nasdaq,1000,Metal Mining,us-gaap,10-Q,USD,1231,2025,2025-12-31,false,false,"tax_anomaly,sbc",fail,"","",reported,reported,reported,"",,false,,290826000.0,0.16462281429901296,-86344000.0,-95104000.0,5.331710286062082,,0.0005356831969573194,5.000739458514697,62.20754716981132,,false,,-0.970241070790953,1643000.0,-297559000.0,-59503000.0,-48985000.0,37359000.0,false,false,false,48.96330275229358,false,false,false,"",-181.10712111990262,false,,8760000.0,494286000.0,134848000.0,68612000.0,359925000.0,,98021000.0,false,PASS,true,FAIL,true,FAIL,true,FAIL,true,FAIL,true,false,PASS,true,FAIL,,0,insufficient,true,,,,,,,,-0.970241070790953,,false,0,-36.21606816798539,,,0.4951172539877651,,13162000.0,-284207000.0,-106071000.0,139450000.0,18481000.0,-264002000.0,134848000.0,65899000.0,2536972000.0,1530147000.0,,213347000.0,,,,,,0,,,-3.6269854132901136,,,0,false,102207000.0,,763000.0,,,-36.21606816798539,-298684000.0,2026-08-25,PaymentsToAcquireProductiveAssets,StockholdersEquityIncludingPortionAttributableToNoncontrollingInterest,Goodwill,FiniteLivedIntangibleAssetsNet,NetIncomeLoss,NetCashProvidedByUsedInOperatingActivities,OperatingIncomeLoss,ShareBasedCompensation,-160000.0,,,2263000.0,,-124970000.0,-288774000.0,-1250000.0,,,,,,,,,,,,,,,ineligible:gate0_status,,,
RMXI,1970743,"RMX INDUSTRIES, INC.","",OTC,7370,"Services-Computer Programming, Data Processing, Etc.",us-gaap,10-Q,USD,1231,2025,2025-12-31,false,false,"",fail,"income_quality,fcf,sbc,ni_vs_oi,tax_anomaly","",reported,reported,reported,"",,true,,-60474907.0,,,,,-2220504.0,,,,,false,,,,-24283540.0,,,,false,false,false,,false,false,true,"",,false,,,-526205.0,29900000.0,30048702.0,109752.0,2330256.0,,true,FAIL,,NOT_EVALUABLE,,NOT_EVALUABLE,,NOT_EVALUABLE,,NOT_EVALUABLE,,,NOT_EVALUABLE,,NOT_EVALUABLE,,1,insufficient,true,,,,,,,,,,false,0,,,,,,,-33697348.0,,,,,,33588997.0,30668522.0,248333.0,2945000.0,8460544.0,,,,,,0,,,,,,0,false,,,,,,,,2026-08-25,,StockholdersEquity,Goodwill,IntangibleAssetsNetExcludingGoodwill,ProfitLoss,,,,,,,,,,,,,,,,,,,,,,,,,,ineligible:gate0_status,,,
RYDE,1971115,Ryde Group Ltd,"",NYSE,7389,"Services-Business Services, NEC",us-gaap,20-F,USD,1231,2025,2025-12-31,false,false,"tax_anomaly,sbc",fail,"",goodwill,never_acquired,never_acquired,reported,"",,false,,24125000.0,1.3486366985998526,-18304000.0,-26935000.0,0.8875064267352185,,0.0018389113644722325,2.7858755902278793,,,false,,-0.601241099131677,9725000.0,-13570000.0,-4871000.0,-18301000.0,3000.0,false,false,false,,false,false,false,"",-1.3953727506426736,false,,8631000.0,24759000.0,0.0,634000.0,3890000.0,,44799000.0,false,PASS,false,PASS,true,FAIL,true,FAIL,true,FAIL,true,false,PASS,true,FAIL,,0,insufficient,true,,,,,,,,-0.601241099131677,,false,0,-0.5008740359897172,,,0.700925685298277,rising,7841000.0,-7469000.0,-3220000.0,,1549000.0,,,616000.0,1857000.0,2445000.0,,27391000.0,,,,,,0,,,,,,0,false,,,,,,-0.5008740359897172,-13595000.0,2026-08-25,PaymentsToAcquirePropertyPlantAndEquipment,StockholdersEquity,,IntangibleAssetsNetExcludingGoodwill,NetIncomeLoss,NetCashProvidedByUsedInOperatingActivities,OperatingIncomeLoss,ShareBasedCompensation,-25000.0,,,,,-5936000.0,-7485000.0,,,,,,,,,,,,,,,,ineligible:gate0_status,,,
LIMN,1971387,"LIMINATUS PHARMA, INC.","",Nasdaq,2836,"Biological Products, (No Diagnostic Substances)",us-gaap,10-Q,USD,1231,2025,2025-12-31,false,false,"",fail,"sbc,tax_anomaly","goodwill,intangibles",never_acquired,never_acquired,never_acquired,"",,true,,-9814690.0,0.9761721848893212,-9976426.0,,,,,3.4390712754042374,,,false,,,,-10206517.0,-2967812.0,-9963318.0,13108.0,false,false,false,,false,false,false,"",,false,,,-9814690.0,0.0,0.0,,,23753561.0,true,FAIL,false,PASS,true,FAIL,,NOT_EVALUABLE,,NOT_EVALUABLE,,false,PASS,,NOT_EVALUABLE,,0,insufficient,true,,,,,,,,,,false,0,,,,0.6926742995072713,,,-12523251.0,-3972747.0,,,,,,300612.0,0.0,,42233202.0,,,,,,0,,,,,,0,false,,,,,,,,2026-08-25,PaymentsToAcquirePropertyPlantAndEquipment,StockholdersEquity,,,NetIncomeLoss,NetCashProvidedByUsedInOperatingActivities,OperatingIncomeLoss,,,,,,,-4065187.0,,,,,,,,,,,,,,,,,ineligible:gate0_status,,,
TELO,1971532,"Telomir Pharmaceuticals, Inc.","",Nasdaq,2834,Pharmaceutical Preparations,us-gaap,10-Q,USD,1231,2025,2025-12-31,false,false,"",fail,"fcf,sbc,ni_vs_oi,tax_anomaly","goodwill,intangibles",never_acquired,never_acquired,never_acquired,"",,false,,5913370.0,0.3541837503439143,,,,,,,,,false,,,,-10413205.0,,-3688188.0,,false,false,false,,false,false,false,"",,false,,5290329.0,5913370.0,0.0,0.0,,,31653094.0,false,PASS,true,FAIL,,NOT_EVALUABLE,,NOT_EVALUABLE,,NOT_EVALUABLE,,,NOT_EVALUABLE,,NOT_EVALUABLE,,0,insufficient,true,,,,,,,,,,false,0,,,,0.3187164728394774,rising,,-5875962.0,-4914453.0,,-511270.0,,,,5033480.0,754323.0,,47682300.0,,,,,,0,,,,,,0,false,,,,,,,,2026-08-25,,StockholdersEquity,,,NetIncomeLoss,NetCashProvidedByUsedInOperatingActivities,,ShareBasedCompensation,,,,,,,,,,,,,,,,,,,,,,,ineligible:gate0_status,,,
ENGS,1971828,Energys Group Ltd,"",Nasdaq,1731,Electrical Work,us-gaap,20-F,USD,630,2025,2025-06-30,false,false,"",fail,"sbc,tax_anomaly","goodwill,intangibles",never_acquired,never_acquired,never_acquired,"",,true,,2043755.0,0.24079780074925936,-696899.0,,,,,1.193706868800676,,,false,,,9457387.0,-2847879.0,-2385744.0,-685763.0,11136.0,false,true,false,0.05636597390239211,false,false,true,,-0.30112746787246836,false,,,2043755.0,0.0,0.0,265122.0,,,false,PASS,true,FAIL,true,FAIL,,NOT_EVALUABLE,,NOT_EVALUABLE,,false,PASS,,NOT_EVALUABLE,,0,insufficient,true,,,,,,,,,,false,0,-0.2522624906858522,,,0.24079780074925936,,,,,,,,,,,,,,,,,,,,,,,,,,false,,,197566.0,,,-0.2522624906858522,-2847879.0,2026-08-25,PaymentsToAcquirePropertyPlantAndEquipment,StockholdersEquity,,,NetIncomeLoss,NetCashProvidedByUsedInOperatingActivities,OperatingIncomeLoss,,,,,,,,,,,,,,,,,,,,,,,,ineligible:gate0_status,,,
LNKS,1972074,Linkers Industries Limited,"",Nasdaq,3670,Electronic Components & Accessories,ifrs-full,20-F,MYR,630,2025,2025-06-30,false,false,"tax_anomaly,ni_vs_oi",fail,sbc,"goodwill,intangibles",never_acquired,never_acquired,never_acquired,"",,true,,38256019.0,1.7992073998758045,-2350140.0,,,,-0.009536139377744602,0.2457762268695892,,,false,,,22421335.0,-1172344.0,-4769965.0,-2109290.0,240850.0,false,false,false,,false,false,false,"",-0.05228698469560354,false,0.007149743319726864,,38256019.0,0.0,0.0,14816854.0,,12479014.0,false,PASS,false,PASS,true,FAIL,,NOT_EVALUABLE,,NOT_EVALUABLE,,true,FAIL,true,FAIL,,0,insufficient,true,-0.11607927727941802,,,,,,,,,false,0,-0.21274223858659622,,,3.149555838502249,falling,22752162.0,145567.0,274554.0,517176.0,,,,,43536109.0,28352048.0,,11538614.0,,,,,,0,,,,,,0,false,,,,,,-0.21274223858659622,-4887093.0,2026-08-25,PurchaseOfPropertyPlantAndEquipmentClassifiedAsInvestingActivities,Equity,,,ProfitLoss,CashFlowsFromUsedInOperatingActivities,ProfitLossFromOperatingActivities,,46604.0,,,807438.0,,-2161841.0,-2465856.0,-15585.0,,,,,,,,,,,,,,,ineligible:gate0_status,,,
VHUB,1972234,"VenHub Global, Inc.","",Nasdaq,3590,Misc Industrial & Commercial Machinery & Equipment,us-gaap,10-Q,USD,1231,2025,2025-12-31,false,false,sbc,fail,tax_anomaly,"goodwill,intangibles",never_acquired,never_acquired,never_acquired,"",,false,,-5307503.0,0.09517903309055604,-7209149.0,-39101123.0,36.892791948637864,,,1.582491399842738,,,false,,-1.0470403229354504,864450.0,-62399163.0,-39430965.0,-5939092.0,1270057.0,false,false,false,12.137162898262648,false,false,false,"",-72.18365781710915,false,,31891974.0,-5307503.0,0.0,0.0,89634.0,,37344429.0,true,FAIL,true,FAIL,true,FAIL,true,FAIL,true,FAIL,true,false,PASS,,NOT_EVALUABLE,,0,insufficient,true,,,,,,,,-1.0470403229354504,,false,0,-45.61393371507895,,,0.2595569567983596,,505285.0,-59619727.0,-15532207.0,997411.0,32345063.0,-48874681.0,,,-52871.0,2563439.0,,83719758.0,,,,,,0,,,,,,0,false,,,104642.0,,,-45.61393371507895,,2026-08-25,PaymentsToAcquireOtherPropertyPlantAndEquipment,StockholdersEquity,,,NetIncomeLoss,NetCashProvidedByUsedInOperatingActivities,OperatingIncomeLoss,ShareBasedCompensation,,,,219012.0,,-43002553.0,,,,,,,,,,,,,,,,,ineligible:gate0_status,,,
BTOC,1972529,Armlogi Holding Corp.,"",Nasdaq,4220,Public Warehousing & Storage,us-gaap,10-Q,USD,630,2025,2025-06-30,false,false,ni_vs_oi,fail,sbc,goodwill,never_acquired,never_acquired,reported,"",,true,,25035311.0,-0.09517670051281643,-1429083.0,,,,0.09244280570400876,0.8683338847366434,,,false,,,190408258.0,-15348767.0,-17676112.0,1460845.0,2889928.0,false,false,false,,false,false,false,"",-0.08060977586381785,false,0.1328031537708077,,25089938.0,0.0,54627.0,9190277.0,,41808909.0,false,PASS,true,FAIL,true,FAIL,,NOT_EVALUABLE,,NOT_EVALUABLE,,true,FAIL,false,PASS,,0,insufficient,true,,,,,,,,,,false,0,-0.09283269636341088,,,0.38495990296623867,falling,193632394.0,-20722315.0,1589286.0,1084299.0,,,,22259.0,13454226.0,2668304.0,,44442202.0,0.19262225599496982,0.1645708797931241,0.0078047959081240965,-0.09087958591687756,-0.10072716096205421,0,,0.6001378738387916,,,,0,false,,,,,,-0.09283269636341088,-16912176.0,2026-08-25,PaymentsToAcquirePropertyPlantAndEquipment,StockholdersEquity,,IntangibleAssetsNetExcludingGoodwill,NetIncomeLoss,NetCashProvidedByUsedInOperatingActivities,OperatingIncomeLoss,,-1563409.0,,,,,-20020552.0,-20762319.0,-40004.0,,,,,,,,,,,,,,,ineligible:gate0_status,,,
VIDA,1973062,VIDA GLOBAL INC.,"",NYSE,7372,Services-Prepackaged Software,us-gaap,10-Q,USD,1231,2025,2025-06-30,false,false,"",unknown,"income_quality,fcf,sbc,ni_vs_oi,tax_anomaly","goodwill,intangibles",never_acquired,never_acquired,never_acquired,"",,true,,3185684.0,,,,,,,,,,false,,,,,,,,false,false,false,,false,false,true,,,false,,,3185684.0,0.0,0.0,175193.0,,,false,PASS,,NOT_EVALUABLE,,NOT_EVALUABLE,,NOT_EVALUABLE,,NOT_EVALUABLE,,,NOT_EVALUABLE,,NOT_EVALUABLE,,0,insufficient,true,,,,,,,,,,false,0,,,,,,,,,,,,,,17335645.0,14480176.0,,7666408.0,,,,,,0,,,,,,0,false,,,,,,,,2026-08-25,,StockholdersEquity,,,,,,,,,,,,,,,,,,,,,,,,,,,,,ineligible:gate0_status,,,
SVUHF,1973368,SRIVARU Holding Limited,"",OTC,3711,Motor Vehicles & Passenger Car Bodies,us-gaap,20-F,USD,331,2025,2025-03-31,false,false,ni_vs_oi,fail,"sbc,tax_anomaly","goodwill,intangibles",never_acquired,never_acquired,never_acquired,"",,true,,4270833.0,0.17307074255561508,-6400742.0,,,,,0.9890116493467715,,,false,,,68330.0,-35007627.0,-35396577.0,-6058796.0,341946.0,false,false,false,2.54991387088836,false,false,true,,-512.331728376994,false,-5.039916732645962,,4270833.0,0.0,0.0,1518963.0,,141629921.0,false,PASS,true,FAIL,true,FAIL,,NOT_EVALUABLE,,NOT_EVALUABLE,,true,FAIL,,NOT_EVALUABLE,,0,insufficient,true,,,,,,,,,,false,0,-518.0239572662081,,,0.36630573113439985,falling,,,,,,,,,,,,15155318.0,,,,,,,,,,,,,false,,,134101.0,,,-518.0239572662081,-35056939.0,2026-08-25,PaymentsToAcquireMachineryAndEquipment,StockholdersEquityIncludingPortionAttributableToNoncontrollingInterest,,,NetIncomeLoss,NetCashProvidedByUsedInOperatingActivities,OperatingIncomeLoss,,,,,,,,,,,,,,,,,,,,,,,,ineligible:gate0_status,,,
MNY,1974044,MoneyHero Limited,"",Nasdaq,7389,"Services-Business Services, NEC",ifrs-full,20-F,USD,1231,2024,2024-12-31,false,false,"tax_anomaly,ni_vs_oi",fail,tangible_book,intangibles,unresolved,unresolved,never_acquired,"",,false,,,0.6586382809331983,-25225696.0,-28404910.0,0.03998470848204594,42511520.0,-0.002890992404111734,0.9401775097534424,,,false,,-0.703005817877283,79510746.0,-37787339.0,-40191707.0,-24888188.0,337508.0,false,false,false,1.092142263124003,false,false,true,,-0.47524820104190696,false,-0.6013748025604788,3179214.0,48226874.0,,0.0,42521520.0,10000.0,40404943.0,,NOT_EVALUABLE,true,FAIL,true,FAIL,true,FAIL,false,PASS,false,true,FAIL,true,FAIL,,0,insufficient,true,0.08714140589914687,,,,-111.21260469573994,,,-0.703005817877283,,false,0,-0.5054877362111532,,,0.3509552807270417,rising,,,,,,,,,,,,,,,,,,,,,,,,,false,,,309033.0,,,-0.5054877362111532,-37678411.0,2026-08-25,PurchaseOfPropertyPlantAndEquipmentClassifiedAsInvestingActivities,Equity,,,ProfitLoss,CashFlowsFromUsedInOperatingActivities,ProfitLossFromOperatingActivities,ExpenseFromSharebasedPaymentTransactionsWithEmployees,108928.0,,,,,,,,,,,,,,,,,,,,,,ineligible:gate0_status,,,
APGE,1974640,"Apogee Therapeutics, Inc.","",Nasdaq,2836,"Biological Products, (No Diagnostic Substances)",us-gaap,10-Q,USD,1231,2025,2025-12-31,false,false,"tax_anomaly,ni_vs_oi",fail,sbc,"goodwill,intangibles",never_acquired,never_acquired,never_acquired,"",,false,,903883000.0,0.8890217828902882,-232597000.0,-278874000.0,,,-0.001087785886173772,0.8958245067315604,,,false,,-4.594994761975534,,-255843000.0,-285595000.0,-227450000.0,5147000.0,false,false,false,,false,false,false,"",,false,,46277000.0,903883000.0,0.0,0.0,131549000.0,,60690820.0,false,PASS,false,PASS,true,FAIL,true,FAIL,,NOT_EVALUABLE,,true,FAIL,true,FAIL,,0,insufficient,true,,,,,,,,-4.594994761975534,,false,0,,,,0.9063184182509222,falling,,-294373000.0,-243894000.0,56000.0,57625000.0,-301575000.0,,,1194604000.0,105571000.0,,72571921.0,,,,,,0,,,,,,0,false,,,,,,,-255565000.0,2026-08-25,PaymentsToAcquirePropertyPlantAndEquipment,MembersEquity,,,NetIncomeLoss,NetCashProvidedByUsedInOperatingActivities,OperatingIncomeLoss,ShareBasedCompensation,278000.0,,,,,-328110000.0,-294093000.0,280000.0,,,,,,,,,,,,,,,ineligible:gate0_status,,,
SSHT,1975222,SSHT S&T GROUP LTD,"",OTC,8742,Services-Management Consulting Services,us-gaap,10-Q,USD,1231,2024,2024-03-31,false,false,"",fail,"income_quality,fcf,sbc,ni_vs_oi,tax_anomaly","goodwill,intangibles",never_acquired,never_acquired,never_acquired,"",,true,,-54256.0,,,,,,,,,,false,,,,,,,,false,false,false,,false,false,true,,,false,,,-54256.0,0.0,0.0,,,,true,FAIL,,NOT_EVALUABLE,,NOT_EVALUABLE,,NOT_EVALUABLE,,NOT_EVALUABLE,,,NOT_EVALUABLE,,NOT_EVALUABLE,,0,insufficient,true,,,,,,,,,,false,0,,,,,,,,,,,,,,-72045.0,8205.0,,109903473.0,,,,,,0,,,,,,0,false,,,,,,,,2026-08-25,,StockholdersEquity,,,,,,,,,,,,,,,,,,,,,,,,,,,,,ineligible:gate0_status,,,
ZYBT,1975641,Zhengye Biotechnology Holding Limited,"",Nasdaq,2834,Pharmaceutical Preparations,us-gaap,20-F,USD,1231,2025,2025-12-31,false,false,"tax_anomaly,ni_vs_oi",fail,sbc,goodwill,never_acquired,never_acquired,reported,"",,true,,28990000.0,-0.19144460028050492,1767000.0,,,7097000.0,-0.1543774319066148,0.989884966283221,,,false,,,16639000.0,-9982000.0,-10084000.0,1911000.0,144000.0,false,false,false,,false,false,true,,-0.5999158603281447,false,,,35722000.0,0.0,6732000.0,7197000.0,100000.0,47349869.0,false,PASS,true,FAIL,false,PASS,,NOT_EVALUABLE,,NOT_EVALUABLE,,true,FAIL,true,FAIL,,0,insufficient,true,,,,,,,,,,false,0,-0.606046036420458,,,1.7184712482468443,,,,,,,,,2145000.0,41728000.0,6366000.0,28000.0,47316793.0,,,,,,0,,,,,,0,false,,,,,,-0.606046036420458,-10280000.0,2026-08-25,PaymentsToAcquirePropertyPlantAndEquipment,StockholdersEquity,,FiniteLivedIntangibleAssetsNet,NetIncomeLoss,NetCashProvidedByUsedInOperatingActivities,OperatingIncomeLoss,,1587000.0,,,,,,,,,,,,,,,,,,,,,,ineligible:gate0_status,,,
FLYE,1975940,"Fly-E Group, Inc.","",Nasdaq,3711,Motor Vehicles & Passenger Car Bodies,us-gaap,10-Q,USD,331,2026,2026-03-31,false,false,tax_anomaly,fail,"tangible_book,sbc","",unresolved,unresolved,reported,"",,true,,,1.4960251930046509,-13924523.0,,,171256.0,-0.036809749304775416,1.4379343267577045,,,false,,,19063357.0,-9257808.0,-6438269.0,-13849914.0,74609.0,false,false,false,,false,false,false,"",-0.4856336688233872,false,0.10124171939186105,,17442404.0,,431193.0,265236.0,93980.0,1104494.0,,NOT_EVALUABLE,false,PASS,true,FAIL,,NOT_EVALUABLE,,NOT_EVALUABLE,,false,PASS,true,FAIL,,0,insufficient,true,-0.04336230142608288,,,,,,,,,false,0,-0.33773007555804574,,,1.890259699229915,falling,16937522.0,-8992529.0,-14616517.0,-414270.0,,,,458236.0,20991999.0,295674.0,138550.0,930332.0,,-0.3232681681392573,-0.4272231165613535,-0.5334384758040229,,0,,-0.1132550955251957,,,,0,false,,,,,,-0.33773007555804574,-8929129.0,2026-08-25,PaymentsToAcquirePropertyPlantAndEquipment,StockholdersEquity,,IntangibleAssetsNetExcludingGoodwill,NetIncomeLoss,NetCashProvidedByUsedInOperatingActivities,OperatingIncomeLoss,,328679.0,,,,,-6453335.0,-8294786.0,697743.0,,,,,,,,,,,,,,,ineligible:gate0_status,,,
SYNX,1976443,SILYNXCOM LTD.,"",NYSE,3651,Household Audio & Video Equipment,ifrs-full,20-F,USD,1231,2024,2024-12-31,false,false,tax_anomaly,fail,"","goodwill,intangibles",never_acquired,never_acquired,never_acquired,"",,false,,5547000.0,0.4081806561567959,-1070000.0,-1930000.0,0.0945678469320431,,-0.00042625745950554135,1.5965986394557823,,,false,,-0.3704189207681606,9094000.0,-2347000.0,-1470000.0,-958000.0,112000.0,false,false,false,,false,false,false,"",-0.25808225203430835,false,0.06607929515418502,860000.0,5547000.0,0.0,0.0,3178000.0,,5210317.0,false,PASS,true,FAIL,true,FAIL,true,FAIL,false,PASS,false,false,PASS,true,FAIL,,0,insufficient,true,-0.017238721642542476,,,,0.47504901512724323,,,-0.3704189207681606,,false,0,-0.1616450406861667,,,-0.27265406092619554,rising,6003000.0,-3287000.0,-2488000.0,96000.0,684000.0,-3268000.0,,,6604000.0,3536000.0,,5980013.0,,,,,,0,,,,,,0,false,,,,,,-0.1616450406861667,-2346000.0,2026-08-25,PurchaseOfPropertyPlantAndEquipmentClassifiedAsInvestingActivities,Equity,,,ProfitLoss,CashFlowsFromUsedInOperatingActivities,ProfitLossFromOperatingActivities,AdjustmentsForSharebasedPayments,1000.0,,,,,-3346000.0,-3286000.0,,,,,,,,,,,,,,,,ineligible:gate0_status,,,
NXNT,1976663,"NEXSCIENT, INC.","",OTC,7372,Services-Prepackaged Software,us-gaap,10-Q,USD,1231,2025,2025-06-30,false,false,"",fail,"fcf,sbc,ni_vs_oi,tax_anomaly","goodwill,intangibles",never_acquired,never_acquired,never_acquired,"",,true,,-264630.0,0.7699281107939528,,,,,,,,,false,,,0.0,-529704.0,,-407834.0,,false,false,false,,false,false,true,"",,false,,,-264630.0,0.0,0.0,100470.0,,,true,FAIL,true,FAIL,,NOT_EVALUABLE,,NOT_EVALUABLE,,NOT_EVALUABLE,,,NOT_EVALUABLE,,NOT_EVALUABLE,,0,insufficient,true,,,,,,,,,,false,0,,,,0.7291713438550691,,,-551165.0,,,,,0.0,0.0,126671.0,489216.0,296744.0,27635196.0,,,,,,0,,,,,,0,false,,,20270.0,,,,,2026-08-25,,StockholdersEquity,,,NetIncomeLoss,NetCashProvidedByUsedInOperatingActivities,,,,,,,,,,,,,,,,,,,,,,,,,ineligible:gate0_status,,,
MNDR,1976695,Mobile-health Network Solutions,"",Nasdaq,7372,Services-Prepackaged Software,us-gaap,20-F,USD,630,2025,2025-06-30,false,false,"",fail,"ni_vs_oi,tax_anomaly",goodwill,never_acquired,never_acquired,reported,"",,false,,255840.0,1.28827184537175,-4422402.0,-4836453.0,0.05414739537991293,,,,,,false,,-5.460007721868241,7646739.0,-3383806.0,,-4359262.0,63140.0,false,false,false,,false,false,true,,-0.4425162150820108,false,,414051.0,2616777.0,0.0,2360937.0,1034103.0,,885796.0,false,PASS,false,PASS,true,FAIL,true,FAIL,false,PASS,false,,NOT_EVALUABLE,,NOT_EVALUABLE,,0,insufficient,true,0.03044196370978347,,,,,,,-5.460007721868241,,false,0,,,,0.799524274820474,rising,,,,,,,,,,,,,,,,,,,,,,,,,false,,,,,,,-3383806.0,2026-08-25,PaymentsToAcquirePropertyPlantAndEquipment,StockholdersEquity,,FiniteLivedIntangibleAssetsNet,NetIncomeLoss,NetCashProvidedByUsedInOperatingActivities,,ShareBasedCompensation,,,,,,,,,,,,,,,,,,,,,,,ineligible:gate0_status,,,
JDZG,1976908,JIADE LIMITED,"",Nasdaq,8200,Services-Educational Services,us-gaap,20-F,USD,1231,2025,2025-12-31,false,false,"tax_anomaly,sbc,ni_vs_oi",fail,"","",reported,reported,reported,"",,false,,10003860.0,0.008795291924202833,-637066.0,-1532553.0,0.24375675580771491,,0.017377450580303946,0.8670564967385362,-0.017346314646495855,,false,,-5.559072854888732,3673691.0,-1514674.0,-1746915.0,-13322.0,623744.0,false,false,false,1.6863187206834556,false,false,true,,-0.41230304889551134,false,,895487.0,17235529.0,3795014.0,3436655.0,2826372.0,,275685.0,false,PASS,true,FAIL,true,FAIL,true,FAIL,true,FAIL,true,true,FAIL,true,FAIL,,0,insufficient,true,,,,,,,,-5.559072854888732,,false,0,-0.4755203962445399,,,-0.44631812017276146,,,,,,,,3717362.0,2411665.0,9211739.0,1103084.0,,3066956.0,,,,,,0,,,,,,0,false,-63725.0,,369885.0,,,-0.4755203962445399,-1531525.0,2026-08-25,PaymentsToAcquirePropertyPlantAndEquipment,StockholdersEquity,Goodwill,IntangibleAssetsNetExcludingGoodwill,NetIncomeLoss,NetCashProvidedByUsedInOperatingActivities,OperatingIncomeLoss,ShareBasedCompensation,-26614.0,,,,,,,,,,,,,,,,,,,,,,ineligible:gate0_status,,,
USDW,1977837,MADE IN USA INC.,"",OTC,7374,Services-Computer Processing & Data Preparation,us-gaap,10-Q,USD,228,2026,2026-02-28,false,false,tax_anomaly,unknown,"fcf,sbc,ni_vs_oi",goodwill,never_acquired,never_acquired,reported,"",,true,,628.0,1.1766970618034447,,,,,-0.0,,,,false,,,37036.0,-29610.0,,-34842.0,,false,false,false,,false,false,false,"",-0.799492385786802,false,,,93183.0,0.0,92555.0,0.0,,17962640.0,false,PASS,false,PASS,,NOT_EVALUABLE,,NOT_EVALUABLE,,NOT_EVALUABLE,,,NOT_EVALUABLE,true,FAIL,,0,insufficient,true,,,,,,,,,,false,0,,,,3.805406886594912,falling,45264.0,-1071.0,-55504.0,,,,,90818.0,90196.0,0.0,,17962640.0,1.8892245720040282,,,,,0,,,,,,0,false,,,,,,,-29610.0,2026-08-25,,StockholdersEquity,,IntangibleAssetsNetExcludingGoodwill,NetIncomeLoss,NetCashProvidedByUsedInOperatingActivities,,,0.0,,,,,,-1071.0,0.0,,,,,,,,,,,,,,,ineligible:gate0_status,,,
NPLY,1978111,NAPLOY CORP.,"",OTC,8000,Services-Health Services,us-gaap,10-Q,USD,731,2025,2025-07-31,false,false,"",fail,"fcf,sbc,tax_anomaly",goodwill,never_acquired,never_acquired,reported,"",,true,,-37753.0,1.0217727141064015,,,,,,1.0,,,false,,,7950.0,-20714.0,-20714.0,-21165.0,0.0,true,true,false,,false,false,false,"",-2.6055345911949686,false,,,-11128.0,0.0,26625.0,12717.0,,3798240.0,true,FAIL,false,PASS,,NOT_EVALUABLE,,NOT_EVALUABLE,,NOT_EVALUABLE,,false,PASS,,NOT_EVALUABLE,,0,insufficient,true,,,,,,,,,,false,0,-2.6055345911949686,,,0.9296095726583433,,16707.0,-12196.0,5196.0,0.0,,,,19875.0,-19912.0,15716.0,,3803370.0,,5.253012048192771,1.1037868162692848,2.0223835450695704,,1,,,,,,0,false,,,,,,-2.6055345911949686,,2026-08-25,PaymentsToDevelopSoftware,StockholdersEquity,,IntangibleAssetsNetExcludingGoodwill,NetIncomeLoss,NetCashProvidedByUsedInOperatingActivities,OperatingIncomeLoss,,0.0,,,,,-12196.0,,0.0,,,,,,,,,,,,,,,ineligible:gate0_status,,,
ORKT,1979407,Orangekloud Technology Inc.,"",Nasdaq,7372,Services-Prepackaged Software,us-gaap,20-F,USD,1231,2025,2025-12-31,false,false,"tax_anomaly,ni_vs_oi",fail,sbc,goodwill,never_acquired,never_acquired,reported,"",,true,,5513552.0,1.021409647743365,-3843636.0,,,,-0.02684678911409937,0.5985934502405306,,,false,,,4419348.0,-3477124.0,-5808824.0,-3551568.0,292068.0,false,false,false,,false,false,true,,-0.7867956992750967,false,,,6622354.0,0.0,1108802.0,2322138.0,,5839755.0,false,PASS,false,PASS,true,FAIL,,NOT_EVALUABLE,,NOT_EVALUABLE,,true,FAIL,true,FAIL,,0,insufficient,true,,,,,,,,,,false,0,-1.3144074646305293,,,1.084001512862834,,,,,,,,,,,,,,,,,,,,,,,,,,false,,,,,,-1.3144074646305293,-3386215.0,2026-08-25,PaymentsToAcquirePropertyPlantAndEquipment,StockholdersEquity,,FiniteLivedIntangibleAssetsNet,NetIncomeLoss,NetCashProvidedByUsedInOperatingActivities,OperatingIncomeLoss,,90909.0,,,,,,,,,,,,,,,,,,,,,,ineligible:gate0_status,,,
NTHI,1979414,"NEONC TECHNOLOGIES HOLDINGS, INC.","",Nasdaq,2834,Pharmaceutical Preparations,us-gaap,10-Q,USD,1231,2025,2025-12-31,false,false,sbc,fail,tax_anomaly,goodwill,never_acquired,never_acquired,reported,"",,false,,-18007729.0,0.32767803539427426,-20863948.0,-56419007.0,889.0987496874219,,,1.0670627602519178,,,false,,-2.564500318181818,39990.0,-62146210.0,-58240445.0,-20363948.0,500000.0,false,false,false,,false,false,false,"",-1554.043760940235,false,,35555059.0,-17507729.0,0.0,500000.0,58729.0,,22000000.0,true,FAIL,true,FAIL,true,FAIL,true,FAIL,true,FAIL,true,false,PASS,,NOT_EVALUABLE,,0,insufficient,true,,,,,,,,-2.564500318181818,,false,0,-1456.3752188047013,,,0.3409171682886757,,0.0,-47200000.0,-21156676.0,,23015520.0,,,481481.0,-18529311.0,1973420.0,,23984419.0,,,,,,0,,,,,,0,false,,,,,,-1456.3752188047013,,2026-08-25,PaymentsToAcquireProductiveAssets,StockholdersEquity,,FiniteLivedIntangibleAssetsNet,NetIncomeLoss,NetCashProvidedByUsedInOperatingActivities,OperatingIncomeLoss,ShareBasedCompensation,,,,,,-41757118.0,,,,,,,,,,,,,,,,,ineligible:gate0_status,,,
WXM,1979610,WF International Limited,"",Nasdaq,1700,Construction - Special Trade Contractors,us-gaap,20-F,USD,930,2025,2025-09-30,false,false,tax_anomaly,fail,"fcf,sbc","goodwill,intangibles",never_acquired,never_acquired,never_acquired,"",,true,,4760155.0,0.34561953123788247,,,,,-0.0937580977211786,1.145088191209575,,,false,,,13397793.0,-3288107.0,-2871488.0,-1136434.0,,false,false,false,,false,false,false,"",-0.24542154069703867,false,0.14509347709718856,,4760155.0,0.0,0.0,,762547.0,6194247.0,false,PASS,true,FAIL,,NOT_EVALUABLE,,NOT_EVALUABLE,,NOT_EVALUABLE,,false,PASS,true,FAIL,,0,insufficient,true,0.05784091338609065,,,,,,,,,false,0,-0.21432544897506628,,,0.2223305584482713,rising,21414660.0,206265.0,308802.0,,,,,,,,,5500000.0,,,,,,,,,,,,,false,,,,,,-0.21432544897506628,-3006247.0,2026-08-25,,StockholdersEquity,,,NetIncomeLoss,NetCashProvidedByUsedInOperatingActivities,OperatingIncomeLoss,,281860.0,,,,,465100.0,415441.0,209176.0,,,,,,,,,,,,,,,ineligible:gate0_status,,,
XCH,1979887,XCHG Limited,"",Nasdaq,3690,"Miscellaneous Electrical Machinery, Equipment & Supplies",us-gaap,20-F,USD,1231,2025,2025-12-31,false,false,"sbc,ni_vs_oi",fail,"tangible_book,fcf,tax_anomaly",goodwill,unresolved,never_acquired,unresolved,"",,false,,,0.23157139980453897,,,0.8343385234780397,,,0.9965290498457913,,,false,,,25100392.0,-32502645.0,-32615853.0,-7526683.0,,false,false,false,,false,false,false,"",-1.2949058723863756,false,-0.16924368759875583,20942224.0,17866355.0,0.0,,11385381.0,,2796963888.0,,NOT_EVALUABLE,true,FAIL,,NOT_EVALUABLE,,NOT_EVALUABLE,true,FAIL,true,true,FAIL,,NOT_EVALUABLE,,0,insufficient,true,-0.05159203224473086,,,,,,,,,false,0,-1.2994160808325224,,,0.5081394983045949,falling,34504833.0,-19060425.0,-21700536.0,,,,,,,,,2544609189.0,,,,,,,,,,,,,false,,,275252.0,,,-1.2994160808325224,-32502645.0,2026-08-25,,StockholdersEquity,,,NetIncomeLoss,NetCashProvidedByUsedInOperatingActivities,OperatingIncomeLoss,ShareBasedCompensation,,,,,,-19463419.0,-19071723.0,,,,,,,,,,,,,,,,ineligible:gate0_status,,,
WFF,1980210,WF Holding Ltd,"",Nasdaq,3990,Miscellaneous Manufacturing Industries,us-gaap,20-F,USD,1231,2025,2025-12-31,false,false,tax_anomaly,fail,sbc,"goodwill,intangibles",never_acquired,never_acquired,never_acquired,"",,true,,4750648.0,0.5108878371629733,-2718540.0,,,2112070.0,-0.018266726403182897,3.1424577012095534,,,false,,,7403835.0,-4769726.0,-1517833.0,-2436795.0,281745.0,false,false,false,1.7574682028282174,false,false,true,,-0.6442237029863578,false,0.11431247706652417,,4750648.0,0.0,0.0,2300759.0,188689.0,4927064.0,false,PASS,true,FAIL,true,FAIL,,NOT_EVALUABLE,,NOT_EVALUABLE,,false,PASS,true,FAIL,,0,insufficient,true,0.14224612328959618,,,,,,,,,false,0,-0.20500632442511213,,,2.8655552005757206,falling,,,,,,,,,,,,,,,,,,,,,,,,,false,,,160313.0,,,-0.20500632442511213,-4664930.0,2026-08-25,PaymentsToAcquirePropertyPlantAndEquipment,StockholdersEquity,,,NetIncomeLoss,NetCashProvidedByUsedInOperatingActivities,OperatingIncomeLoss,,85213.0,,,,,,,,,,,,,,,,,,,,,,ineligible:gate0_status,,,
IMAA,1980295,IMA TECH,"",OTC,7372,Services-Prepackaged Software,us-gaap,10-Q,USD,430,2025,2025-04-30,false,false,"",fail,"fcf,sbc,tax_anomaly",goodwill,never_acquired,never_acquired,reported,"",,true,,-257897.0,1.6296054184598063,,,,,,1.0,,,false,,,55374.0,-55071.0,-55071.0,-89744.0,,false,false,false,,false,false,false,"",-0.9945281178892621,false,,,-45641.0,0.0,212256.0,4500.0,,,true,FAIL,false,PASS,,NOT_EVALUABLE,,NOT_EVALUABLE,,NOT_EVALUABLE,,false,PASS,,NOT_EVALUABLE,,0,insufficient,true,,,,,,,,,,false,0,-0.9945281178892621,,,-0.5399485032723422,,83526.0,-63839.0,-36682.0,,,,,169561.0,-82873.0,397.0,,,1.5253703703703703,-0.06382978723404255,5.5726,,,0,,,,,,0,false,,,56928.0,,,-0.9945281178892621,,2026-08-25,,StockholdersEquity,,IntangibleAssetsNetExcludingGoodwill,NetIncomeLoss,NetCashProvidedByUsedInOperatingActivities,OperatingIncomeLoss,,,,,56928.0,,-62327.0,,,,,,,,,,,,,,,,,ineligible:gate0_status,,,
ENGN,1980845,enGene Therapeutics Inc.,"",Nasdaq,2836,"Biological Products, (No Diagnostic Substances)",us-gaap,10-Q,USD,1031,2025,2025-10-31,false,false,"tax_anomaly,ni_vs_oi",fail,sbc,"goodwill,intangibles",never_acquired,never_acquired,never_acquired,"",,false,,167710000.0,0.8460128557057851,-100724000.0,-110370000.0,,,-0.0,0.9523971907603621,,,false,,-2.1590595631852976,,-117302000.0,-123165000.0,-99239000.0,1485000.0,false,false,false,2.97,false,false,false,"",,false,,9646000.0,167710000.0,0.0,0.0,50152000.0,,51119479.0,false,PASS,false,PASS,true,FAIL,true,FAIL,,NOT_EVALUABLE,,true,FAIL,true,FAIL,,0,insufficient,true,,,,,-27.262334141795886,,,-2.1590595631852976,,false,0,,,,0.6564080597846744,rising,,-126850000.0,-109997000.0,1392000.0,12135000.0,-123524000.0,,,255168000.0,29827000.0,,68473598.0,,,,,,0,,,-0.11775341411809963,,,0,false,,,500000.0,,,,-117302000.0,2026-08-25,PaymentsToAcquirePropertyPlantAndEquipment,StockholdersEquity,,,NetIncomeLoss,NetCashProvidedByUsedInOperatingActivities,OperatingIncomeLoss,ShareBasedCompensation,0.0,,,700000.0,,-132581000.0,-127108000.0,-258000.0,,,,,,,,,,,,,,,ineligible:gate0_status,,,
MMA,1981519,MIXED MARTIAL ARTS GROUP LIMITED,"",NYSE,7380,Services-Miscellaneous Business Services,ifrs-full,20-F,USD,630,2025,2025-06-30,false,false,sbc,fail,"ni_vs_oi,tax_anomaly",goodwill,never_acquired,never_acquired,reported,"",,false,,-5813541.0,0.3192986715169374,-8310060.0,-18026076.0,7.051214111694357,,,,,,false,,-1.382239637444657,1377921.0,-26016967.0,,-8307183.0,2877.0,false,true,false,0.0026976014132168405,false,false,true,,-18.881319756357584,false,,9716016.0,-1381647.0,0.0,4431894.0,2084674.0,,13041209.0,true,FAIL,true,FAIL,true,FAIL,true,FAIL,true,FAIL,true,,NOT_EVALUABLE,,NOT_EVALUABLE,,0,insufficient,true,0.13564312246634236,,,,-2.465479298245614,,,-1.382239637444657,,false,0,,,,0.4113599897684621,rising,,,,,,,,,,,,,,,,,,,,,,,,,false,,,1066503.0,,,,26016967.0,2026-08-25,PurchaseOfPropertyPlantAndEquipmentClassifiedAsInvestingActivities,Equity,,IntangibleAssetsOtherThanGoodwill,ProfitLoss,CashFlowsFromUsedInOperatingActivities,,AdjustmentsForSharebasedPayments,,,,,,,,,,,,,,,,,,,,,,,ineligible:gate0_status,,,
CTRI,1981599,"Centuri Holdings, Inc.","",NYSE,4923,Natural Gas Transmisison & Distribution,us-gaap,10-Q,USD,103,2025,2025-12-28,false,false,tax_anomaly,fail,"","",reported,reported,reported,"",,false,,134055000.0,3.488323286447868,-8204000.0,-16283000.0,0.002708546152064131,-610985000.0,-0.5527524508123671,0.241270833108887,0.01536552633264058,0.009960838559719938,true,,-0.18033113682928179,2982781000.0,22395000.0,92821000.0,78121000.0,86325000.0,false,false,false,,false,false,false,"",0.007508093956612973,false,-0.02675288589289188,8079000.0,872969000.0,395671000.0,343243000.0,126630000.0,737615000.0,90295000.0,false,PASS,false,PASS,true,FAIL,true,FAIL,false,PASS,false,false,PASS,true,FAIL,false,2,insufficient,true,,,,,,,,-0.18033113682928179,,false,0,0.03111894570871948,,,-6.981099591196672,rising,3393808000.0,28851000.0,74092000.0,89310000.0,10640000.0,-25858000.0,393321000.0,326256000.0,868946000.0,40458000.0,717742000.0,100862000.0,0.07733809470669196,0.18052976655885053,0.31466820341004326,0.3286145193991592,0.08879677109285945,4,,,-6.191256830601093,,,0,true,45832000.0,,,,29711000.0,0.03111894570871948,14587000.0,2026-08-25,PaymentsToAcquirePropertyPlantAndEquipment,StockholdersEquity,Goodwill,IntangibleAssetsNetExcludingGoodwill,NetIncomeLoss,NetCashProvidedByUsedInOperatingActivities,OperatingIncomeLoss,ShareBasedCompensation,-8063000.0,47194000.0,,,,92782000.0,26423000.0,-2735000.0,,,,,,,,,,,,,,,ineligible:gate0_status,,,
BDMD,1982444,Baird Medical Investment Holdings Limited,"",Nasdaq,3841,Surgical & Medical Instruments & Apparatus,us-gaap,20-F,USD,1231,2025,2025-12-31,false,false,"tax_anomaly,sbc",fail,"","",reported,reported,reported,"",,false,,31298702.0,0.04927163845009926,-1386347.0,-18857428.0,0.7752171361106546,-8544969.0,-0.044214182412905326,1.0642664169151144,,-0.0002383190392197441,false,,-0.6785028185814521,22537016.0,-27278005.0,-25630805.0,-1344032.0,42315.0,false,false,false,,false,false,false,"",-1.2103645398308276,false,0.3770665550932376,17471081.0,31367631.0,60303.0,8626.0,178321.0,8723290.0,27792704.0,false,PASS,true,FAIL,true,FAIL,true,FAIL,true,FAIL,true,false,PASS,true,FAIL,false,0,insufficient,true,-0.13722112093576488,,,,,,,-0.6785028185814521,,false,0,-1.1372758931350984,,,-0.1847948718915369,rising,31860014.0,-3280885.0,-5546753.0,2413449.0,,,58869.0,12631.0,35587963.0,2171492.0,8405830.0,26402382.0,,,,,,0,,,,,,0,false,,,,,-5371.0,-1.1372758931350984,-26374976.0,2026-08-25,PaymentsToAcquirePropertyPlantAndEquipment,StockholdersEquity,Goodwill,IntangibleAssetsNetExcludingGoodwill,NetIncomeLoss,NetCashProvidedByUsedInOperatingActivities,OperatingIncomeLoss,ShareBasedCompensation,1166148.0,,,,,-224535.0,-1569114.0,1567042.0,,,,,,,,,,,,,,,ineligible:gate0_status,,,
BLIV,1982448,BELIVE HOLDINGS,"",Nasdaq,7373,Services-Computer Integrated Systems Design,ifrs-full,20-F,SGD,1231,2024,2024-12-31,false,false,sbc,fail,"fcf,ni_vs_oi,tax_anomaly",goodwill,never_acquired,never_acquired,reported,"",,false,,-760157.0,0.1937515841274245,,,1.9497066518735513,,,,,,false,,,1849509.0,-5507764.0,,-1067138.0,,false,false,false,,false,false,true,,-2.9779600964364055,false,,3606000.0,-135917.0,0.0,624240.0,66184.0,,8005257.0,true,FAIL,true,FAIL,,NOT_EVALUABLE,,NOT_EVALUABLE,true,FAIL,true,,NOT_EVALUABLE,,NOT_EVALUABLE,,0,insufficient,true,,,,,,,,,,false,0,,,,-0.5330685921046885,rising,,,,,,,,,,,,,,,,,,,,,,,,,false,,,55754.0,,,,-5507764.0,2026-08-25,,Equity,,IntangibleAssetsOtherThanGoodwill,ProfitLoss,CashFlowsFromUsedInOperatingActivities,,AdjustmentsForSharebasedPayments,,,,,,,,,,,,,,,,,,,,,,,ineligible:gate0_status,,,
SDHC,1982518,Smith Douglas Homes Corp.,"",NYSE,1531,Operative Builders,us-gaap,10-Q,USD,1231,2025,2025-12-31,false,false,tax_anomaly,fail,ni_vs_oi,intangibles,never_acquired,reported,never_acquired,"",,false,,61002000.0,-2.9303347671591546,-36861000.0,-40530000.0,0.003778127432768073,,0.03514760017489175,,,,false,,-4.399122997438458,971116000.0,10694000.0,,-31337000.0,5524000.0,false,false,false,,false,false,false,"",0.011012072708100782,false,,3669000.0,86728000.0,25726000.0,0.0,12741000.0,,9213200.0,false,PASS,true,FAIL,true,FAIL,true,FAIL,false,PASS,false,,NOT_EVALUABLE,true,FAIL,,0,insufficient,true,,,,,,,,-4.399122997438458,,false,0,,,,-0.3735745771794627,falling,1001940000.0,6457000.0,37360000.0,3507000.0,4832000.0,29021000.0,25726000.0,,79463000.0,14200000.0,,8698043.0,0.013538040944539748,-0.05684668958194612,-0.08133605076494513,0.21927975563137492,0.05927357828775065,1,,,0.9943795214245965,,,0,false,,,,,,,70901000.0,2026-08-25,PaymentsToAcquirePropertyPlantAndEquipment,StockholdersEquity,Goodwill,,NetIncomeLoss,NetCashProvidedByUsedInOperatingActivities,,ShareBasedCompensation,2492000.0,,,,,,40338000.0,1244000.0,,,,,,,,,,,,,,,ineligible:gate0_status,,,
NNNN,1982708,Anbio Biotechnology,"",Nasdaq,2835,In Vitro & In Vivo Diagnostic Substances,us-gaap,20-F,USD,1231,2025,2025-12-31,false,false,"tax_anomaly,ni_vs_oi",fail,"fcf,sbc","goodwill,intangibles",never_acquired,never_acquired,never_acquired,"",,true,,30155023.0,-1.052411015726959,,,,,0.0,1.1102204676355036,,,false,,,8646844.0,6403463.0,5767740.0,-6739075.0,,false,false,false,,false,false,true,,0.7405549354192119,false,0.29215314683126764,,30155023.0,0.0,0.0,7766738.0,,43672022.0,false,PASS,true,FAIL,,NOT_EVALUABLE,,NOT_EVALUABLE,,NOT_EVALUABLE,,true,FAIL,true,FAIL,,0,insufficient,true,-0.28387563633442603,,,,,,,,,false,0,0.6670341225075878,,,0.07431839041657029,falling,,,,,,,,,,,,,,,,,,,,,,,,,false,,,,,,0.6670341225075878,6403463.0,2026-08-25,,StockholdersEquity,,,NetIncomeLoss,NetCashProvidedByUsedInOperatingActivities,OperatingIncomeLoss,,0.0,,,,,,,,,,,,,,,,,,,,,,ineligible:gate0_status,,,
KNRX,1982960,KNOREX LTD.,"",NYSE,7370,"Services-Computer Programming, Data Processing, Etc.",us-gaap,20-F,USD,1231,2025,2025-12-31,false,false,tax_anomaly,fail,sbc,"goodwill,intangibles",never_acquired,never_acquired,never_acquired,"",,true,,-6484184.0,0.9022331461768901,-11132149.0,,,,-0.009056109316580836,1.2295992204846413,,,false,,,6038542.0,-11546490.0,-9390450.0,-10417626.0,714523.0,false,false,false,,false,false,false,"",-1.9121321007620713,false,-0.9120402034606276,,-6484184.0,0.0,0.0,,,28183490.0,true,FAIL,false,PASS,true,FAIL,,NOT_EVALUABLE,,NOT_EVALUABLE,,false,PASS,true,FAIL,,0,insufficient,true,,,,,,,,,,false,0,-1.555085648158115,,,0.8344094925328868,rising,8149328.0,-7566320.0,-4669253.0,827483.0,,,,,-8765939.0,,,27414988.0,,,,,,0,,,,,,0,false,,,,,,-1.555085648158115,-11441558.0,2026-08-25,PaymentsToAcquireMachineryAndEquipment+PaymentsToAcquireSoftware,StockholdersEquity,,,NetIncomeLoss,NetCashProvidedByUsedInOperatingActivities,OperatingIncomeLoss,,103616.0,,,,,-6327199.0,-7448952.0,116738.0,,,,,,,,,,,,,,,ineligible:gate0_status,,,
EGG,1982961,ENIGMATIG LIMITED,"",NYSE,8742,Services-Management Consulting Services,us-gaap,20-F,USD,930,2025,2025-09-30,false,false,ni_vs_oi,fail,sbc,"goodwill,intangibles",never_acquired,never_acquired,never_acquired,"",,true,,15992835.0,-3.064887262513334,-1961415.0,,,,0.34554968924125756,1.0402716000275094,,,false,,,4451706.0,559663.0,537997.0,-1715304.0,246111.0,false,false,false,,false,false,true,,0.12571876938863438,false,0.3211309036714951,,15992835.0,0.0,0.0,13206006.0,,25872743.0,false,PASS,true,FAIL,true,FAIL,,NOT_EVALUABLE,,NOT_EVALUABLE,,true,FAIL,false,PASS,,0,insufficient,true,,,,,,,,,,false,0,0.12085187117028842,,,-1.2835840359570805,falling,,,,,,,,,,,,,,,,,,,,,,,,,false,,,,,,0.12085187117028842,855165.0,2026-08-25,PaymentsToAcquirePropertyPlantAndEquipment,StockholdersEquity,,,NetIncomeLoss,NetCashProvidedByUsedInOperatingActivities,OperatingIncomeLoss,,295502.0,,,,,,,,,,,,,,,,,,,,,,ineligible:gate0_status,,,
RMSG,1983324,REAL MESSENGER CORPORATION,"",Nasdaq,7370,"Services-Computer Programming, Data Processing, Etc.",us-gaap,20-F,USD,331,2026,2026-03-31,false,false,"sbc,ni_vs_oi",fail,tax_anomaly,"goodwill,intangibles",never_acquired,never_acquired,never_acquired,"",,false,,486818.0,0.8722232552956962,-3577353.0,-4094853.0,17.559039087947884,,,0.9902075976711741,,,false,,-0.45968058068890577,29472.0,-4092427.0,-4132898.0,-3569510.0,7843.0,false,false,false,0.2631790879500688,false,false,false,"",-138.8581365363735,false,,517500.0,486818.0,0.0,0.0,321965.0,,8908040.0,false,PASS,false,PASS,true,FAIL,true,FAIL,true,FAIL,true,true,FAIL,,NOT_EVALUABLE,,0,insufficient,true,,,,,,,,-0.45968058068890577,,false,0,-140.23133821932683,,,1.0104577210598829,falling,,-4124415.0,-3715734.0,,,,,,1110873.0,846174.0,,8949990.0,,,,,,0,,,,,,0,false,,,29801.0,,,-140.23133821932683,-4092427.0,2026-08-25,PaymentsToAcquirePropertyPlantAndEquipment,StockholdersEquity,,,NetIncomeLoss,NetCashProvidedByUsedInOperatingActivities,OperatingIncomeLoss,ShareBasedCompensation,,,,22579.0,,-4195055.0,-4124415.0,,,,,,,,,,,,,,,,ineligible:gate0_status,,,
TDTH,1983550,Trident Digital Tech Holdings Ltd,"",Nasdaq,7389,"Services-Business Services, NEC",us-gaap,20-F,USD,1231,2025,2025-12-31,false,false,"tax_anomaly,sbc",fail,ni_vs_oi,"goodwill,intangibles",never_acquired,never_acquired,never_acquired,"",,false,,-6760804.0,0.42690324007060965,-9808735.0,-16831481.0,43.63986950442753,115621.0,0.003892301254567216,,,,false,,-0.02349979070481822,160925.0,-22759504.0,,-9716106.0,92629.0,false,false,false,,false,false,false,"",-141.42926207860805,false,,7022746.0,-6760804.0,0.0,0.0,150334.0,34713.0,716239613.0,true,FAIL,true,FAIL,true,FAIL,true,FAIL,true,FAIL,true,,NOT_EVALUABLE,true,FAIL,,0,insufficient,true,-0.4967872541343291,,,,,,,-0.02349979070481822,,false,0,,,,0.8776344489391712,falling,123208.0,-17467363.0,-10877354.0,9819.0,,,,,-5356592.0,184618.0,135278.0,621289700.0,,,,,,0,,,,,,0,false,,,,,,,-22848437.0,2026-08-25,PaymentsToAcquirePropertyPlantAndEquipment,StockholdersEquity,,,NetIncomeLoss,NetCashProvidedByUsedInOperatingActivities,,ShareBasedCompensation,-88933.0,,,,,,-17415933.0,,,,,,,,,,,,,,,,ineligible:gate0_status,,,
SEPN,1984086,"Septerna, Inc.","",Nasdaq,2834,Pharmaceutical Preparations,us-gaap,10-Q,USD,1231,2025,2025-12-31,false,false,"tax_anomaly,sbc,ni_vs_oi",fail,"","goodwill,intangibles",never_acquired,never_acquired,never_acquired,"",,false,,381926000.0,-2.2543218969291514,109671000.0,101195000.0,0.18445735674958108,,-0.00024556449137454726,0.7156829728977847,,,false,,2.2864618187876826,45951000.0,-48879000.0,-68297000.0,110189000.0,518000.0,false,false,false,0.32375,false,false,false,"",-1.0637200496180714,false,13.741721854304636,8476000.0,381926000.0,0.0,0.0,120722000.0,,44258338.0,false,PASS,true,FAIL,false,PASS,false,PASS,true,FAIL,true,true,FAIL,true,FAIL,,0,insufficient,true,,,,,,,,2.2864618187876826,,false,1,-1.4863006245783552,,,-3.526159241887457,rising,98882000.0,-24236000.0,106007000.0,910000.0,16277000.0,88820000.0,,,386721000.0,84662000.0,,44896601.0,,121.13068181818181,120.10958904109589,223.7563025210084,,1,,,-0.1154899894625922,,,0,false,,,1600000.0,,,-1.4863006245783552,-48867000.0,2026-08-25,PaymentsToAcquirePropertyPlantAndEquipment,StockholdersEquity,,,NetIncomeLoss,NetCashProvidedByUsedInOperatingActivities,OperatingIncomeLoss,ShareBasedCompensation,12000.0,,,1600000.0,,-43545000.0,-22914000.0,1322000.0,,,,,,,,,,,,,,,ineligible:gate0_status,,,
LUD,1984124,Luda Technology Group Limited,"",NYSE,3317,Steel Pipe & Tubes,us-gaap,20-F,USD,1231,2025,2025-12-31,false,false,ni_vs_oi,fail,sbc,goodwill,never_acquired,never_acquired,reported,"",,true,,21496565.0,-3.068590177594917,-2166901.0,,,,0.43824100304270275,-0.5257681924921418,,,false,,,33535351.0,556829.0,-1059077.0,-1708680.0,458221.0,false,false,false,,false,false,true,,0.016604239508332567,false,0.07526903506790282,,22207721.0,0.0,711156.0,4516669.0,,22242767.0,false,PASS,true,FAIL,true,FAIL,,NOT_EVALUABLE,,NOT_EVALUABLE,,true,FAIL,false,PASS,,0,insufficient,true,-0.12378784918692576,,,,,,,,,false,0,-0.03158091292976179,,,-5.69562810687977,falling,,,,,,,,,,,,,,,,,,,,,,,,,false,,,,,,-0.03158091292976179,991224.0,2026-08-25,PaymentsToAcquirePropertyPlantAndEquipment,StockholdersEquity,,IntangibleAssetsNetExcludingGoodwill,NetIncomeLoss,NetCashProvidedByUsedInOperatingActivities,OperatingIncomeLoss,,434395.0,,,,,,,,,,,,,,,,,,,,,,ineligible:gate0_status,,,
PBM,1985062,Psyence Biomedical Ltd.,"",Nasdaq,2834,Pharmaceutical Preparations,ifrs-full,6-K,USD,331,2025,2025-03-31,false,false,"",fail,"sbc,ni_vs_oi,tax_anomaly","goodwill,intangibles",never_acquired,never_acquired,never_acquired,"",,true,,6722004.0,-3.690724359797982,-3744115.0,,,,,,,,false,,,,1011790.0,,-3734238.0,9877.0,false,false,false,2.3141986879100283,false,false,false,"",,false,,,6722004.0,0.0,0.0,6135166.0,,193043.0,false,PASS,true,FAIL,true,FAIL,,NOT_EVALUABLE,,NOT_EVALUABLE,,,NOT_EVALUABLE,,NOT_EVALUABLE,,0,insufficient,true,,,,,,,,,,false,0,,,,-1.0455400596371256,falling,,-3941597.0,-4247508.0,3677.0,,,,,11867077.0,7149985.0,,1059410.0,,,,,,0,,,,,,0,false,,,4268.0,,,,-3658754.0,2026-08-25,PurchaseOfPropertyPlantAndEquipmentClassifiedAsInvestingActivities,Equity,,,ProfitLoss,CashFlowsFromUsedInOperatingActivities,,,,,,5113.0,,,-4145455.0,,,,,,,,,,,,,,,,ineligible:gate0_status,,,
LSE,1985139,"Leishen Energy Holding Co., Ltd.","",Nasdaq,3533,Oil & Gas Field Machinery & Equipment,us-gaap,20-F,USD,930,2025,2025-09-30,false,false,"tax_anomaly,ni_vs_oi",fail,sbc,goodwill,never_acquired,never_acquired,reported,"",,true,,45310964.0,-2.8077993474103287,-3693045.0,,,,-0.6613909041175637,-0.7529546151662142,,,false,,,48335553.0,1254387.0,-1665953.0,-3522067.0,170978.0,false,false,false,,false,false,true,,0.025951642675940835,false,0.16269555733663063,,45432735.0,0.0,121771.0,10160587.0,,16678767.0,false,PASS,true,FAIL,true,FAIL,,NOT_EVALUABLE,,NOT_EVALUABLE,,true,FAIL,true,FAIL,,0,insufficient,true,0.01142134733463962,,,,,,,,,false,0,-0.03446641026326936,,,-0.1921569426483165,falling,,,,,,,,,,,,,,,,,,,,,,,,,false,,,,,,-0.03446641026326936,769557.0,2026-08-25,PaymentsToAcquirePropertyPlantAndEquipment,StockholdersEquity,,FiniteLivedIntangibleAssetsNet,NetIncomeLoss,NetCashProvidedByUsedInOperatingActivities,OperatingIncomeLoss,,-508978.0,,,,,,,,,,,,,,,,,,,,,,ineligible:gate0_status,,,
YYGH,1985337,YY Group Holding Ltd.,"",Nasdaq,7363,Services-Help Supply Services,ifrs-full,20-F,USD,1231,2024,2024-12-31,false,false,tax_anomaly,fail,"","goodwill,intangibles",never_acquired,never_acquired,never_acquired,"",,false,,6151241.0,0.3100176736578279,-1603125.0,-6762115.0,0.12551252160740323,-3769176.0,-0.06039376752184047,1.1709749878479117,,,false,,-0.20008471943595887,41103389.0,-4844498.0,-4137149.0,-1501880.0,101245.0,false,false,false,0.7538270244512613,false,false,true,,-0.1178612790298143,false,0.06157364037280206,5158990.0,6151241.0,0.0,0.0,836907.0,4606083.0,33796259.0,false,PASS,true,FAIL,true,FAIL,true,FAIL,false,PASS,true,false,PASS,true,FAIL,,0,insufficient,true,0.3302646638638125,,,,,,,-0.20008471943595887,,false,0,-0.10065226008492877,,,0.532772912966243,falling,,,,,,,,,,,,,,,,,,,,,,,,,false,,,134308.0,,,-0.10065226008492877,-4568584.0,2026-08-25,PurchaseOfPropertyPlantAndEquipmentClassifiedAsInvestingActivities,EquityAttributableToOwnersOfParent,,,ProfitLoss,CashFlowsFromUsedInOperatingActivities,ProfitLossFromOperatingActivities,AdjustmentsForSharebasedPayments,275914.0,,,,,,,,,,,,,,,,,,,,,,ineligible:gate0_status,,,
LDXC,1985554,Londax Corp.,"",OTC,7371,Services-Computer Programming Services,us-gaap,10-Q,USD,531,2025,2025-05-31,false,false,"",fail,"sbc,tax_anomaly",goodwill,never_acquired,never_acquired,reported,"",,true,,26327.0,-78.84891485809683,57633.0,,,,,1.0,,,false,,,66410.0,-1198.0,-1198.0,94461.0,36828.0,false,false,false,3.262868787100204,false,true,false,"",-0.018039451889775637,false,,,37655.0,0.0,11328.0,10606.0,,5231135.0,false,PASS,true,FAIL,false,PASS,,NOT_EVALUABLE,,NOT_EVALUABLE,,false,PASS,,NOT_EVALUABLE,,0,insufficient,true,,,,,,,,,,false,0,-0.018039451889775637,,,-25.13593458101441,,19918.0,-58339.0,-23919.0,8000.0,,,,7653.0,4566.0,13951.0,,2231135.0,,,-0.6947743036641609,-0.3615647550322826,,1,,,,,,0,false,,,11287.0,,,-0.018039451889775637,,2026-08-25,PaymentsToDevelopSoftware,StockholdersEquity,,FiniteLivedIntangibleAssetsNet,NetIncomeLoss,NetCashProvidedByUsedInOperatingActivities,OperatingIncomeLoss,,0.0,,,23417.0,,-70288.0,,0.0,,,,,,,,,,,,,,,ineligible:gate0_status,,,
BYAH,1986247,"Park Ha Biological Technology Co., Ltd.","",Nasdaq,2840,"Soap, Detergents, Cleang Preparations, Perfumes, Cosmetics",us-gaap,20-F,USD,1031,2025,2025-10-31,false,false,"tax_anomaly,sbc",fail,"",goodwill,never_acquired,never_acquired,reported,"",,false,,3988216.0,-0.0035236146247819545,-2973.0,-24073173.0,9.53334524166453,,-0.011652746767816635,1.0089383777754524,,,false,,-40.88056196146492,2524843.0,-24364753.0,-24148901.0,85852.0,88825.0,false,false,false,,false,false,false,"",-9.65000714895936,false,0.48007524698040177,24070200.0,3994855.0,0.0,6639.0,3787678.0,,588866.0,false,PASS,true,FAIL,true,FAIL,true,FAIL,true,FAIL,true,false,PASS,true,FAIL,,0,insufficient,true,0.09569696530284166,,,,,,,-40.88056196146492,,false,0,-9.564515892671347,,,0.7173275478081945,falling,2768120.0,-19406333.0,1174617.0,85711.0,,,,6980.0,4250440.0,1351285.0,,26887202.0,,,,,,0,,,,,,0,false,,,,,,-9.564515892671347,-24084107.0,2026-08-25,PaymentsToAcquireProductiveAssets,StockholdersEquity,,IntangibleAssetsNetExcludingGoodwill,NetIncomeLoss,NetCashProvidedByUsedInOperatingActivities,OperatingIncomeLoss,ShareBasedCompensation,280646.0,,,,,-19014251.0,-18956913.0,449420.0,,,,,,,,,,,,,,,ineligible:gate0_status,,,
SLGB,1987189,Smart Logistics Global Limited,"",Nasdaq,4731,Arrangement of  Transportation of  Freight & Cargo,us-gaap,20-F,USD,1231,2025,2025-12-31,false,false,tax_anomaly,fail,"",goodwill,never_acquired,never_acquired,reported,"",,false,,18318115.0,2.2351481798214583,-5855426.0,-9719904.0,0.04300921587737675,,-0.1787664449455518,1.2822337858532549,,,false,,-0.24078763304484196,89852324.0,-2600624.0,-2028198.0,-5812780.0,42646.0,false,true,false,0.19450589045531874,false,false,true,,-0.02894331369770692,false,,3864478.0,19473250.0,0.0,1155135.0,449766.0,,40367123.0,false,PASS,false,PASS,true,FAIL,true,FAIL,false,PASS,false,false,PASS,true,FAIL,,0,insufficient,true,,,,,,,,-0.24078763304484196,,false,0,-0.022572571411731097,,,2.2351481798214583,,,,,,,,,,,,,,,,,,,,,,,,,,false,,,219253.0,,,-0.022572571411731097,-2206225.0,2026-08-25,PaymentsToAcquirePropertyPlantAndEquipment,StockholdersEquity,,FiniteLivedIntangibleAssetsNet,NetIncomeLoss,NetCashProvidedByUsedInOperatingActivities,OperatingIncomeLoss,ShareBasedCompensation,394399.0,,,,,,,,,,,,,,,,,,,,,,ineligible:gate0_status,,,
SHMD,1987240,SCHMID Group N.V.,"",Nasdaq,3590,Misc Industrial & Commercial Machinery & Equipment,ifrs-full,20-F,EUR,1231,2024,2024-12-31,false,false,"tax_anomaly,sbc",fail,"",goodwill,never_acquired,never_acquired,reported,"",,false,,-76053000.0,0.03065252544468753,-7689000.0,-79320000.0,1.1774442764152804,,0.017430721061731855,1.0285183192290759,,,false,,-2.27047915955174,60836000.0,-84104000.0,-81772000.0,-2578000.0,5111000.0,false,false,false,0.645083932853717,false,false,true,,-1.3824709053849695,false,0.1436386206316144,71631000.0,-61112000.0,0.0,14941000.0,3791000.0,,34935357.0,true,FAIL,true,FAIL,true,FAIL,true,FAIL,true,FAIL,true,false,PASS,true,FAIL,,0,insufficient,true,0.1550235405119167,,,,,,,-2.27047915955174,,false,0,-1.344138339141298,,,0.12312942130870051,falling,,,,,,,,,,,,,,,,,,,,,,,,,false,,,7923000.0,,,-1.344138339141298,-85596000.0,2026-08-25,PurchaseOfPropertyPlantAndEquipmentIntangibleAssetsOtherThanGoodwillInvestmentPropertyAndOtherNoncurrentAssets,EquityAttributableToOwnersOfParent,,IntangibleAssetsOtherThanGoodwill,ProfitLoss,CashFlowsFromUsedInOperatingActivities,ProfitLossFromOperatingActivities,AdjustmentsForSharebasedPayments,-1492000.0,,,,,,,,,,,,,,,,,,,,,,ineligible:gate0_status,,,
MRNO,1988776,Murano Global Investments Plc,"",Nasdaq,7011,Hotels & Motels,ifrs-full,20-F,MXN,1231,2024,2024-12-31,false,false,tax_anomaly,fail,"sbc,ni_vs_oi","goodwill,intangibles",never_acquired,never_acquired,never_acquired,"",,true,,5206582550.0,0.026572106688636892,-1426640909.0,,,-10203785569.0,-0.020792465990950963,,,,false,,,729953807.0,-3567965578.0,,-94808362.0,1331832547.0,false,false,false,,false,false,true,,-4.887933378502128,false,,,5206582550.0,0.0,0.0,970414857.0,11174200426.0,77062978.0,false,PASS,true,FAIL,true,FAIL,,NOT_EVALUABLE,,NOT_EVALUABLE,,,NOT_EVALUABLE,true,FAIL,,0,insufficient,true,6.815498177683346,,,,,,,,,false,0,,,,0.5859205372775101,rising,,,,,,,,,,,,,,,,,,,,,,,,,false,,,,,,,-3495289882.0,2026-08-25,PurchaseOfPropertyPlantAndEquipmentIntangibleAssetsOtherThanGoodwillInvestmentPropertyAndOtherNoncurrentAssets,Equity,,,ProfitLoss,CashFlowsFromUsedInOperatingActivities,,,72675696.0,,,,,,,,,,,,,,,,,,,,,,ineligible:gate0_status,,,
GAFC,1989788,GURU APP FACTORY CORP.,"",OTC,7371,Services-Computer Programming Services,us-gaap,10-Q,USD,731,2025,2025-07-31,false,false,tax_anomaly,fail_stale,"fcf,sbc,ni_vs_oi",goodwill,carried_forward,never_acquired,carried_forward,intangibles,365,true,,-6450.0,0.5274204623483635,,,,,-0.0,,,,false,,,94500.0,-43690.0,,-23043.0,0.0,true,true,false,,false,false,false,dep_amort,-0.4623280423280423,false,,,-1303.0,0.0,5147.0,0.0,,7106000.0,true,FAIL,true,FAIL,,NOT_EVALUABLE,,NOT_EVALUABLE,,NOT_EVALUABLE,,,NOT_EVALUABLE,true,FAIL,,0,insufficient,true,,,,,,,,,,false,0,,,,1.082990224209181,,39000.0,-47697.0,-24370.0,-10000.0,,,,10000.0,-36525.0,3500.0,,7106000.0,-1.0,1.8888888888888888,-1.0,,,0,,,,,,0,false,,,,,,,-43690.0,2026-08-25,PaymentsToAcquireSoftware,StockholdersEquity,,,NetIncomeLoss,NetCashProvidedByUsedInOperatingActivities,,,0.0,,,,,,-47697.0,0.0,,,,,,,,,,,,,,,ineligible:gate0_status,,,
FGL,1989930,Founder Group Limited,"",Nasdaq,1700,Construction - Special Trade Contractors,ifrs-full,20-F,MYR,1231,2024,2024-12-31,false,false,"",fail,"sbc,ni_vs_oi","goodwill,intangibles",never_acquired,never_acquired,never_acquired,"",,true,,17121478.0,5.325122467761236,-7390297.0,,,-30476749.0,0.08856712094914936,,,,false,,,90344588.0,-1150711.0,,-6127677.0,1262620.0,false,false,false,3.0323888389876505,false,false,false,"",-0.012736911258037947,true,,,17121478.0,0.0,0.0,4563108.0,35039857.0,17665289.0,false,PASS,false,PASS,true,FAIL,,NOT_EVALUABLE,,NOT_EVALUABLE,,,NOT_EVALUABLE,false,PASS,,0,insufficient,true,,,,,,,,,,false,0,,,,0.7599492191630564,rising,115370997.0,103048.0,-25714686.0,-2202922.0,,,,,17308792.0,,55316394.0,18450460.0,,,,,,0,,,,,,0,false,,,416378.0,,,,-5650449.0,2026-08-25,PurchaseOfPropertyPlantAndEquipmentClassifiedAsInvestingActivities,EquityAttributableToOwnersOfParent,,,ProfitLoss,CashFlowsFromUsedInOperatingActivities,,,-500444.0,,,1413324.0,,,-5549419.0,-181638.0,,,,,,,,,,,,,,,ineligible:gate0_status,,,
WCT,1990251,Wellchange Holdings Company Limited,"",Nasdaq,7372,Services-Prepackaged Software,us-gaap,20-F,USD,1231,2025,2025-12-31,false,false,"tax_anomaly,sbc",unknown,fcf,goodwill,never_acquired,never_acquired,reported,"",,false,,3729065.0,0.862759693860481,,,0.8050930060738055,,-0.15194156796589042,1.157945030064994,,,false,,,1348084.0,-7322805.0,-6323966.0,-6317821.0,,false,false,false,,false,false,true,,-5.432009429679456,false,0.4752768579856586,1085333.0,11151170.0,0.0,7422105.0,2805408.0,,1546889.0,false,PASS,false,PASS,,NOT_EVALUABLE,,NOT_EVALUABLE,true,FAIL,true,false,PASS,true,FAIL,,0,insufficient,true,-0.06909928117352915,,,,0.0475969,,,,,false,0,-4.691077113889046,,,0.81518640977436,rising,,,,,,,,,,,,,,,,,,,,,,,,,false,,,,,,-4.691077113889046,-6356924.0,2026-08-25,,StockholdersEquity,,IntangibleAssetsNetExcludingGoodwill,NetIncomeLoss,NetCashProvidedByUsedInOperatingActivities,OperatingIncomeLoss,ShareBasedCompensation,965881.0,,,,,,,,,,,,,,,,,,,,,,ineligible:gate0_status,,,
WAY,1990354,Waystar Holding Corp.,"",Nasdaq,7373,Services-Computer Integrated Systems Design,us-gaap,10-Q,USD,1231,2025,2025-12-31,false,false,"",fail,"","",reported,reported,reported,"",,false,,-1430831000.0,2.7627421067187683,283192000.0,241123000.0,0.03826966427054849,-1411548000.0,0.34742057369747853,0.4496059044142717,0.5726804320654102,1.1376639940033368,true,0.0,1.3048961652565056,1099278000.0,112089000.0,249305000.0,309673000.0,26481000.0,false,true,false,0.18841249964424966,false,false,false,"",0.10196601769525088,false,0.17962225509159177,42069000.0,3878826000.0,4016818000.0,1292839000.0,61355000.0,1472903000.0,184783285.0,true,FAIL,false,PASS,false,PASS,false,PASS,false,PASS,false,false,PASS,false,PASS,true,3,3y,true,0.15966357179453694,,0.2717508746329109,,0.6344097076864286,,,1.3048961652565056,,false,4,0.22678976564617867,,,-2.372156858931206,rising,1205737000.0,134786000.0,292988000.0,46728000.0,49044000.0,197216000.0,4014781000.0,1223891000.0,3986242000.0,12645000.0,1466741000.0,194902172.0,0.15396323915017715,0.11885703338442061,0.2239904849182054,0.18111685029594982,0.01865942849711028,0,,,0.18297264675382077,,,0,true,629535000.0,0.0,140548000.0,,1250609000.0,0.22678976564617867,171763000.0,2026-08-25,PaymentsToAcquireProductiveAssets,StockholdersEquity,Goodwill,IntangibleAssetsNetExcludingGoodwill,NetIncomeLoss,NetCashProvidedByUsedInOperatingActivities,OperatingIncomeLoss,ShareBasedCompensation,59674000.0,,12741000.0,156660000.0,,275757000.0,195077000.0,60291000.0,,,,,,,,,,,,,,,ineligible:gate0_status,,,
SELXF,1990950,Semilux International Ltd.,"",OTC,3674,Semiconductors & Related Devices,us-gaap,20-F,USD,1231,2024,2024-12-31,false,false,"tax_anomaly,ni_vs_oi",fail,sbc,"goodwill,intangibles",never_acquired,never_acquired,never_acquired,"",,true,,570000.0,-0.017949415284199074,-578000.0,,,2653000.0,0.005153532316942238,0.6819362017804155,,,false,,,3667000.0,-3677000.0,-5392000.0,66000.0,644000.0,false,false,false,,false,true,false,"",-1.002727024815926,false,,,570000.0,0.0,0.0,3591000.0,938000.0,37595020.0,false,PASS,true,FAIL,true,FAIL,,NOT_EVALUABLE,,NOT_EVALUABLE,,true,FAIL,true,FAIL,,0,insufficient,true,,,,,,,,,,false,0,-1.4704117807472048,,,0.3719193523701479,,2037000.0,-14846000.0,-31782000.0,5970000.0,,,,,252587000.0,150108000.0,47893000.0,28151000.0,,,,,,0,,,,,,0,false,,,,,,-1.4704117807472048,-4657000.0,2026-08-25,PaymentsToAcquirePropertyPlantAndEquipment,StockholdersEquity,,,NetIncomeLoss,NetCashProvidedByUsedInOperatingActivities,OperatingIncomeLoss,,-24000.0,,,,,-25316000.0,-15048000.0,223000.0,,,,,,,,,,,,,,,ineligible:gate0_status,,,
SKK,1991261,SKK Holdings Ltd,"",Nasdaq,1623,"Water, Sewer, Pipeline, Comm & Power Line Construction",us-gaap,20-F,USD,1231,2025,2025-12-31,false,false,"tax_anomaly,sbc",fail_stale,"",goodwill,carried_forward,never_acquired,carried_forward,intangibles,365,false,,7239000.0,0.17534246575342466,-5648000.0,-8047000.0,0.18526527144953278,,-0.036931818181818184,1.1523283346487767,,,false,,-0.42917333333333335,12949000.0,-2920000.0,-2534000.0,-512000.0,5136000.0,false,false,false,,false,false,false,"",-0.22550003861302031,false,0.03363344716961606,2399000.0,7240000.0,0.0,1000.0,732000.0,,18750000.0,false,PASS,true,FAIL,true,FAIL,true,FAIL,true,FAIL,true,false,PASS,true,FAIL,,0,insufficient,true,0.10409219231773648,,,,,,,-0.42917333333333335,,false,0,-0.19569078693335393,,,3.290805977487466,falling,13277000.0,715000.0,2806000.0,10889000.0,,,,0.0,7203000.0,1861000.0,,15625000.0,,,,,,0,,,,,,0,false,,,,,,-0.19569078693335393,-2816000.0,2026-08-25,PaymentsToAcquirePropertyPlantAndEquipment,StockholdersEquity,,,NetIncomeLoss,NetCashProvidedByUsedInOperatingActivities,OperatingIncomeLoss,ShareBasedCompensation,104000.0,,,,,1007000.0,871000.0,,,,,,,,,,,,,,,,ineligible:gate0_status,,,
MKDW,1991332,MKDWELL Tech Inc.,"",Nasdaq,3600,Electronic & Other Electrical Equipment (No Computer Equip),us-gaap,20-F,USD,1231,2025,2025-12-31,false,false,"",fail,tax_anomaly,goodwill,never_acquired,never_acquired,reported,"",,false,,5293373.0,0.37812609174237405,-1719994.0,-1801514.0,0.026898253857220163,-2914254.0,,1.1810878228926112,,,false,,-0.46557618708083287,3030680.0,-3151499.0,-2668302.0,-1191664.0,528330.0,false,false,false,,false,false,true,,-1.039865310755342,false,-0.5012248271593436,81520.0,5781066.0,0.0,487693.0,24084.0,2938338.0,3869429.0,false,PASS,true,FAIL,true,FAIL,true,FAIL,false,PASS,false,false,PASS,,NOT_EVALUABLE,,0,insufficient,true,-0.013153227148641089,,,,,,,-0.46557618708083287,,false,0,-0.8804301344912693,,,0.6679936987055104,falling,,,,,,,,,,,,,,,,,,,,,,,,,false,,,,,,-0.8804301344912693,-3151499.0,2026-08-25,PaymentsToAcquirePropertyPlantAndEquipment,StockholdersEquity,,IntangibleAssetsNetExcludingGoodwill,ProfitLoss,NetCashProvidedByUsedInOperatingActivities,OperatingIncomeLoss,ShareBasedCompensation,,,,,,,,,,,,,,,,,,,,,,,ineligible:gate0_status,,,
INLF,1991592,INLIF LIMITED,"",Nasdaq,3569,"General Industrial Machinery & Equipment, NEC",us-gaap,20-F,USD,1231,2025,2025-12-31,false,false,"tax_anomaly,sbc,ni_vs_oi",fail,"",goodwill,never_acquired,never_acquired,reported,"",,false,,16094554.0,0.3471400148212018,-2083143.0,-7225143.0,0.27935253882943245,,0.00007288885331145811,0.9361948927998152,,,false,,,18406849.0,-5446252.0,-5817434.0,-1890612.0,192531.0,false,false,false,,false,false,false,"",-0.29588182094610543,false,0.10984711367722123,5142000.0,16134869.0,0.0,40315.0,6717787.0,,,false,PASS,true,FAIL,true,FAIL,true,FAIL,true,FAIL,true,true,FAIL,true,FAIL,,0,insufficient,true,0.4038984685826643,,,,,,,,,false,0,-0.3160472495862817,,,0.5420631239984113,rising,19332282.0,-759012.0,-1070106.0,638812.0,,,,41979.0,15851497.0,1715784.0,,,,,,,,0,,,,,,0,false,,,,,,-0.3160472495862817,-5446649.0,2026-08-25,PaymentsToAcquirePropertyPlantAndEquipment,StockholdersEquity,,FiniteLivedIntangibleAssetsNet,NetIncomeLoss,NetCashProvidedByUsedInOperatingActivities,OperatingIncomeLoss,ShareBasedCompensation,-397.0,,,,,-935325.0,-763700.0,-4688.0,,,,,,,,,,,,,,,ineligible:gate0_status,,,
CGON,1991792,"CG Oncology, Inc.","",Nasdaq,2836,"Biological Products, (No Diagnostic Substances)",us-gaap,10-Q,USD,1231,2025,2025-12-31,false,false,"sbc,ni_vs_oi",fail,tax_anomaly,"",reported,reported,reported,"",,false,,741727000.0,0.8220503742352246,-132480000.0,-159156000.0,6.602970297029703,29490000.0,,0.843904305618166,5.437376237623762,2.6918316831683167,true,,-2.0588475752178685,4040000.0,-160995000.0,-190774000.0,-132346000.0,134000.0,false,true,false,0.09273356401384084,false,false,false,"",-39.850247524752476,false,-271.80882352941177,26676000.0,752602000.0,10300000.0,575000.0,32490000.0,3000000.0,77303440.0,false,PASS,false,PASS,true,FAIL,true,FAIL,true,FAIL,true,true,FAIL,,NOT_EVALUABLE,true,0,insufficient,true,,,,,,,,-2.0588475752178685,,false,0,-47.22128712871287,,,0.8852939368705505,falling,6228000.0,-224375000.0,-178467000.0,876000.0,35326000.0,-214669000.0,10297000.0,545000.0,1029118000.0,19636000.0,3000000.0,86369437.0,-1.0,37.74418604651163,19.826923076923077,,,0,,,-0.9542894206807087,,,0,true,21967000.0,,1445000.0,,10875000.0,-47.22128712871287,,2026-08-25,PaymentsToAcquirePropertyPlantAndEquipment,StockholdersEquity,Goodwill,FiniteLivedIntangibleAssetsNet,NetIncomeLoss,NetCashProvidedByUsedInOperatingActivities,OperatingIncomeLoss,ShareBasedCompensation,-270000.0,,,2956000.0,,-252619000.0,,,,,,,,,,,,,,,,,ineligible:gate0_status,,,
MASK,1993097,3 E Network Technology Group Limited,"",Nasdaq,7371,Services-Computer Programming Services,us-gaap,20-F,USD,630,2025,2025-06-30,false,false,"",fail,"fcf,sbc","goodwill,intangibles",never_acquired,never_acquired,never_acquired,"",,true,,5353745.0,0.01808296041803119,,,,,0.22585197582958125,0.3962220756879843,,,false,,,4835167.0,764919.0,1930531.0,13832.0,,false,false,false,,false,false,false,"",0.1581990859881365,false,0.4855642337732292,,5353745.0,0.0,0.0,313566.0,,10597527.0,false,PASS,true,FAIL,,NOT_EVALUABLE,,NOT_EVALUABLE,,NOT_EVALUABLE,,false,PASS,false,PASS,,0,insufficient,true,,,,,,,,,,false,0,0.3992687326001356,,,0.5076579279834165,falling,1015436.0,1933281.0,451000.0,,,,,,3793601.0,71590.0,,,,,,,,0,,,,,,0,false,,,,,,0.3992687326001356,1908945.0,2026-08-25,,StockholdersEquity,,,NetIncomeLoss,NetCashProvidedByUsedInOperatingActivities,OperatingIncomeLoss,,431139.0,,,,,1292296.0,1283761.0,196223.0,,,,,,,,,,,,,,,ineligible:gate0_status,,,
FATN,1993400,Fatpipe Inc/UT,"",Nasdaq,7372,Services-Prepackaged Software,us-gaap,10-Q,USD,331,2026,2026-03-31,false,false,"tax_anomaly,ni_vs_oi",fail,"",goodwill,never_acquired,never_acquired,reported,"",,false,,24521438.0,-0.15702195651032272,-832876.0,-1603096.0,0.040098303368326205,4823378.0,-0.4255452251317851,1.384633236473253,,,false,,-0.11445460044242657,19208294.0,4969961.0,3589370.0,-780393.0,52483.0,false,true,false,0.14213444044533635,false,false,false,"",0.25874036496942415,false,0.31567973388140547,770220.0,25215630.0,0.0,694192.0,5214775.0,391397.0,14006392.0,false,PASS,true,FAIL,true,FAIL,true,FAIL,false,PASS,false,true,FAIL,true,FAIL,,0,insufficient,true,,,,,,,,-0.11445460044242657,,false,0,0.1868656321066306,,,-0.16553876044200286,falling,15777249.0,653780.0,-57842.0,50983.0,,,,661041.0,26516110.0,6163214.0,391397.0,13855297.0,,,,,,0,,,,,,0,false,,,369249.0,,,0.1868656321066306,3486358.0,2026-08-25,PaymentsToAcquirePropertyPlantAndEquipment,StockholdersEquity,,IntangibleAssetsNetExcludingGoodwill,NetIncomeLoss,NetCashProvidedByUsedInOperatingActivities,OperatingIncomeLoss,ShareBasedCompensation,-1483603.0,,,445257.0,,1568006.0,1493341.0,812525.0,,,,,,,,,,,,,,,ineligible:gate0_status,,,
MCRP,1993431,Micropolis Holding Company,"",NYSE,3714,Motor Vehicle Parts & Accessories,ifrs-full,20-F,AED,1231,2024,2024-12-31,false,false,ni_vs_oi,fail,"sbc,tax_anomaly",goodwill,never_acquired,never_acquired,reported,"",,true,,-20557313.0,2.2112617667273935,-15134495.0,,,,,0.28763060529568524,,,false,,,130043.0,-6071463.0,-21108543.0,-13425594.0,1708901.0,false,false,false,,false,false,false,"",-46.688118545404215,false,,,-20519728.0,0.0,37585.0,181087.0,,30000000.0,true,FAIL,false,PASS,true,FAIL,,NOT_EVALUABLE,,NOT_EVALUABLE,,true,FAIL,,NOT_EVALUABLE,,0,insufficient,true,,,,,,,,,,false,0,-162.31971732426967,,,1.0738318266554012,rising,156291.0,2213921.0,-17128192.0,3623308.0,,,,71187.0,7981427.0,15565708.0,,32052243.0,,,,,,0,,,,,,0,false,,,,,,-162.31971732426967,,2026-08-25,PurchaseOfPropertyPlantAndEquipmentClassifiedAsInvestingActivities,Equity,,IntangibleAssetsOtherThanGoodwill,ProfitLoss,CashFlowsFromUsedInOperatingActivities,ProfitLossFromOperatingActivities,,,,,,,-21507248.0,,,,,,,,,,,,,,,,,ineligible:gate0_status,,,
YSXT,1993463,"YSX Tech Co., Ltd","",Nasdaq,7500,"Services-Automotive Repair, Services & Parking",us-gaap,20-F,USD,331,2026,2026-03-31,false,false,"",fail,"","goodwill,intangibles",never_acquired,never_acquired,never_acquired,"",,false,,33669837.0,-0.9574923222494686,-2774346.0,-4596943.0,0.021835937392361147,,0.27222857486837826,0.7922240054049077,,,false,,-0.17836810060566752,83467770.0,2804858.0,3540486.0,-2685630.0,88716.0,false,false,false,1.7926407888621714,false,false,false,capex,0.03360408454664597,false,0.08543112630596322,1822597.0,33669837.0,0.0,0.0,5889033.0,,25772226.0,false,PASS,true,FAIL,true,FAIL,true,FAIL,false,PASS,false,false,PASS,false,PASS,,0,insufficient,true,0.19239248000089493,,,,,,,-0.17836810060566752,,false,0,0.04241740254951103,,,-0.9076782995384128,falling,78350172.0,4774040.0,-13513699.0,,,,,,30836284.0,319103.0,2205366.0,23437500.0,,,,,,0,,,,,,0,false,,,49489.0,,,0.04241740254951103,3854037.0,2026-08-25,PaymentsToAcquirePropertyPlantAndEquipment,StockholdersEquity,,,NetIncomeLoss,NetCashProvidedByUsedInOperatingActivities,OperatingIncomeLoss,AllocatedShareBasedCompensationExpense,1049179.0,,,46699.0,,5357032.0,5523102.0,749062.0,,,,,,,,,,,,,,,ineligible:gate0_status,,,
NOMA,1994214,NOMADAR CORP.,"",Nasdaq,7900,Services-Amusement & Recreation Services,us-gaap,10-Q,USD,1231,2025,2025-12-31,false,false,sbc,fail,"fcf,tax_anomaly","goodwill,intangibles",never_acquired,never_acquired,never_acquired,"",,false,,-1653017.0,0.3387539849052404,,,0.27116732108380154,,,1.0281675122282887,,,false,,,921940.0,-2767318.0,-2691505.0,-937440.0,,false,false,false,,false,false,false,"",-3.001624834587934,false,,250000.0,-1653017.0,0.0,0.0,,,,true,FAIL,true,FAIL,,NOT_EVALUABLE,,NOT_EVALUABLE,true,FAIL,true,false,PASS,,NOT_EVALUABLE,,0,insufficient,true,,,,,,,,,,false,0,-2.919392802134629,,,0.35156391137634224,,1495741.0,-3880136.0,-1748217.0,,,,,,13709139.0,,,16809778.0,,,,,,0,,,,,,0,false,,,,,,-2.919392802134629,-2767318.0,2026-08-25,,StockholdersEquity,,,NetIncomeLoss,NetCashProvidedByUsedInOperatingActivities,OperatingIncomeLoss,ShareBasedCompensation,,,,,,-3178960.0,-3880136.0,,,,,,,,,,,,,,,,ineligible:gate0_status,,,
HNIT,1994373,HUINENG TECHNOLOGY CORPORATION,"",OTC,7374,Services-Computer Processing & Data Preparation,us-gaap,10-Q,USD,1130,2025,2025-11-30,false,false,ni_vs_oi,fail,"fcf,sbc,tax_anomaly","goodwill,intangibles",never_acquired,never_acquired,never_acquired,"",,true,,-5842.0,1.5952871196522536,,,,,,0.9778796946223328,,,false,,,14200.0,-34968.0,-35759.0,-55784.0,,false,false,false,,false,false,false,"",-2.4625352112676056,false,,,-5842.0,0.0,0.0,758.0,,35700738.0,true,FAIL,false,PASS,,NOT_EVALUABLE,,NOT_EVALUABLE,,NOT_EVALUABLE,,true,FAIL,,NOT_EVALUABLE,,0,insufficient,true,,,,,,,,,,false,0,-2.5182394366197185,,,1.1476970984759332,,37600.0,-3865.0,-54454.0,,,,,,4225.0,504.0,,44545000.0,-0.5072463768115942,-0.3194444444444444,3.6666666666666665,5.588235294117647,2.2272556123898832,4,,,,,,0,false,,,,,,-2.5182394366197185,-34968.0,2026-08-25,,StockholdersEquity,,,NetIncomeLoss,NetCashProvidedByUsedInOperatingActivities,OperatingIncomeLoss,,,,,,,-3865.0,-3074.0,,,,,,,,,,,,,,,,ineligible:gate0_status,,,
OYCG,1994582,OYOCAR GROUP INC.,"",OTC,5500,Retail-Auto Dealers & Gasoline Stations,us-gaap,10-Q,USD,831,2025,2025-08-31,false,false,tax_anomaly,fail,"fcf,sbc,ni_vs_oi","goodwill,intangibles",never_acquired,never_acquired,never_acquired,"",,true,,15788.0,0.053784860557768925,,,,,-0.0,,,,false,,,81936.0,-38654.0,,-2079.0,0.0,true,true,false,,false,false,false,"",-0.4717584456160906,false,,,15788.0,0.0,0.0,40630.0,,15337250.0,false,PASS,true,FAIL,,NOT_EVALUABLE,,NOT_EVALUABLE,,NOT_EVALUABLE,,,NOT_EVALUABLE,true,FAIL,,0,insufficient,true,,,,,,,,,,false,0,,,,1.0286932777365116,,17741.0,-30550.0,-28849.0,0.0,,,,,-10573.0,-26.0,,15337250.0,-0.09414414414414414,,-1.0,-1.0,,0,,,,,,0,false,,,,,,,-38654.0,2026-08-25,PaymentsToAcquireSoftware,StockholdersEquity,,,NetIncomeLoss,NetCashProvidedByUsedInOperatingActivities,,,0.0,,,,,,-30550.0,0.0,,,,,,,,,,,,,,,ineligible:gate0_status,,,
STAI,1994624,ScanTech AI Systems Inc.,"",OTC,3825,Instruments For Meas & Testing of  Electricity & Elec Signals,us-gaap,10-Q,USD,1231,2024,2024-12-31,false,false,"",fail,tax_anomaly,"goodwill,intangibles",never_acquired,never_acquired,never_acquired,"",,false,,-184393971.0,0.2870924240851009,-6623928.0,-6662414.0,0.07098563908470837,-107468217.0,,2.586509103435717,,,false,,-0.021331694372084643,542166.0,-23065795.0,-8917732.0,-6622015.0,1913.0,false,false,false,,false,false,false,"",-42.54378732712859,false,,38486.0,-184393971.0,0.0,0.0,0.0,107468217.0,312324651.0,true,FAIL,true,FAIL,true,FAIL,true,FAIL,false,PASS,false,false,PASS,,NOT_EVALUABLE,,0,insufficient,true,,,,,,,,-0.021331694372084643,,false,0,-16.44834238960023,,,0.22000989315333064,,1881045.0,-10007091.0,-5844761.0,16753.0,829129.0,-6690643.0,,,-41269447.0,157646.0,27087079.0,41919904.0,,,,,,0,,,,,,0,false,,,,,,-16.44834238960023,,2026-08-25,PaymentsToAcquirePropertyPlantAndEquipment,MembersEquity,,,NetIncomeLoss,NetCashProvidedByUsedInOperatingActivities,OperatingIncomeLoss,ShareBasedCompensation,,,,,,-26854277.0,,,,,,,,,,,,,,,,,ineligible:gate0_status,,,
KYTX,1994702,"Kyverna Therapeutics, Inc.","",Nasdaq,2836,"Biological Products, (No Diagnostic Substances)",us-gaap,10-Q,USD,1231,2025,2025-12-31,false,false,ni_vs_oi,fail,"sbc,tax_anomaly","goodwill,intangibles",never_acquired,never_acquired,never_acquired,"",,false,,232276000.0,0.9529158684991972,-154845000.0,-164925000.0,,99350000.0,,0.9498312989100673,,,false,,-3.7262766318634575,,-161307000.0,-169827000.0,-153712000.0,1133000.0,false,false,false,0.6297943301834352,false,false,false,"",,false,,10080000.0,232276000.0,0.0,0.0,124093000.0,24743000.0,44259999.0,false,PASS,false,PASS,true,FAIL,true,FAIL,,NOT_EVALUABLE,,true,FAIL,,NOT_EVALUABLE,,0,insufficient,true,,,,,,,,-3.7262766318634575,,false,0,,,,0.9057866434755809,rising,,-152638000.0,-158751000.0,1477000.0,12079000.0,-172307000.0,,,165549000.0,31806000.0,24883000.0,60666814.0,,,,,,0,,,,,,0,false,,,1799000.0,,,,,2026-08-25,PaymentsToAcquirePropertyPlantAndEquipment+PaymentsToDevelopSoftware,StockholdersEquity,,,NetIncomeLoss,NetCashProvidedByUsedInOperatingActivities,OperatingIncomeLoss,ShareBasedCompensation,0.0,,,1568000.0,,-158932000.0,,,,,,,,,,,,,,,,,ineligible:gate0_status,,,
MGN,1995075,MEGAN HOLDINGS LIMITED,"",Nasdaq,0200,Agricultural Prod-Livestock & Animal Specialties,us-gaap,20-F,USD,1231,2025,2025-12-31,false,false,ni_vs_oi,fail,sbc,"goodwill,intangibles",never_acquired,never_acquired,never_acquired,"",,true,,11912843.0,-10.903280556029573,-2364146.0,,,,0.7969304916607975,1.4494097356845863,,,false,,,20681805.0,216823.0,149594.0,-2364082.0,64.0,false,true,false,0.004307153913453126,false,false,true,,0.01048375613250391,false,,,11912843.0,0.0,0.0,42412.0,,15318493.0,false,PASS,true,FAIL,true,FAIL,,NOT_EVALUABLE,,NOT_EVALUABLE,,true,FAIL,false,PASS,,0,insufficient,true,,,,,,,,,,false,0,0.00723312109363762,,,-10.903280556029573,,,,,,,,,,,,,,,,,,,,,,,,,,false,,,14859.0,,,0.00723312109363762,1067728.0,2026-08-25,PaymentsToAcquirePropertyPlantAndEquipment,StockholdersEquity,,,NetIncomeLoss,NetCashProvidedByUsedInOperatingActivities,OperatingIncomeLoss,,850905.0,,,,,,,,,,,,,,,,,,,,,,ineligible:gate0_status,,,
RECT,1995116,Rectitude Holdings Ltd,"",Nasdaq,3420,"Cutlery, Handtools & General Hardware",us-gaap,20-F,USD,331,2026,2026-03-31,false,false,"",fail,sbc,"goodwill,intangibles",never_acquired,never_acquired,never_acquired,"",,true,,21741250.0,-0.5996434352353234,-1822301.0,,,,0.24419815042373227,0.8421528703617149,,,false,,,39737227.0,2783786.0,3305559.0,-1669279.0,153022.0,false,false,false,0.2893020881582803,false,false,false,"",0.07005486316395454,false,0.10068394001191629,,21741250.0,0.0,0.0,4693236.0,,14500000.0,false,PASS,true,FAIL,true,FAIL,,NOT_EVALUABLE,,NOT_EVALUABLE,,false,PASS,false,PASS,,0,insufficient,true,,,,,,,,,,false,0,0.08318544723817795,,,0.24716958278563697,falling,34324856.0,2835999.0,-31169.0,313517.0,,,,,21001036.0,4593998.0,,14500000.0,,,,,,0,,,,,,0,false,,,528935.0,,,0.08318544723817795,3683222.0,2026-08-25,PaymentsToAcquirePropertyPlantAndEquipment,StockholdersEquity,,,NetIncomeLoss,NetCashProvidedByUsedInOperatingActivities,OperatingIncomeLoss,,899436.0,,,485593.0,,2740705.0,3116350.0,280351.0,,,,,,,,,,,,,,,ineligible:gate0_status,,,
HDL,1995306,SUPER HI INTERNATIONAL HOLDING LTD.,"",Nasdaq,5812,Retail-Eating  Places,ifrs-full,20-F,USD,1231,2024,2024-12-31,false,false,"",unknown,"tangible_book,sbc,ni_vs_oi","",unresolved,unresolved,reported,"",,true,,,5.5935324080564515,84954000.0,,,,0.3562855337965888,,,,false,,,778308000.0,21399000.0,,119696000.0,34742000.0,false,false,false,,false,false,true,,0.02749425677238317,true,,,360028000.0,,278000.0,254719000.0,,576727000.0,,NOT_EVALUABLE,false,PASS,false,PASS,,NOT_EVALUABLE,,NOT_EVALUABLE,,,NOT_EVALUABLE,false,PASS,,0,insufficient,true,,,,,,,,,,false,0,,,,2.8177231420739264,rising,,,,,,,,,,,,,,,,,,,,,,,,,false,,,,,,,33243000.0,2026-08-25,PurchaseOfPropertyPlantAndEquipmentClassifiedAsInvestingActivities,EquityAttributableToOwnersOfParent,,IntangibleAssetsOtherThanGoodwill,ProfitLoss,CashFlowsFromUsedInOperatingActivities,,,11844000.0,,,,,,,,,,,,,,,,,,,,,,ineligible:gate0_status,,,
ICON,1995574,Icon Energy Corp,"",Nasdaq,4412,Deep Sea Foreign Transportation of  Freight,us-gaap,20-F,USD,1231,2025,2025-12-31,false,false,"",fail,"sbc,tax_anomaly","goodwill,intangibles",never_acquired,never_acquired,never_acquired,"",,true,,21378000.0,-0.19037407672146772,-5287000.0,,,,,-23.316666666666666,,,false,,,1671000.0,-4197000.0,180000.0,799000.0,6086000.0,false,false,false,,false,true,false,"",-2.511669658886894,false,,,21378000.0,0.0,0.0,3880000.0,,397776.0,false,PASS,true,FAIL,true,FAIL,,NOT_EVALUABLE,,NOT_EVALUABLE,,false,PASS,,NOT_EVALUABLE,,0,insufficient,true,,,,,,,,,,false,0,0.10771992818671454,,,-0.7119428740586708,falling,,-4891000.0,-364000.0,23849000.0,,,,,,,,1477371.0,,,,,,,,,,,,,false,,,,153000.0,,0.10771992818671454,,2026-08-25,PaymentsToAcquirePropertyPlantAndEquipment,StockholdersEquity,,,NetIncomeLoss,NetCashProvidedByUsedInOperatingActivities,OperatingIncomeLoss,,,,,,,-1976000.0,,,,,,,,,,,,,,,,,ineligible:gate0_status,,,
CUPR,1995704,Cuprina Holdings (Cayman) Limited,"",Nasdaq,3842,"Orthopedic, Prosthetic & Surgical Appliances & Supplies",us-gaap,20-F,USD,1231,2025,2025-12-31,false,false,ni_vs_oi,fail,"sbc,tax_anomaly","goodwill,intangibles",never_acquired,never_acquired,never_acquired,"",,true,,3930208.0,1.9544349848950582,-7146215.0,,,2295540.0,,0.967621642884365,,,false,,,38789.0,-3633248.0,-3754823.0,-7100947.0,45268.0,false,false,false,,false,false,true,,-93.66696743922246,false,,,3930208.0,0.0,0.0,2423760.0,128220.0,20471507.0,false,PASS,false,PASS,true,FAIL,,NOT_EVALUABLE,,NOT_EVALUABLE,,true,FAIL,,NOT_EVALUABLE,,0,insufficient,true,,,,,,,,,,false,0,-96.80123230812859,,,1.3732294310911297,,,,,,,,,,6014848.0,3216540.0,150281.0,19476796.0,,,,,,0,,,,,,0,false,,,,,,-96.80123230812859,-3583999.0,2026-08-25,PaymentsToAcquirePropertyPlantAndEquipment,StockholdersEquity,,,NetIncomeLoss,NetCashProvidedByUsedInOperatingActivities,OperatingIncomeLoss,,,,,,,,,,,,,,,,,,,,,,,,ineligible:gate0_status,,,
ESMR,1995920,E-SMART CORP.,"",OTC,7371,Services-Computer Programming Services,us-gaap,10-Q,USD,831,2025,2025-08-31,false,false,"",fail,"fcf,sbc,tax_anomaly",goodwill,never_acquired,never_acquired,reported,"",,true,,-173890.0,0.638680659670165,,,,,,1.1701553120861354,,,false,,,29289.0,-68034.0,-58141.0,-43452.0,,false,false,false,,false,false,false,"",-2.3228515825053773,false,,,-59708.0,0.0,114182.0,6825.0,,5510942.0,true,FAIL,true,FAIL,,NOT_EVALUABLE,,NOT_EVALUABLE,,NOT_EVALUABLE,,false,PASS,,NOT_EVALUABLE,,0,insufficient,true,,,,,,,,,,false,0,-1.985079722762812,,,0.45239154721795183,,46898.0,-84903.0,-50032.0,,,,,88112.0,-140742.0,506.0,,4898370.0,1.3795121951219511,1.1588407099528195,2.4183206106870228,-0.18511685116851168,-0.3434407238137185,0,,,,,,0,false,,,34760.0,,,-1.985079722762812,,2026-08-25,,StockholdersEquity,,IntangibleAssetsNetExcludingGoodwill,NetIncomeLoss,NetCashProvidedByUsedInOperatingActivities,OperatingIncomeLoss,,,,,34760.0,,-74464.0,,,,,,,,,,,,,,,,,ineligible:gate0_status,,,
QNME,1996192,"Quanome Technologies, Inc.","",Nasdaq,4731,Arrangement of  Transportation of  Freight & Cargo,us-gaap,10-Q,USD,630,2025,2025-06-30,false,false,tax_anomaly,fail,"tangible_book,sbc","",unresolved,unresolved,reported,"",,true,,,0.5060879092726532,-2704822.0,,,,-0.06105606522635647,1.0578659448790715,-0.015534479923891644,,false,,,17790425.0,-5246136.0,-4959169.0,-2655006.0,49816.0,false,false,false,,false,false,false,"",-0.29488536670709103,false,0.019179607750892943,,2845685.0,,365440.0,4814872.0,,7557534.0,,NOT_EVALUABLE,true,FAIL,true,FAIL,,NOT_EVALUABLE,,NOT_EVALUABLE,,false,PASS,true,FAIL,,0,insufficient,true,,,,,,,,,,false,0,-0.2787549482376053,,,0.261393145042292,rising,22183450.0,-3691602.0,-3524764.0,,,,,301328.0,13611963.0,1300306.0,,22826266.0,,0.49450160404591,0.9503433234443648,1.6700122266105744,,2,,,,,,0,false,-276365.0,805345.0,,,,-0.2787549482376053,-4944259.0,2026-08-25,PaymentsToAcquirePropertyPlantAndEquipment,StockholdersEquity,,IntangibleAssetsNetExcludingGoodwill,NetIncomeLoss,NetCashProvidedByUsedInOperatingActivities,OperatingIncomeLoss,,301877.0,,,,,-6868777.0,-6775496.0,393915.0,,,,,,,,,,,,,,,ineligible:gate0_status,,,
BLMH,1996210,"BLUM HOLDINGS, INC.","",OTC,5900,Retail-Miscellaneous Retail,us-gaap,10-Q,USD,1231,2024,2024-12-31,false,false,ni_vs_oi,fail,"","",reported,reported,reported,"",,false,,-26817000.0,-0.046800410900960786,-1559000.0,-1930000.0,0.028560431100846804,-1277000.0,0.07738940469688695,6.14975845410628,,1.5040800615858352,false,,-0.14407852563324938,12990000.0,33098000.0,5382000.0,-1549000.0,10000.0,false,true,false,0.01366120218579235,false,false,false,"",2.5479599692070822,false,-3.553013553782563,371000.0,-6749000.0,17116000.0,2952000.0,1040000.0,2317000.0,13395473.0,true,FAIL,true,FAIL,true,FAIL,true,FAIL,false,PASS,false,true,FAIL,false,PASS,true,3,insufficient,true,,,,,,,,-0.14407852563324938,,false,0,0.41431870669745957,,,0.02168458632679295,falling,13622000.0,10640000.0,-1749000.0,37000.0,28000.0,-1814000.0,30369000.0,8249000.0,-11879000.0,388000.0,3983000.0,12307664.0,,0.26268320180383314,-0.08353096179183135,0.1106782768102658,,1,,0.5241830065359477,,,,0,false,,,732000.0,,19538000.0,0.41431870669745957,18310000.0,2026-08-25,PaymentsToAcquirePropertyPlantAndEquipment,StockholdersEquity,Goodwill,IntangibleAssetsNetExcludingGoodwill,ProfitLoss,NetCashProvidedByUsedInOperatingActivities,OperatingIncomeLoss,ShareBasedCompensation,1417000.0,,,816000.0,,13978000.0,13459000.0,1713000.0,,,,,,,,,,,,,,,ineligible:gate0_status,,,
PSIG,1997201,PS International Group Ltd.,"",Nasdaq,4731,Arrangement of  Transportation of  Freight & Cargo,us-gaap,20-F,USD,1231,2025,2025-12-31,false,false,tax_anomaly,fail,tangible_book,"",unresolved,unresolved,unresolved,"",,false,,,0.08601156741055133,-9775284.0,-10547140.0,0.014521923955492611,6212916.0,-0.00011359862293224868,9.94858190924873,,,false,,-2.6398862063208752,53151084.0,-15214814.0,-1529345.0,-1308650.0,8466634.0,false,false,false,,false,false,false,"",-0.28625594917311564,false,0.042714440557972994,771856.0,-3765228.0,,,8940871.0,2727955.0,3995301.0,,NOT_EVALUABLE,true,FAIL,true,FAIL,true,FAIL,false,PASS,false,false,PASS,true,FAIL,,0,insufficient,true,-0.18255563251308193,,,,,,,-2.6398862063208752,,false,0,-0.028773542981738624,,,0.6902743148481916,falling,70988060.0,-4800939.0,-423659.0,,,,,,10916359.0,6985841.0,,3247117.0,,,,,,0,,,,,,0,false,,,,,,-0.028773542981738624,-15211452.0,2026-08-25,PaymentsToAcquirePropertyPlantAndEquipment+PaymentsToAcquireBuildings,StockholdersEquity,,,NetIncomeLoss,NetCashProvidedByUsedInOperatingActivities,OperatingIncomeLoss,ShareBasedCompensation,1728.0,,,,,-6728746.0,-5147390.0,,,,,,,,,,,,,,,,ineligible:gate0_status,,,
MDCX,1997296,MEDICUS PHARMA LTD.,"",Nasdaq,2834,Pharmaceutical Preparations,us-gaap,10-Q,USD,1231,2025,2025-12-31,false,false,"",fail,"fcf,sbc,tax_anomaly","goodwill,intangibles",never_acquired,never_acquired,never_acquired,"",,false,,-67554.0,0.48172673746713646,,,,,,1.3760906144135292,,,false,,,,-47281513.0,-34359302.0,-22776769.0,,false,false,false,,false,false,false,"",,false,,1512194.0,-67554.0,0.0,0.0,8705218.0,,17283824.0,true,FAIL,true,FAIL,,NOT_EVALUABLE,,NOT_EVALUABLE,,NOT_EVALUABLE,,false,PASS,,NOT_EVALUABLE,,0,insufficient,true,,,,,,,,,,false,0,,,,0.7275683159388731,falling,,-56662869.0,-29320073.0,,3287601.0,,,,-1763651.0,15174128.0,,47566945.0,,,,,,0,,,,,,0,false,,,,,,,,2026-08-25,,StockholdersEquity,,,NetIncomeLoss,NetCashProvidedByUsedInOperatingActivities,OperatingIncomeLoss,ShareBasedCompensation,0.0,,,,,-43292806.0,,,,,,,,,,,,,,,,,ineligible:gate0_status,,,
ISOU,1997377,IsoEnergy Ltd.,"",NYSE,1090,Miscellaneous Metal Ores,ifrs-full,40-F,CAD,1231,2025,2025-12-31,false,false,ni_vs_oi,fail,"sbc,tax_anomaly","goodwill,intangibles",never_acquired,never_acquired,never_acquired,"",,false,,401426086.0,11.369933744614475,-13301259.0,-19650175.0,,,,0.2300815090615101,,,false,,-0.38525226299379123,,-1126399.0,-4895652.0,-12807082.0,494177.0,false,false,false,,false,false,true,,,true,,6348916.0,401426086.0,0.0,0.0,62906168.0,,51005995.0,false,PASS,false,PASS,true,FAIL,true,FAIL,,NOT_EVALUABLE,,true,FAIL,,NOT_EVALUABLE,,0,insufficient,true,,,,,,,,-0.38525226299379123,,false,0,,,,5.806969207605386,,,,,,,,,,,,,,,,,,,,,,,,,,false,,,,,,,,2026-08-25,PurchaseOfPropertyPlantAndEquipmentClassifiedAsInvestingActivities,Equity,,,ProfitLoss,CashFlowsFromUsedInOperatingActivities,ProfitLossFromOperatingActivities,AdjustmentsForSharebasedPayments,-3769253.0,,,,,,,,,,,,,,,,,,,,,,ineligible:gate0_status,,,
ZENA,1997403,"ZenaTech, Inc.","",Nasdaq,7372,Services-Prepackaged Software,ifrs-full,20-F,CAD,1231,2024,2024-12-31,false,false,"",unknown,"tangible_book,income_quality,fcf,sbc,ni_vs_oi,tax_anomaly",intangibles,unresolved,reported,never_acquired,"",,true,,,,,,,,,,,,false,,,,-4481751.0,,,,false,false,false,,false,false,true,,,false,,,,2468722.0,0.0,,,,,NOT_EVALUABLE,,NOT_EVALUABLE,,NOT_EVALUABLE,,NOT_EVALUABLE,,NOT_EVALUABLE,,,NOT_EVALUABLE,,NOT_EVALUABLE,,0,insufficient,true,,,,,,,,,,false,0,,,,,,,,,,,,,,,,,,,,,,,,,,,,,,false,,,,,,,,2026-08-25,,,Goodwill,,ProfitLoss,,,,,,,,,,,,,,,,,,,,,,,,,,ineligible:gate0_status,,,
IOTR,1997637,iOThree Limited,"",Nasdaq,4899,"Communications Services, NEC",us-gaap,20-F,USD,331,2026,2026-03-31,false,false,tax_anomaly,fail,sbc,goodwill,never_acquired,never_acquired,reported,"",,true,,4105833.0,1.9270607909985955,-2815845.0,,,,0.018121661693468946,1.0243806694230697,,,false,,,14709239.0,-1161241.0,-1133603.0,-2237782.0,578063.0,false,false,false,0.7996986930916606,false,false,false,"",-0.07894636833353513,false,-0.0038679964107644397,,4465683.0,0.0,359850.0,2120809.0,,2641990.0,false,PASS,false,PASS,true,FAIL,,NOT_EVALUABLE,,NOT_EVALUABLE,,false,PASS,true,FAIL,,0,insufficient,true,,,,,,,,,,false,0,-0.07706741320880027,,,-122.37714317499172,rising,12569148.0,-396686.0,-2286146.0,606109.0,,,,342862.0,4212994.0,842393.0,,25650000.0,,,,,,0,,,,,,0,false,,,722851.0,,,-0.07706741320880027,-1182673.0,2026-08-25,PaymentsToAcquirePropertyPlantAndEquipment,StockholdersEquity,,IntangibleAssetsNetExcludingGoodwill,NetIncomeLoss,NetCashProvidedByUsedInOperatingActivities,OperatingIncomeLoss,,-21432.0,,,526638.0,,-380988.0,-398144.0,,,,,,,,,,,,,,,,ineligible:gate0_status,,,
TBN,1997652,Tamboran Resources Corporation,"",NYSE,1311,Crude Petroleum & Natural Gas,us-gaap,10-Q,USD,630,2025,2025-06-30,false,false,ni_vs_oi,fail,"sbc,tax_anomaly","goodwill,intangibles",never_acquired,never_acquired,never_acquired,"",,false,,287722000.0,0.8031499987046566,-124128386.0,-128483012.0,,39439000.0,,0.9386051827998457,,,false,,-8.763476530421265,0.0,-36901412.0,-39315159.0,-29637369.0,94491017.0,false,false,false,1099.4102993705424,false,false,false,"",,false,,4354626.0,287722000.0,0.0,0.0,39439000.0,0.0,14661192.0,false,PASS,false,PASS,true,FAIL,true,FAIL,,NOT_EVALUABLE,,true,FAIL,,NOT_EVALUABLE,,0,insufficient,true,,,,,,,,-8.763476530421265,,false,0,,,,0.6615826659454953,,0.0,-34386412.0,-33469369.0,100179017.0,3960626.0,-137609012.0,,,395554000.0,88151000.0,44575000.0,19989564.0,,,,,,0,,-1.0572004151150722,,,,0,false,,,85947.0,,,,,2026-08-25,PaymentsToExploreAndDevelopOilAndGasProperties+PaymentsToAcquireOtherPropertyPlantAndEquipment,StockholdersEquity,,,NetIncomeLoss,NetCashProvidedByUsedInOperatingActivities,OperatingIncomeLoss,ShareBasedCompensation,0.0,,,5947.0,,-32900159.0,,,,,,,,,,,,,,,,,ineligible:gate0_status,,,
WBTN,1997859,WEBTOON Entertainment Inc.,"",Nasdaq,2741,Miscellaneous Publishing,us-gaap,10-Q,USD,1231,2025,2025-12-31,false,false,tax_anomaly,fail,"","",reported,reported,reported,"",,false,,675823000.0,-0.03242302566726506,3597000.0,-38310000.0,0.030307983264687696,,0.04114440087414518,5.446725764040875,0.0001070365696225876,-0.25425379961741656,true,,-0.29429054450472325,1382705000.0,-345927000.0,-63511000.0,11216000.0,7619000.0,false,true,false,0.21503767886878722,false,false,false,"",-0.25018134743130316,false,-0.02834383682531565,41907000.0,1170452000.0,336825000.0,157804000.0,581806000.0,,130177475.0,false,PASS,true,FAIL,false,PASS,true,FAIL,false,PASS,false,false,PASS,true,FAIL,false,0,insufficient,true,0.08605207390980163,,,,-1.3455645776913685,,,-0.29429054450472325,,false,0,-0.045932429549325415,,,-0.0946048577745524,rising,1368064000.0,-343915000.0,6070000.0,10085000.0,36139000.0,-40154000.0,328462000.0,144459000.0,1164150000.0,583145000.0,,135250711.0,0.08505103248881522,0.08659011540175043,-0.014844630296554879,-0.028156234656345203,-0.044105654713378656,0,,,0.2185219929122368,,,0,true,148000.0,,35431000.0,,-351558000.0,-0.045932429549325415,-389409000.0,2026-08-25,PaymentsToAcquirePropertyPlantAndEquipment,StockholdersEquity,Goodwill,IntangibleAssetsNetExcludingGoodwill,NetIncomeLoss,NetCashProvidedByUsedInOperatingActivities,OperatingIncomeLoss,ShareBasedCompensation,-16022000.0,0.0,,33928000.0,,-51713000.0,-379037000.0,-8128000.0,,,,,,,,,,,,,,,ineligible:gate0_status,,,
PC,1998056,Premium Catering (Holdings) Limited,"",Nasdaq,5812,Retail-Eating  Places,us-gaap,20-F,USD,630,2025,2025-06-30,false,false,ni_vs_oi,fail,"sbc,tax_anomaly","goodwill,intangibles",never_acquired,never_acquired,never_acquired,"",,true,,8128225.0,2.687971666879516,-11392272.0,,,1504195.0,,0.8797717255905507,,,false,,,3345449.0,-4236173.0,-4815082.0,-11386713.0,5559.0,false,false,false,,false,false,true,,-1.2662494630765557,false,,,8128225.0,0.0,0.0,1511101.0,6906.0,29200000.0,false,PASS,false,PASS,true,FAIL,,NOT_EVALUABLE,,NOT_EVALUABLE,,true,FAIL,,NOT_EVALUABLE,,0,insufficient,true,,,,,,,,,,false,0,-1.439293201002317,,,1.1377416314491235,,,,,,,,,,4121757.0,1935325.0,45097.0,21650000.0,,,,,,0,,,,,,0,false,,,,,,-1.439293201002317,-4236173.0,2026-08-25,PaymentsToAcquirePropertyPlantAndEquipment,StockholdersEquity,,,NetIncomeLoss,NetCashProvidedByUsedInOperatingActivities,OperatingIncomeLoss,,,,,,,,,,,,,,,,,,,,,,,,ineligible:gate0_status,,,
MIMI,1998560,Mint Inc Ltd,"",Nasdaq,7389,"Services-Business Services, NEC",us-gaap,20-F,USD,331,2026,2026-03-31,false,false,"tax_anomaly,ni_vs_oi",fail,sbc,"goodwill,intangibles",never_acquired,never_acquired,never_acquired,"",,false,,3284813.0,0.0832206782726586,-1063448.0,-8991448.0,,,-0.00047777567200418846,0.9989972905634611,,,false,,-3.6193215690110376,,-10314672.0,-10325025.0,-858394.0,205054.0,false,false,false,,false,false,true,,,false,0.21823499897593898,7928000.0,3284813.0,0.0,0.0,964142.0,,2484291.0,false,PASS,true,FAIL,true,FAIL,true,FAIL,,NOT_EVALUABLE,,true,FAIL,true,FAIL,,0,insufficient,true,,,,,,,,-3.6193215690110376,,false,0,,,,1.093003217493757,falling,,,,,,,,,,,,,,,,,,,,,,,,,false,,,,,,,-10310278.0,2026-08-25,PaymentsToAcquirePropertyPlantAndEquipment,StockholdersEquity,,,NetIncomeLoss,NetCashProvidedByUsedInOperatingActivities,OperatingIncomeLoss,ShareBasedCompensation,4926.0,,,,,,,,,,,,,,,,,,,,,,ineligible:gate0_status,,,
PAL,1998768,"PROFICIENT AUTO LOGISTICS, INC.","",Nasdaq,4700,Transportation Services,us-gaap,10-Q,USD,1231,2025,2025-12-31,false,false,"",unknown,"income_quality,fcf,sbc,ni_vs_oi,tax_anomaly","",reported,reported,reported,"",,false,,40109173.0,,,,,-60044300.0,,,,,false,,,,-36019566.0,,,,false,false,false,,false,false,true,"",,false,,5527316.0,311390471.0,148476407.0,122804891.0,14285745.0,74330045.0,,false,PASS,,NOT_EVALUABLE,,NOT_EVALUABLE,,NOT_EVALUABLE,,NOT_EVALUABLE,,,NOT_EVALUABLE,,NOT_EVALUABLE,,0,insufficient,true,,,,,,,,,,false,0,,,,,,,-41656597.0,,,5821140.0,,148643673.0,117975387.0,303185368.0,8130738.0,63744532.0,27876507.0,,,-0.015927059907272043,-0.053197599451358955,,0,,,2.188396041802562,,,0,false,,,,,-30266017.0,,,2026-08-25,,StockholdersEquity,Goodwill,IntangibleAssetsNetExcludingGoodwill,NetIncomeLoss,,,ShareBasedCompensation,-7221648.0,,,,,,,-8815807.0,,,,,,,,,,,,,,,ineligible:gate0_status,,,
IBAC,1998781,IB ACQUISITION CORP.,"",Nasdaq,8731,Services-Commercial Physical & Biological Research,us-gaap,10-Q,USD,930,2025,2025-09-30,false,false,ni_vs_oi,fail,"fcf,sbc","goodwill,intangibles",never_acquired,never_acquired,never_acquired,"",,true,,-681323.0,-0.38584156697165745,,,,,0.2203738460232361,-4.561533592911279,,,false,,,,3416169.0,-748908.0,-1318100.0,,false,false,false,,false,false,false,"",,false,,,-681323.0,0.0,0.0,428700.0,,,true,FAIL,true,FAIL,,NOT_EVALUABLE,,NOT_EVALUABLE,,NOT_EVALUABLE,,true,FAIL,false,PASS,,0,insufficient,true,,,,,,,,,,false,0,,,,-0.26507530358905246,falling,,-399569.0,-1848223.0,,,,,,-2312128.0,30161.0,,,,,,,,0,,,,,,0,false,,106131025.0,,,,,4381804.0,2026-08-25,,StockholdersEquity,,,NetIncomeLoss,NetCashProvidedByUsedInOperatingActivities,OperatingIncomeLoss,,965635.0,,,,,-1789378.0,-171663.0,227906.0,,,,,,,,,,,,,,,ineligible:gate0_status,,,
FUN,1999001,Six Flags Entertainment Corporation/NEW,"",NYSE,7900,Services-Amusement & Recreation Services,us-gaap,10-Q,USD,1231,2025,2025-12-31,false,false,"",fail,"","",reported,reported,reported,"",,false,,-2244416000.0,-0.20478357173856762,-152198000.0,-215738000.0,0.02049486354336644,-5089976000.0,0.09570187796989225,1.162974443039199,0.0,-0.45163015447914695,true,,-2.143192068506487,3100289000.0,-1599098000.0,-1375007000.0,327469000.0,479667000.0,false,false,false,,false,false,false,"",-0.515789979579323,false,0.1702170717442018,63540000.0,549757000.0,2071680000.0,722493000.0,91134000.0,5181110000.0,100662000.0,true,FAIL,true,FAIL,true,FAIL,true,FAIL,false,PASS,false,false,PASS,false,PASS,true,3,insufficient,true,0.19486426470724916,,,,,,,-2.143192068506487,,false,0,-0.443509298649255,,,0.2648284969937908,falling,3058388000.0,-1750952000.0,471220000.0,321076000.0,60892000.0,89252000.0,2078352000.0,683342000.0,114727000.0,134528000.0,4986972000.0,101610000.0,0.6276486312489503,-0.022717547288052004,0.11665025215656968,-0.07036941497651522,-0.19546863392317748,0,,,0.5687522014793942,,,0,true,0.0,,,,-1400184000.0,-0.443509298649255,-1713446000.0,2026-08-25,PaymentsToAcquireProductiveAssets,StockholdersEquity,Goodwill,IntangibleAssetsNetExcludingGoodwill,NetIncomeLoss,NetCashProvidedByUsedInOperatingActivities,OperatingIncomeLoss,ShareBasedCompensation,-163980000.0,712000.0,,,,-1352098000.0,-1745508000.0,-44456000.0,,,,,,,,,,,,,,,ineligible:gate0_status,,,
STWI,1999261,STAGEWISE STRATEGIES CORP.,"",OTC,7374,Services-Computer Processing & Data Preparation,us-gaap,10-Q,USD,930,2025,2025-09-30,false,false,ni_vs_oi,fail,"fcf,sbc,tax_anomaly",goodwill,never_acquired,never_acquired,reported,"",,true,,-229250.0,0.6487599989298805,,,,,,0.999959872125841,,,false,,,95409.0,-74758.0,-74761.0,-48500.0,,false,false,false,,false,false,false,"",-0.783552914295297,false,,,-77034.0,0.0,152216.0,4573.0,,4818083.0,true,FAIL,true,FAIL,,NOT_EVALUABLE,,NOT_EVALUABLE,,NOT_EVALUABLE,,true,FAIL,,NOT_EVALUABLE,,0,insufficient,true,,,,,,,,,,false,0,-0.7835843578698026,,,0.5239063754244372,,73297.0,-50609.0,30646.0,,,,,121872.0,130107.0,44485.0,,4352027.0,2.1523076923076925,-0.6485829219235693,0.6832666666666667,0.37957540263543194,-0.39863472804265454,0,,,,,,0,false,,,,,,-0.7835843578698026,,2026-08-25,,StockholdersEquity,,IntangibleAssetsNetExcludingGoodwill,NetIncomeLoss,NetCashProvidedByUsedInOperatingActivities,OperatingIncomeLoss,,,,,,,-50609.0,,,,,,,,,,,,,,,,,ineligible:gate0_status,,,
DSY,1999297,BIG TREE CLOUD HOLDINGS LIMITED,"",Nasdaq,2670,Converted Paper & Paperboard Prods (No Contaners/Boxes),us-gaap,20-F,USD,630,2025,2025-06-30,false,false,"tax_anomaly,sbc,ni_vs_oi",fail,"",goodwill,never_acquired,never_acquired,reported,"",,false,,-1863611.0,0.19939839756513664,-7004716.0,-41232357.0,13.384466457537073,,-0.007075875424641227,0.8512782629612586,,,false,,-0.5071099003975266,2557266.0,-32530121.0,-38213264.0,-6486454.0,518262.0,false,false,false,0.7843612654825469,false,false,true,,-12.720663787028803,false,0.10659459047183213,34227641.0,173432.0,0.0,2037043.0,1678970.0,,81308523.0,true,FAIL,true,FAIL,true,FAIL,true,FAIL,true,FAIL,true,true,FAIL,true,FAIL,,0,insufficient,true,0.09638525836550116,,,,,,,-0.5071099003975266,,false,0,-14.943014922968514,,,9.781846462538969,falling,,,,,,,,,,,,,,,,,,,,,,,,,false,,,660744.0,,,-14.943014922968514,-32299325.0,2026-08-25,PaymentsToAcquirePropertyPlantAndEquipment,StockholdersEquity,,FiniteLivedIntangibleAssetsNet,NetIncomeLoss,NetCashProvidedByUsedInOperatingActivities,OperatingIncomeLoss,ShareBasedCompensation,228546.0,,,,,,,,,,,,,,,,,,,,,,ineligible:gate0_status,,,
ANRO,1999480,"Alto Neuroscience, Inc.","",NYSE,2834,Pharmaceutical Preparations,us-gaap,10-Q,USD,1231,2025,2025-12-31,false,false,ni_vs_oi,fail,"sbc,tax_anomaly","goodwill,intangibles",never_acquired,never_acquired,never_acquired,"",,false,,151142000.0,0.8186375280685664,-51793000.0,-59901000.0,,159727000.0,,0.9528961485142547,,,false,,-2.0761472341605436,,-63238000.0,-66364000.0,-51769000.0,24000.0,false,false,false,,false,false,false,"",,false,,8108000.0,151142000.0,0.0,0.0,176484000.0,16757000.0,28852000.0,false,PASS,false,PASS,true,FAIL,true,FAIL,,NOT_EVALUABLE,,true,FAIL,,NOT_EVALUABLE,,0,insufficient,true,,,,,,,,-2.0761472341605436,,false,0,,,,0.8373104058497048,falling,,-84238000.0,-68285000.0,556000.0,10513000.0,-79354000.0,,,219249000.0,243733000.0,16187000.0,40179000.0,,,,,,0,,,-0.6674909529553679,,,0,false,,,,,,,,2026-08-25,PaymentsToAcquirePropertyPlantAndEquipment,StockholdersEquity,,,NetIncomeLoss,NetCashProvidedByUsedInOperatingActivities,OperatingIncomeLoss,ShareBasedCompensation,0.0,,,632000.0,,-88273000.0,,0.0,,,,,,,,,,,,,,,ineligible:gate0_status,,,
WYHG,1999860,Wing Yip Food Holdings Group Limited,"",Nasdaq,2013,Sausages & Other Prepared Meat Products,us-gaap,20-F,USD,1231,2025,2025-12-31,false,false,"",fail,"sbc,ni_vs_oi",goodwill,never_acquired,never_acquired,reported,"",,true,,171830014.0,-1.6620561220982657,-17694184.0,,,67476894.0,0.12998249826301855,,,,false,,,135192629.0,7913888.0,,-13153326.0,4540858.0,false,false,false,,false,false,true,,0.05853786599563797,false,,,171877616.0,0.0,47602.0,85269432.0,17792538.0,,false,PASS,true,FAIL,true,FAIL,,NOT_EVALUABLE,,NOT_EVALUABLE,,,NOT_EVALUABLE,false,PASS,,0,insufficient,true,0.011098539747844027,,,,,,,,,false,0,,,,0.23586109949710585,falling,,,,,,,,,,,,,,,,,,,,,,,,,false,,,,,,,9096240.0,2026-08-25,PaymentsToAcquirePropertyPlantAndEquipment,StockholdersEquity,,IntangibleAssetsNetExcludingGoodwill,NetIncomeLoss,NetCashProvidedByUsedInOperatingActivities,,,1182352.0,,,,,,,,,,,,,,,,,,,,,,ineligible:gate0_status,,,
LOAR,2000178,Loar Holdings Inc.,"",NYSE,3728,"Aircraft Parts & Auxiliary Equipment, NEC",us-gaap,10-Q,USD,1231,2025,2025-12-31,false,false,"",fail,"","",reported,reported,reported,"",,false,,-440030000.0,1.5562886369306683,99257000.0,84326000.0,0.030085656772446366,-630873000.0,0.10464394747946089,0.679065914930866,1.0233153261344838,0.9804567152209526,false,,879.3759711344936,496283000.0,72146000.0,106243000.0,112280000.0,13023000.0,false,false,false,,false,false,false,"",0.14537270065668179,false,0.21888514758549438,14931000.0,1174753000.0,1008377000.0,606406000.0,84827000.0,715700000.0,95893.0,true,FAIL,false,PASS,false,PASS,false,PASS,false,PASS,false,false,PASS,false,PASS,true,3,insufficient,true,,,,,,,,879.3759711344936,,false,3,0.21407745177650656,,,0.41754184936592603,rising,586168000.0,68002000.0,121319000.0,15278000.0,17165000.0,88876000.0,1080502000.0,739129000.0,1199394000.0,122433000.0,949326000.0,95586.0,0.2691130237592125,0.2244225697698007,0.36132357686705796,0.3935576618503448,0.05102349213706542,2,,,0.011088899785011127,,,0,false,507854000.0,,,,486584000.0,0.21407745177650656,80578000.0,2026-08-25,PaymentsForProceedsFromProductiveAssets,StockholdersEquity,Goodwill,IntangibleAssetsNetExcludingGoodwill,NetIncomeLoss,NetCashProvidedByUsedInOperatingActivities,OperatingIncomeLoss,ShareBasedCompensation,8432000.0,,,,,128151000.0,76702000.0,8700000.0,,,,,,,,,,,,,,,ineligible:gate0_status,,,
BRIA,2000230,BrilliA Inc,"",NYSE,2300,Apparel & Other Finishd Prods of  Fabrics & Similar Matl,ifrs-full,20-F,USD,331,2025,2025-03-31,false,false,"",fail,"sbc,ni_vs_oi","goodwill,intangibles",never_acquired,never_acquired,never_acquired,"",,true,,18074000.0,-1.603405462930117,-4592000.0,,,,0.22105554020447638,,,,false,,,64391000.0,2819000.0,,-4520000.0,72000.0,false,false,false,,false,false,true,,0.04377941016601699,false,,,18074000.0,0.0,0.0,7703000.0,,23342466.0,false,PASS,true,FAIL,true,FAIL,,NOT_EVALUABLE,,NOT_EVALUABLE,,,NOT_EVALUABLE,false,PASS,,0,insufficient,true,,,,,,,,,,false,0,,,,0.3273604973706227,falling,,,,,,,,,,,,,,,,,,,,,,,,,false,,,,,,,3619000.0,2026-08-25,PurchaseOfPropertyPlantAndEquipmentClassifiedAsInvestingActivities,Equity,,,ProfitLoss,CashFlowsFromUsedInOperatingActivities,,,800000.0,,,,,,,,,,,,,,,,,,,,,,ineligible:gate0_status,,,
SCAG,2000366,Scage Future,"",Nasdaq,3713,Truck & Bus Bodies,us-gaap,20-F,USD,630,2025,2025-06-30,false,false,"sbc,ni_vs_oi",fail,tax_anomaly,"goodwill,intangibles",never_acquired,never_acquired,never_acquired,"",,false,,-5267583.0,0.45537909423262296,-5907820.0,-7707820.0,0.16183288327308804,,,0.9649350231106636,,,false,,-0.10669150176529558,11122585.0,-12943787.0,-13414154.0,-5894330.0,13490.0,false,true,false,0.044793614004562374,false,false,true,,-1.1637390948237303,false,-15.341811082950887,1800000.0,-5267583.0,0.0,0.0,90758.0,,72243992.0,true,FAIL,true,FAIL,true,FAIL,true,FAIL,true,FAIL,true,true,FAIL,,NOT_EVALUABLE,,0,insufficient,true,,,,,,,,-0.10669150176529558,,false,0,-1.2060284547162372,,,0.7619420103093839,falling,,,,,,,,,,,,,,,,,,,,,,,,,false,,,301159.0,,,-1.2060284547162372,-13065903.0,2026-08-25,PaymentsToAcquirePropertyPlantAndEquipment,StockholdersEquity,,,NetIncomeLoss,NetCashProvidedByUsedInOperatingActivities,OperatingIncomeLoss,ShareBasedCompensation,,,,,,,,,,,,,,,,,,,,,,,ineligible:gate0_status,,,
EURK,2000410,Eureka Acquisition Corp,"",Nasdaq,4400,Water Transportation,us-gaap,10-Q,USD,930,2025,2025-09-30,false,false,ni_vs_oi,fail,"fcf,sbc,tax_anomaly","goodwill,intangibles",never_acquired,never_acquired,never_acquired,"",,true,,-625273.0,-0.48799528434371475,,,,,,-1.5943678779920138,,,false,,,,1370753.0,-859747.0,-668921.0,,false,false,false,,false,false,false,"",,false,,,-625273.0,0.0,0.0,51431.0,,,true,FAIL,true,FAIL,,NOT_EVALUABLE,,NOT_EVALUABLE,,NOT_EVALUABLE,,true,FAIL,,NOT_EVALUABLE,,0,insufficient,true,,,,,,,,,,false,0,,,,-0.7963750378491776,,,176780.0,-826447.0,,,,,,-2715683.0,22727.0,,,,,,,,0,,,,,,0,false,,,,,,,1370753.0,2026-08-25,,StockholdersEquity,,,NetIncomeLoss,NetCashProvidedByUsedInOperatingActivities,OperatingIncomeLoss,,,,,,,-1010021.0,176780.0,,,,,,,,,,,,,,,,ineligible:gate0_status,,,
GMHS,2000530,Gamehaus Holdings Inc.,"",Nasdaq,7374,Services-Computer Processing & Data Preparation,us-gaap,20-F,USD,630,2025,2025-06-30,false,false,"tax_anomaly,ni_vs_oi",fail,sbc,goodwill,never_acquired,never_acquired,reported,"",,true,,28224814.0,0.5592176358079742,2177739.0,,,,0.041549123137609924,1.1685559870069036,,,false,,,118048882.0,3961531.0,3390108.0,2215358.0,37619.0,false,false,false,,false,false,false,"",0.033558394902884384,false,0.018737024098195526,,33226337.0,0.0,5001523.0,15234745.0,,51539531.0,false,PASS,true,FAIL,false,PASS,,NOT_EVALUABLE,,NOT_EVALUABLE,,true,FAIL,true,FAIL,,0,insufficient,true,,,,,,,,,,false,0,0.02871783232983096,,,0.5842056761254385,falling,119023021.0,4931678.0,1538196.0,15614.0,,,,4808447.0,31229505.0,15703740.0,,53569358.0,,,,,,0,,,,,,0,false,,,,,,0.02871783232983096,3985403.0,2026-08-25,PaymentsToAcquirePropertyPlantAndEquipment,StockholdersEquity,,FiniteLivedIntangibleAssetsNet,NetIncomeLoss,NetCashProvidedByUsedInOperatingActivities,OperatingIncomeLoss,,165590.0,,,,,4271449.0,4910032.0,44925.0,,,,,,,,,,,,,,,ineligible:gate0_status,,,
KWM,2000756,K Wave Media Ltd.,"",Nasdaq,7819,Services-Allied To Motion Picture Production,ifrs-full,6-K,USD,1231,2024,2024-12-31,false,false,"",unknown,"income_quality,fcf,sbc,ni_vs_oi,tax_anomaly","goodwill,intangibles",never_acquired,never_acquired,never_acquired,"",,true,,37193.0,,,,,,,,,,false,,,,,,,,false,false,false,,false,false,true,,,false,,,37193.0,0.0,0.0,,,5000000.0,false,PASS,,NOT_EVALUABLE,,NOT_EVALUABLE,,NOT_EVALUABLE,,NOT_EVALUABLE,,,NOT_EVALUABLE,,NOT_EVALUABLE,,0,insufficient,true,,,,,,,,,,false,0,,,,,,,,,,,,,,,,,5000000.0,,,,,,,,,,,,,false,,,,,,,,2026-08-25,,Equity,,,,,,,,,,,,,,,,,,,,,,,,,,,,,ineligible:gate0_status,,,
BKHA,2000775,Black Hawk Acquisition Corporation,"",Nasdaq,2836,"Biological Products, (No Diagnostic Substances)",us-gaap,10-Q,USD,1130,2025,2025-11-30,false,false,ni_vs_oi,fail,"fcf,sbc,tax_anomaly",goodwill,never_acquired,never_acquired,reported,"",,true,,-8846444.0,-0.48912607733252506,,,,,,-1.4522583041146464,,,false,,,,1329557.0,-915510.0,-650321.0,,false,false,false,,false,false,false,"",,false,,,-3846443.0,0.0,5000001.0,0.0,,,true,FAIL,true,FAIL,,NOT_EVALUABLE,,NOT_EVALUABLE,,NOT_EVALUABLE,,true,FAIL,,NOT_EVALUABLE,,0,insufficient,true,,,,,,,,,,false,0,,,,-0.38907004210051094,,,379370.0,-554532.0,,,,,5000001.0,-5103676.0,0.0,,,,,,,,0,,,,,,0,false,,,,,,,,2026-08-25,,StockholdersEquity,,FiniteLivedIntangibleAssetsNet,NetIncomeLoss,NetCashProvidedByUsedInOperatingActivities,OperatingIncomeLoss,,,,,,,-722546.0,,,,,,,,,,,,,,,,,ineligible:gate0_status,,,
PN,2001288,Skycorp Solar Group Limited,"",Nasdaq,5045,Wholesale-Computers & Peripheral Equipment & Software,us-gaap,20-F,USD,930,2025,2025-09-30,false,false,tax_anomaly,fail,sbc,goodwill,never_acquired,never_acquired,reported,"",,true,,18375819.0,-1.065644398202499,2407583.0,,,,-0.016587460969801324,1.0576999278902928,,,false,,,63311196.0,-2695965.0,-2548894.0,2872940.0,465357.0,false,false,false,,false,false,true,,-0.042582752661946235,false,0.053481962012705726,,19884925.0,0.0,1509106.0,9343368.0,,26156164.0,false,PASS,true,FAIL,false,PASS,,NOT_EVALUABLE,,NOT_EVALUABLE,,false,PASS,true,FAIL,,0,insufficient,true,,,,,,,,,,false,0,-0.04025976700866621,,,0.9415906906402309,falling,,,,,,,,,,,,,,,,,,,,,,,,,false,,,,,,-0.04025976700866621,-2175559.0,2026-08-25,PaymentsToAcquirePropertyPlantAndEquipment,StockholdersEquity,,IntangibleAssetsNetExcludingGoodwill,NetIncomeLoss,NetCashProvidedByUsedInOperatingActivities,OperatingIncomeLoss,,36087.0,,,,,,,,,,,,,,,,,,,,,,ineligible:gate0_status,,,
HPAI,2001699,Helport AI Limited,"",Nasdaq,7372,Services-Prepackaged Software,us-gaap,20-F,USD,630,2025,2025-06-30,false,false,"",unknown,fcf,goodwill,never_acquired,never_acquired,reported,"",,false,,4785360.0,4.878488838192804,,,0.016758563112220806,,0.22453473836699883,0.6764261007296465,,,false,,,34856807.0,1858570.0,2747632.0,9067013.0,,false,false,false,,false,false,false,"",0.05332014490024861,false,0.4551580401896151,584150.0,17465371.0,0.0,12680011.0,152051.0,,37430968.0,false,PASS,false,PASS,,NOT_EVALUABLE,,NOT_EVALUABLE,false,PASS,false,false,PASS,false,PASS,,0,insufficient,true,1.3552585656318383,,,,,,,,,false,0,0.07882626770719418,,,1.8224133359658048,rising,31475664.0,2192407.0,2458513.0,,,,,8592817.0,16328610.0,852463.0,,35990935.0,,,,,,0,,,,,,0,false,,,,,,0.07882626770719418,2396716.0,2026-08-25,,StockholdersEquity,,IntangibleAssetsNetExcludingGoodwill,NetIncomeLoss,NetCashProvidedByUsedInOperatingActivities,OperatingIncomeLoss,ShareBasedCompensation,538146.0,,,,,4045395.0,3190278.0,997871.0,,,,,,,,,,,,,,,ineligible:gate0_status,,,
CIGL,2001794,CONCORDE INTERNATIONAL GROUP LTD,"",Nasdaq,7381,"Services-Detective, Guard & Armored Car Services",ifrs-full,20-F,USD,1231,2024,2024-12-31,false,false,"tax_anomaly,sbc",fail,ni_vs_oi,"goodwill,intangibles",never_acquired,never_acquired,never_acquired,"",,false,,2108568.0,0.006746784324431323,-1616671.0,-84772007.0,7.926600670233774,-3758353.0,-0.0013759368167399618,,,,false,,-5.150662078633321,10490668.0,-83623097.0,,-564187.0,1052484.0,false,false,false,14.096648897698964,false,false,false,"",-7.971188965278474,false,,83155336.0,2108568.0,0.0,0.0,2270438.0,6028791.0,16458468.0,false,PASS,true,FAIL,true,FAIL,true,FAIL,true,FAIL,true,,NOT_EVALUABLE,true,FAIL,,0,insufficient,true,,,,,,,,-5.150662078633321,,false,0,,,,0.6534445515891615,falling,11072733.0,-3098156.0,-3181251.0,1135100.0,,,,,4059985.0,2361689.0,5995047.0,21327560.0,,,,,,0,,,,,,0,false,,,74662.0,,,,-83508195.0,2026-08-25,PurchaseOfPropertyPlantAndEquipmentClassifiedAsInvestingActivities,EquityAttributableToOwnersOfParent,,,ProfitLoss,CashFlowsFromUsedInOperatingActivities,,AdjustmentsForSharebasedPayments,114902.0,,,,,,-3055393.0,42763.0,,,,,,,,,,,,,,,ineligible:gate0_status,,,
GCL,2002045,GCL GLOBAL HOLDINGS LTD.,"",Nasdaq,7372,Services-Prepackaged Software,us-gaap,20-F,USD,331,2026,2026-03-31,false,false,tax_anomaly,fail,"","",reported,reported,reported,"",,false,,18298859.0,0.41994228637336706,-11649635.0,-11749635.0,0.00041854297914682015,-17403366.0,-0.009234244053991555,1.8833113564462225,0.059770101289368105,0.05566718306080891,false,,-0.09534521403523202,238924089.0,-24995830.0,-13272277.0,-10496806.0,1152829.0,false,false,false,,false,false,false,"",-0.10461829154447462,false,-0.024545848559068224,100000.0,36797336.0,12351587.0,6146890.0,36577264.0,53980630.0,123232562.0,false,PASS,true,FAIL,true,FAIL,true,FAIL,false,PASS,false,false,PASS,true,FAIL,true,0,insufficient,true,0.4557621754861181,,,,,,,-0.09534521403523202,,false,0,-0.055550183556418206,,,-0.7944369961025611,rising,189890002.0,1001055.0,-12951616.0,492666.0,,,12810231.0,6702334.0,33117245.0,16645803.0,51998336.0,122069309.0,,,,,,0,,,,,,0,false,14280517.0,,,,13300231.0,-0.055550183556418206,-25963468.0,2026-08-25,PaymentsToAcquirePropertyPlantAndEquipment,StockholdersEquity,Goodwill,FiniteLivedIntangibleAssetsNet,NetIncomeLoss,NetCashProvidedByUsedInOperatingActivities,OperatingIncomeLoss,ShareBasedCompensation,239753.0,,,,,-2308724.0,1217749.0,918044.0,,,,,,,,,,,,,,,ineligible:gate0_status,,,
SPHL,2002236,Springview Holdings Ltd,"",Nasdaq,1520,General Bldg Contractors - Residential Bldgs,us-gaap,20-F,USD,1231,2025,2025-12-31,false,false,"tax_anomaly,sbc,ni_vs_oi",unknown,fcf,"goodwill,intangibles",never_acquired,never_acquired,never_acquired,"",,false,,5370112.0,0.8669741967638842,,,0.1518438067140362,2512672.0,0.04857456311386337,0.9481662340838632,,,false,,,6072681.0,-1829848.0,-1929881.0,-1586431.0,,false,false,false,,false,false,true,,-0.30132457147016284,false,,922099.0,5370112.0,0.0,0.0,2961191.0,448519.0,11467500.0,false,PASS,false,PASS,,NOT_EVALUABLE,,NOT_EVALUABLE,true,FAIL,true,true,FAIL,true,FAIL,,0,insufficient,true,,,,,,,,,,false,0,-0.31779719698762376,,,0.6911008777790935,,,,,,,,,,4386567.0,2306410.0,541787.0,21500000.0,,,,,,0,,,,,,0,false,,,2531.0,,,-0.31779719698762376,-1923270.0,2026-08-25,,StockholdersEquity,,,NetIncomeLoss,NetCashProvidedByUsedInOperatingActivities,OperatingIncomeLoss,ShareBasedCompensation,-93422.0,,,,,,,,,,,,,,,,,,,,,,ineligible:gate0_status,,,
STAK,2002453,STAK INC.,"",Nasdaq,3533,Oil & Gas Field Machinery & Equipment,us-gaap,20-F,USD,630,2025,2025-06-30,false,false,"tax_anomaly,sbc",fail,"",goodwill,never_acquired,never_acquired,reported,"",,false,,10876828.0,0.5039492847490145,-2940523.0,-6846523.0,0.15677543199739205,,0.04512421100911604,1.8274254569859194,,,false,,-0.6376950509944759,24914618.0,-5712680.0,-3126081.0,-2878901.0,61622.0,false,false,false,,false,false,true,,-0.22929029054348737,false,0.17176669214137608,3906000.0,12899746.0,0.0,2022918.0,1022625.0,,10736359.0,false,PASS,true,FAIL,true,FAIL,true,FAIL,true,FAIL,true,false,PASS,true,FAIL,,0,insufficient,true,,,,,,,,-0.6376950509944759,,false,0,-0.12547176119657946,,,-0.3527680242369387,rising,,,,,,,,,,,,,,,,,,,,,,,,,false,,,,,,-0.12547176119657946,-5982642.0,2026-08-25,PaymentsToAcquirePropertyPlantAndEquipment,StockholdersEquity,,FiniteLivedIntangibleAssetsNet,NetIncomeLoss,NetCashProvidedByUsedInOperatingActivities,OperatingIncomeLoss,ShareBasedCompensation,-269962.0,,,,,,,,,,,,,,,,,,,,,,ineligible:gate0_status,,,
STFS,2003061,Star Fashion Culture Holdings Limited,"",Nasdaq,7310,Services-Advertising,us-gaap,20-F,USD,630,2025,2025-06-30,false,false,"tax_anomaly,sbc",fail,fcf,"goodwill,intangibles",never_acquired,never_acquired,never_acquired,"",,false,,6410328.0,0.2170851196300699,,,0.990130771869005,,-0.009429418066551449,1.0085623195647255,,,false,,,16861501.0,-18263343.0,-18108294.0,-3964700.0,,false,false,false,,false,false,true,,-1.0831386244913783,false,,16695091.0,6410328.0,0.0,0.0,65430.0,,10000000.0,false,PASS,true,FAIL,,NOT_EVALUABLE,,NOT_EVALUABLE,true,FAIL,true,false,PASS,true,FAIL,,0,insufficient,true,,,,,,,,,,false,0,-1.0739431797916448,,,0.2170851196300699,,,,,,,,,,,,,,,,,,,,,,,,,,false,,,,,,-1.0739431797916448,-18092739.0,2026-08-25,,StockholdersEquity,,,NetIncomeLoss,NetCashProvidedByUsedInOperatingActivities,OperatingIncomeLoss,ShareBasedCompensation,170604.0,,,,,,,,,,,,,,,,,,,,,,ineligible:gate0_status,,,
MGSD,2003750,"MAITONG SUNSHINE CULTURAL DEVELOPMENT CO., LIMITED","",OTC,4700,Transportation Services,us-gaap,10-Q,USD,930,2025,2025-09-30,false,false,"",unknown,fcf,"goodwill,intangibles",never_acquired,never_acquired,never_acquired,"",,false,,45793.0,31.78472843751472,,,0.05433924206176126,,1.2447400883088735,-0.24460191266274917,,,false,,,1380218.0,-21229.0,86790.0,-674758.0,,false,false,false,,false,false,false,"",-0.015380903596388397,true,,75000.0,45793.0,0.0,0.0,4432.0,,60297260.0,false,PASS,false,PASS,,NOT_EVALUABLE,,NOT_EVALUABLE,false,PASS,false,false,PASS,false,PASS,,0,insufficient,true,,,,,,,,,,false,0,0.06288137091387012,,,8.805363245047525,,229238.0,-385211.0,-290001.0,,,,,,-227832.0,15189.0,,62332417.0,-0.6838637722485398,-0.9756348107674472,-0.9910003894730985,,,0,,,,,,0,false,,,,,,0.06288137091387012,86741.0,2026-08-25,,StockholdersEquity,,,NetIncomeLoss,NetCashProvidedByUsedInOperatingActivities,OperatingIncomeLoss,ShareBasedCompensation,107970.0,,,,,-384719.0,-384664.0,547.0,,,,,,,,,,,,,,,ineligible:gate0_status,,,
LHSW,2004024,Lianhe Sowell International Group Ltd,"",Nasdaq,7372,Services-Prepackaged Software,us-gaap,20-F,USD,331,2026,2026-03-31,false,false,ni_vs_oi,fail,"",goodwill,never_acquired,never_acquired,reported,"",,false,,13824739.0,1.5744296939146045,-9049402.0,-10349583.0,0.03004839267060876,1856373.0,0.18842082024899304,0.8344605242393788,,,false,,-3.1612716704740906,43269569.0,-5695012.0,-6824783.0,-8966396.0,83006.0,false,false,false,,false,false,true,,-0.13161702627544083,false,0.08150187546448072,1300181.0,13870849.0,0.0,46110.0,1885367.0,28994.0,3273867.0,false,PASS,false,PASS,true,FAIL,true,FAIL,false,PASS,false,true,FAIL,false,PASS,,0,insufficient,true,0.49037596025423813,,,,,,,-3.1612716704740906,,false,0,-0.15772708528712176,,,0.12197750697059877,rising,,,,,,,,,,,,,,,,,,,,,,,,,false,,,,,,-0.15772708528712176,-6962203.0,2026-08-25,PaymentsToAcquirePropertyPlantAndEquipment,StockholdersEquity,,IntangibleAssetsNetExcludingGoodwill,NetIncomeLoss,NetCashProvidedByUsedInOperatingActivities,OperatingIncomeLoss,ShareBasedCompensation,-1311824.0,,,,,,,,,,,,,,,,,,,,,,ineligible:gate0_status,,,
BMGL,2004489,Basel Medical Group Ltd,"",Nasdaq,8011,Services-Offices & Clinics of  Doctors of  Medicine,ifrs-full,20-F,SGD,630,2025,2025-06-30,false,false,tax_anomaly,fail,"tangible_book,sbc,ni_vs_oi","",unresolved,unresolved,unresolved,"",,true,,,0.45708510987088136,-4398885.0,,,1680726.0,0.03337676223503952,,0.9705114265582939,,false,,,11319944.0,-9503974.0,,-4344125.0,54760.0,false,true,false,0.046362460292195255,false,false,true,,-0.8395778283002107,false,,,4864541.0,,,2979083.0,1298357.0,18785750.0,,NOT_EVALUABLE,true,FAIL,true,FAIL,,NOT_EVALUABLE,,NOT_EVALUABLE,,,NOT_EVALUABLE,true,FAIL,,0,insufficient,true,,,,,,,,,,false,0,,,,0.8338312948042172,,,,,,,,,,,,,,,,,,,,,,,,,,false,10986135.0,,1181128.0,,,,-12505497.0,2026-08-25,PurchaseOfPropertyPlantAndEquipmentClassifiedAsInvestingActivities,Equity,,,ProfitLoss,CashFlowsFromUsedInOperatingActivities,,,-417393.0,,,,,,,,,,,,,,,,,,,,,,ineligible:gate0_status,,,
ADGM,2006986,"ADAGIO MEDICAL HOLDINGS, INC.","",Nasdaq,3841,Surgical & Medical Instruments & Apparatus,us-gaap,10-Q,USD,1231,2025,2025-12-31,false,false,tax_anomaly,fail,sbc,"",reported,reported,reported,"",,false,,-8534000.0,0.7580130760644236,-19388000.0,-20867000.0,,,-0.0,1.1459113750571037,,,false,,-1.2587827347152938,0.0,-25084000.0,-21890000.0,-19014000.0,374000.0,false,false,false,0.38556701030927837,false,false,false,"",,false,-93.14,1479000.0,12402000.0,13967000.0,6969000.0,17105000.0,,16577126.0,true,FAIL,true,FAIL,true,FAIL,true,FAIL,,NOT_EVALUABLE,,false,PASS,true,FAIL,,3,insufficient,true,,,,,,,,-1.2587827347152938,,false,0,,,,0.7295394705274291,rising,0.0,-27136000.0,-16533000.0,37000.0,1895000.0,-18465000.0,13967000.0,6969000.0,-415000.0,7740000.0,,22210459.0,-1.0,,,,,0,,,0.45295520805724887,,,0,false,,,970000.0,,0.0,,-25322000.0,2026-08-25,PaymentsToAcquirePropertyPlantAndEquipment,StockholdersEquity,Goodwill,IntangibleAssetsNetExcludingGoodwill,NetIncomeLoss,NetCashProvidedByUsedInOperatingActivities,OperatingIncomeLoss,ShareBasedCompensation,0.0,,,839000.0,,-19823000.0,,,,,,,,,,,,,,,,,ineligible:gate0_status,,,
TLX,2007191,Telix Pharmaceuticals Limited,"",Nasdaq,2834,Pharmaceutical Preparations,ifrs-full,20-F,USD,1231,2025,2025-12-31,false,false,tax_anomaly,fail,"","",reported,reported,reported,"",,false,,-376435000.0,2.4270877192982456,-42985000.0,-62335000.0,0.02407333222193746,-263158000.0,-0.35301936954044816,-0.2392866738312735,0.2745255625197501,0.5814512176005295,true,,-0.18448857582573694,803794000.0,-7125000.0,29776000.0,-17293000.0,25692000.0,false,false,false,1.2000560511934233,false,false,true,,-0.008864211477069995,false,0.03305924115106704,19350000.0,415376000.0,198988000.0,592823000.0,141866000.0,405024000.0,337880000.0,true,FAIL,false,PASS,true,FAIL,true,FAIL,false,PASS,false,false,PASS,true,FAIL,true,1,insufficient,true,0.7123324735635419,,,,-0.25470313284660256,,,-0.18448857582573694,,false,0,0.03704431732508578,,,2.211683530252402,falling,,,,,,,,,,,,,,,,,,,,,,,,,true,220662000.0,,21409000.0,,467367000.0,0.03704431732508578,-5266000.0,2026-08-25,PurchaseOfPropertyPlantAndEquipmentClassifiedAsInvestingActivities,Equity,Goodwill,IntangibleAssetsOtherThanGoodwill,ProfitLoss,CashFlowsFromUsedInOperatingActivities,ProfitLossFromOperatingActivities,AdjustmentsForSharebasedPayments,1859000.0,,,,,,,,,,,,,,,,,,,,,,ineligible:gate0_status,,,
LAWR,2007599,"Robot Consulting Co., Ltd.","",Nasdaq,7370,"Services-Computer Programming, Data Processing, Etc.",us-gaap,20-F,,331,2026,2026-03-31,false,false,"",unknown,"tangible_book,income_quality,fcf,sbc,ni_vs_oi,tax_anomaly","goodwill,intangibles",unresolved,never_acquired,never_acquired,"",,true,,,,,,,,,,,,false,,,,,,,,false,false,false,,false,false,true,,,false,,,,0.0,0.0,,,44870959.0,,NOT_EVALUABLE,,NOT_EVALUABLE,,NOT_EVALUABLE,,NOT_EVALUABLE,,NOT_EVALUABLE,,,NOT_EVALUABLE,,NOT_EVALUABLE,,0,insufficient,true,,,,,,,,,,false,0,,,,,,,,,,,,,,,,,43775934.0,,,,,,,,,,,,,false,,,,,,,,2026-08-25,,,,,,,,,,,,,,,,,,,,,,,,,,,,,,,ineligible:gate0_status,,,
HKPD,2007702,"Cellyan Biotechnology Co., Ltd","",Nasdaq,5122,"Wholesale-Drugs, Proprietaries & Druggists' Sundries",ifrs-full,20-F,USD,331,2025,2025-03-31,false,false,ni_vs_oi,fail,sbc,"goodwill,intangibles",never_acquired,never_acquired,never_acquired,"",,true,,4989769.0,-21.0383648728563,499298.0,,,-1126634.0,1.749224634470536,0.01184284074101796,,,false,,,20313818.0,-27056.0,-2284587.0,569214.0,69916.0,false,false,false,0.9227885859092468,false,true,false,"",-0.0013319012703569561,false,-0.14266982192006986,,4989769.0,0.0,0.0,748721.0,1875355.0,10205479.0,false,PASS,true,FAIL,false,PASS,,NOT_EVALUABLE,,NOT_EVALUABLE,,true,FAIL,false,PASS,,0,insufficient,true,,,,,,,,,,false,0,-0.11246467798421744,,,-6.534905471409963,falling,16359769.0,-701880.0,-427922.0,64314.0,,,,,5143431.0,190912.0,1690031.0,11000000.0,,,,,,0,,,,,,0,false,,,75766.0,,,-0.11246467798421744,36112.0,2026-08-25,PurchaseOfPropertyPlantAndEquipmentClassifiedAsInvestingActivities,EquityAttributableToOwnersOfParent,,,ProfitLoss,CashFlowsFromUsedInOperatingActivities,ProfitLossFromOperatingActivities,,63168.0,,,89106.0,,-2106969.0,-770948.0,-69068.0,,,,,,,,,,,,,,,ineligible:gate0_status,,,
INFQ,2007825,"INFLEQTION, INC.","",NYSE,7374,Services-Computer Processing & Data Preparation,us-gaap,10-Q,USD,1231,2025,2025-12-31,false,false,"tax_anomaly,ni_vs_oi",fail,"fcf,sbc",intangibles,never_acquired,reported,never_acquired,"",,true,,-219972000.0,0.749193248107236,,,,,-0.0,0.9022649010330637,,,false,,,31108000.0,-32228000.0,-35719000.0,-24145000.0,,false,false,false,,false,false,false,"",-1.036003600360036,false,,,-210657000.0,9315000.0,0.0,11694000.0,,46186000.0,true,FAIL,true,FAIL,,NOT_EVALUABLE,,NOT_EVALUABLE,,NOT_EVALUABLE,,true,FAIL,true,FAIL,,0,insufficient,true,,,,,,,,,,false,0,-1.1482255368393983,,,0.3748836607584366,,41081000.0,-71637000.0,-20392000.0,,,,9315000.0,,574383000.0,59285000.0,,169199551.0,,,0.19318318679995183,1.5654728065188555,,1,,,,,,0,false,,,,,,-1.1482255368393983,-32228000.0,2026-08-25,,StockholdersEquity,Goodwill,,NetIncomeLoss,NetCashProvidedByUsedInOperatingActivities,OperatingIncomeLoss,,0.0,,,,,-81412000.0,-71637000.0,0.0,,,,,,,,,,,,,,,ineligible:gate0_status,,,
JLHL,2007846,Julong Holding Ltd,"",Nasdaq,8711,Services-Engineering Services,us-gaap,20-F,USD,930,2025,2025-09-30,false,false,"",fail,"fcf,sbc","goodwill,intangibles",never_acquired,never_acquired,never_acquired,"",,true,,9806222.0,0.009940444983065556,,,,,0.1501766813062503,0.8472344327582055,,,false,,,35399312.0,3673578.0,4335964.0,36517.0,,false,false,false,,false,false,true,,0.10377540670846937,false,,,9806222.0,0.0,0.0,8743805.0,,20387159.0,false,PASS,true,FAIL,,NOT_EVALUABLE,,NOT_EVALUABLE,,NOT_EVALUABLE,,false,PASS,false,PASS,,0,insufficient,true,,,,,,,,,,false,0,0.12248723930001804,,,0.009940444983065556,,,,,,,,,,3988398.0,2931499.0,,20011132.0,,,,,,0,,,,,,0,false,,,,,,0.12248723930001804,4322755.0,2026-08-25,,StockholdersEquity,,,NetIncomeLoss,NetCashProvidedByUsedInOperatingActivities,OperatingIncomeLoss,,649177.0,,,,,,,,,,,,,,,,,,,,,,ineligible:gate0_status,,,
VG,2007855,"VENTURE GLOBAL, INC.","",NYSE,4924,Natural Gas Distribution,us-gaap,10-Q,USD,1231,2025,2025-12-31,false,false,"",fail,"","goodwill,intangibles",never_acquired,never_acquired,never_acquired,"",,false,,6743000000.0,2.402488108305891,-6799000000.0,-6845000000.0,0.003340838114605273,-31850000000.0,0.1873327386262266,0.5300620636152056,,,false,,-2.5977229601518026,13769000000.0,2733000000.0,5156000000.0,6566000000.0,13365000000.0,false,false,false,14.20297555791711,false,false,false,"",0.19848936015687413,false,0.6141572749145245,46000000.0,6743000000.0,0.0,0.0,2355000000.0,34205000000.0,2635000000.0,false,PASS,false,PASS,true,FAIL,true,FAIL,false,PASS,false,false,PASS,false,PASS,,0,insufficient,true,,,,,,,,-2.5977229601518026,,false,0,0.37446437649793013,,,1.6305326186657336,rising,16951000000.0,3783000000.0,6829000000.0,13819000000.0,50000000.0,-7040000000.0,,,8572000000.0,3120000000.0,41814000000.0,2639000000.0,,,0.5891499654457498,0.4762979683972912,,0,,,-0.02806122448979592,,,0,false,,,941000000.0,465000000.0,,0.37446437649793013,3363000000.0,2026-08-25,PaymentsToAcquirePropertyPlantAndEquipment,StockholdersEquity,,,ProfitLoss,NetCashProvidedByUsedInOperatingActivities,OperatingIncomeLoss,ShareBasedCompensation,630000000.0,,,969000000.0,554000000.0,6377000000.0,4593000000.0,810000000.0,,,,,,,,,,,,,,,ineligible:gate0_status,,,
INBX,2007919,"INHIBRX BIOSCIENCES, INC.","",Nasdaq,2836,"Biological Products, (No Diagnostic Substances)",us-gaap,10-Q,USD,1231,2025,2025-12-31,false,false,"tax_anomaly,sbc",fail,"","goodwill,intangibles",never_acquired,never_acquired,never_acquired,"",,false,,7993000.0,0.9267359251722538,-129825000.0,-140963000.0,8.567692307692308,23661000.0,-0.000014280308169050288,1.0372523606739492,,,false,,-9.10202104991283,1300000.0,-140055000.0,-135025000.0,-129794000.0,31000.0,false,true,false,0.012484897301651228,false,false,false,"",-107.73461538461538,false,-121.78944444444444,11138000.0,7993000.0,0.0,0.0,124220000.0,100559000.0,15487000.0,false,PASS,false,PASS,true,FAIL,true,FAIL,true,FAIL,true,false,PASS,true,FAIL,,0,insufficient,true,,,,,,,,-9.10202104991283,,false,0,-103.86538461538461,,,0.5374826111353624,rising,0.0,-138181000.0,-131889000.0,10000.0,11675000.0,-143574000.0,,,-52977000.0,133344000.0,176285000.0,15627000.0,12.0,,,-1.0,,0,,,-0.05874819022162824,,,0,false,,,2483000.0,,,-103.86538461538461,-140053000.0,2026-08-25,PaymentsToAcquirePropertyPlantAndEquipment,StockholdersEquity,,,NetIncomeLoss,NetCashProvidedByUsedInOperatingActivities,OperatingIncomeLoss,ShareBasedCompensation,2000.0,,,2207000.0,,-127811000.0,-138178000.0,3000.0,,,,,,,,,,,,,,,ineligible:gate0_status,,,
MAMK,2008007,MaxsMaking Inc.,"",Nasdaq,2390,Miscellaneous Fabricated Textile Products,us-gaap,20-F,USD,1031,2025,2025-10-31,false,false,"",fail,sbc,goodwill,never_acquired,never_acquired,reported,"",,true,,12277340.0,-2608.956071076012,-5342622.0,,,-2178354.0,0.7881855159193978,0.01956108252150657,,,false,,,29220846.0,2026.0,103573.0,-5285745.0,56877.0,false,false,false,,false,false,false,"",0.00006933406377077516,false,0.09173051851565261,,12283787.0,0.0,6447.0,122381.0,2300735.0,,false,PASS,true,FAIL,true,FAIL,,NOT_EVALUABLE,,NOT_EVALUABLE,,false,PASS,false,PASS,,0,insufficient,true,,,,,,,,,,false,0,0.003544490121880797,,,-870.3153518861177,falling,24104331.0,1036688.0,-464060.0,63297.0,,,,6850.0,8010872.0,186007.0,1840642.0,15000000.0,,,,,,0,,,,,,0,false,,,,,,0.003544490121880797,85556.0,2026-08-25,PaymentsToAcquirePropertyPlantAndEquipment,StockholdersEquity,,IntangibleAssetsNetExcludingGoodwill,NetIncomeLoss,NetCashProvidedByUsedInOperatingActivities,OperatingIncomeLoss,,67434.0,,,,,1316122.0,1315601.0,243627.0,,,,,,,,,,,,,,,ineligible:gate0_status,,,
PUSA,2009312,Aureus     Greenway Holdings Inc.,"",Nasdaq,7997,Services-Membership Sports & Recreation Clubs,us-gaap,10-Q,USD,1231,2025,2025-12-31,false,false,"tax_anomaly,sbc,ni_vs_oi",fail,"","goodwill,intangibles",never_acquired,never_acquired,never_acquired,"",,false,,32715258.0,0.551626720478212,-3102356.0,-4993314.0,0.6378938981108003,,0.02425723946394823,0.8345129214545235,,,false,,-0.3602794288043364,2964377.0,-3677030.0,-4406199.0,-2028348.0,1074008.0,false,false,false,,false,false,false,"",-1.2404056569053126,false,0.07121758387177358,1890958.0,32715258.0,0.0,0.0,28668169.0,,13859559.0,false,PASS,true,FAIL,true,FAIL,true,FAIL,true,FAIL,true,true,FAIL,true,FAIL,,0,insufficient,true,-0.004929778670567875,,,,,,,-0.3602794288043364,,false,0,-1.4863828048861532,,,0.753235679256957,falling,3211610.0,-4953142.0,-1599180.0,776232.0,,,,,46642020.0,22200258.0,,47393195.0,,-0.2289339183655719,0.10615031493460787,0.17638717304958887,,2,,,4.725365960235963,,,0,false,,,,,,-1.4863828048861532,-3768442.0,2026-08-25,PaymentsToAcquirePropertyPlantAndEquipment,StockholdersEquity,,,NetIncomeLoss,NetCashProvidedByUsedInOperatingActivities,OperatingIncomeLoss,ShareBasedCompensation,-91412.0,,,,,-6555188.0,-5120294.0,-167152.0,,,,,,,,,,,,,,,ineligible:gate0_status,,,
SEG,2009684,Seaport Entertainment Group Inc.,"",NYSE,7990,Services-Miscellaneous Amusement & Recreation,us-gaap,10-Q,USD,1231,2025,2025-12-31,false,false,"tax_anomaly,ni_vs_oi",fail,fcf,"goodwill,intangibles",never_acquired,never_acquired,never_acquired,"",,false,,456507000.0,0.4253653355262031,,,0.11563707747990921,,-0.0,0.988074582525751,,,false,,,130408000.0,-116742000.0,-118151000.0,-49658000.0,,false,false,false,,false,false,false,sbc,-0.8952058155941354,false,-6.588165639257479,15080000.0,456507000.0,0.0,0.0,77808000.0,,12719000.0,false,PASS,true,FAIL,,NOT_EVALUABLE,,NOT_EVALUABLE,false,PASS,true,true,FAIL,true,FAIL,,0,insufficient,true,0.03085237451769962,,,,,,,,,false,0,-0.9060103674621189,,,0.2766417099338003,rising,121565000.0,-124641000.0,-40189000.0,,,,,,403925000.0,117795000.0,,12792000.0,0.1820908820908821,0.14253106771493787,-0.20735577820648454,-0.1384638576920178,-0.1311551065270122,1,,,,,,0,false,,,32190000.0,,,-0.9060103674621189,-115342000.0,2026-08-25,,StockholdersEquity,,,NetIncomeLoss,NetCashProvidedByUsedInOperatingActivities,OperatingIncomeLoss,AllocatedShareBasedCompensationExpense,0.0,,,44449000.0,,-123064000.0,-123241000.0,0.0,,,,,,,,,,,,,,,ineligible:gate0_status,,,
TMDE,2009714,TMD ENERGY LIMITED,"",NYSE,5172,Wholesale-Petroleum & Petroleum Products (No Bulk Stations),us-gaap,20-F,USD,630,2025,2025-06-30,false,false,"",unknown,"income_quality,fcf,sbc,ni_vs_oi,tax_anomaly",intangibles,carried_forward,carried_forward,never_acquired,goodwill,547,true,,21585539.0,,,,,6126237.0,,,,,false,,,,,,,,false,false,false,,false,false,true,,,false,0.0041135179341766775,,21586668.0,1129.0,0.0,7060410.0,934173.0,,false,PASS,,NOT_EVALUABLE,,NOT_EVALUABLE,,NOT_EVALUABLE,,NOT_EVALUABLE,,,NOT_EVALUABLE,,NOT_EVALUABLE,,0,insufficient,true,,,,,,,,,,false,0,,,,-6.305837582845087,,,,,,,,,,,,,21359033.0,,,,,,,,,,,,,false,,,,,,,,2026-08-25,,StockholdersEquity,,,,,,,,,,,,,,,,,,,,,,,,,,,,,ineligible:gate0_status,,,
DGNX,2010499,DIGINEX LIMITED,"",Nasdaq,7374,Services-Computer Processing & Data Preparation,ifrs-full,20-F,USD,331,2025,2025-03-31,false,false,ni_vs_oi,unknown,"fcf,sbc,tax_anomaly","goodwill,intangibles",never_acquired,never_acquired,never_acquired,"",,true,,4557950.0,1.4715965975807226,,,,,,0.6277618308093824,,,false,,,2040602.0,-5212879.0,-8303912.0,-7671255.0,,false,false,false,,false,false,false,"",-2.554578991885728,false,-4.474654669838101,,4557950.0,0.0,0.0,3111141.0,,15664305.0,false,PASS,false,PASS,,NOT_EVALUABLE,,NOT_EVALUABLE,,NOT_EVALUABLE,,true,FAIL,,NOT_EVALUABLE,,0,insufficient,true,,,,,,,,,,false,0,-4.069344242532351,,,1.1286179060010222,rising,3565215.0,-9857174.0,-8643170.0,,,,,,10881844.0,1850673.0,,191456817.0,,,,,,0,,,,,,0,false,,,,,,-4.069344242532351,-5212879.0,2026-08-25,,Equity,,,ProfitLoss,CashFlowsFromUsedInOperatingActivities,ProfitLossFromOperatingActivities,,,,,,,-10155077.0,-9846424.0,,,,,,,,,,,,,,,,ineligible:gate0_status,,,
FVN,2010653,FUTURE VISION II ACQUISITION CORP.,"",Nasdaq,7373,Services-Computer Integrated Systems Design,us-gaap,10-Q,USD,1231,2025,2025-12-31,false,false,ni_vs_oi,fail,"fcf,sbc,tax_anomaly","goodwill,intangibles",never_acquired,never_acquired,never_acquired,"",,true,,1804521.0,-0.14866140211065226,,,,,,-5.294605023922833,,,false,,,,2070450.0,-391049.0,-307796.0,,false,false,false,,false,false,false,"",,false,,,1804521.0,0.0,0.0,1024709.0,,,false,PASS,true,FAIL,,NOT_EVALUABLE,,NOT_EVALUABLE,,NOT_EVALUABLE,,true,FAIL,,NOT_EVALUABLE,,0,insufficient,true,,,,,,,,,,false,0,,,,-0.14866140211065226,,,1892991.0,-342862.0,,,,,,-151600.0,788401.0,,,,,,,,0,,,,,,0,false,,,,,,,2070450.0,2026-08-25,,StockholdersEquity,,,NetIncomeLoss,NetCashProvidedByUsedInOperatingActivities,OperatingIncomeLoss,,,,,,,-414284.0,1892991.0,,,,,,,,,,,,,,,,ineligible:gate0_status,,,
EXOZ,2010788,EXOZYMES INC.,"",Nasdaq,2836,"Biological Products, (No Diagnostic Substances)",us-gaap,10-Q,USD,1231,2025,2025-12-31,false,false,"tax_anomaly,ni_vs_oi",fail,sbc,"goodwill,intangibles",never_acquired,never_acquired,never_acquired,"",,false,,3397249.0,0.709927813167191,-6671957.0,-8660062.0,,,0.01135640033899187,0.9425988097942144,,,false,,-1.033242243222051,,-9158734.0,-9716471.0,-6502040.0,169917.0,false,false,false,,false,false,false,"",,false,-25.635045455194167,1988105.0,3397249.0,0.0,0.0,3039343.0,,8381444.0,false,PASS,true,FAIL,true,FAIL,true,FAIL,,NOT_EVALUABLE,,true,FAIL,true,FAIL,,0,insufficient,true,,,,,,,,-1.033242243222051,,false,0,,,,0.9134628868379518,rising,,-10190888.0,-6995227.0,145901.0,2823611.0,-9964739.0,,,3654100.0,5652696.0,,8563419.0,,,,,,0,,,-0.3584694554856304,,,0,false,,,,,,,-9263939.0,2026-08-25,PaymentsToAcquirePropertyPlantAndEquipment,StockholdersEquity,,,NetIncomeLoss,NetCashProvidedByUsedInOperatingActivities,OperatingIncomeLoss,ShareBasedCompensation,-105205.0,,,,,-10558562.0,-10296093.0,,,,,,,,,,,,,,,,ineligible:gate0_status,,,
AHMA,2010959,AMBITIONS ENTERPRISE MANAGEMENT CO. L.L.C,"",Nasdaq,7900,Services-Amusement & Recreation Services,us-gaap,20-F,USD,1231,2025,2025-12-31,false,false,"",fail,sbc,"goodwill,intangibles",never_acquired,never_acquired,never_acquired,"",,true,,12491867.0,0.4059318680528077,-1103770.0,,,,0.08736523939244036,0.9473912497928088,,,false,,,20229180.0,1223156.0,1291078.0,496518.0,1600288.0,false,false,false,,false,false,true,,0.06046493234031236,false,0.07517598974517292,,12491867.0,0.0,0.0,2868138.0,,28335548.0,false,PASS,true,FAIL,true,FAIL,,NOT_EVALUABLE,,NOT_EVALUABLE,,false,PASS,false,PASS,,0,insufficient,true,,,,,,,,,,false,0,0.06382255731571918,,,0.5279447767087767,rising,,,,,,,,,,,,,,,,,,,,,,,,,false,,,,,,0.06382255731571918,1340247.0,2026-08-25,PaymentsToAcquirePropertyPlantAndEquipment,StockholdersEquity,,,NetIncomeLoss,NetCashProvidedByUsedInOperatingActivities,OperatingIncomeLoss,,117091.0,,,,,,,,,,,,,,,,,,,,,,ineligible:gate0_status,,,
PVIT,2010982,"PALISADES VENTURE, INC.","",OTC,7374,Services-Computer Processing & Data Preparation,us-gaap,10-Q,USD,1231,2025,2025-12-31,false,false,"",fail,"fcf,sbc,tax_anomaly","goodwill,intangibles",never_acquired,never_acquired,never_acquired,"",,true,,-393553.0,0.48551795389291336,,,,,,1.6605026929982047,,,false,,,198141.0,-83241.0,-50130.0,-40415.0,,false,false,false,,false,false,false,"",-0.4201099217224098,false,0.2957136544410075,,-393553.0,0.0,0.0,906.0,,109500000.0,true,FAIL,true,FAIL,,NOT_EVALUABLE,,NOT_EVALUABLE,,NOT_EVALUABLE,,false,PASS,,NOT_EVALUABLE,,0,insufficient,true,,,,,,,,,,false,0,-0.25300165033990946,,,0.9437437494630663,falling,203754.0,-76982.0,-32030.0,,,,,,-417994.0,1733.0,,109500000.0,0.1991073999424129,0.11979249618893768,-0.019882194086221404,0.1326489774682835,-0.033904995769754726,1,,,,,,0,false,,,,,,-0.25300165033990946,,2026-08-25,,StockholdersEquity,,,NetIncomeLoss,NetCashProvidedByUsedInOperatingActivities,OperatingIncomeLoss,,0.0,,,,,-43603.0,,0.0,,,,,,,,,,,,,,,ineligible:gate0_status,,,
PBK,2011053,POWERBANK CORPORATION,"",Nasdaq,1700,Construction - Special Trade Contractors,ifrs-full,40-F,CAD,630,2025,2025-06-30,false,false,ni_vs_oi,fail,fcf,intangibles,never_acquired,reported,never_acquired,"",,false,,16475000.0,0.5546985473711274,,,0.0038284654836146493,-55336000.0,0.11942494906044827,0.7962944006551336,,,false,,,41531000.0,-31116000.0,-39076000.0,-17260000.0,,false,false,false,,false,false,true,,-0.7492234716236065,false,,159000.0,19241000.0,2766000.0,0.0,7624000.0,62960000.0,32197331000.0,false,PASS,true,FAIL,,NOT_EVALUABLE,,NOT_EVALUABLE,false,PASS,false,true,FAIL,false,PASS,,0,insufficient,true,,,,,,,,,,false,0,-0.9408875297970191,,,-0.2503245705147841,falling,,,,,,,,,,,,,,,,,,,,,,,,,false,,,100000.0,,,-0.9408875297970191,-35336000.0,2026-08-25,,EquityAttributableToOwnersOfParent,Goodwill,,ProfitLoss,CashFlowsFromUsedInOperatingActivities,ProfitLossFromOperatingActivities,AdjustmentsForSharebasedPayments,-4220000.0,,,,,,,,,,,,,,,,,,,,,,ineligible:gate0_status,,,
SPAI,2011208,SAFE PRO GROUP INC.,"",Nasdaq,3842,"Orthopedic, Prosthetic & Surgical Appliances & Supplies",us-gaap,10-Q,USD,1231,2025,2025-12-31,false,false,ni_vs_oi,fail,tax_anomaly,goodwill,structured_absence_asc350,structured_absence_asc350,reported,"",,false,,16882552.0,0.4340195432743883,-6265174.0,-6273574.0,0.013845826719478605,,,0.9846860158884562,,,false,,-0.37106975899056494,606681.0,-14322779.0,-14545529.0,-6216366.0,48808.0,false,true,false,0.12799412582277817,false,false,false,"",-23.608418592307984,false,-6.8723902715425185,8400.0,17717013.0,0.0,834461.0,16793088.0,,16906724.0,false,PASS,true,FAIL,true,FAIL,true,FAIL,false,PASS,false,true,FAIL,,NOT_EVALUABLE,false,0,insufficient,true,,,,,,,,-0.37106975899056494,,false,0,-23.975580247279872,,,0.4342247161750543,rising,2881329.0,-14405550.0,-8287331.0,136110.0,,,684867.0,781548.0,11970758.0,10230514.0,,20575346.0,-0.8557471434192497,-0.6933630833605438,5.602358199586584,13.361519303957824,4.894752062507835,3,,,-0.2772703693132694,,,0,false,,,381330.0,,,-23.975580247279872,,2026-08-25,PaymentsToAcquirePropertyPlantAndEquipment,StockholdersEquity,,IntangibleAssetsNetExcludingGoodwill,NetIncomeLoss,NetCashProvidedByUsedInOperatingActivities,OperatingIncomeLoss,AllocatedShareBasedCompensationExpense,,,,335789.0,,-14805453.0,,,,,,,,,,,,,,,,,ineligible:gate0_status,,,
AMTM,2011286,"Amentum Holdings, Inc.","",NYSE,7389,"Services-Business Services, NEC",us-gaap,10-Q,USD,1002,2025,2025-10-03,false,false,"",fail,"","",reported,reported,reported,"",,false,,-3153000000.0,8.227272727272727,516000000.0,495000000.0,0.0014590425901479887,-3506000000.0,0.48695652173913045,0.1375,0.004863475300493295,-0.03619815187938581,true,,2.028688524590164,14393000000.0,66000000.0,480000000.0,543000000.0,27000000.0,false,false,false,,false,false,false,"",0.004585562426179393,true,0.007247298156389066,21000000.0,4505000000.0,5703000000.0,1955000000.0,437000000.0,3943000000.0,244000000.0,true,FAIL,false,PASS,false,PASS,false,PASS,false,PASS,false,false,PASS,false,PASS,true,3,3y,true,0.23312031649773401,,0.20251230101858586,,1.1666666666666667,,,2.028688524590164,,false,4,0.03334954491766831,,,2.4802420664623552,rising,14130000000.0,204000000.0,505000000.0,31000000.0,29000000.0,445000000.0,5703000000.0,1675000000.0,4695000000.0,459000000.0,3825000000.0,245000000.0,,-0.052400468384074944,-0.0037238613577771414,-0.019938219601235607,,0,,-2.392156862745098,,,,0,true,70000000.0,,,,-521000000.0,0.03334954491766831,115000000.0,2026-08-25,PaymentsToAcquirePropertyPlantAndEquipment,StockholdersEquity,Goodwill,FiniteLivedIntangibleAssetsNet,NetIncomeLoss,NetCashProvidedByUsedInOperatingActivities,OperatingIncomeLoss,ShareBasedCompensation,56000000.0,0.0,,,,596000000.0,270000000.0,69000000.0,,,,,,,,,,,,,,,ineligible:gate0_status,,,
ZTG,2011458,ZENTA GROUP COMPANY LIMITED,"",Nasdaq,8742,Services-Management Consulting Services,us-gaap,20-F,USD,930,2025,2025-09-30,false,false,"",fail,"fcf,sbc,ni_vs_oi",goodwill,never_acquired,never_acquired,reported,"",,true,,5993710.0,-3.657704963873229,,,,,0.22405342553753713,,,,false,,,3163432.0,1001335.0,,-3662588.0,,false,false,false,,false,false,true,,0.31653438417516166,false,,,6894745.0,0.0,901035.0,1042230.0,,10124830.0,false,PASS,true,FAIL,,NOT_EVALUABLE,,NOT_EVALUABLE,,NOT_EVALUABLE,,,NOT_EVALUABLE,false,PASS,,0,insufficient,true,,,,,,,,,,false,0,,,,-0.9097481563095302,falling,,,,,,,,,,,,,,,,,,,,,,,,,false,,,,,,,1290469.0,2026-08-25,,StockholdersEquity,,FiniteLivedIntangibleAssetsNet,NetIncomeLoss,NetCashProvidedByUsedInOperatingActivities,,,289134.0,,,,,,,,,,,,,,,,,,,,,,ineligible:gate0_status,,,
AVR,2011514,Anteris Technologies Global Corp.,"",Nasdaq,3842,"Orthopedic, Prosthetic & Surgical Appliances & Supplies",us-gaap,10-Q,USD,1231,2025,2025-12-31,false,false,"tax_anomaly,sbc",fail,"",goodwill,never_acquired,never_acquired,reported,"",,false,,-158000.0,0.8264254758667573,-79757000.0,-87540000.0,4.068478829064297,,-0.0,1.0026625769484738,,,false,,-2.3716204002918118,1913000.0,-94144000.0,-93894000.0,-77803000.0,1954000.0,false,false,false,1.176399759181216,false,false,false,"",-49.212754835337165,false,,7783000.0,-93000.0,0.0,65000.0,6697000.0,,36911472.0,true,FAIL,false,PASS,true,FAIL,true,FAIL,true,FAIL,true,false,PASS,true,FAIL,,0,insufficient,true,,,,,,,,-2.3716204002918118,,false,0,-49.08207004704652,,,0.8145772501300991,,2242000.0,-103564000.0,-86256000.0,1954000.0,8471000.0,-96681000.0,,97000.0,251387000.0,249904000.0,,90214603.0,,,-0.11151079136690648,0.6326860841423948,,1,,,-0.3257119197681373,,,0,false,,,1661000.0,,,-49.08207004704652,-94225000.0,2026-08-25,PaymentsToAcquirePropertyPlantAndEquipment,StockholdersEquity,,FiniteLivedIntangibleAssetsNet,NetIncomeLoss,NetCashProvidedByUsedInOperatingActivities,OperatingIncomeLoss,ShareBasedCompensation,0.0,,,1738000.0,,-106234000.0,-102415000.0,492000.0,,,,,,,,,,,,,,,ineligible:gate0_status,,,
YDES,2011674,YD Bio Limited,"",Nasdaq,8071,Services-Medical Laboratories,us-gaap,20-F,USD,1231,2025,2025-12-31,false,false,tax_anomaly,fail,sbc,goodwill,never_acquired,never_acquired,reported,"",,true,,-5465402.0,0.793701743502473,-8036725.0,,,,0.00018417276295353444,1.576584952048866,,,false,,,596817.0,-8311316.0,-5271721.0,-6596706.0,1440019.0,false,false,false,,false,false,true,,-13.926071140734932,false,-0.02812375939291294,,-2855663.0,0.0,2609739.0,6007615.0,,66719177.0,true,FAIL,true,FAIL,true,FAIL,,NOT_EVALUABLE,,NOT_EVALUABLE,,false,PASS,true,FAIL,,0,insufficient,true,,,,,,,,,,false,0,-8.833061055566446,,,-0.8148682872856573,rising,,,,,,,,,-67680.0,,,1000.0,,,,,,0,,,,,,0,false,,,,,,-8.833061055566446,-8312847.0,2026-08-25,PaymentsToAcquirePropertyPlantAndEquipment,StockholdersEquity,,IntangibleAssetsNetExcludingGoodwill,NetIncomeLoss,NetCashProvidedByUsedInOperatingActivities,OperatingIncomeLoss,,-1531.0,,,,,,,,,,,,,,,,,,,,,,ineligible:gate0_status,,,
TWNPQ,2011954,Twin Hospitality Group Inc.,"",OTC,5812,Retail-Eating  Places,us-gaap,10-Q,USD,1231,2024,2024-12-29,false,false,"",fail,"","",reported,reported,reported,"",,false,,-368545000.0,0.3121444882707079,-40175000.0,-40386000.0,0.0005963804511575717,,0.14851870183129465,5.782713085234094,,-0.008340846973298548,false,,,353801000.0,-48170000.0,-8330000.0,-15036000.0,25139000.0,false,false,false,1.0690623006591538,false,false,false,"",-0.13614998261734704,false,,211000.0,-84609000.0,117185000.0,166751000.0,,415698000.0,,true,FAIL,true,FAIL,true,FAIL,true,FAIL,false,PASS,false,false,PASS,false,PASS,false,2,insufficient,true,,,,,,,,,,false,0,-0.0235443088063629,,,-0.06231648418834548,,343748000.0,-69377000.0,-27863000.0,12174000.0,15911000.0,-55948000.0,117185000.0,164591000.0,-92127000.0,,402725000.0,53217793.0,,,,,,0,,,,,,0,false,,,23515000.0,,-2951000.0,-0.0235443088063629,-56572000.0,2026-08-25,PaymentsToAcquirePropertyPlantAndEquipment,StockholdersEquity,Goodwill,IntangibleAssetsNetExcludingGoodwill,NetIncomeLoss,NetCashProvidedByUsedInOperatingActivities,OperatingIncomeLoss,ShareBasedCompensation,-8402000.0,,,19773000.0,,-33075000.0,-80361000.0,-10984000.0,,,,,,,,,,,,,,,ineligible:gate0_status,,,
PMAX,2012096,Powell Max Limited,"",Nasdaq,7380,Services-Miscellaneous Business Services,ifrs-full,20-F,HKD,1231,2024,2024-12-31,false,false,ni_vs_oi,fail,"sbc,tax_anomaly","goodwill,intangibles",never_acquired,never_acquired,never_acquired,"",,true,,21267637.0,4.904282056329094,-12901772.0,,,40795264.0,,0.14489235256147365,,,false,,,36461260.0,-2326826.0,-16058998.0,-11411411.0,1490361.0,false,false,false,0.4399541613862815,false,false,true,,-0.06381639032770672,false,0.015669282418699942,,21267637.0,0.0,0.0,42222014.0,1426750.0,13178314.0,false,PASS,false,PASS,true,FAIL,,NOT_EVALUABLE,,NOT_EVALUABLE,,true,FAIL,,NOT_EVALUABLE,,0,insufficient,true,,,,,,,,,,false,0,-0.44044001770646435,,,-16.532983285705622,rising,,,,,,,,,,,,,,,,,,,,,,,,,false,,,3387537.0,,,-0.44044001770646435,-18074094.0,2026-08-25,PurchaseOfPropertyPlantAndEquipmentClassifiedAsInvestingActivities,Equity,,,ProfitLoss,CashFlowsFromUsedInOperatingActivities,ProfitLossFromOperatingActivities,,,,,,,,,,,,,,,,,,,,,,,,ineligible:gate0_status,,,
RAPP,2012593,"Rapport Therapeutics, Inc.","",Nasdaq,2834,Pharmaceutical Preparations,us-gaap,10-Q,USD,1231,2025,2025-12-31,false,false,ni_vs_oi,fail,"sbc,tax_anomaly","goodwill,intangibles",never_acquired,never_acquired,never_acquired,"",,false,,484653000.0,0.7846308405765902,-88089000.0,-106944000.0,,,,0.8911582027034589,,,false,,-2.746762138294121,,-111483000.0,-125099000.0,-87473000.0,616000.0,false,false,false,0.6057030481809242,false,false,false,pretax_income,,false,,18855000.0,484653000.0,0.0,0.0,52645000.0,,38934569.0,false,PASS,true,FAIL,true,FAIL,true,FAIL,,NOT_EVALUABLE,,true,FAIL,,NOT_EVALUABLE,,0,insufficient,true,,,,,,,,-2.746762138294121,,false,0,,,,0.7979594002635354,rising,,-137160000.0,-96682000.0,467000.0,24591000.0,-121740000.0,,,422926000.0,63612000.0,,47355550.0,,,,,,0,,,0.3595576773187841,,,0,false,,,1017000.0,,,,,2026-08-25,PaymentsToAcquirePropertyPlantAndEquipment,StockholdersEquity,,,NetIncomeLoss,NetCashProvidedByUsedInOperatingActivities,OperatingIncomeLoss,ShareBasedCompensation,0.0,,,960000.0,,-153516000.0,,,,,,,,,,,,,,,,,ineligible:gate0_status,,,
TNMG,2013186,TNL Mediagene,"",Nasdaq,7310,Services-Advertising,ifrs-full,20-F,USD,1231,2024,2024-12-31,false,false,tax_anomaly,fail,"","",reported,reported,reported,"",,false,,-28539498.0,0.1201749137881528,-10301191.0,-10552143.0,0.00517491922746485,-5384439.0,0.0036026232644949933,1.1130736555475425,,-0.602325731833843,false,,-0.42997540754918523,48493897.0,-84976720.0,-76344202.0,-10212070.0,89121.0,false,true,false,0.07821144233199472,false,false,true,,-1.7523178225911602,false,-0.1707488767862699,250952.0,36399136.0,33960053.0,30978581.0,3646756.0,9031195.0,24541271.0,true,FAIL,true,FAIL,true,FAIL,true,FAIL,false,PASS,false,false,PASS,true,FAIL,false,2,insufficient,true,,,,,,,,-0.42997540754918523,,false,0,-1.5743053605281505,,,0.4528446038231435,rising,,,,,,,,,,,,,,,,,,,,,,,,,false,,,1139488.0,,-29209122.0,-1.5743053605281505,-85283966.0,2026-08-25,PurchaseOfPropertyPlantAndEquipmentClassifiedAsInvestingActivities,EquityAttributableToOwnersOfParent,Goodwill,IntangibleAssetsOtherThanGoodwill,ProfitLoss,CashFlowsFromUsedInOperatingActivities,ProfitLossFromOperatingActivities,AdjustmentsForSharebasedPayments,-307246.0,,,,,,,,,,,,,,,,,,,,,,ineligible:gate0_status,,,
HSLV,2013223,Highlander Silver Corp.,"",NYSE,1040,Gold and Silver Ores,ifrs-full,40-F,CAD,1231,2025,2025-12-31,false,false,"",unknown,"income_quality,fcf,sbc,ni_vs_oi,tax_anomaly","goodwill,intangibles",never_acquired,never_acquired,never_acquired,"",,true,,116755360.0,,,,,,,,,,false,,,,,,,,false,false,false,,false,false,true,,,false,,,116755360.0,0.0,0.0,108198015.0,,,false,PASS,,NOT_EVALUABLE,,NOT_EVALUABLE,,NOT_EVALUABLE,,NOT_EVALUABLE,,,NOT_EVALUABLE,,NOT_EVALUABLE,,0,insufficient,true,,,,,,,,,,false,0,,,,0.7949115047833282,,,,,,,,,,,,,,,,,,,,,,,,,,false,,,,,,,,2026-08-25,,Equity,,,,,,,,,,,,,,,,,,,,,,,,,,,,,ineligible:gate0_status,,,
ELOG,2013320,Eastern International Ltd.,"",Nasdaq,4731,Arrangement of  Transportation of  Freight & Cargo,us-gaap,20-F,USD,331,2026,2026-03-31,false,false,tax_anomaly,fail,"","goodwill,intangibles",never_acquired,never_acquired,never_acquired,"",,false,,15194195.0,2.2371489354684435,-3456375.0,-4273325.0,0.017903096114698328,,-0.1376514140868547,1.0863894735253958,,,false,,-0.37490309014035994,45631772.0,-1152103.0,-1060488.0,-2577426.0,878949.0,false,false,false,,false,false,true,,-0.025247825133768637,false,0.03546645134144614,816950.0,15194195.0,0.0,0.0,,524016.0,11398479.0,false,PASS,false,PASS,true,FAIL,true,FAIL,false,PASS,false,false,PASS,true,FAIL,,0,insufficient,true,,,,,,,,-0.37490309014035994,,false,0,-0.02324012313175127,,,0.14776272909303026,rising,,,,,,,,,,,,,,,,,,,,,,,,,false,,,,,,-0.02324012313175127,-1012703.0,2026-08-25,PaymentsToAcquirePropertyPlantAndEquipment,StockholdersEquity,,,NetIncomeLoss,NetCashProvidedByUsedInOperatingActivities,OperatingIncomeLoss,ShareBasedCompensation,139400.0,,,,,,,,,,,,,,,,,,,,,,ineligible:gate0_status,,,
CLMT,2013745,"Calumet, Inc. /DE","",Nasdaq,2911,Petroleum Refining,us-gaap,10-Q,USD,1231,2025,2025-12-31,false,false,"",fail,"","",reported,reported,reported,"",,false,,-881900000.0,-3.2218934911242605,56600000.0,61100000.0,-0.0010877184501220662,-1952200000.0,0.7325949367088608,-0.3109475620975161,,-0.011070556670131251,false,,0.7042323407026734,4137100000.0,-33800000.0,108700000.0,108900000.0,52300000.0,false,false,false,0.35147849462365593,false,false,false,"",-0.008169974136472408,false,0.06390815594355417,-4500000.0,-732700000.0,140500000.0,8700000.0,125100000.0,2077300000.0,86761139.0,true,FAIL,true,FAIL,false,PASS,false,PASS,false,PASS,false,false,PASS,false,PASS,false,3,insufficient,true,-0.04069808707577571,,,,-5.708611279406674,,,0.7042323407026734,,false,1,0.026274443450726354,,,-1.1075519306288537,falling,4591500000.0,-136800000.0,146100000.0,72600000.0,57400000.0,16100000.0,,,-1137100000.0,109800000.0,2225200000.0,87292705.0,-0.09446943635882508,-0.020356234096692113,0.036019720293792135,0.407656341320865,0.1562753287429554,3,,,-1.1194029850746268,,,0,false,,,148800000.0,,-45800000.0,0.026274443450726354,-126400000.0,2026-08-25,PaymentsToAcquirePropertyPlantAndEquipment,StockholdersEquity,Goodwill,IntangibleAssetsNetExcludingGoodwill,NetIncomeLoss,NetCashProvidedByUsedInOperatingActivities,OperatingIncomeLoss,ShareBasedCompensation,-92600000.0,,,142700000.0,,47100000.0,-272100000.0,-135300000.0,,,,,,,,,,,,,,,ineligible:gate0_status,,,
FOXX,2013807,Foxx Development Holdings Inc.,"",Nasdaq,3576,Computer Communications Equipment,us-gaap,10-Q,USD,630,2025,2025-06-30,false,false,"tax_anomaly,ni_vs_oi",fail,"","goodwill,intangibles",never_acquired,never_acquired,never_acquired,"",,false,,-5364683.0,0.7272751763388047,-6628457.0,-7444135.0,0.012373912618979433,1778292.0,-0.008580971450097296,0.9301090314700018,,,false,,-1.2107302519473553,65919166.0,-9020136.0,-9697934.0,-6560121.0,68336.0,false,false,false,,false,false,false,"",-0.13683631859055984,false,0.003987765371016368,815678.0,-5364683.0,0.0,0.0,1875453.0,97161.0,6148467.0,true,FAIL,true,FAIL,true,FAIL,true,FAIL,false,PASS,false,true,FAIL,true,FAIL,,0,insufficient,true,,,,,,,,-1.2107302519473553,,false,0,-0.1471185785329869,,,0.8700141729487654,rising,59540939.0,-47514331.0,-569518.0,70015.0,1270473.0,-1910006.0,,,-47815804.0,3190474.0,79174.0,6886673.0,,-0.12498894516159793,-0.0436870084840412,-0.2392730281516682,,0,,,,,,0,false,,,,,,-0.1471185785329869,-8943393.0,2026-08-25,PaymentsToAcquirePropertyPlantAndEquipment,StockholdersEquity,,,NetIncomeLoss,NetCashProvidedByUsedInOperatingActivities,OperatingIncomeLoss,ShareBasedCompensation,76743.0,,,,,-39168809.0,-47437588.0,,,,,,,,,,,,,,,,ineligible:gate0_status,,,
KBSX,2014254,FST Corp.,"",Nasdaq,3949,"Sporting & Athletic Goods, NEC",us-gaap,6-K,USD,1231,2025,2025-12-31,false,false,ni_vs_oi,fail,sbc,goodwill,never_acquired,never_acquired,reported,"",,true,,10597239.0,0.666591120730627,-1602974.0,,,,0.32675194934609947,0.6426947759851257,,,false,,,47969791.0,-1500191.0,-2334220.0,-1000014.0,602960.0,false,false,false,,false,false,false,"",-0.031273661375760424,false,-0.10859204256765159,,15429353.0,0.0,4832114.0,7179800.0,,44477649.0,false,PASS,true,FAIL,true,FAIL,,NOT_EVALUABLE,,NOT_EVALUABLE,,true,FAIL,false,PASS,,0,insufficient,true,,,,,,,,,,false,0,-0.04866020783788697,,,2.107752419621633,falling,44890395.0,-8097903.0,1231870.0,2228180.0,,,,4928338.0,10596078.0,8184010.0,13651748.0,44766003.0,,,,,,0,,,,,,0,false,,,,,,-0.04866020783788697,-2233826.0,2026-08-25,PaymentsToAcquirePropertyPlantAndEquipment,StockholdersEquity,,FiniteLivedIntangibleAssetsNet,NetIncomeLoss,NetCashProvidedByUsedInOperatingActivities,OperatingIncomeLoss,,-729907.0,,,,,-4156724.0,,655733.0,,,,,,,,,,,,,,,ineligible:gate0_status,,,
NPT,2014337,Texxon Holding Limited,"",Nasdaq,5160,Wholesale-Chemicals & Allied Products,us-gaap,20-F,USD,1231,2025,2025-06-30,false,false,tax_anomaly,fail,sbc,goodwill,never_acquired,never_acquired,reported,"",,true,,-9976834.0,-2.4929301398960564,-42778587.0,,,-50281505.0,-0.9724131382801956,1.552696596664258,,,false,,,797148640.0,-932621.0,-600646.0,2324959.0,45103546.0,false,false,false,,false,false,true,,-0.0011699461721467654,false,0.002269753073891438,,-3812053.0,0.0,6164781.0,2517577.0,52799082.0,20000000.0,true,FAIL,true,FAIL,true,FAIL,,NOT_EVALUABLE,,NOT_EVALUABLE,,false,PASS,true,FAIL,,0,insufficient,true,,,,,,,,,,false,0,-0.0007534931001074028,,,-13.933376402595137,rising,,,,,,,,,,,,,,,,,,,,,,,,,false,,,,,,-0.0007534931001074028,-737235.0,2026-08-25,PaymentsToAcquirePropertyPlantAndEquipment,StockholdersEquity,,IntangibleAssetsNetExcludingGoodwill,NetIncomeLoss,NetCashProvidedByUsedInOperatingActivities,OperatingIncomeLoss,,716897.0,,,,,,,,,,,,,,,,,,,,,,ineligible:gate0_status,,,
CON,2014596,"CONCENTRA GROUP HOLDINGS PARENT, INC.","",NYSE,8093,"Services-Specialty Outpatient Facilities, NEC",us-gaap,10-Q,USD,1231,2025,2025-12-31,false,false,"",fail,"","",reported,reported,reported,"",,false,,-1328467000.0,1.6789171649190278,197062000.0,186572000.0,0.004848810931965497,,0.227756258181542,0.49826043737574555,0.1540618382863775,0.13049541535450632,true,0.1201841648264477,1.4542308411797717,2163417000.0,166415000.0,333992000.0,279397000.0,82335000.0,false,false,false,,false,false,false,"",0.07692229468475102,false,0.15648494272015215,10490000.0,393281000.0,1479192000.0,242556000.0,79899000.0,,128296000.0,true,FAIL,false,PASS,false,PASS,false,PASS,false,PASS,false,false,PASS,false,PASS,true,3,3y,true,0.07854312950972853,,-0.1260894148174495,,2.1788751793953054,,,1.4542308411797717,,false,4,0.15438170264909631,,,1.543447299366515,rising,2287465000.0,198731000.0,335548000.0,68130000.0,14201000.0,253217000.0,1480421000.0,,477095000.0,158038000.0,,128137000.0,0.16984384381931142,,0.1373993513755312,0.10030229581415616,,0,,,3.4624349119761964,,,0,false,333300000.0,22423000.0,,32077000.0,282316000.0,0.15438170264909631,223827000.0,2026-08-25,PaymentsToAcquirePropertyPlantAndEquipment,StockholdersEquity,Goodwill,IntangibleAssetsNetExcludingGoodwill,NetIncomeLoss,NetCashProvidedByUsedInOperatingActivities,OperatingIncomeLoss,ShareBasedCompensation,50978000.0,3760000.0,,,32065000.0,374809000.0,267534000.0,61930000.0,,,,,,,,,,,,,,,ineligible:gate0_status,,,
ELPW,2015691,Elong Power Holding Ltd.,"",Nasdaq,3690,"Miscellaneous Electrical Machinery, Equipment & Supplies",us-gaap,20-F,USD,1231,2025,2025-12-31,false,false,"",fail_stale,"sbc,tax_anomaly",goodwill,carried_forward,never_acquired,carried_forward,intangibles,365,true,,-22746533.0,0.47833512792332966,-2825451.0,,,,,3.77649418893569,,,false,,,2053466.0,-5570446.0,-1475031.0,-2664540.0,160911.0,false,false,false,2.912996252647586,false,false,false,"",-2.712704276574338,false,-2.5119521402177036,,-22743860.0,0.0,2673.0,443678.0,,,true,FAIL,true,FAIL,true,FAIL,,NOT_EVALUABLE,,NOT_EVALUABLE,,false,PASS,,NOT_EVALUABLE,,0,insufficient,true,-0.3296078628858905,,,,,,,,,false,0,-0.7183128427741194,,,0.4455634561243394,falling,235004.0,-28983598.0,-3078052.0,786230.0,,,,,-19396964.0,74623.0,,62194221.0,,,,,,0,,,,,,0,false,,,55239.0,,,-0.7183128427741194,-2102016.0,2026-08-25,PaymentsToAcquirePropertyPlantAndEquipment,StockholdersEquity,,,NetIncomeLoss,NetCashProvidedByUsedInOperatingActivities,OperatingIncomeLoss,,,,,1049267.0,,-9862151.0,-9693671.0,,,,,,,,,,,,,,,,ineligible:gate0_status,,,
ECG,2015845,"Everus Construction Group, Inc.","",NYSE,1531,Operative Builders,us-gaap,10-Q,USD,1231,2025,2025-12-31,false,false,"",fail,tax_anomaly,"",reported,reported,reported,"",,false,,486594000.0,0.7773454923923279,90009000.0,83698000.0,0.0016845563472220036,-111049000.0,,0.7621152030217186,,-0.00003096316531100498,false,,1.637188740879839,3746387000.0,201770000.0,264750000.0,156845000.0,66836000.0,false,false,false,,false,false,false,"",0.053857222972426504,false,0.06675436783340749,6311000.0,629818000.0,143224000.0,0.0,170500000.0,281549000.0,51123000.0,false,PASS,true,FAIL,false,PASS,false,PASS,false,PASS,false,false,PASS,,NOT_EVALUABLE,false,0,insufficient,true,0.11546644164172881,,,,-1.2243388527034451,,,1.637188740879839,,false,3,0.0706680863455911,,,1.0550115106644014,falling,4266792000.0,254461000.0,321185000.0,70813000.0,8697000.0,241675000.0,212253000.0,70253000.0,773201000.0,176670000.0,274499000.0,51205000.0,,0.2967666905392353,0.25443578679189816,0.33650834648267003,,1,,,12.235211637893261,,,0,false,,,,,-116000.0,0.0706680863455911,,2026-08-25,PaymentsToAcquireProductiveAssets,StockholdersEquity,Goodwill,IntangibleAssetsNetExcludingGoodwill,NetIncomeLoss,NetCashProvidedByUsedInOperatingActivities,OperatingIncomeLoss,ShareBasedCompensation,72311000.0,,,,,330714000.0,,88983000.0,,,,,,,,,,,,,,,ineligible:gate0_status,,,
MACI,2016221,Melar Acquisition Corp. I/Cayman,"",Nasdaq,7389,"Services-Business Services, NEC",us-gaap,10-Q,USD,1231,2025,2025-12-31,false,false,ni_vs_oi,fail,"fcf,sbc,tax_anomaly","goodwill,intangibles",never_acquired,never_acquired,never_acquired,"",,true,,-6986183.0,-0.1397721426211722,,,,,,-3.7530216965945615,,,false,,,,5539430.0,-1475992.0,-774258.0,,false,false,false,,false,false,false,"",,false,,,-6986183.0,0.0,0.0,32075.0,,,true,FAIL,true,FAIL,,NOT_EVALUABLE,,NOT_EVALUABLE,,NOT_EVALUABLE,,true,FAIL,,NOT_EVALUABLE,,0,insufficient,true,,,,,,,,,,false,0,,,,-0.1397721426211722,,,3901630.0,-776816.0,,,,,,-3481831.0,2068.0,,,,,,,,0,,,,,,0,false,,,,,,,,2026-08-25,,StockholdersEquity,,,NetIncomeLoss,NetCashProvidedByUsedInOperatingActivities,OperatingIncomeLoss,,,,,,,-2453678.0,,,,,,,,,,,,,,,,,ineligible:gate0_status,,,
PTLE,2016337,PTL Limited,"",Nasdaq,5172,Wholesale-Petroleum & Petroleum Products (No Bulk Stations),us-gaap,20-F,USD,1231,2025,2025-12-31,false,false,"",unknown,"fcf,tax_anomaly","goodwill,intangibles",never_acquired,never_acquired,never_acquired,"",,false,,8893950.0,10.358585922772235,,,0.013136865026877534,,,2.6629972496294108,,,false,,,71647383.0,-1180275.0,-443213.0,-12225980.0,,false,false,false,,false,false,false,tax_expense,-0.01647338605514733,true,0.010652151470578628,941222.0,8893950.0,0.0,0.0,1086434.0,,33700158.0,false,PASS,false,PASS,,NOT_EVALUABLE,,NOT_EVALUABLE,false,PASS,false,false,PASS,,NOT_EVALUABLE,,0,insufficient,true,-0.014326808123123924,,,,,,,,,false,0,-0.006186031944809485,,,3.8930373566281378,rising,91415732.0,-4087654.0,-8418697.0,,,,,,8421458.0,2687406.0,,24214682.0,,,,,,0,,,,,,0,false,,,,,,-0.006186031944809485,-1180275.0,2026-08-25,,StockholdersEquity,,,NetIncomeLoss,NetCashProvidedByUsedInOperatingActivities,OperatingIncomeLoss,ShareBasedCompensation,,,,,,-3402140.0,-3958866.0,,,,,,,,,,,,,,,,ineligible:gate0_status,,,
FRNM,2017526,"Freenome, Inc.","",Nasdaq,8071,Services-Medical Laboratories,us-gaap,10-Q,USD,1231,2025,2025-12-31,false,false,ni_vs_oi,fail,"fcf,sbc,tax_anomaly","goodwill,intangibles",never_acquired,never_acquired,never_acquired,"",,true,,-4796674.0,-1.0324609417912087,,,,,,-0.28097738909524506,,,false,,,,837468.0,-2980553.0,-864653.0,,false,false,false,,false,false,false,"",,false,,,-4796674.0,0.0,0.0,865031.0,,,true,FAIL,true,FAIL,,NOT_EVALUABLE,,NOT_EVALUABLE,,NOT_EVALUABLE,,true,FAIL,,NOT_EVALUABLE,,0,insufficient,true,,,,,,,,,,false,0,,,,-1.0324609417912087,,,-762626.0,-907040.0,,,,,,-6296833.0,437369.0,,,,,,,,0,,,,,,0,false,,,,,,,,2026-08-25,,StockholdersEquity,,,NetIncomeLoss,NetCashProvidedByUsedInOperatingActivities,OperatingIncomeLoss,,,,,,,-4331558.0,,,,,,,,,,,,,,,,,ineligible:gate0_status,,,
TTGT,2018064,"TECHTARGET, INC.","",Nasdaq,4822,Telegraph & Other Message Communications,us-gaap,10-Q,USD,1231,2025,2025-12-31,false,false,"tax_anomaly,ni_vs_oi",fail,"","",reported,reported,reported,"",,false,,-176456000.0,-0.016202422677242822,15950000.0,-3182000.0,0.03930228784016138,,0.03208416008386058,0.9828961682581893,0.002773264090749418,-2.0769796483501133,true,,-0.044362799419792584,486791000.0,-1008306000.0,-1025852000.0,16337000.0,387000.0,false,false,false,,false,false,false,"",-2.0713324609534687,false,-0.1799556526947533,19132000.0,594619000.0,45550000.0,725525000.0,40626000.0,,71726763.0,true,FAIL,true,FAIL,false,PASS,true,FAIL,false,PASS,false,true,FAIL,true,FAIL,true,3,insufficient,true,0.3517292520232449,,,,0.6418276893967896,,,-0.044362799419792584,,false,0,-2.1073766770544236,,,0.2517302325136991,falling,485157000.0,-178772000.0,5930000.0,2374000.0,15446000.0,-11890000.0,1094000.0,684517000.0,506856000.0,45820000.0,,72301012.0,,0.9449993637867413,0.020801447726857065,-0.031640029013781545,,0,,,-1.0090126997132323,,,0,true,1350000.0,,,,-1011055000.0,-2.1073766770544236,-1041729000.0,2026-08-25,PaymentsToAcquirePropertyPlantAndEquipment,StockholdersEquity,Goodwill,FiniteLivedIntangibleAssetsNet,NetIncomeLoss,NetCashProvidedByUsedInOperatingActivities,OperatingIncomeLoss,ShareBasedCompensation,-33423000.0,2886000.0,,,,-225698000.0,-232365000.0,-53593000.0,,,,,,,,,,,,,,,ineligible:gate0_status,,,
JEM,2018222,707 Cayman Holdings Ltd.,"",Nasdaq,5600,Retail-Apparel & Accessory Stores,us-gaap,20-F,USD,930,2025,2025-09-30,false,false,"tax_anomaly,sbc",fail,"","goodwill,intangibles",never_acquired,never_acquired,never_acquired,"",,false,,6551829.0,0.25351796062985243,-1336006.0,-6983669.0,0.4110393204986507,,-0.0309506607404807,1.0222221013592616,,,false,,-0.31737014019845117,13739958.0,-5262566.0,-5148163.0,-1334155.0,1851.0,false,false,false,,false,false,true,,-0.38301179668817037,false,,5647663.0,6551829.0,0.0,0.0,5156627.0,,22004808.0,false,PASS,true,FAIL,true,FAIL,true,FAIL,true,FAIL,true,false,PASS,true,FAIL,,0,insufficient,true,,,,,,,,-0.31737014019845117,,false,0,-0.3746854975830348,,,0.25351796062985243,,,,,,,,,,,,,,,,,,,,,,,,,,false,,,,,,-0.3746854975830348,-5104576.0,2026-08-25,PaymentsToAcquirePropertyPlantAndEquipment,StockholdersEquity,,,NetIncomeLoss,NetCashProvidedByUsedInOperatingActivities,OperatingIncomeLoss,ShareBasedCompensation,157990.0,,,,,,,,,,,,,,,,,,,,,,ineligible:gate0_status,,,
PCLA,2018462,PicoCELA Inc.,"",Nasdaq,3640,Electric Lighting & Wiring Equipment,us-gaap,20-F,,930,2025,2025-09-30,false,false,"",unknown,"tangible_book,income_quality,fcf,sbc,ni_vs_oi,tax_anomaly","goodwill,intangibles",unresolved,never_acquired,never_acquired,"",,true,,,,,,,,,,,,false,,,,,,,,false,false,false,,false,false,true,,,false,,,,0.0,0.0,,,916550.0,,NOT_EVALUABLE,,NOT_EVALUABLE,,NOT_EVALUABLE,,NOT_EVALUABLE,,NOT_EVALUABLE,,,NOT_EVALUABLE,,NOT_EVALUABLE,,0,insufficient,true,,,,,,,,,,false,0,,,,,,,,,,,,,,,,,,,,,,,,,,,,,,false,,,,,,,,2026-08-25,,,,,,,,,,,,,,,,,,,,,,,,,,,,,,,ineligible:gate0_status,,,
SOBO,2019061,SOUTH BOW CORPORATION,"",NYSE,4610,Pipe Lines (No Natural Gas),us-gaap,40-F,USD,1231,2025,2025-12-31,false,false,"",unknown,"fcf,sbc,ni_vs_oi","goodwill,intangibles",never_acquired,never_acquired,never_acquired,"",,true,,2709000000.0,1.6558891454965359,,,,,0.12877263581488935,,,,false,,,1986000000.0,433000000.0,,717000000.0,,false,false,false,,false,false,true,,0.21802618328298087,false,0.5356608478802992,,2709000000.0,0.0,0.0,549000000.0,,208800000.0,false,PASS,false,PASS,,NOT_EVALUABLE,,NOT_EVALUABLE,,NOT_EVALUABLE,,,NOT_EVALUABLE,false,PASS,,0,insufficient,true,,,,,,,,,,false,0,,,,1.697461072440652,falling,,,,,,,,,,,,,,,,,,,,,,,,,false,,,247000000.0,416000000.0,,,497000000.0,2026-08-25,,StockholdersEquityIncludingPortionAttributableToNoncontrollingInterest,,,ProfitLoss,NetCashProvidedByUsedInOperatingActivities,,,64000000.0,,,,,,,,,,,,,,,,,,,,,,ineligible:gate0_status,,,
SLSR,2019103,SOLARIS RESOURCES INC.,"",NYSE,1040,Gold and Silver Ores,ifrs-full,40-F,USD,1231,2025,2025-12-31,false,false,tax_anomaly,fail,"income_quality,fcf,sbc","goodwill,intangibles",never_acquired,never_acquired,never_acquired,"",,false,,-56833000.0,,,,,24557000.0,-0.013614247021883463,1.099100738122466,,,false,,,,-42289000.0,-38476000.0,,2281000.0,false,false,false,2.075523202911738,false,false,true,,,false,,3903000.0,-56833000.0,0.0,0.0,25210000.0,653000.0,165125705.0,true,FAIL,,NOT_EVALUABLE,,NOT_EVALUABLE,,NOT_EVALUABLE,,NOT_EVALUABLE,,false,PASS,true,FAIL,,0,insufficient,true,,,,,,,,,,false,0,,,,,,,,,,,,,,,,,,,,,,,,,,,,,,false,,,1099000.0,,,,-41721000.0,2026-08-25,PurchaseOfPropertyPlantAndEquipmentClassifiedAsInvestingActivities,EquityAttributableToOwnersOfParent,,,ProfitLoss,,ProfitLossFromOperatingActivities,AdjustmentsForSharebasedPayments,568000.0,,,,,,,,,,,,,,,,,,,,,,ineligible:gate0_status,,,
CAI,2019410,"CARIS LIFE SCIENCES, INC.","",Nasdaq,8071,Services-Medical Laboratories,us-gaap,10-Q,USD,1231,2025,2025-12-31,false,false,tax_anomaly,fail,"",intangibles,never_acquired,reported,never_acquired,"",,false,,-2619209000.0,-1.2212871577957938,66895000.0,-3111000.0,0.08621078207412752,-347791000.0,-0.0,-1.5092767051625917,,,false,-0.036322725811636127,-0.018605834387763625,812033000.0,-68088000.0,45113000.0,83155000.0,16260000.0,false,false,false,0.7189918195887686,false,false,false,"",-0.08384880910012278,false,-1.0438476715622222,70006000.0,-2599865000.0,19344000.0,0.0,31201000.0,378992000.0,167205616.0,true,FAIL,true,FAIL,false,PASS,true,FAIL,false,PASS,false,false,PASS,true,FAIL,,0,insufficient,true,,,,,,,,-0.018605834387763625,,false,0,0.055555623970946995,,,0.15241512459924791,falling,989605000.0,105135000.0,168558000.0,44602000.0,65113000.0,58843000.0,19344000.0,,591734000.0,819901000.0,393151000.0,282726214.0,,,,0.4537756755862799,,0,,,,,,0,false,,113000.0,22615000.0,,,0.055555623970946995,-68088000.0,2026-08-25,PaymentsToAcquirePropertyPlantAndEquipment,StockholdersEquity,Goodwill,,NetIncomeLoss,NetCashProvidedByUsedInOperatingActivities,OperatingIncomeLoss,ShareBasedCompensation,0.0,,21452000.0,20764000.0,,153261000.0,105024000.0,-111000.0,,,,,,,,,,,,,,,ineligible:gate0_status,,,
BGL,2019435,Blue Gold Limited,"",Nasdaq,1000,Metal Mining,us-gaap,20-F,USD,1231,2025,2025-12-31,false,false,"",fail,"sbc,tax_anomaly",goodwill,never_acquired,never_acquired,reported,"",,false,,-20255027.0,0.4821999301320854,-10567805.0,-11730336.0,,,,-1.3359703658536586,,,false,,-0.8336142288827331,,-21909914.0,16400000.0,-10564959.0,2846.0,false,false,false,,false,false,false,"",,false,,1162531.0,-20161138.0,0.0,93889.0,679442.0,,14071660.0,true,FAIL,true,FAIL,true,FAIL,true,FAIL,,NOT_EVALUABLE,,false,PASS,,NOT_EVALUABLE,,0,insufficient,true,,,,,,,,-0.8336142288827331,,false,0,,,,0.5089515057181527,,,-15068511.0,-8546999.0,,,,,,-14531108.0,307699.0,,12851771.0,,,,,,0,,,,,,0,false,,,,,,,21909914.0,2026-08-25,PaymentsToAcquirePropertyPlantAndEquipment,StockholdersEquity,,IntangibleAssetsNetExcludingGoodwill,NetIncomeLoss,NetCashProvidedByUsedInOperatingActivities,OperatingIncomeLoss,ShareBasedCompensation,,,,,,,,,,,,,,,,,,,,,,,ineligible:gate0_status,,,
SAFX,2019793,"XCF GLOBAL, INC.","",Nasdaq,2860,Industrial Organic Chemicals,us-gaap,10-Q,USD,1231,2025,2025-12-31,false,false,"sbc,ni_vs_oi",fail,"fcf,tax_anomaly","goodwill,intangibles",never_acquired,never_acquired,never_acquired,"",,false,,37651949.0,-0.24130535751426177,,,0.4216752966654665,,,-1.0901140231467263,,,false,,,20815955.0,74004768.0,-67887181.0,-17857747.0,,false,false,false,,false,false,false,"",3.555194465014937,false,,8777574.0,37651949.0,0.0,0.0,154937.0,,142298067.0,false,PASS,true,FAIL,,NOT_EVALUABLE,,NOT_EVALUABLE,true,FAIL,true,true,FAIL,,NOT_EVALUABLE,,0,insufficient,true,,,,,,,,,,false,0,-3.2613051382941594,,,0.11037110874873361,,15279292.0,-60741574.0,-20008318.0,,1486385.0,,,,37270343.0,329084.0,,297418437.0,,,,-0.8949427270814047,,0,,,,,,0,false,,,,,,-3.2613051382941594,,2026-08-25,,StockholdersEquity,,,NetIncomeLoss,NetCashProvidedByUsedInOperatingActivities,OperatingIncomeLoss,ShareBasedCompensation,,,,,,-43696979.0,,,,,,,,,,,,,,,,,ineligible:gate0_status,,,
IMSR,2019804,TERRESTRIAL ENERGY INC.,"",Nasdaq,3443,Fabricated Plate Work (Boiler Shops),us-gaap,10-Q,USD,1231,2025,2025-12-31,false,false,tax_anomaly,fail,sbc,goodwill,never_acquired,never_acquired,reported,"",,false,,294698000.0,0.587968843231421,-17528219.0,-20631921.0,,,-0.0006411014000618814,1.1119270056624984,,,false,,-0.28796635336434606,,-28016641.0,-25196475.0,-16472912.0,1055307.0,false,false,false,0.908412986440608,false,false,false,"",,false,,3103702.0,295406000.0,0.0,708000.0,97164000.0,,71646985.0,false,PASS,true,FAIL,true,FAIL,true,FAIL,,NOT_EVALUABLE,,false,PASS,true,FAIL,,0,insufficient,true,,,,,,,,-0.28796635336434606,,false,0,,,,0.6510867801732195,,,-35417641.0,-24381912.0,690307.0,8356702.0,-33428921.0,,688000.0,281654000.0,130737000.0,,105899684.0,,,,,,0,,,-2.128977078344167,,,0,false,,,1161704.0,,,,-27998691.0,2026-08-25,PaymentsToAcquirePropertyPlantAndEquipment,StockholdersEquity,,IntangibleAssetsNetExcludingGoodwill,NetIncomeLoss,NetCashProvidedByUsedInOperatingActivities,OperatingIncomeLoss,ShareBasedCompensation,17950.0,,,988704.0,,-38751475.0,-35284691.0,132950.0,,,,,,,,,,,,,,,ineligible:gate0_status,,,
CLIK,2020027,Click Holdings Ltd.,"",Nasdaq,7361,Services-Employment Agencies,us-gaap,20-F,USD,630,2025,2025-06-30,false,false,"tax_anomaly,ni_vs_oi",fail,"","",reported,reported,reported,"",,false,,135983.0,0.7528339432169213,-846724.0,-2273548.0,0.13320616659117074,,-0.024018976863644553,0.9313347831063294,0.8314134777577078,,false,,-3.5963219743525254,10711396.0,-1017134.0,-1092125.0,-765733.0,80991.0,false,false,false,,false,false,true,,-0.09495811750401162,false,,1426824.0,13033200.0,8912437.0,3984780.0,1352635.0,,632187.0,false,PASS,true,FAIL,true,FAIL,true,FAIL,false,PASS,true,true,FAIL,true,FAIL,,0,insufficient,true,,,,,,,,-3.5963219743525254,,false,0,-0.10195916573339274,,,0.7528339432169213,,,,,,,,,,,,,447289.0,,,,,,,,,,,,,false,8905599.0,,,,,-0.10195916573339274,-993631.0,2026-08-25,PaymentsToAcquirePropertyPlantAndEquipment,StockholdersEquity,Goodwill,IntangibleAssetsNetExcludingGoodwill,NetIncomeLoss,NetCashProvidedByUsedInOperatingActivities,OperatingIncomeLoss,ShareBasedCompensation,23866.0,,,,,,,,,,,,,,,,,,,,,,ineligible:gate0_status,,,
MSGY,2020228,Masonglory Limited,"",Nasdaq,1700,Construction - Special Trade Contractors,us-gaap,20-F,USD,331,2026,2026-03-31,false,false,tax_anomaly,fail,sbc,"goodwill,intangibles",never_acquired,never_acquired,never_acquired,"",,true,,8363242.0,0.476395830964942,-5785728.0,,,,-0.02733904949258905,1.0244537225015125,,,false,,,23555839.0,-8004730.0,-7813657.0,-3813420.0,1972308.0,false,false,false,,false,false,false,"",-0.3398193543435239,false,0.07368376097254677,,8363242.0,0.0,0.0,315721.0,,14353540.0,false,PASS,true,FAIL,true,FAIL,,NOT_EVALUABLE,,NOT_EVALUABLE,,false,PASS,true,FAIL,,0,insufficient,true,0.4361792843746408,,,,,,,,,false,0,-0.33170786232661886,,,0.6164500426086477,rising,21100631.0,678922.0,-395777.0,,,,,,8701232.0,1886341.0,,13272131.0,,,,,,0,,,,,,0,false,,,,,,-0.33170786232661886,-7791712.0,2026-08-25,PaymentsToAcquirePropertyPlantAndEquipment,StockholdersEquity,,,NetIncomeLoss,NetCashProvidedByUsedInOperatingActivities,OperatingIncomeLoss,,213018.0,,,,,767783.0,790538.0,111616.0,,,,,,,,,,,,,,,ineligible:gate0_status,,,
CABR,2020737,"CARING BRANDS, INC.","",Nasdaq,2844,"Perfumes, Cosmetics & Other Toilet Preparations",us-gaap,10-Q,USD,1231,2026,2026-04-07,false,false,"",fail_stale,"income_quality,fcf,sbc,ni_vs_oi,tax_anomaly",goodwill,carried_forward,never_acquired,carried_forward,intangibles,97,true,,-50000.0,,,,,,,,,,false,,,,,,,,false,false,false,,false,false,false,"",,false,,,2500000.0,0.0,2550000.0,,,,true,FAIL,,NOT_EVALUABLE,,NOT_EVALUABLE,,NOT_EVALUABLE,,NOT_EVALUABLE,,,NOT_EVALUABLE,,NOT_EVALUABLE,,0,insufficient,true,,,,,,,,,,false,0,,,,0.26954547894449216,,,-7726040.0,-2255020.0,,,,,0.0,-2707709.0,1820365.0,131268.0,11705727.0,,,,,,0,,,,,,0,false,,,,,,,,2026-08-25,,StockholdersEquity,,,,,,,,,,,,-7096335.0,,0.0,,,,,,,,,,,,,,,ineligible:gate0_status,,,
DSFT,2020919,DeltaSoft     Corp.,"",OTC,7371,Services-Computer Programming Services,us-gaap,10-Q,USD,331,2026,2026-03-31,false,false,ni_vs_oi,unknown,"fcf,sbc,tax_anomaly",goodwill,never_acquired,never_acquired,reported,"",,true,,11000.0,373.69736842105266,,,,,,0.005524460274769208,,,false,,,37918.0,-76.0,-13757.0,-28401.0,0.0,true,true,false,,false,false,false,"",-0.0020043251226330504,true,,,38868.0,0.0,27868.0,25470.0,,3960697.0,false,PASS,false,PASS,,NOT_EVALUABLE,,NOT_EVALUABLE,,NOT_EVALUABLE,,true,FAIL,,NOT_EVALUABLE,,0,insufficient,true,,,,,,,,,,false,0,-0.36280921989556414,,,146.6545410434981,,27809.0,-10942.0,-26898.0,3736.0,,,,27313.0,29307.0,8449.0,,5317706.0,,-1.0,0.38127090301003347,-1.0,,0,,,,-0.15100081146875846,,0,false,,,,,,-0.36280921989556414,,2026-08-25,PaymentsToDevelopSoftware,StockholdersEquity,,FiniteLivedIntangibleAssetsNet,NetIncomeLoss,NetCashProvidedByUsedInOperatingActivities,OperatingIncomeLoss,,0.0,,,,,,,0.0,,,,,,,,,,,,,,,ineligible:gate0_status,,,
UFG,2021688,Uni-Fuels Holdings Limited,"",Nasdaq,5172,Wholesale-Petroleum & Petroleum Products (No Bulk Stations),us-gaap,20-F,USD,1231,2025,2025-12-31,false,false,tax_anomaly,fail_stale,"",goodwill,carried_forward,never_acquired,carried_forward,intangibles,365,false,,10462343.0,1.3307843898872425,-2365910.0,-2408665.0,0.00016201974730255025,,-0.08289095873328492,1.1089693197359494,,,false,,,263887586.0,-1750660.0,-1578637.0,-2329751.0,36159.0,false,false,false,,false,false,false,"",-0.0066341127543604874,false,0.019737268894850935,42755.0,10502766.0,0.0,40423.0,12542539.0,,,false,PASS,false,PASS,true,FAIL,true,FAIL,false,PASS,false,false,PASS,true,FAIL,,0,insufficient,true,1.0458288123744772,,,,,,,,,false,0,-0.005982232904279173,,,0.822545137338165,rising,195620824.0,160612.0,-6020350.0,24218.0,,,,58584.0,12302598.0,6759336.0,,,,,,,,0,,,,,,0,false,,,,,,-0.005982232904279173,-1616654.0,2026-08-25,PaymentsToAcquirePropertyPlantAndEquipment,StockholdersEquity,,,NetIncomeLoss,NetCashProvidedByUsedInOperatingActivities,OperatingIncomeLoss,ShareBasedCompensation,134006.0,,,,,289764.0,353417.0,192805.0,,,,,,,,,,,,,,,ineligible:gate0_status,,,
CBRS,2021728,Cerebras Systems Inc.,"",Nasdaq,3674,Semiconductors & Related Devices,us-gaap,10-Q,USD,1231,2025,2025-12-31,false,false,"",fail,"income_quality,fcf,sbc,ni_vs_oi,tax_anomaly","goodwill,intangibles",never_acquired,never_acquired,never_acquired,"",,true,,-978209000.0,,,,,701706000.0,,,,,false,,,,,,,,false,false,false,,false,false,true,,,false,,,-978209000.0,0.0,0.0,701706000.0,0.0,,true,FAIL,,NOT_EVALUABLE,,NOT_EVALUABLE,,NOT_EVALUABLE,,NOT_EVALUABLE,,,NOT_EVALUABLE,,NOT_EVALUABLE,,0,insufficient,true,,,,,,,,,,false,0,,,,,,,,,,,,,,9154642000.0,6742157000.0,918244000.0,107132000.0,,,,,,0,,,,,,0,false,,,,,,,,2026-08-25,,StockholdersEquity,,,,,,,,,,,,,,,,,,,,,,,,,,,,,ineligible:gate0_status,,,
HMH,2021880,HMH Holding Inc,"",Nasdaq,3533,Oil & Gas Field Machinery & Equipment,us-gaap,10-Q,USD,1231,2025,2025-12-31,false,false,"",unknown,"income_quality,fcf,sbc,ni_vs_oi,tax_anomaly",intangibles,never_acquired,reported,never_acquired,"",,true,,343780000.0,,,,,95870000.0,,,,,false,,,,,,,,false,false,false,,false,false,true,,,false,,,650794000.0,307014000.0,0.0,96585000.0,715000.0,,false,PASS,,NOT_EVALUABLE,,NOT_EVALUABLE,,NOT_EVALUABLE,,NOT_EVALUABLE,,,NOT_EVALUABLE,,NOT_EVALUABLE,,0,insufficient,true,,,,,,,,,,false,0,,,,,,,,,,,,307954000.0,,210261000.0,119705000.0,1473000.0,6688000.0,,,,,,0,,,,,,0,false,,,,,,,,2026-08-25,,StockholdersEquityIncludingPortionAttributableToNoncontrollingInterest,Goodwill,,,,,,,,,,,,,,,,,,,,,,,,,,,,ineligible:gate0_status,,,
SNNRF,2021938,Sunrise Communications AG,"",OTC,4841,Cable & Other Pay Television Services,ifrs-full,20-F,CHF,1231,2025,2025-12-31,false,false,"",fail,"","",reported,reported,reported,"",,false,,-2897700000.0,-11.2,715700000.0,666700000.0,0.01642421398404505,-4064000000.0,0.15498442367601245,-1.1278586278586278,0.0,-0.05024468726955822,true,0.00014999250037498125,,2983400000.0,-108500000.0,96200000.0,1215200000.0,499500000.0,false,false,false,0.5334258863733448,false,false,true,,-0.036367902393242606,false,0.003525303110173959,49000000.0,4049500000.0,6012700000.0,934500000.0,273200000.0,4337200000.0,,true,FAIL,true,FAIL,false,PASS,false,PASS,false,PASS,false,false,PASS,false,PASS,false,3,insufficient,true,-0.005721479787516359,,,,,,,,,false,0,0.03224508949520681,,,-6.194298774405635,falling,,,,,,,,,,,,,,,,,,,,,,,,,true,0.0,100000.0,936400000.0,,-149900000.0,0.03224508949520681,-128400000.0,2026-08-25,PurchaseOfPropertyPlantAndEquipmentClassifiedAsInvestingActivities,EquityAttributableToOwnersOfParent,Goodwill,IntangibleAssetsOtherThanGoodwill,ProfitLoss,CashFlowsFromUsedInOperatingActivities,ProfitLossFromOperatingActivities,AdjustmentsForSharebasedPayments,-19900000.0,,,,,,,,,,,,,,,,,,,,,,ineligible:gate0_status,,,
KIDZ,2022308,KIDZ AI Inc.,"",Nasdaq,8200,Services-Educational Services,us-gaap,10-Q,USD,1231,2025,2025-12-31,false,false,tax_anomaly,fail,fcf,goodwill,never_acquired,never_acquired,reported,"",,false,,-248988.0,0.5431977759687375,,,0.0,,-0.0,1.9614444192008624,,,false,,,3366421.0,-7044865.0,-3591672.0,-3826755.0,0.0,true,true,false,,false,false,false,"",-2.092686862397781,false,,0.0,3777012.0,0.0,4026000.0,2751594.0,,,true,FAIL,true,FAIL,,NOT_EVALUABLE,,NOT_EVALUABLE,false,PASS,false,false,PASS,true,FAIL,,0,insufficient,true,,,,,,,,,,false,0,-1.066911120148074,,,0.7349562531640501,,2825786.0,-9565097.0,-4653626.0,32583.0,230186.0,-4916395.0,,3814105.0,9949689.0,5878823.0,,,,,-0.3637404168545715,-0.33599899675875905,,1,,,-1.2026982023547697,,,0,false,,,,,,-1.066911120148074,-7044865.0,2026-08-25,PaymentsToAcquirePropertyPlantAndEquipment,StockholdersEquity,,IntangibleAssetsNetExcludingGoodwill,NetIncomeLoss,NetCashProvidedByUsedInOperatingActivities,OperatingIncomeLoss,ShareBasedCompensation,0.0,,,,,-3639853.0,-9603457.0,-38360.0,,,,,,,,,,,,,,,ineligible:gate0_status,,,
SLXN,2022416,SILEXION         THERAPEUTICS CORP,"",Nasdaq,2836,"Biological Products, (No Diagnostic Substances)",us-gaap,10-Q,USD,1231,2025,2025-12-31,false,false,"tax_anomaly,sbc",fail,"","goodwill,intangibles",never_acquired,never_acquired,never_acquired,"",,false,,2603000.0,0.9082437877770315,-10828000.0,-10962000.0,0.864516129032258,,-0.0002519103199261063,1.0240715268225584,,,false,,-8.245111939316217,155000.0,-11912000.0,-11632000.0,-10819000.0,9000.0,false,false,false,,false,false,false,"",-76.85161290322581,false,-30.594771241830067,134000.0,2603000.0,0.0,0.0,5991000.0,,1329515.0,false,PASS,false,PASS,true,FAIL,true,FAIL,true,FAIL,true,false,PASS,true,FAIL,,0,insufficient,true,,,,,,,,-8.245111939316217,,false,0,-75.04516129032258,,,0.767718464836964,rising,155000.0,-13958000.0,-12430000.0,2000.0,618000.0,-13050000.0,,,44000.0,2229000.0,,506202.0,6.333333333333333,,15.0,-0.6818181818181818,,0,-1.3549295774647887,-0.06519295616335706,-0.4827165514436763,-0.16626794258373206,0.31484613093628505,1,false,,,,,,-75.04516129032258,-11909000.0,2026-08-25,PaymentsToAcquirePropertyPlantAndEquipment,StockholdersEquity,,,NetIncomeLoss,NetCashProvidedByUsedInOperatingActivities,OperatingIncomeLoss,ShareBasedCompensation,3000.0,,,,,-14127000.0,-13958000.0,4000.0,,,,,,,,,,,,,,,ineligible:gate0_status,,,
UPB,2022626,"UPSTREAM BIO, INC.","",Nasdaq,2834,Pharmaceutical Preparations,us-gaap,10-Q,USD,1231,2025,2025-12-31,false,false,"sbc,ni_vs_oi",fail_stale,tax_anomaly,intangibles,carried_forward,carried_forward,never_acquired,goodwill,365,false,,339771000.0,0.929114700612787,-133440000.0,-143772000.0,3.6201822004204627,,,0.8945005331720306,,,false,,-2.669724288184938,2854000.0,-143443000.0,-160361000.0,-133275000.0,165000.0,false,false,false,0.8776595744680851,false,false,false,"",-50.26033637000701,false,-16.854621848739495,10332000.0,339771000.0,0.0,0.0,101578000.0,,53852752.0,false,PASS,false,PASS,true,FAIL,true,FAIL,true,FAIL,true,true,FAIL,,NOT_EVALUABLE,,0,insufficient,true,,,,,,,,-2.669724288184938,,false,0,-56.18815697266994,,,1.2393232235186256,falling,3158000.0,-156500000.0,-136344000.0,118000.0,14101000.0,-150563000.0,,,270957000.0,79397000.0,,54450798.0,,0.12520593080724876,0.8268551236749117,-0.17502668089647813,,0,,,,,,0,false,,,188000.0,,,-56.18815697266994,,2026-08-25,PaymentsToAcquirePropertyPlantAndEquipment,StockholdersEquity,,,NetIncomeLoss,NetCashProvidedByUsedInOperatingActivities,OperatingIncomeLoss,ShareBasedCompensation,0.0,,,202000.0,,-169984000.0,,0.0,,,,,,,,,,,,,,,ineligible:gate0_status,,,
TTRX,2023016,Turn Therapeutics Inc.,"",Nasdaq,2834,Pharmaceutical Preparations,us-gaap,10-Q,USD,1231,2025,2025-12-31,false,false,ni_vs_oi,unknown,"fcf,sbc,tax_anomaly",goodwill,never_acquired,never_acquired,reported,"",,false,,852325.0,0.802390985823774,,,,,,0.5451906310124793,,,false,,,,-3194080.0,-5858648.0,-2562901.0,,false,false,false,,false,false,false,"",,false,,419245.0,1774496.0,0.0,922171.0,4027862.0,,27716045.0,false,PASS,false,PASS,,NOT_EVALUABLE,,NOT_EVALUABLE,,NOT_EVALUABLE,,true,FAIL,,NOT_EVALUABLE,,0,insufficient,true,,,,,,,,,,false,0,,,,0.7860895929958605,,,-8445973.0,-4321048.0,,995527.0,,,911219.0,686888.0,9948952.0,6062994.0,29633755.0,,,,,,0,,,,,,0,false,,,,,,,,2026-08-25,,StockholdersEquity,,IntangibleAssetsNetExcludingGoodwill,NetIncomeLoss,NetCashProvidedByUsedInOperatingActivities,OperatingIncomeLoss,ShareBasedCompensation,,,,,,-6949943.0,,,,,,,,,,,,,,,,,ineligible:gate0_status,,,
AAPG,2023311,ASCENTAGE PHARMA GROUP INTERNATIONAL,"",Nasdaq,2834,Pharmaceutical Preparations,ifrs-full,20-F,CNY,1231,2024,2024-12-31,false,false,tax_anomaly,fail,ni_vs_oi,intangibles,never_acquired,reported,never_acquired,"",,false,,260811000.0,2.0036525901002213,-135646000.0,-156570000.0,0.021336868403609852,-775397000.0,-0.026375377920582914,,,,false,,-0.5183371165288579,980650000.0,-55577000.0,,-111357000.0,24289000.0,false,false,false,2.181516076881624,false,false,true,,-0.05667363483403865,false,,20924000.0,264194000.0,3383000.0,0.0,893100000.0,1668497000.0,302062104.0,false,PASS,false,PASS,true,FAIL,true,FAIL,false,PASS,false,,NOT_EVALUABLE,true,FAIL,,0,insufficient,true,,,,,,,,-0.5183371165288579,,false,0,,,,1.176207099873973,rising,,,,,,,,,,,,,,,,,,,,,,,,,false,,,11134000.0,,,,-395255000.0,2026-08-25,PurchaseOfPropertyPlantAndEquipmentClassifiedAsInvestingActivities,EquityAttributableToOwnersOfParent,Goodwill,,ProfitLoss,CashFlowsFromUsedInOperatingActivities,,AdjustmentsForSharebasedPayments,10425000.0,,,,,,,,,,,,,,,,,,,,,,ineligible:gate0_status,,,
BCAX,2023658,Bicara Therapeutics Inc.,"",Nasdaq,2834,Pharmaceutical Preparations,us-gaap,10-Q,USD,1231,2025,2025-12-31,false,false,"tax_anomaly,ni_vs_oi",fail,sbc,"goodwill,intangibles",never_acquired,never_acquired,never_acquired,"",,false,,401452000.0,0.7744400144980065,-107114000.0,-122120000.0,,,-0.0015755120414134593,0.8865453330248579,,,false,,-0.0022334845050457877,,-137950000.0,-155604000.0,-106834000.0,280000.0,false,false,false,,false,false,false,"",,false,,15006000.0,401452000.0,0.0,0.0,96685000.0,,54676896000.0,false,PASS,true,FAIL,true,FAIL,true,FAIL,,NOT_EVALUABLE,,true,FAIL,true,FAIL,,0,insufficient,true,,,,,,,,-0.0022334845050457877,,false,0,,,,0.9171716623255185,falling,,-185363000.0,-134848000.0,400000.0,22159000.0,-157407000.0,,,468768000.0,96599000.0,,64360558.0,,,,,,0,,,-0.336654095210987,,,0,false,,,,,,,-137733000.0,2026-08-25,PaymentsToAcquirePropertyPlantAndEquipment,StockholdersEquity,,,NetIncomeLoss,NetCashProvidedByUsedInOperatingActivities,OperatingIncomeLoss,ShareBasedCompensation,217000.0,,,,,-201989000.0,-185155000.0,208000.0,,,,,,,,,,,,,,,ineligible:gate0_status,,,
LPBB,2023676,Launch Two Acquisition Corp.,"",Nasdaq,3443,Fabricated Plate Work (Boiler Shops),us-gaap,10-Q,USD,1231,2025,2025-12-31,false,false,ni_vs_oi,fail,"fcf,sbc,tax_anomaly","goodwill,intangibles",never_acquired,never_acquired,never_acquired,"",,true,,-10746667.0,-0.06852062939754515,,,,,,-9.80295755079681,,,false,,,,8911506.0,-909063.0,-610622.0,,false,false,false,,false,false,false,"",,false,,,-10746667.0,0.0,0.0,250079.0,,,true,FAIL,true,FAIL,,NOT_EVALUABLE,,NOT_EVALUABLE,,NOT_EVALUABLE,,true,FAIL,,NOT_EVALUABLE,,0,insufficient,true,,,,,,,,,,false,0,,,,-0.06852062939754515,,,7446275.0,-521090.0,,,,,,-11952980.0,23197.0,,,,,,,,0,,,,,,0,false,,,,,,,,2026-08-25,,StockholdersEquity,,,NetIncomeLoss,NetCashProvidedByUsedInOperatingActivities,OperatingIncomeLoss,,,,,,,-1732022.0,,,,,,,,,,,,,,,,,ineligible:gate0_status,,,
HDRN,2023730,"Hadron Energy, Inc.","",Nasdaq,4911,Electric Services,us-gaap,10-Q,USD,1231,2025,2025-12-31,false,false,"tax_anomaly,ni_vs_oi",fail,"fcf,sbc","goodwill,intangibles",never_acquired,never_acquired,never_acquired,"",,true,,-59800000.0,-0.3084242046391746,,,,,0.0,-1.145075904065977,,,false,,,0.0,3825465.0,-3340796.0,-1179866.0,,false,false,false,,false,false,false,"",,false,,,-59800000.0,0.0,0.0,89362.0,,,true,FAIL,true,FAIL,,NOT_EVALUABLE,,NOT_EVALUABLE,,NOT_EVALUABLE,,true,FAIL,true,FAIL,,0,insufficient,true,,,,,,,,,,false,0,,,,-0.3084242046391746,,0.0,41733465.0,-4917866.0,,,,,,19238000.0,54692.0,,54240683.0,,,,,,0,,,,,,0,false,,,,,,,3825465.0,2026-08-25,,StockholdersEquity,,,NetIncomeLoss,NetCashProvidedByUsedInOperatingActivities,OperatingIncomeLoss,,0.0,,,,,-8365796.0,41733465.0,0.0,,,,,,,,,,,,,,,ineligible:gate0_status,,,
FCHL,2023796,Fitness Champs Holdings Limited,"",Nasdaq,7990,Services-Miscellaneous Amusement & Recreation,us-gaap,20-F,USD,1231,2025,2025-12-31,false,false,"tax_anomaly,ni_vs_oi",fail,sbc,goodwill,never_acquired,never_acquired,reported,"",,true,,541000.0,-0.4205079962370649,446000.0,,,,-0.002830188679245283,0.9267654751525719,,,false,,,3232000.0,-1063000.0,-1147000.0,447000.0,1000.0,false,true,false,,false,false,true,,-0.32889851485148514,false,,,598000.0,0.0,57000.0,1549000.0,,9634.0,false,PASS,true,FAIL,false,PASS,,NOT_EVALUABLE,,NOT_EVALUABLE,,true,FAIL,true,FAIL,,0,insufficient,true,,,,,,,,,,false,0,-0.35488861386138615,,,0.031809493944959605,,,,,,,,,,,,,15000000.0,,,,,,,,,,,,,false,,,,,,-0.35488861386138615,-1060000.0,2026-08-25,PaymentsToAcquirePropertyPlantAndEquipment,StockholdersEquity,,IntangibleAssetsNetExcludingGoodwill,NetIncomeLoss,NetCashProvidedByUsedInOperatingActivities,OperatingIncomeLoss,,3000.0,,,,,,,,,,,,,,,,,,,,,,ineligible:gate0_status,,,
TGHL,2024114,THE GROWHUB LIMITED,"",Nasdaq,7374,Services-Computer Processing & Data Preparation,us-gaap,20-F,USD,1231,2025,2025-12-31,false,false,tax_anomaly,fail,sbc,goodwill,never_acquired,never_acquired,reported,"",,true,,-2351180.0,0.8163067401724974,-10920894.0,,,,0.000012484053863833359,1.0163588910123238,,,false,,,64574.0,-13376898.0,-13161589.0,-10919652.0,1242.0,false,false,false,,false,false,true,,-207.15609997831945,false,,,-2299129.0,0.0,52051.0,905187.0,,22834057.0,true,FAIL,false,PASS,true,FAIL,,NOT_EVALUABLE,,NOT_EVALUABLE,,false,PASS,true,FAIL,,0,insufficient,true,,,,,,,,,,false,0,-203.82180134419426,,,0.8163067401724974,,,,,,,,,1627344.0,-2936369.0,216314.0,,21549810.0,,,,,,0,,,,,,0,false,,,,,,-203.82180134419426,-13377065.0,2026-08-25,PaymentsToAcquirePropertyPlantAndEquipment,StockholdersEquity,,IntangibleAssetsNetExcludingGoodwill,NetIncomeLoss,NetCashProvidedByUsedInOperatingActivities,OperatingIncomeLoss,,-167.0,,,,,,,,,,,,,,,,,,,,,,ineligible:gate0_status,,,
SMC,2024218,Summit Midstream Corporation,"",NYSE,4922,Natural Gas Transmission,us-gaap,10-Q,USD,1231,2025,2025-12-31,false,false,"",fail,"tangible_book,ni_vs_oi","",unresolved,unresolved,reported,"",,false,,,-22.498315931289998,44553000.0,36755000.0,0.013873198467863744,-1036296000.0,0.20814291649356045,,,,false,,3.0293414654248743,562091000.0,-5938000.0,,133595000.0,89042000.0,false,false,false,0.7799823053810913,false,false,false,"",-0.010564125737647463,false,,7798000.0,546180000.0,,153564000.0,9274000.0,1045570000.0,12133000.0,,NOT_EVALUABLE,true,FAIL,false,PASS,false,PASS,false,PASS,false,,NOT_EVALUABLE,false,PASS,,0,insufficient,true,,,,,,,,3.0293414654248743,,false,1,,,,-8.488943911127238,falling,583332000.0,289000.0,131154000.0,86316000.0,8395000.0,36443000.0,,149513000.0,598375000.0,20967000.0,1239648000.0,13074000.0,,0.4341942098325441,0.04856929696978832,0.10552215494554869,,1,,,-1.71131993006993,,,0,false,,,114159000.0,,,,-2407000.0,2026-08-25,PaymentsToAcquirePropertyPlantAndEquipment,StockholdersEquity,,IntangibleAssetsNetExcludingGoodwill,NetIncomeLoss,NetCashProvidedByUsedInOperatingActivities,,ShareBasedCompensation,-501000.0,224151000.0,,109146000.0,,,-892000.0,21000.0,,,,,,,,,,,,,,,ineligible:gate0_status,,,
POAS,2024258,Phaos Technology Holdings (Cayman) Limited,"",NYSE,3823,"Industrial Instruments For Measurement, Display, and Control",us-gaap,20-F,USD,430,2025,2025-04-30,false,false,ni_vs_oi,fail,"sbc,tax_anomaly","goodwill,intangibles",never_acquired,never_acquired,never_acquired,"",,true,,-1503511.0,0.7111799916340407,-2982492.0,,,-3391.0,,0.9729502120713264,,,false,,,128464.0,-3934994.0,-4044394.0,-2798489.0,184003.0,false,false,false,,false,false,true,,-30.631102877070617,false,,,-1503511.0,0.0,0.0,99237.0,102628.0,25662939.0,true,FAIL,true,FAIL,true,FAIL,,NOT_EVALUABLE,,NOT_EVALUABLE,,true,FAIL,,NOT_EVALUABLE,,0,insufficient,true,,,,,,,,,,false,0,-31.48270332544526,,,0.7111799916340407,,,,,,,,,,,,,,,,,,,,,,,,,,false,,,,,,-31.48270332544526,-3934994.0,2026-08-25,PaymentsToAcquirePropertyPlantAndEquipment,StockholdersEquity,,,NetIncomeLoss,NetCashProvidedByUsedInOperatingActivities,OperatingIncomeLoss,,,,,,,,,,,,,,,,,,,,,,,,ineligible:gate0_status,,,
JFB,2024306,JFB CONSTRUCTION HOLDINGS,"",Nasdaq,1540,General Bldg Contractors - Nonresidential Bldgs,us-gaap,10-Q,USD,1231,2025,2025-12-31,false,false,ni_vs_oi,fail,"sbc,tax_anomaly","goodwill,intangibles",never_acquired,never_acquired,never_acquired,"",,true,,37834838.0,2.236087996114215,-12016643.0,,,,,0.9324411577402832,,,false,,,30541443.0,-5272551.0,-5654567.0,-11789888.0,226755.0,false,false,false,,false,false,false,"",-0.17263594912656877,false,,,37834838.0,0.0,0.0,25208384.0,,16968640.0,false,PASS,false,PASS,true,FAIL,,NOT_EVALUABLE,,NOT_EVALUABLE,,true,FAIL,,NOT_EVALUABLE,,0,insufficient,true,,,,,,,,,,false,0,-0.18514406801276548,,,15.747051182629184,,42697957.0,-10197673.0,-10907791.0,435060.0,,,,,47763728.0,7971305.0,,15563966.0,,,1.1447214790061928,,,0,,,3.7282531009360445,,,0,false,,,,,,-0.18514406801276548,,2026-08-25,PaymentsToAcquirePropertyPlantAndEquipment,StockholdersEquity,,,NetIncomeLoss,NetCashProvidedByUsedInOperatingActivities,OperatingIncomeLoss,,,,,,,-10664333.0,,,,,,,,,,,,,,,,,ineligible:gate0_status,,,
EDHL,2024876,Everbright Digital Holding Ltd.,"",Nasdaq,7310,Services-Advertising,us-gaap,20-F,USD,1231,2025,2025-12-31,false,false,"",unknown,"fcf,sbc,ni_vs_oi",goodwill,never_acquired,never_acquired,reported,"",,true,,3168312.0,1.0217226773657297,,,,,0.13916023802671,,,,false,,,1862231.0,-2246178.0,,-2294971.0,,false,false,false,,false,false,false,"",-1.20617581814501,false,,,4265480.0,0.0,1097168.0,3167.0,,1633849.0,false,PASS,false,PASS,,NOT_EVALUABLE,,NOT_EVALUABLE,,NOT_EVALUABLE,,,NOT_EVALUABLE,false,PASS,,0,insufficient,true,0.3170714296151744,,,,,,,,,false,0,,,,0.3253160509542716,rising,2041124.0,-741458.0,-1748162.0,,,,,213191.0,5376594.0,15633.0,,25618000.0,,,,,,0,,,,,,0,false,,,,,,,-2609287.0,2026-08-25,,StockholdersEquity,,IntangibleAssetsNetExcludingGoodwill,NetIncomeLoss,NetCashProvidedByUsedInOperatingActivities,,,-363109.0,,,,,,-735071.0,6387.0,,,,,,,,,,,,,,,ineligible:gate0_status,,,
DLXY,2025218,Delixy Holdings Limited,"",Nasdaq,5172,Wholesale-Petroleum & Petroleum Products (No Bulk Stations),us-gaap,20-F,USD,1231,2025,2025-12-31,false,false,"tax_anomaly,ni_vs_oi",unknown,"fcf,sbc","goodwill,intangibles",never_acquired,never_acquired,never_acquired,"",,true,,105000.0,1.1752184629173201,,,,,-0.03143055234573608,0.9845576880652989,,,false,,,307747000.0,-4463000.0,-4533000.0,-5245000.0,,false,false,false,,false,false,true,,-0.014502172238884538,false,0.0038801242193065573,,105000.0,0.0,0.0,1793000.0,,15647260.0,false,PASS,false,PASS,,NOT_EVALUABLE,,NOT_EVALUABLE,,NOT_EVALUABLE,,true,FAIL,true,FAIL,,0,insufficient,true,-0.01272839703822548,,,,,,,,,false,0,-0.014729631807946137,,,1.7620580674056436,falling,,,,,,,,,,,,,,,,,,,,,,,,,false,,,,,,-0.014729631807946137,-4327000.0,2026-08-25,,StockholdersEquity,,,NetIncomeLoss,NetCashProvidedByUsedInOperatingActivities,OperatingIncomeLoss,,136000.0,,,,,,,,,,,,,,,,,,,,,,ineligible:gate0_status,,,
SARO,2025410,"StandardAero, Inc.","",NYSE,3724,Aircraft Engines & Engine Parts,us-gaap,10-Q,USD,1231,2025,2025-12-31,false,false,"",fail,"","",reported,reported,reported,"",,false,,-182253000.0,1.1416207370132327,234297000.0,221060000.0,0.0021834179984438797,-1924888000.0,0.2638568987294747,0.5034160876405677,,-0.02187112835881754,true,,0.6612208027614179,6062513000.0,277417000.0,551069000.0,316705000.0,82408000.0,false,false,false,0.42552048909451423,false,false,false,acquisitions,0.04575940703137461,false,0.07392877585528317,13237000.0,2667311000.0,1684255000.0,1165309000.0,289717000.0,2214605000.0,334321000.0,true,FAIL,false,PASS,false,PASS,false,PASS,false,PASS,false,false,PASS,false,PASS,false,3,insufficient,true,0.13462284144021686,,,,,,,0.6612208027614179,,false,1,0.0908977844666065,,,2.0535756350014087,rising,6324532000.0,323969000.0,290581000.0,71787000.0,17087000.0,201707000.0,1710805000.0,1287377000.0,2753493000.0,179063000.0,2325170000.0,332858000.0,,0.20354290883935508,0.1332339083358178,0.0462737983037955,,0,,,-1.7399440434676832,,,0,false,,,193664000.0,,-132594000.0,0.0908977844666065,376852000.0,2026-08-25,PaymentsToAcquirePropertyPlantAndEquipment,StockholdersEquity,Goodwill,FiniteLivedIntangibleAssetsNet,NetIncomeLoss,NetCashProvidedByUsedInOperatingActivities,OperatingIncomeLoss,ShareBasedCompensation,99435000.0,,,189945000.0,,598157000.0,432136000.0,108167000.0,,,,,,,,,,,,,,,ineligible:gate0_status,,,
ITXP,2025878,"INDEPENDENCE POWER HOLDINGS, INC.","",OTC,8700,"Services-Engineering, Accounting, Research, Management",us-gaap,10-Q,USD,1231,2026,2025-12-31,false,false,"",fail,"fcf,sbc",goodwill,never_acquired,never_acquired,reported,"",,true,,73155011.0,-0.004895843050130238,,,,,0.20663238083225627,0.8034794092868668,,,false,,,97207466.0,68888442.0,85737657.0,-337267.0,,false,false,false,,false,false,false,"",0.7086743933845575,false,,,73453956.0,0.0,298945.0,1576367.0,,224228219.0,false,PASS,true,FAIL,,NOT_EVALUABLE,,NOT_EVALUABLE,,NOT_EVALUABLE,,false,PASS,false,PASS,,0,insufficient,true,,,,,,,,,,false,0,0.8820069129258035,,,0.7491804968779944,falling,97207466.0,68816342.0,387398.0,1890000.0,,,,306995.0,72752820.0,164293.0,,265650000.0,,,,-1.0,,0,,,,,,0,false,,,,,,0.8820069129258035,86830418.0,2026-08-25,,StockholdersEquity,,FiniteLivedIntangibleAssetsNet,ProfitLoss,NetCashProvidedByUsedInOperatingActivities,OperatingIncomeLoss,,17941976.0,,,,,83765424.0,86572210.0,18128064.0,,,,,,,,,,,,,,,ineligible:gate0_status,,,
CURX,2025942,Curanex Pharmaceuticals Inc,"",Nasdaq,2834,Pharmaceutical Preparations,us-gaap,10-Q,USD,1231,2025,2025-12-31,false,false,ni_vs_oi,unknown,"fcf,sbc,tax_anomaly","goodwill,intangibles",never_acquired,never_acquired,never_acquired,"",,true,,365777.0,2.481464843722264,,,,,,0.9967044705025341,,,false,,,,-4225106.0,-4239076.0,-10484452.0,,false,false,false,,false,false,false,"",,false,,,365777.0,0.0,0.0,5000000.0,,25497328.0,false,PASS,false,PASS,,NOT_EVALUABLE,,NOT_EVALUABLE,,NOT_EVALUABLE,,true,FAIL,,NOT_EVALUABLE,,0,insufficient,true,,,,,,,,,,false,0,,,,2.0091498201892373,,,-10468375.0,-12079094.0,,,,,,4787678.0,2938463.0,,28354867.0,,,,,,0,,,,,,0,false,,,,,,,,2026-08-25,,StockholdersEquity,,,NetIncomeLoss,NetCashProvidedByUsedInOperatingActivities,OperatingIncomeLoss,,,,,,,-10552885.0,,,,,,,,,,,,,,,,,ineligible:gate0_status,,,
ATHR,2026353,"Aether Holdings, Inc.","",Nasdaq,7372,Services-Prepackaged Software,us-gaap,10-Q,USD,930,2025,2025-09-30,false,false,tax_anomaly,fail,"tangible_book,sbc,ni_vs_oi","",unresolved,unresolved,reported,"",,true,,,1.136569413216329,-3672135.0,,,,-0.0016894062620276128,,0.07821269507911793,,false,,,1380850.0,-3141311.0,,-3570318.0,101817.0,false,false,false,,false,false,false,"",-2.27491110547851,false,,,4517083.0,,1000.0,159564.0,,11008698.0,,NOT_EVALUABLE,false,PASS,true,FAIL,,NOT_EVALUABLE,,NOT_EVALUABLE,,,NOT_EVALUABLE,true,FAIL,,0,insufficient,true,,,,,,,,,,false,0,,,,0.9348136665373135,,1345440.0,-5092048.0,-4688073.0,1354488.0,,,,,1008816.0,254446.0,,12135724.0,,,-0.017153837604487784,-0.04002791966379585,,0,,,,,,0,false,108000.0,,,,,,-3136013.0,2026-08-25,PaymentsToAcquirePropertyPlantAndEquipment+PaymentsToDevelopSoftware,StockholdersEquity,,FiniteLivedIntangibleAssetsNet,NetIncomeLoss,NetCashProvidedByUsedInOperatingActivities,,,5298.0,,,,,,-5086750.0,5298.0,,,,,,,,,,,,,,,ineligible:gate0_status,,,
NMAX,2026478,NEWSMAX INC.,"",NYSE,4833,Television Broadcasting Stations,us-gaap,10-Q,USD,1231,2025,2025-12-31,false,false,"tax_anomaly,ni_vs_oi",fail,"","goodwill,intangibles",never_acquired,never_acquired,never_acquired,"",,false,,106048552.0,1.0498492694902952,-107105393.0,-119061275.0,0.06317342733719458,,-0.0,0.996400264869202,,,false,,-1.1003215416372933,189254921.0,-99495119.0,-99854569.0,-104454878.0,2650515.0,false,false,false,0.41890612778516473,false,false,false,"",-0.5257201158853883,false,,11955882.0,106048552.0,0.0,0.0,20433021.0,,108205893.0,false,PASS,false,PASS,true,FAIL,true,FAIL,false,PASS,false,true,FAIL,true,FAIL,,0,insufficient,true,,,,,,,,-1.1003215416372933,,false,0,-0.5276194059968459,,,0.8622263623642297,,203287446.0,-6407892.0,-68273728.0,3340876.0,13635290.0,-85249894.0,,,113182453.0,25883741.0,,129267846.0,,,0.1403210700206065,0.1652838783951953,,1,,,0.8169761101609749,,,0,false,,,6327229.0,915069.0,,-0.5276194059968459,-99495119.0,2026-08-25,PaymentsToAcquirePropertyPlantAndEquipment,StockholdersEquity,,,NetIncomeLoss,NetCashProvidedByUsedInOperatingActivities,OperatingIncomeLoss,ShareBasedCompensation,0.0,,,6289804.0,2.0,-15040481.0,-6422585.0,-14693.0,,,,,,,,,,,,,,,ineligible:gate0_status,,,
NAMM,2026514,Namib Minerals,"",Nasdaq,1040,Gold and Silver Ores,ifrs-full,20-F,USD,1231,2025,2025-12-31,false,false,"",fail,ni_vs_oi,"goodwill,intangibles",never_acquired,never_acquired,never_acquired,"",,false,,70465000.0,0.13630164064044278,2531000.0,2295000.0,0.0028573158181487983,-3296000.0,0.06752559742689412,,,,false,,0.044404457859298814,82595000.0,101180000.0,,13791000.0,11260000.0,false,false,false,1.5494702077886335,false,false,true,,1.225013620679218,false,,236000.0,70465000.0,0.0,0.0,1887000.0,5183000.0,51684000.0,false,PASS,true,FAIL,false,PASS,false,PASS,false,PASS,false,,NOT_EVALUABLE,false,PASS,,0,insufficient,true,,,,,,,,0.044404457859298814,,false,2,,,,3.1940365502046504,falling,,,,,,,,,,,,,,,,,,,,,,,,,false,,,7267000.0,,,,108507000.0,2026-08-25,PurchaseOfPropertyPlantAndEquipmentClassifiedAsInvestingActivities,EquityAttributableToOwnersOfParent,,,ProfitLoss,CashFlowsFromUsedInOperatingActivities,,AdjustmentsForSharebasedPayments,7327000.0,,,,,,,,,,,,,,,,,,,,,,ineligible:gate0_status,,,
ALIS,2026767,Calisa Acquisition Corp,"",Nasdaq,7374,Services-Computer Processing & Data Preparation,us-gaap,10-Q,USD,1231,2025,2025-12-31,false,false,ni_vs_oi,fail,"fcf,sbc,tax_anomaly","goodwill,intangibles",never_acquired,never_acquired,never_acquired,"",,true,,73578.0,-1.1672451864707847,,,,,,-1.2879180615168273,,,false,,,429224.0,245454.0,-190582.0,-286505.0,,false,false,false,,false,false,false,"",0.5718552550649544,false,,,73578.0,0.0,0.0,459048.0,,,false,PASS,true,FAIL,,NOT_EVALUABLE,,NOT_EVALUABLE,,NOT_EVALUABLE,,true,FAIL,,NOT_EVALUABLE,,0,insufficient,true,,,,,,,,,,false,0,-0.4440152461185768,,,-1.1672451864707847,,,587227.0,-513416.0,,,,,,202177.0,232017.0,,6000000.0,,,,,,0,,,,,,0,false,,,,,,-0.4440152461185768,,2026-08-25,,StockholdersEquity,,,NetIncomeLoss,NetCashProvidedByUsedInOperatingActivities,OperatingIncomeLoss,,,,,,,-925229.0,,,,,,,,,,,,,,,,,ineligible:gate0_status,,,
VNTG,2027160,Vantage     Corp,"",NYSE,4731,Arrangement of  Transportation of  Freight & Cargo,us-gaap,20-F,USD,331,2026,2026-03-31,false,false,tax_anomaly,fail,sbc,"",reported,reported,reported,"",,true,,4670024.0,3.377082336500414,-4659948.0,,,,-0.1341198075389203,1.5785157753270216,0.04393755419377628,,false,,,17837611.0,-1316670.0,-834119.0,-4446503.0,213445.0,false,false,false,,false,false,true,,-0.07381425685311784,false,0.29189750398189057,,8823880.0,2900729.0,1253127.0,8861768.0,,30983322.0,false,PASS,false,PASS,true,FAIL,,NOT_EVALUABLE,,NOT_EVALUABLE,,false,PASS,true,FAIL,,0,insufficient,true,-0.0940058253283772,,,,,,,,,false,0,-0.046761811321033964,,,1.2784240615550997,rising,,,,,,,,,,,,,,,,,,,,,,,,,false,783741.0,749424.0,,2215174.0,,-0.046761811321033964,-1160962.0,2026-08-25,PaymentsToAcquirePropertyPlantAndEquipment,StockholdersEquity,Goodwill,IntangibleAssetsNetExcludingGoodwill,NetIncomeLoss,NetCashProvidedByUsedInOperatingActivities,OperatingIncomeLoss,,155708.0,,,,,,,,,,,,,,,,,,,,,,ineligible:gate0_status,,,
RCT,2027360,RedCloud Holdings plc,"",Nasdaq,5990,"Retail-Retail Stores, NEC",us-gaap,20-F,USD,1231,2025,2025-12-31,false,false,sbc,fail,tax_anomaly,goodwill,never_acquired,never_acquired,reported,"",,false,,-13692768.0,0.799868485853416,-37130596.0,-44954772.0,0.16119242462914576,,,1.0603674790481747,,,false,,-0.9986139066493962,48539353.0,-46236851.0,-43604554.0,-36983400.0,147196.0,false,false,false,0.4979802832339827,false,false,false,"",-0.9525642214472863,false,-1.2947582492379388,7824176.0,-6962613.0,0.0,6730155.0,478983.0,,45017170.0,true,FAIL,true,FAIL,true,FAIL,true,FAIL,true,FAIL,true,false,PASS,,NOT_EVALUABLE,,0,insufficient,true,,,,,,,,-0.9986139066493962,,false,0,-0.898334058964486,,,0.7213794712942648,rising,48397567.0,-53372251.0,-35216434.08,469436.0,9059927.0,-44745797.08,,7074524.0,-8004374.0,869081.0,,35745864.0,,,,,,0,,,,,,0,false,,,295586.0,,,-0.898334058964486,-46236851.0,2026-08-25,PaymentsToAcquirePropertyPlantAndEquipment,StockholdersEquity,,IntangibleAssetsNetExcludingGoodwill,NetIncomeLoss,NetCashProvidedByUsedInOperatingActivities,OperatingIncomeLoss,ShareBasedCompensation,,,,,,-42094847.0,-55490130.0,-2117879.0,,,,,,,,,,,,,,,ineligible:gate0_status,,,
YOUL,2028177,Youlife Group Inc.,"",Nasdaq,8200,Services-Educational Services,us-gaap,20-F,USD,1231,2025,2025-12-31,false,false,ni_vs_oi,fail,sbc,goodwill,never_acquired,never_acquired,reported,"",,true,,103803000.0,0.2782919305081994,1710000.0,,,,0.1535902411976712,6.36918304033092,,,false,,,265162000.0,6159000.0,967000.0,1714000.0,4000.0,false,false,false,,false,false,true,,0.023227310097223584,false,,,104999000.0,0.0,1196000.0,20623000.0,,72899967.0,false,PASS,true,FAIL,false,PASS,,NOT_EVALUABLE,,NOT_EVALUABLE,,true,FAIL,false,PASS,,0,insufficient,true,,,,,,,,,,false,0,0.0036468272226035407,,,0.2782919305081994,,,,,,,,,1268000.0,-55663000.0,22199000.0,6000.0,70000000.0,,,,,,0,,,,,,0,false,,,,,,0.0036468272226035407,7214000.0,2026-08-25,PaymentsToAcquirePropertyPlantAndEquipment,StockholdersEquity,,IntangibleAssetsNetExcludingGoodwill,NetIncomeLoss,NetCashProvidedByUsedInOperatingActivities,OperatingIncomeLoss,,1108000.0,,,,,,,,,,,,,,,,,,,,,,ineligible:gate0_status,,,
RAIN,2028293,"RAIN ENHANCEMENT TECHNOLOGIES HOLDCO, INC.","",Nasdaq,3590,Misc Industrial & Commercial Machinery & Equipment,us-gaap,10-Q,USD,1231,2025,2025-12-31,false,false,"",fail,"sbc,tax_anomaly",goodwill,never_acquired,never_acquired,reported,"",,false,,-12826750.0,0.21482443649207808,-2940850.0,-4575714.0,,,,1.1179038281089668,,,false,,,,-9091354.0,-8132501.0,-1953045.0,987805.0,false,false,false,,false,false,false,"",,false,,1634864.0,-12745998.0,0.0,80752.0,213688.0,,,true,FAIL,true,FAIL,true,FAIL,true,FAIL,,NOT_EVALUABLE,,false,PASS,,NOT_EVALUABLE,,0,insufficient,true,,,,,,,,,,false,0,,,,0.35047144745283987,falling,,-11763024.0,-3461484.0,384580.0,,,,74914.0,-12157084.0,32608.0,,,,,,,,0,,,-0.6425532137604739,,,0,false,,,,,,,,2026-08-25,PaymentsToAcquirePropertyPlantAndEquipment,StockholdersEquity,,IntangibleAssetsNetExcludingGoodwill,NetIncomeLoss,NetCashProvidedByUsedInOperatingActivities,OperatingIncomeLoss,ShareBasedCompensation,912.0,,,,,-10696752.0,,,,,,,,,,,,,,,,,ineligible:gate0_status,,,
NUAI,2028336,"NEW ERA ENERGY & DIGITAL, INC.","",Nasdaq,1311,Crude Petroleum & Natural Gas,us-gaap,10-Q,USD,1231,2025,2025-12-31,false,false,sbc,fail,tax_anomaly,"goodwill,intangibles",never_acquired,never_acquired,never_acquired,"",,false,,-2609297.0,0.39542991632067864,-13365159.0,-14340831.0,1.1019561779986446,,,1.2074229784244255,,,false,,-0.5043204464770827,885400.0,-29585804.0,-24503264.0,-11699112.0,1666047.0,false,false,false,1.8296567348906574,false,false,false,"",-33.415184097583015,false,-0.4764943024410642,975672.0,-2609297.0,0.0,0.0,1202728.0,,28435950.0,true,FAIL,true,FAIL,true,FAIL,true,FAIL,true,FAIL,true,false,PASS,,NOT_EVALUABLE,,0,insufficient,true,,,,,,,,-0.5043204464770827,,false,0,-27.674795572622543,,,-87.89128797120232,rising,900915.0,-53926143.0,-17899284.0,5402392.0,,,,,138584967.0,69821390.0,4983024.0,77020164.0,,,1.4577751910676817,-0.8254684047935575,,0,,,-1.1088940146949275,,,0,false,,,910579.0,,,-27.674795572622543,-29585804.0,2026-08-25,PaymentsToAcquirePropertyPlantAndEquipment,StockholdersEquity,,,NetIncomeLoss,NetCashProvidedByUsedInOperatingActivities,OperatingIncomeLoss,ShareBasedCompensation,,,,1249362.0,,-47145431.0,-53926143.0,,,,,,,,,,,,,,,,ineligible:gate0_status,,,
MRLN,2028707,"MERLIN, INC.","",Nasdaq,7373,Services-Computer Integrated Systems Design,us-gaap,10-Q,USD,1231,2025,2025-12-31,false,false,ni_vs_oi,fail,"fcf,sbc,tax_anomaly","goodwill,intangibles",never_acquired,never_acquired,never_acquired,"",,false,,-73598000.0,-0.2211445177850081,,,,27288000.0,,-1.5576977271319044,,,false,,,,6008347.0,-3857197.0,-1328713.0,,false,false,false,,false,false,false,"",,false,,670000.0,-73598000.0,0.0,0.0,59343000.0,32055000.0,,true,FAIL,true,FAIL,,NOT_EVALUABLE,,NOT_EVALUABLE,,NOT_EVALUABLE,,true,FAIL,,NOT_EVALUABLE,,0,insufficient,true,,,,,,,,,,false,0,,,,-0.2211445177850081,,,-113808653.0,-27004713.0,,5627000.0,,,,-99929000.0,183550000.0,0.0,81915507.0,,,0.1543778801843318,-0.2938525909237206,,0,,,-0.9584819734345351,,,0,false,,,,,,,,2026-08-25,,StockholdersEquity,,,NetIncomeLoss,NetCashProvidedByUsedInOperatingActivities,OperatingIncomeLoss,ShareBasedCompensation,,,,,,-41992197.0,,,,,,,,,,,,,,,,,ineligible:gate0_status,,,
FACT,2028935,FACT II ACQUISITION CORP.,"",Nasdaq,3728,"Aircraft Parts & Auxiliary Equipment, NEC",us-gaap,10-Q,USD,1231,2025,2025-12-31,false,false,ni_vs_oi,fail,"fcf,sbc,tax_anomaly","goodwill,intangibles",never_acquired,never_acquired,never_acquired,"",,true,,-8524081.0,-0.17999465076298377,,,,,,-2.2550428533547864,,,false,,,,5017538.0,-2225030.0,-903130.0,,false,false,false,,false,false,false,"",,false,,,-8524081.0,0.0,0.0,544791.0,,,true,FAIL,true,FAIL,,NOT_EVALUABLE,,NOT_EVALUABLE,,NOT_EVALUABLE,,true,FAIL,,NOT_EVALUABLE,,0,insufficient,true,,,,,,,,,,false,0,,,,-0.17999465076298377,,,3832177.0,-917988.0,,,,,,-9738110.0,170477.0,,5128205.0,,,,,,0,,,,,,0,false,,,,,,,,2026-08-25,,StockholdersEquity,,,NetIncomeLoss,NetCashProvidedByUsedInOperatingActivities,OperatingIncomeLoss,,0.0,,,,,-2879008.0,,0.0,,,,,,,,,,,,,,,ineligible:gate0_status,,,
MRCL,2029014,MERCALOT INC.,"",OTC,7380,Services-Miscellaneous Business Services,us-gaap,10-Q,USD,630,2025,2025-06-30,false,false,"",fail,"fcf,sbc,tax_anomaly",goodwill,never_acquired,never_acquired,reported,"",,true,,-48236.0,-0.10045498414449193,,,,,,1.0,,,false,,,3900.0,-36265.0,-36265.0,3643.0,0.0,true,true,false,,false,true,false,"",-9.298717948717949,false,,,-10644.0,0.0,37592.0,39246.0,,4254662.0,true,FAIL,true,FAIL,,NOT_EVALUABLE,,NOT_EVALUABLE,,NOT_EVALUABLE,,false,PASS,,NOT_EVALUABLE,,0,insufficient,true,,,,,,,,,,false,0,-9.298717948717949,,,-0.10045498414449193,,25520.0,-35891.0,-11203.0,0.0,,,,30536.0,-41980.0,23646.0,,5735200.0,,,,28.533333333333335,,0,,,,,,0,false,,,,,,-9.298717948717949,,2026-08-25,PaymentsToAcquireProductiveAssets,StockholdersEquity,,IntangibleAssetsNetExcludingGoodwill,NetIncomeLoss,NetCashProvidedByUsedInOperatingActivities,OperatingIncomeLoss,,0.0,,,,,-35891.0,,0.0,,,,,,,,,,,,,,,ineligible:gate0_status,,,
NSRX,2029039,NASUS PHARMA LTD.,"",NYSE,2834,Pharmaceutical Preparations,us-gaap,20-F,USD,1231,2025,2025-12-31,false,false,"",fail,tax_anomaly,"goodwill,intangibles",never_acquired,never_acquired,never_acquired,"",,false,,2768000.0,0.8398224043715847,-4932000.0,-5379000.0,0.0003619433198380567,,,1.1941272430668841,,,false,,-0.6715250172094671,1235000000.0,-5856000.0,-4904000.0,-4918000.0,14000.0,false,false,false,,false,false,false,"",-0.004741700404858299,false,,447000.0,2768000.0,0.0,0.0,1237000.0,,8010126.0,false,PASS,false,PASS,true,FAIL,true,FAIL,false,PASS,false,false,PASS,,NOT_EVALUABLE,,0,insufficient,true,,,,,,,,-0.6715250172094671,,false,0,-0.0039708502024291496,,,0.7509876887103312,falling,,-1913000.0,-918000.0,,155000.0,,,,-4314000.0,203000.0,,7362906.0,,,,,,0,,,,,,0,false,,,,,,-0.0039708502024291496,,2026-08-25,PaymentsToAcquirePropertyPlantAndEquipment,StockholdersEquity,,,NetIncomeLoss,NetCashProvidedByUsedInOperatingActivities,OperatingIncomeLoss,ShareBasedCompensation,,,,,,-1412000.0,,,,,,,,,,,,,,,,,ineligible:gate0_status,,,
INR,2029118,"INFINITY NATURAL RESOURCES, INC.","",NYSE,1311,Crude Petroleum & Natural Gas,us-gaap,10-Q,USD,1231,2025,2025-12-31,false,false,"tax_anomaly,sbc,ni_vs_oi",fail,"","goodwill,intangibles",never_acquired,never_acquired,never_acquired,"",,false,,307139000.0,18.920714079213646,-107180000.0,-240603000.0,0.3808005708169818,,-0.08219827075683998,1.1631778058007567,,,false,,-3.9472467386772645,350375000.0,13836000.0,11895000.0,261787000.0,368967000.0,false,false,false,3.5562741563936733,false,false,false,"",0.03948911880128434,true,0.3303099064764436,133423000.0,307139000.0,0.0,0.0,2849000.0,,60954639.0,false,PASS,false,PASS,true,FAIL,true,FAIL,true,FAIL,true,true,FAIL,true,FAIL,,0,insufficient,true,,,,,,,,-3.9472467386772645,,false,0,0.033949339992864785,,,10.07459808631164,rising,514834000.0,60304000.0,313433000.0,429333000.0,9696000.0,-125596000.0,,,398949000.0,25883000.0,11471000.0,30558472.0,,,0.7901739047800057,1.3514233279518704,,1,,,0.4751476521840828,,,0,false,,,103751000.0,,,0.033949339992864785,59101000.0,2026-08-25,PaymentsToExploreAndDevelopOilAndGasProperties+PaymentsToAcquireOtherPropertyPlantAndEquipment,StockholdersEquity,,,NetIncomeLoss,NetCashProvidedByUsedInOperatingActivities,OperatingIncomeLoss,ShareBasedCompensation,-4858000.0,,,138933000.0,,214032000.0,222829000.0,805000.0,,,,,,,,,,,,,,,ineligible:gate0_status,,,
THTG,2029303,TECH TONIC GROUP CORP.,"",OTC,7371,Services-Computer Programming Services,us-gaap,10-Q,USD,630,2025,2025-06-30,false,false,"",fail,"sbc,ni_vs_oi,tax_anomaly",goodwill,never_acquired,never_acquired,reported,"",,true,,49356.0,-13.313790255986788,13123.0,,,,,,,,false,,,92000.0,-1211.0,,16123.0,3000.0,false,false,false,,false,true,false,"",-0.01316304347826087,false,,,52243.0,0.0,2887.0,73403.0,,3088306.0,false,PASS,true,FAIL,false,PASS,,NOT_EVALUABLE,,NOT_EVALUABLE,,,NOT_EVALUABLE,,NOT_EVALUABLE,,0,insufficient,true,,,,,,,,,,false,0,,,,-6.293407687148837,,134920.0,18823.0,-3505.0,-34198.0,,,,2362.0,74416.0,81209.0,,3623080.0,,1.2,14.42,1.2692307692307692,,0,,,,,,0,false,,,,,,,-1211.0,2026-08-25,PaymentsToAcquireSoftware,StockholdersEquity,,FiniteLivedIntangibleAssetsNet,NetIncomeLoss,NetCashProvidedByUsedInOperatingActivities,,,,,,,,,18823.0,,,,,,,,,,,,,,,,ineligible:gate0_status,,,
HMR,2029471,Heidmar Maritime Holdings Corp.,"",Nasdaq,4412,Deep Sea Foreign Transportation of  Freight,us-gaap,20-F,USD,1231,2025,2025-12-31,false,false,"",fail,tax_anomaly,"",reported,reported,reported,"",,false,,9973902.0,-0.5853261263663543,13204690.0,8241871.0,0.08885682907809442,,,4.62673057906288,,-0.0005263925149992325,false,,0.141472945227365,55851858.0,-22561132.0,-4876258.0,13205620.0,930.0,false,true,false,,false,false,false,"",-0.40394595288128105,false,0.40000657060788264,4962819.0,10708986.0,344156.0,390928.0,18648537.0,,58257577.0,false,PASS,true,FAIL,false,PASS,false,PASS,false,PASS,false,false,PASS,,NOT_EVALUABLE,false,0,insufficient,true,0.22931790812880415,,,,,,,0.141472945227365,,false,1,-0.08730699702058256,,,1.187375060178901,falling,27657887.0,-19715916.0,1435333.0,4001.0,,,344156.0,405628.0,12805446.0,11282772.0,,57993297.0,,,,,,0,,,,,,0,false,,,,8000000.0,-29400.0,-0.08730699702058256,,2026-08-25,PaymentsToAcquirePropertyPlantAndEquipment,StockholdersEquity,Goodwill,IntangibleAssetsNetExcludingGoodwill,NetIncomeLoss,NetCashProvidedByUsedInOperatingActivitiesContinuingOperations,OperatingIncomeLoss,AllocatedShareBasedCompensationExpense,0.0,,,,,-1326506.0,,0.0,,,,,,,,,,,,,,,ineligible:gate0_status,,,
BLNH,2029586,BLUE LINE HOLDINGS INC.,"",OTC,2086,Bottled & Canned Soft Drinks & Carbonated Waters,us-gaap,10-Q,USD,630,2025,2025-06-30,false,false,"",fail,"fcf,sbc,tax_anomaly","goodwill,intangibles",never_acquired,never_acquired,never_acquired,"",,true,,-12306.0,0.7903698468786808,,,,,,1.0,,,false,,,,-106125.0,-106125.0,-83878.0,,false,false,false,,false,false,false,"",,false,,,-12306.0,0.0,0.0,8816.0,,9817005.0,true,FAIL,true,FAIL,,NOT_EVALUABLE,,NOT_EVALUABLE,,NOT_EVALUABLE,,false,PASS,,NOT_EVALUABLE,,0,insufficient,true,,,,,,,,,,false,0,,,,0.7903698468786808,,,-88516.0,-60281.0,,,,,,-67415.0,490.0,,10164686.0,,,,,,0,,,,,,0,false,,,,,,,,2026-08-25,,StockholdersEquity,,,NetIncomeLoss,NetCashProvidedByUsedInOperatingActivities,OperatingIncomeLoss,,,,,,,-88516.0,,,,,,,,,,,,,,,,,ineligible:gate0_status,,,
PLMK,2030482,PLUM ACQUISITION CORP. IV,"",Nasdaq,4911,Electric Services,us-gaap,10-Q,USD,1231,2025,2025-12-31,false,false,ni_vs_oi,fail,"fcf,sbc,tax_anomaly","goodwill,intangibles",never_acquired,never_acquired,never_acquired,"",,false,,-6967168.0,-0.14367675448431141,,,,,,-5.9257912712432,,,false,,,,6051821.0,-1021268.0,-869506.0,,false,false,false,,false,false,false,"",,false,,36750.0,-6967168.0,0.0,0.0,296249.0,,,true,FAIL,true,FAIL,,NOT_EVALUABLE,,NOT_EVALUABLE,,NOT_EVALUABLE,,true,FAIL,,NOT_EVALUABLE,,0,insufficient,true,,,,,,,,,,false,0,,,,-0.14367675448431141,,,5016797.0,-812305.0,,,,,,-8321716.0,288518.0,,,,,,,,0,,,,,,0,false,,,,,,,,2026-08-25,,StockholdersEquity,,,NetIncomeLoss,NetCashProvidedByUsedInOperatingActivities,OperatingIncomeLoss,ShareBasedCompensation,0.0,,,,,-1835164.0,,0.0,,,,,,,,,,,,,,,ineligible:gate0_status,,,
MWYN,2030522,"MARWYNN HOLDINGS, INC.","",Nasdaq,5141,"Wholesale-Groceries, General Line",us-gaap,10-Q,USD,430,2026,2026-04-30,false,false,tax_anomaly,fail,"tangible_book,fcf","",unresolved,unresolved,reported,"",,false,,,0.39469589090859,,,0.027615060197517433,,-0.0135647266943058,1.1951534590600528,-0.1296293590228869,,false,,,4242866.0,-3919942.0,-3279865.0,-1547185.0,,false,false,false,,false,false,false,capex,-0.9238901252125332,false,0.11664584831094486,117167.0,2582348.0,,127083.0,152250.0,,18645916.0,,NOT_EVALUABLE,true,FAIL,,NOT_EVALUABLE,,NOT_EVALUABLE,false,PASS,false,false,PASS,true,FAIL,,0,insufficient,true,,,,,,,,,,false,0,-0.7730305411483652,,,0.881392880155822,falling,1512691.0,-8143371.0,-6095131.0,,,,,139583.0,2308622.0,295826.0,30897.0,18146456.0,,,,1.218888936988243,,0,,,,,,0,false,-550000.0,,,,,-0.7730305411483652,-3229479.0,2026-08-25,,StockholdersEquity,,IntangibleAssetsNetExcludingGoodwill,NetIncomeLoss,NetCashProvidedByUsedInOperatingActivities,OperatingIncomeLoss,ShareBasedCompensation,43807.0,,,,,-7191182.0,-7162676.0,16906.0,,,,,,,,,,,,,,,ineligible:gate0_status,,,
PMI,2030617,"Picard Medical, Inc.","",NYSE,3841,Surgical & Medical Instruments & Apparatus,us-gaap,10-Q,USD,1231,2025,2025-12-31,false,false,"tax_anomaly,sbc",fail,fcf,"",reported,reported,reported,"",,false,,-50046000.0,0.5804384860380712,,,0.15263157894736842,,-0.001297882597248489,2.036810741495059,,-0.017611336032388663,false,,,4940000.0,-27002000.0,-13257000.0,-15673000.0,,false,false,false,,false,false,false,"",-5.465991902834008,false,,754000.0,-48922000.0,615000.0,509000.0,7451000.0,,,true,FAIL,true,FAIL,,NOT_EVALUABLE,,NOT_EVALUABLE,true,FAIL,true,false,PASS,true,FAIL,false,2,insufficient,true,,,,,,,,,,false,0,-2.6836032388663966,,,0.5721950207440416,,6300000.0,-27993000.0,-16043000.0,,1975000.0,,615000.0,465000.0,1716000.0,38000.0,,,,,,0.38620366025340214,,0,,,,,,0,false,,,163000.0,,-87000.0,-2.6836032388663966,-26967000.0,2026-08-25,,StockholdersEquity,Goodwill,IntangibleAssetsNetExcludingGoodwill,NetIncomeLoss,NetCashProvidedByUsedInOperatingActivities,OperatingIncomeLoss,ShareBasedCompensation,35000.0,,,172000.0,,-15630000.0,-27982000.0,11000.0,,,,,,,,,,,,,,,ineligible:gate0_status,,,
MEDS,2030763,"DataMeds AI, Inc.","",Nasdaq,5122,"Wholesale-Drugs, Proprietaries & Druggists' Sundries",us-gaap,10-Q,USD,1231,2025,2025-12-31,false,false,sbc,fail,"fcf,tax_anomaly","",reported,reported,reported,"",,false,,-29141277.0,0.10718419527594944,,,2.3478812967427176,-12557429.0,,1.080272058513801,,-0.04903920068078221,false,,,23337860.0,-101274530.0,-93749097.0,-10855029.0,,false,false,false,,false,false,false,"",-4.339495137943239,false,,54794525.0,-12447801.0,14193923.0,2499553.0,42571.0,12600000.0,70986200.0,true,FAIL,true,FAIL,,NOT_EVALUABLE,,NOT_EVALUABLE,true,FAIL,true,false,PASS,,NOT_EVALUABLE,false,2,insufficient,true,,,,,,,,,,false,0,-4.017039137264513,,,0.1354746881887303,falling,8022975.0,-88276985.0,-13735910.0,,28648396.0,,14193923.0,2946773.0,-19504231.0,2456373.0,12600000.0,2335557.0,,,-0.8564393443220534,-0.7715452648711022,,1,,,,,,0,false,,,,,-1144470.0,-4.017039137264513,-101274530.0,2026-08-25,,StockholdersEquity,Goodwill,IntangibleAssetsNetExcludingGoodwill,NetIncomeLoss,NetCashProvidedByUsedInOperatingActivities,OperatingIncomeLoss,ShareBasedCompensation,,,,,,-70260945.0,-88276985.0,,,,,,,,,,,,,,,,ineligible:gate0_status,,,
SAIL,2030781,"SailPoint, Inc.","",Nasdaq,7372,Services-Prepackaged Software,us-gaap,10-Q,USD,131,2026,2026-01-31,false,false,"sbc,ni_vs_oi",fail,"","",reported,reported,reported,"",,false,,317246000.0,-0.26135513638013136,51750000.0,-203122000.0,0.2378833244976741,,0.17161095586182779,0.8782643762642852,0.0,-0.17118094185638444,true,,-0.37327692825075026,1071416000.0,-270054000.0,-307486000.0,70580000.0,18830000.0,false,true,false,0.08933739455530568,false,false,false,"",-0.25205335742606044,false,-0.47561794926040496,254872000.0,6846231000.0,5151668000.0,1377317000.0,358144000.0,,544159000.0,false,PASS,true,FAIL,false,PASS,true,FAIL,true,FAIL,true,true,FAIL,false,PASS,false,1,insufficient,true,,,,,,,,-0.37327692825075026,,false,0,-0.28699030068619474,,,0.23624190949471977,falling,1121090000.0,-157416000.0,205628000.0,20654000.0,218266000.0,-33292000.0,5151668000.0,1326552000.0,6842157000.0,390806000.0,,564548000.0,,,,0.21553534547095476,,0,,,,1.322926596758818,,0,true,0.0,,210774000.0,,-183406000.0,-0.28699030068619474,-325999000.0,2026-08-25,PaymentsToAcquirePropertyPlantAndEquipment+PaymentsToDevelopSoftware,StockholdersEquity,Goodwill,IntangibleAssetsNetExcludingGoodwill,NetIncomeLoss,NetCashProvidedByUsedInOperatingActivities,OperatingIncomeLoss,ShareBasedCompensation,-55945000.0,10683000.0,,211814000.0,,-202347000.0,-201728000.0,-44312000.0,,,,,,,,,,,,,,,ineligible:gate0_status,,,
ONEG,2030834,OneConstruction Group Limited,"",Nasdaq,1520,General Bldg Contractors - Residential Bldgs,us-gaap,20-F,USD,331,2026,2026-03-31,false,false,tax_anomaly,fail,"","goodwill,intangibles",never_acquired,never_acquired,never_acquired,"",,false,,283000.0,-0.13488759367194006,1292000.0,-195000.0,0.030126828477653064,,-0.014280230326295586,1.0457531860998972,,,false,,-0.012404147743450165,49358000.0,-13211000.0,-12633000.0,1782000.0,490000.0,false,false,false,,false,false,true,"",-0.2676567121844483,false,0.03517009911286892,1487000.0,283000.0,0.0,0.0,1694000.0,,15720548.0,false,PASS,true,FAIL,false,PASS,true,FAIL,false,PASS,false,false,PASS,true,FAIL,,0,insufficient,true,-0.03245253673037751,,,,,,,-0.012404147743450165,,false,0,-0.25594635114875,,,-3.255107303665975,rising,52231000.0,-475000.0,,,,,,,12653000.0,4777000.0,,15426230.0,,,,,,0,,,,,,0,false,,,,,,-0.25594635114875,-13025000.0,2026-08-25,PaymentsToAcquirePropertyPlantAndEquipment,StockholdersEquity,,,NetIncomeLoss,NetCashProvidedByUsedInOperatingActivities,OperatingIncomeLoss,ShareBasedCompensation,186000.0,,,,,481000.0,2000.0,477000.0,,,,,,,,,,,,,,,ineligible:gate0_status,,,
XHLD,2030954,"TEN Holdings, Inc.","",Nasdaq,7389,"Services-Business Services, NEC",us-gaap,10-Q,USD,1231,2025,2025-12-31,false,false,sbc,fail_stale,"fcf,tax_anomaly",goodwill,carried_forward,never_acquired,carried_forward,intangibles,365,false,,391000.0,0.5159157312009841,,,1.5647551546391754,,,1.4530761209593326,,,false,,,3104000.0,-19509000.0,-13426000.0,-10065000.0,,false,false,false,,false,false,false,"",-6.285115979381444,false,-0.43802097337994084,4857000.0,4279000.0,0.0,3888000.0,1631000.0,,2272982.0,false,PASS,true,FAIL,,NOT_EVALUABLE,,NOT_EVALUABLE,true,FAIL,true,false,PASS,,NOT_EVALUABLE,,0,insufficient,true,,,,,,,,,,false,0,-4.325386597938144,,,0.5033901344904649,rising,2833000.0,-17777000.0,-5184000.0,,2212000.0,,,4307000.0,6400000.0,5833000.0,,4129377.0,,,0.15426251691474965,-0.3449820788530466,,0,,,,,,0,false,,,591000.0,,,-4.325386597938144,-19509000.0,2026-08-25,,StockholdersEquity,,,NetIncomeLoss,NetCashProvidedByUsedInOperatingActivities,OperatingIncomeLoss,ShareBasedCompensation,,,,316000.0,,-13141000.0,-17777000.0,,,,,,,,,,,,,,,,ineligible:gate0_status,,,
KAZR,2031009,Skyline     Builders Group Holding Limited,"",Nasdaq,1700,Construction - Special Trade Contractors,us-gaap,20-F,USD,331,2025,2025-03-31,false,false,"",fail,"fcf,sbc","goodwill,intangibles",never_acquired,never_acquired,never_acquired,"",,true,,8592123.0,-4.132247435208338,,,,-11325810.0,0.1977619511850829,0.4681288796393182,,,false,,,46009519.0,727447.0,1553946.0,-3005991.0,,false,false,false,,false,false,true,,0.015810793414293246,false,0.019217269518598788,,8592123.0,0.0,0.0,718625.0,12044435.0,28812740.0,false,PASS,true,FAIL,,NOT_EVALUABLE,,NOT_EVALUABLE,,NOT_EVALUABLE,,false,PASS,false,PASS,,0,insufficient,true,,,,,,,,,,false,0,0.0337744456750352,,,-2.9126602069066716,falling,,,,,,,,,,,,,,,,,,,,,,,,,false,,,802930.0,,,0.0337744456750352,906772.0,2026-08-25,,StockholdersEquity,,,NetIncomeLoss,NetCashProvidedByUsedInOperatingActivities,OperatingIncomeLoss,,179325.0,,,,,,,,,,,,,,,,,,,,,,ineligible:gate0_status,,,
ANPA,2031688,RICH SPARKLE HOLDINGS LIMITED,"",Nasdaq,7380,Services-Miscellaneous Business Services,us-gaap,20-F,USD,930,2025,2025-09-30,false,false,ni_vs_oi,fail,sbc,"goodwill,intangibles",never_acquired,never_acquired,never_acquired,"",,true,,5646921.0,2.8019393082281434,-179071.0,,,,0.29347924295653005,1.3684643971134742,,,false,,,6249472.0,132934.0,97141.0,372473.0,551544.0,false,false,false,,false,false,true,,0.021271236994101262,false,0.15878112421322574,,5646921.0,0.0,0.0,3784776.0,,11537671.0,false,PASS,false,PASS,true,FAIL,,NOT_EVALUABLE,,NOT_EVALUABLE,,true,FAIL,false,PASS,,0,insufficient,true,,,,,,,,,,false,0,0.015543873146403408,,,1.1238989517558788,rising,,,,,,,,,,,,,,,,,,,,,,,,,false,,,,,,0.015543873146403408,188153.0,2026-08-25,PaymentsToAcquirePropertyPlantAndEquipment,StockholdersEquity,,,NetIncomeLoss,NetCashProvidedByUsedInOperatingActivities,OperatingIncomeLoss,,55219.0,,,,,,,,,,,,,,,,,,,,,,ineligible:gate0_status,,,
CYAB,2032341,"Cyabra, Inc.","",Nasdaq,7372,Services-Prepackaged Software,us-gaap,10-Q,USD,1231,2025,2025-12-31,false,false,"",fail,"income_quality,fcf,sbc,tax_anomaly","goodwill,intangibles",never_acquired,never_acquired,never_acquired,"",,true,,-32344000.0,,,,,,,1.0,,,false,,,,-156348.0,-156348.0,,,false,false,false,,false,false,true,"",,false,,,-32344000.0,0.0,0.0,183000.0,,1000.0,true,FAIL,,NOT_EVALUABLE,,NOT_EVALUABLE,,NOT_EVALUABLE,,NOT_EVALUABLE,,false,PASS,,NOT_EVALUABLE,,0,insufficient,true,,,,,,,,,,false,0,,,,,,,-8605348.0,,,,,,,-11996000.0,794000.0,,8669333.0,,,,,,0,,,,,,0,false,,,,,,,,2026-08-25,,StockholdersEquity,,,NetIncomeLoss,,OperatingIncomeLoss,,,,,,,-7643348.0,,,,,,,,,,,,,,,,,ineligible:gate0_status,,,
CJMB,2032545,CALLAN JMB INC.,"",Nasdaq,7389,"Services-Business Services, NEC",us-gaap,10-Q,USD,1231,2025,2025-12-31,false,false,"tax_anomaly,sbc",fail,"","goodwill,intangibles",never_acquired,never_acquired,never_acquired,"",,false,,2328039.0,0.5707400337870492,-5163620.0,-6723376.0,0.27253319746476523,,0.00037205130518483924,1.1324581044579924,,,false,,-1.5351491360902214,5723178.0,-7966366.0,-7034579.0,-4546724.0,616896.0,false,false,false,,false,false,false,"",-1.3919479701662258,false,0.16679188323932687,1559756.0,2328039.0,0.0,0.0,2130758.0,,4379624.0,false,PASS,true,FAIL,true,FAIL,true,FAIL,true,FAIL,true,false,PASS,true,FAIL,,0,insufficient,true,,,,,,,,-1.5351491360902214,,false,0,-1.2291386009661065,,,1.1808450235129462,falling,5089959.0,-9771357.0,-4497697.0,238871.0,1518408.0,-6254976.0,,,681863.0,860273.0,,5551248.0,,,-0.236814852174417,-0.17402714622558002,,1,,,-0.08783800068243887,,,0,false,,,,,,-1.2291386009661065,-7969331.0,2026-08-25,PaymentsToAcquirePropertyPlantAndEquipment,StockholdersEquity,,,NetIncomeLoss,NetCashProvidedByUsedInOperatingActivities,OperatingIncomeLoss,ShareBasedCompensation,-2965.0,,,,,-7437499.0,-9770441.0,916.0,,,,,,,,,,,,,,,ineligible:gate0_status,,,
SHFH,2032609,Scientist Home Future Health Limited,"",OTC,2844,"Perfumes, Cosmetics & Other Toilet Preparations",us-gaap,10-Q,USD,1231,2025,2025-12-31,false,false,tax_anomaly,fail,sbc,"goodwill,intangibles",never_acquired,never_acquired,never_acquired,"",,true,,113391.0,1.0714338116301652,-323052.0,,,,-0.0,1.0,,,false,,,197447.0,-231725.0,-231725.0,-248278.0,74774.0,false,false,false,,false,false,false,"",-1.1736060816320328,false,,,113391.0,0.0,0.0,68888.0,,23590425.0,false,PASS,false,PASS,true,FAIL,,NOT_EVALUABLE,,NOT_EVALUABLE,,false,PASS,true,FAIL,,0,insufficient,true,,,,,,,,,,false,0,-1.1736060816320328,,,1.0714338116301652,,386227.0,-400495.0,-322808.0,,,,,,-86324.0,9047.0,,23716000.0,,,3.0665268606103875,1.6267114604462474,,0,,,,,,0,false,,,,,,-1.1736060816320328,-231725.0,2026-08-25,PaymentsToAcquirePropertyPlantAndEquipment,StockholdersEquity,,,NetIncomeLoss,NetCashProvidedByUsedInOperatingActivities,OperatingIncomeLoss,,0.0,,,,,-400495.0,-400495.0,0.0,,,,,,,,,,,,,,,ineligible:gate0_status,,,
PFAI,2032755,Pinnacle Food Group Limited,"",Nasdaq,0700,Agricultural Services,us-gaap,20-F,USD,1231,2025,2025-12-31,false,false,"tax_anomaly,ni_vs_oi",fail,"",goodwill,never_acquired,never_acquired,reported,"",,false,,2440880.0,1.8833357494164633,-5311412.0,-5354079.0,0.012501091395351153,,-0.054499896981902045,0.990615236127985,,,false,,,3413062.0,-1903908.0,-1921945.0,-3585698.0,1725714.0,false,false,false,,false,false,true,,-0.5578298899932085,false,0.4992695705817588,42667.0,4173240.0,0.0,1732360.0,942820.0,,,false,PASS,false,PASS,true,FAIL,true,FAIL,false,PASS,false,true,FAIL,true,FAIL,,0,insufficient,true,1.6799328977270016,,,,,,,,,false,0,-0.5631145874291179,,,0.888474939663225,rising,,,,,,,,,,,,,,,,,,,,,,,,,false,,,,,,-0.5631145874291179,-1805508.0,2026-08-25,PaymentsToAcquirePropertyPlantAndEquipment,StockholdersEquity,,IntangibleAssetsNetExcludingGoodwill,NetIncomeLoss,NetCashProvidedByUsedInOperatingActivities,OperatingIncomeLoss,ShareBasedCompensation,98400.0,,,,,,,,,,,,,,,,,,,,,,ineligible:gate0_status,,,
EHLD,2032779,Euroholdings Ltd,"",Nasdaq,4412,Deep Sea Foreign Transportation of  Freight,us-gaap,20-F,USD,1231,2025,2025-12-31,false,false,ni_vs_oi,fail,tax_anomaly,"goodwill,intangibles",never_acquired,never_acquired,never_acquired,"",,false,,20100295.0,0.26712814767645277,-28038866.0,-28324946.0,0.021626278286688946,-16519628.0,,1.0044461008531964,,,false,,-10.117258987322058,13228351.0,14758426.0,14693099.0,3942391.0,31981257.0,false,false,false,105.56194176167308,false,false,true,,1.1156663442026902,false,0.48252746085671616,286080.0,20100295.0,0.0,0.0,3343183.0,19862811.0,2799666.0,false,PASS,true,FAIL,true,FAIL,true,FAIL,false,PASS,false,true,FAIL,,NOT_EVALUABLE,,0,insufficient,true,,,,,,,,-10.117258987322058,,false,0,1.1107279357797506,,,0.9281006311934838,falling,,,,,,,,,,,,,,,,,,,,,,,,,false,,,302962.0,1182979.0,,1.1107279357797506,,2026-08-25,PaymentsForCapitalImprovements,StockholdersEquity,,,NetIncomeLoss,NetCashProvidedByUsedInOperatingActivities,OperatingIncomeLoss,ShareBasedCompensation,,,,,,,,,,,,,,,,,,,,,,,ineligible:gate0_status,,,
TIC,2032966,"TIC Solutions, Inc.","",NYSE,7389,"Services-Business Services, NEC",us-gaap,10-Q,USD,1231,2025,2025-12-31,false,false,"",fail,"","",reported,reported,reported,"",,false,,-861061000.0,-1.0907066440148767,61260000.0,44105000.0,0.011210249520354232,-1173661000.0,0.11261866927433484,5.09569489939167,0.5521925170032465,1.5031863116678081,true,,,1530296000.0,-87116000.0,-17096000.0,95018000.0,33758000.0,false,true,false,0.18930073459316996,true,false,false,"",-0.05692754865725324,false,,17155000.0,2179916000.0,1649595000.0,1391382000.0,439536000.0,1613197000.0,,true,FAIL,true,FAIL,false,PASS,false,PASS,false,PASS,false,false,PASS,false,PASS,true,1,insufficient,true,,,,,,,,,,false,0,-0.011171694887786415,,,-1.0907066440148767,,2054532000.0,-115981000.0,68871000.0,46645000.0,38412000.0,-16186000.0,1661520000.0,1311901000.0,2096287000.0,362420000.0,1612744000.0,,,,1.083679525222552,0.8614223142470335,,0,,,-0.8506851250176578,,,0,true,845018000.0,,178330000.0,0.0,2300320000.0,-0.011171694887786415,-98172000.0,2026-08-25,PaymentsToAcquirePropertyPlantAndEquipment,StockholdersEquity,Goodwill,IntangibleAssetsNetExcludingGoodwill,NetIncomeLoss,NetCashProvidedByUsedInOperatingActivities,OperatingIncomeLoss,ShareBasedCompensation,-11056000.0,838686000.0,,239497000.0,,-44227000.0,-152104000.0,-36123000.0,,,,,,,,,,,,,,,ineligible:gate0_status,,,
VDTA,2033264,VERTICAL DATA INC.,"",OTC,8742,Services-Management Consulting Services,us-gaap,10-Q,USD,930,2025,2025-09-30,false,false,sbc,fail,"ni_vs_oi,tax_anomaly","goodwill,intangibles",never_acquired,never_acquired,never_acquired,"",,false,,267111.0,0.3803443280477519,-1453404.0,-3386268.0,0.527240589198036,,,,,,false,,-0.0834359075191338,3666000.0,-3820078.0,,-1452945.0,459.0,false,false,false,,false,false,false,"",-1.0420289143480632,false,,1932864.0,267111.0,0.0,0.0,1273816.0,,40585260.0,false,PASS,true,FAIL,true,FAIL,true,FAIL,true,FAIL,true,,NOT_EVALUABLE,,NOT_EVALUABLE,,0,insufficient,true,,,,,,,,-0.0834359075191338,,false,0,,,,0.3803443280477519,,872212.0,-4000145.0,4287805.0,,1869542.0,,,,-533297.0,3498427.0,,12359567.0,,,,,,0,,,,,,0,false,,,,,,,-3820078.0,2026-08-25,PaymentsToAcquirePropertyPlantAndEquipment,StockholdersEquity,,,NetIncomeLoss,NetCashProvidedByUsedInOperatingActivities,,ShareBasedCompensation,,,,,,,-4007250.0,,,,,,,,,,,,,,,,ineligible:gate0_status,,,
MGRT,2033377,Mega Fortune Co Ltd,"",Nasdaq,7371,Services-Computer Programming Services,us-gaap,20-F,USD,930,2025,2025-09-30,false,false,"",fail,"fcf,sbc","goodwill,intangibles",never_acquired,never_acquired,never_acquired,"",,true,,15570639.0,-6.710543267117796,,,,,0.22920484578080202,0.7950944629317186,,,false,,,11085548.0,1788402.0,2249295.0,-12001149.0,,false,false,false,,false,false,true,,0.16132734259055123,false,0.17014278178918646,,15570639.0,0.0,0.0,764761.0,,10791096.0,false,PASS,true,FAIL,,NOT_EVALUABLE,,NOT_EVALUABLE,,NOT_EVALUABLE,,false,PASS,false,PASS,,0,insufficient,true,,,,,,,,,,false,0,0.2029033657154342,,,-2.340021449605588,falling,,,,,,,,,,,,,,,,,,,,,,,,,false,,,,,,0.2029033657154342,2320204.0,2026-08-25,,StockholdersEquity,,,NetIncomeLoss,NetCashProvidedByUsedInOperatingActivities,OperatingIncomeLoss,,531802.0,,,,,,,,,,,,,,,,,,,,,,ineligible:gate0_status,,,
FUSE,2033383,FUSEMACHINES INC.,"",Nasdaq,7373,Services-Computer Integrated Systems Design,us-gaap,10-Q,USD,1231,2025,2025-12-31,false,false,"tax_anomaly,ni_vs_oi",fail,"",goodwill,never_acquired,never_acquired,reported,"",,false,,-24305000.0,5.957974137931035,-5582000.0,-5813000.0,0.029945553539019964,3921000.0,-0.003243243243243243,0.15586160564326504,,,false,,-0.5043649738698511,7714000.0,-928000.0,-5954000.0,-5529000.0,53000.0,false,false,false,,false,false,false,"",-0.12030075187969924,true,,231000.0,-24099000.0,0.0,206000.0,4221000.0,300000.0,11525384.0,true,FAIL,false,PASS,true,FAIL,true,FAIL,false,PASS,false,true,FAIL,true,FAIL,,0,insufficient,true,,,,,,,,-0.5043649738698511,,false,0,-0.7718434016074669,,,3.050527080666746,,7400000.0,-610000.0,-8891000.0,74000.0,991000.0,-9956000.0,,226000.0,-17354000.0,368000.0,300000.0,28952133.0,,,,,,0,,,,,,0,false,,,,,,-0.7718434016074669,-925000.0,2026-08-25,PaymentsToAcquirePropertyPlantAndEquipment,StockholdersEquity,,IntangibleAssetsNetExcludingGoodwill,NetIncomeLoss,NetCashProvidedByUsedInOperatingActivities,OperatingIncomeLoss,ShareBasedCompensation,3000.0,,-32103429.0,,,-9510000.0,-603000.0,,,,,,,,,,,,,,,,ineligible:gate0_status,,,
SORA,2033515,AsiaStrategy,"",Nasdaq,5094,"Wholesale-Jewelry, Watches, Precious Stones & Metals",us-gaap,20-F,USD,1231,2025,2025-12-31,false,false,"tax_anomaly,ni_vs_oi",fail,sbc,"goodwill,intangibles",never_acquired,never_acquired,never_acquired,"",,true,,21800262.0,-0.3515690906743799,-4326865.0,,,-2695860.0,0.012778832294569381,-7.800236792865251,,,false,,,10985176.0,12293649.0,-1576061.0,-4322067.0,4798.0,false,false,false,,false,false,false,"",1.1191126113955752,false,0.027997674124421588,,21800262.0,0.0,0.0,1464381.0,4160241.0,24664893.0,false,PASS,true,FAIL,true,FAIL,,NOT_EVALUABLE,,NOT_EVALUABLE,,true,FAIL,true,FAIL,,0,insufficient,true,-0.08254805183891967,,,,,,,,,false,0,-0.14347162029993876,,,5.842318002411095,falling,14081504.0,-387243.0,-4514128.0,,,,,,8930283.0,5591343.0,5195624.0,23509923.0,,,,,,0,,,,,,0,false,,,,,,-0.14347162029993876,12452781.0,2026-08-25,PaymentsToAcquirePropertyPlantAndEquipment,StockholdersEquity,,,NetIncomeLoss,NetCashProvidedByUsedInOperatingActivities,OperatingIncomeLoss,,159132.0,,,,,-175410.0,-406638.0,-19395.0,,,,,,,,,,,,,,,ineligible:gate0_status,,,
CMDB,2033535,COSTAMARE BULKERS HOLDINGS LIMITED,"",NYSE,4400,Water Transportation,us-gaap,20-F,USD,1231,2025,2025-12-31,false,false,"",fail,"fcf,tax_anomaly","goodwill,intangibles",never_acquired,never_acquired,never_acquired,"",,false,,665648000.0,-2.0236667380595414,,,0.003558134901033617,56251000.0,,1.220374424151338,,,false,,,597223000.0,-37352000.0,-30607000.0,75588000.0,,false,false,false,,false,false,true,,-0.06254280226983891,false,,2125000.0,665648000.0,0.0,0.0,211845000.0,155594000.0,,false,PASS,true,FAIL,,NOT_EVALUABLE,,NOT_EVALUABLE,false,PASS,false,false,PASS,,NOT_EVALUABLE,,0,insufficient,true,,,,,,,,,,false,0,-0.0512488634898522,,,-0.6785000356964375,,,,,,,,,,,,,,,,,,,,,,,,,,false,,,28410000.0,,,-0.0512488634898522,,2026-08-25,,StockholdersEquity,,,NetIncomeLoss,NetCashProvidedByUsedInOperatingActivities,OperatingIncomeLoss,ShareBasedCompensation,,,,,,,,,,,,,,,,,,,,,,,ineligible:gate0_status,,,
DAIC,2033770,"CID HOLDCO, INC.","",Nasdaq,7373,Services-Computer Integrated Systems Design,us-gaap,10-Q,USD,1231,2025,2025-12-31,false,false,"",fail,tax_anomaly,"goodwill,intangibles",never_acquired,never_acquired,never_acquired,"",,false,,-25568475.0,0.3608722527934542,-15080272.0,-15118099.0,0.006516987462375325,,,3.529697592267941,,,false,-0.3307294124744123,-0.7346025414710254,5804369.0,-36718071.0,-10402611.0,-13250533.0,1829739.0,false,false,false,,false,false,true,"",-6.325936721114733,false,,37827.0,-25568475.0,0.0,0.0,344902.0,,20579971.0,true,FAIL,true,FAIL,true,FAIL,true,FAIL,false,PASS,false,false,PASS,,NOT_EVALUABLE,,0,insufficient,true,,,,,,,,-0.7346025414710254,,false,0,-1.7922035969801369,,,0.2568149701120636,,,,,1637415.0,,,,,-4092529.0,853728.0,,29443077.0,,,,,,0,,,,,,0,false,,5000000.0,,,,-1.7922035969801369,-36718071.0,2026-08-25,PaymentsToAcquirePropertyPlantAndEquipment+PaymentsToDevelopSoftware,StockholdersEquity,,,NetIncomeLoss,NetCashProvidedByUsedInOperatingActivities,OperatingIncomeLoss,ShareBasedCompensation,,,,,,,,,,,,,,,,,,,,,,,ineligible:gate0_status,,,
RMGL,2034288,ROCKY MOUNTAINS GROUP LTD,"",OTC,8200,Services-Educational Services,us-gaap,10-Q,USD,531,2026,2026-05-31,false,false,"",unknown,"fcf,sbc,tax_anomaly","goodwill,intangibles",never_acquired,never_acquired,never_acquired,"",,true,,10136.0,0.929906937394247,,,,,,1.0,,,false,,,25000.0,-23640.0,-23640.0,-21983.0,,false,false,false,,false,false,false,"",-0.9456,false,,,10136.0,0.0,0.0,15131.0,,23200000.0,false,PASS,false,PASS,,NOT_EVALUABLE,,NOT_EVALUABLE,,NOT_EVALUABLE,,false,PASS,,NOT_EVALUABLE,,0,insufficient,true,,,,,,,,,,false,0,-0.9456,,,0.6756790874828227,,20000.0,-45148.0,-44612.0,,,,,,15949.0,13449.0,,23200000.0,,,,-0.504950495049505,,0,,,,,,0,false,,,,,,-0.9456,,2026-08-25,,StockholdersEquity,,,NetIncomeLoss,NetCashProvidedByUsedInOperatingActivities,OperatingIncomeLoss,,,,,,,-45148.0,,-45148.0,,,,,,,,,,,,,,,ineligible:gate0_status,,,
BTTC,2034400,BLACK TITAN CORPORATION,"",Nasdaq,7371,Services-Computer Programming Services,us-gaap,20-F,USD,731,2025,2025-07-31,false,false,"",fail,"fcf,sbc,ni_vs_oi,tax_anomaly","goodwill,intangibles",never_acquired,never_acquired,never_acquired,"",,true,,-167120.0,0.87743070238336,,,,,,,,,false,,,,-163173.0,,-143173.0,,false,false,true,,false,false,true,,,false,,,-167120.0,0.0,0.0,,,1.0,true,FAIL,false,PASS,,NOT_EVALUABLE,,NOT_EVALUABLE,,NOT_EVALUABLE,,,NOT_EVALUABLE,,NOT_EVALUABLE,,0,insufficient,true,,,,,,,,,,false,0,,,,0.87743070238336,,,,,,,,,,,,,,,,,,,,,,,,,,false,,,,,,,,2026-08-25,,StockholdersEquity,,,NetIncomeLoss,NetCashProvidedByUsedInOperatingActivities,,,,,,,,,,,,,,,,,,,,,,,,,ineligible:gate0_status,,,
GIBO,2034520,GIBO HOLDINGS LIMITED,"",Nasdaq,7372,Services-Prepackaged Software,us-gaap,20-F,USD,1231,2025,2025-12-31,false,false,"",fail,"fcf,sbc,tax_anomaly",goodwill,never_acquired,never_acquired,reported,"",,true,,-144500598.0,0.5234337476510653,,,,,,1.0035667079264938,,,false,,,,-231910985.0,-231086766.0,-121390036.0,,false,false,false,,false,false,true,,,false,,,-144367261.0,0.0,133337.0,,,2406712.0,true,FAIL,true,FAIL,,NOT_EVALUABLE,,NOT_EVALUABLE,,NOT_EVALUABLE,,false,PASS,,NOT_EVALUABLE,,0,insufficient,true,,,,,,,,,,false,0,,,,0.17202691245474291,falling,,,,,,,,,,,,,,,,,,,,,,,,,false,,,11709430.0,,,,-231910985.0,2026-08-25,,StockholdersEquity,,IntangibleAssetsNetExcludingGoodwill,NetIncomeLoss,NetCashProvidedByUsedInOperatingActivities,OperatingIncomeLoss,,,,,,,,,,,,,,,,,,,,,,,,ineligible:gate0_status,,,
YDDL,2034723,One and one Green Technologies. INC,"",Nasdaq,5090,Wholesale-Misc Durable Goods,us-gaap,20-F,USD,1231,2025,2025-12-31,false,false,tax_anomaly,fail,sbc,"goodwill,intangibles",never_acquired,never_acquired,never_acquired,"",,true,,41821126.0,-0.8239711355281336,-9762020.0,,,,0.0275300646451826,0.996055619026802,,,false,,,65822739.0,11811614.0,11858388.0,-9732429.0,29591.0,false,false,false,,false,false,true,,0.17944579911814365,false,0.17587627516071777,,41821126.0,0.0,0.0,957285.0,,52396986.0,false,PASS,true,FAIL,true,FAIL,,NOT_EVALUABLE,,NOT_EVALUABLE,,false,PASS,true,FAIL,,0,insufficient,true,,,,,,,,,,false,0,0.18015640461269775,,,0.07191767727971717,falling,,,,,,,,,,,,,,,,,,,,,,,,,false,,,,,,0.18015640461269775,12145994.0,2026-08-25,PaymentsToAcquirePropertyPlantAndEquipment,StockholdersEquity,,,NetIncomeLoss,NetCashProvidedByUsedInOperatingActivities,OperatingIncomeLoss,,334380.0,,,,,,,,,,,,,,,,,,,,,,ineligible:gate0_status,,,
FLOC,2035149,Flowco Holdings Inc.,"",NYSE,3533,Oil & Gas Field Machinery & Equipment,us-gaap,10-Q,USD,1231,2025,2025-12-31,false,false,tax_anomaly,fail,"","",reported,reported,reported,"",,false,,-294503000.0,7.110729986955891,167083000.0,156057000.0,0.032262311966549724,-163297000.0,-0.006436669138388387,0.27781655168711245,,-0.0851033324457735,false,0.09611872585017013,1.7210962894905641,341761000.0,41398000.0,149012000.0,294370000.0,127287000.0,false,false,false,,false,false,false,"",0.12113143395530795,true,1.0511526797455786,11026000.0,228626000.0,249692000.0,273437000.0,4522000.0,167819000.0,90673021.0,true,FAIL,false,PASS,false,PASS,false,PASS,false,PASS,false,false,PASS,true,FAIL,false,2,insufficient,true,,,,,,,,1.7210962894905641,,false,1,0.4360123009939695,,,3.585103781156519,rising,346442000.0,49712000.0,343583000.0,135526000.0,9195000.0,198862000.0,305155000.0,306472000.0,365147000.0,19189000.0,298407000.0,38399535.0,,,-0.07781892398005344,0.13256357629704427,,1,,,2.559629906796381,,,0,false,,15000000.0,,,-29085000.0,0.4360123009939695,130813000.0,2026-08-25,PaymentsToAcquirePropertyPlantAndEquipment,StockholdersEquity,Goodwill,IntangibleAssetsNetExcludingGoodwill,NetIncomeLoss,NetCashProvidedByUsedInOperatingActivities,OperatingIncomeLoss,ShareBasedCompensation,-842000.0,,31516000.0,,,154080000.0,136964000.0,1308000.0,,,,,,,,,,,,,,,ineligible:gate0_status,,,
PLBL,2035697,Polibeli Group Ltd,"",Nasdaq,5064,"Wholesale-Electrical Appliances, Tv & Radio Sets",us-gaap,20-F,USD,1231,2025,2025-12-31,false,false,"tax_anomaly,ni_vs_oi",fail,sbc,"goodwill,intangibles",never_acquired,never_acquired,never_acquired,"",,true,,-45418785.0,1.0644568227861988,-6509888.0,,,1780393.0,-0.0015205397849134068,0.7897056209119895,,,false,,,24146468.0,-5970105.0,-7559912.0,-6354919.0,154969.0,false,false,false,,false,false,true,,-0.24724547706107577,false,-0.2883525925663179,,-45418785.0,0.0,0.0,1798141.0,17748.0,362554988.0,true,FAIL,false,PASS,true,FAIL,,NOT_EVALUABLE,,NOT_EVALUABLE,,true,FAIL,true,FAIL,,0,insufficient,true,,,,,,,,,,false,0,-0.3130856239512959,,,0.7567260014652873,rising,,,,,,,,,,,,,,,,,,,,,,,,,false,,,,,,-0.3130856239512959,-5961041.0,2026-08-25,PaymentsToAcquirePropertyPlantAndEquipment,StockholdersEquity,,,NetIncomeLoss,NetCashProvidedByUsedInOperatingActivities,OperatingIncomeLoss,,9064.0,,,,,,,,,,,,,,,,,,,,,,ineligible:gate0_status,,,
PHOE,2035709,Phoenix     Asia Holdings Limited,"",Nasdaq,1700,Construction - Special Trade Contractors,us-gaap,20-F,USD,331,2026,2026-03-31,false,false,"tax_anomaly,ni_vs_oi",unknown,"fcf,sbc","goodwill,intangibles",never_acquired,never_acquired,never_acquired,"",,true,,6158548.0,4.769338695710099,,,,,0.0019819752440073295,0.9925978332380099,,,false,,,7205749.0,-1200960.0,-1209916.0,-5727785.0,,false,false,false,,false,false,false,"",-0.16666692109314382,false,0.2141690213131778,,6158548.0,0.0,0.0,892525.0,,21494795.0,false,PASS,false,PASS,,NOT_EVALUABLE,,NOT_EVALUABLE,,NOT_EVALUABLE,,true,FAIL,true,FAIL,,0,insufficient,true,0.4787333577689823,,,,,,,,,false,0,-0.16790981756372586,,,2.143636040267626,rising,7092526.0,593213.0,-4264279.0,,,,,,7495513.0,1521280.0,,21390164.0,,,,,,0,,,,,,0,false,,,28399.0,,,-0.16790981756372586,-1203345.0,2026-08-25,,StockholdersEquity,,,NetIncomeLoss,NetCashProvidedByUsedInOperatingActivities,OperatingIncomeLoss,,-2385.0,,,30300.0,,762643.0,761447.0,168234.0,,,,,,,,,,,,,,,ineligible:gate0_status,,,
AKTS,2035832,"Aktis Oncology, Inc.","",Nasdaq,2834,Pharmaceutical Preparations,us-gaap,10-Q,USD,1231,2025,2025-06-30,false,false,"",fail,"income_quality,fcf,sbc,ni_vs_oi,tax_anomaly","goodwill,intangibles",never_acquired,never_acquired,never_acquired,"",,true,,-101561000.0,,,,,,,,,,false,,,,,,,,false,false,false,,false,false,true,,,false,,,-101561000.0,0.0,0.0,110215000.0,,,true,FAIL,,NOT_EVALUABLE,,NOT_EVALUABLE,,NOT_EVALUABLE,,NOT_EVALUABLE,,,NOT_EVALUABLE,,NOT_EVALUABLE,,0,insufficient,true,,,,,,,,,,false,0,,,,,,,,,,,,,,484838000.0,82491000.0,,51983498.0,,,,,,0,,,,,,0,false,,,,,,,,2026-08-25,,StockholdersEquity,,,,,,,,,,,,,,,,,,,,,,,,,,,,,ineligible:gate0_status,,,
MCTA,2035992,Charming Medical Limited,"",Nasdaq,8090,"Services-Misc Health & Allied Services, NEC",us-gaap,20-F,USD,331,2026,2026-03-31,false,false,ni_vs_oi,fail,sbc,"goodwill,intangibles",never_acquired,never_acquired,never_acquired,"",,true,,5180962.0,53.68822854115154,-1555491.0,,,,1.169691157298488,0.7746348804596915,,,false,,,4807713.0,-22648.0,-29237.0,-1215931.0,339560.0,false,false,false,,false,false,true,,-0.004710763724872928,true,0.16771157242898407,,5180962.0,0.0,0.0,4699273.0,,16150055.0,false,PASS,false,PASS,true,FAIL,,NOT_EVALUABLE,,NOT_EVALUABLE,,true,FAIL,false,PASS,,0,insufficient,true,,,,,,,,,,false,0,-0.006081269826214668,,,18.141075697527626,rising,,,,,,,,,,,,,,,,,,,,,,,,,false,,,,,,-0.006081269826214668,133466.0,2026-08-25,PaymentsToAcquirePropertyPlantAndEquipment,StockholdersEquity,,,NetIncomeLoss,NetCashProvidedByUsedInOperatingActivities,OperatingIncomeLoss,,156114.0,,,,,,,,,,,,,,,,,,,,,,ineligible:gate0_status,,,
SION,2036042,"SIONNA THERAPEUTICS, INC.","",Nasdaq,2834,Pharmaceutical Preparations,us-gaap,10-Q,USD,1231,2025,2025-12-31,false,false,ni_vs_oi,fail,"sbc,tax_anomaly","goodwill,intangibles",never_acquired,never_acquired,never_acquired,"",,false,,306833000.0,0.8808125631078281,-66674000.0,-78740000.0,,,,0.8458789418084557,,,false,,-1.9703638163930215,,-75268000.0,-88982000.0,-66297000.0,377000.0,false,false,false,,false,false,false,"",,false,,12066000.0,306833000.0,0.0,0.0,58451000.0,,39962163.0,false,PASS,false,PASS,true,FAIL,true,FAIL,,NOT_EVALUABLE,,true,FAIL,,NOT_EVALUABLE,,0,insufficient,true,,,,,,,,-1.9703638163930215,,false,0,,,,0.8682609696618118,,,-97383000.0,-75916000.0,291000.0,20527000.0,-96734000.0,,,265775000.0,63322000.0,,45306105.0,,,,,,0,,,-0.33382191278856727,,,0,false,,,,,,,,2026-08-25,PaymentsToAcquirePropertyPlantAndEquipment,StockholdersEquity,,,NetIncomeLoss,NetCashProvidedByUsedInOperatingActivities,OperatingIncomeLoss,ShareBasedCompensation,0.0,,,,,-109486000.0,,,,,,,,,,,,,,,,,ineligible:gate0_status,,,
OFAL,2036307,OFA Group,"",Nasdaq,8711,Services-Engineering Services,us-gaap,20-F,USD,331,2026,2026-03-31,false,false,"tax_anomaly,sbc",fail,"",goodwill,never_acquired,never_acquired,reported,"",,false,,-5089079.0,0.5199402553916231,-4762576.0,-5318095.0,0.774906714466058,2243217.0,-8.226605590352435e-6,1.0005360092725364,,,false,,,716885.0,-8022816.0,-8018518.0,-4171385.0,591191.0,false,false,false,,false,false,true,,-11.191217559301702,false,-0.16460236032008685,555519.0,10983014.0,0.0,16072093.0,2713466.0,470249.0,,true,FAIL,true,FAIL,true,FAIL,true,FAIL,true,FAIL,true,false,PASS,true,FAIL,,0,insufficient,true,-0.13279661297416656,,,,,,,,,false,0,-11.185222176499718,,,1.1480315388485576,falling,,,,,,,,15178818.0,9402686.0,505786.0,469880.0,12732149.0,,,,,,0,,,,,,0,false,,,,,,-11.185222176499718,-8022750.0,2026-08-25,PaymentsToAcquirePropertyPlantAndEquipment,StockholdersEquity,,IntangibleAssetsNetExcludingGoodwill,NetIncomeLoss,NetCashProvidedByUsedInOperatingActivities,OperatingIncomeLoss,ShareBasedCompensation,66.0,,,,,,,,,,,,,,,,,,,,,,ineligible:gate0_status,,,
VWAV,2038439,VISIONWAVE HOLDINGS INC.,"",Nasdaq,7372,Services-Prepackaged Software,us-gaap,10-Q,USD,930,2026,2026-04-02,false,false,"",unknown,"tangible_book,income_quality,fcf,sbc,ni_vs_oi,tax_anomaly",intangibles,unresolved,reported,never_acquired,"",,true,,,,,,,,,,,,false,,,,,,,,false,false,false,,false,false,false,"",,false,,,,592000.0,0.0,,,,,NOT_EVALUABLE,,NOT_EVALUABLE,,NOT_EVALUABLE,,NOT_EVALUABLE,,NOT_EVALUABLE,,,NOT_EVALUABLE,,NOT_EVALUABLE,,0,insufficient,true,,,,,,,,,,false,0,,,,0.4333923072282855,,,-51936623.0,-17545334.0,,,,592000.0,159265218.0,129657491.0,26186.0,,18804327.0,,,,,,0,,,,,,0,false,,,,,,,,2026-08-25,,,Goodwill,,,,,,,,,,,-42016336.0,-51936623.0,,,,,,,,,,,,,,,,ineligible:gate0_status,,,
RBNE,2039060,Robin Energy Ltd.,"",Nasdaq,4412,Deep Sea Foreign Transportation of  Freight,us-gaap,20-F,USD,1231,2025,2025-12-31,false,false,tax_anomaly,fail,sbc,"goodwill,intangibles",never_acquired,never_acquired,never_acquired,"",,true,,30469567.0,-225.29553409241947,-27919709.0,,,,-0.0,-0.06259402901050629,,,false,,,9905602.0,-45142.0,721187.0,10170291.0,38090000.0,false,false,false,17.91247482307375,false,false,false,"",-0.004557219238164424,false,0.9920924921751857,,30469567.0,0.0,0.0,5649692.0,,1492097.0,false,PASS,true,FAIL,true,FAIL,,NOT_EVALUABLE,,NOT_EVALUABLE,,false,PASS,true,FAIL,,0,insufficient,true,,,,,,,,,,false,0,0.07280597383177721,,,-73.04983135051333,falling,6347803.0,122946.0,12260323.0,34714.0,,,,,,,,16239976.0,,,,,,0,,,,,,0,false,,130548.0,2126451.0,,,0.07280597383177721,-45142.0,2026-08-25,PaymentsForCapitalImprovements,StockholdersEquity,,,NetIncomeLoss,NetCashProvidedByUsedInOperatingActivities,OperatingIncomeLoss,,0.0,,,1434429.0,,-55954.0,100449.0,-22497.0,,,,,,,,,,,,,,,ineligible:gate0_status,,,
JAGU,2039273,JAGUAR URANIUM CORP.,"",NYSE,1000,Metal Mining,us-gaap,10-Q,USD,1231,2025,2025-12-31,false,false,"",fail,"tangible_book,fcf,sbc,ni_vs_oi,tax_anomaly","",unresolved,unresolved,unresolved,"",,false,,,0.40804987295427436,,,,,,,,,false,,,,-2314521.0,,-944440.0,,false,false,false,,false,false,false,"",,false,,670488.0,7067444.0,,,82444.0,,8846321.0,,NOT_EVALUABLE,true,FAIL,,NOT_EVALUABLE,,NOT_EVALUABLE,,NOT_EVALUABLE,,,NOT_EVALUABLE,,NOT_EVALUABLE,,0,insufficient,true,,,,,,,,,,false,0,,,,0.5028373228550719,,,-22114692.0,-4319583.0,,17890596.0,,,,25695348.0,413339.0,,17582558.0,,,,,,0,,,,,,0,false,,,,,,,-2314521.0,2026-08-25,,StockholdersEquity,,,NetIncomeLoss,NetCashProvidedByUsedInOperatingActivities,,ShareBasedCompensation,,,,,,,-22114692.0,,,,,,,,,,,,,,,,ineligible:gate0_status,,,
KRMN,2040127,KARMAN HOLDINGS INC.,"",NYSE,3728,"Aircraft Parts & Auxiliary Equipment, NEC",us-gaap,10-Q,USD,1231,2025,2025-12-31,false,false,"",fail,"","",reported,reported,reported,"",,false,,-255710000.0,-1.273695727283197,-42455000.0,-43865000.0,0.002990455991516437,30123000.0,0.4660229998155095,0.2380795700693702,0.44949098621420996,0.43330434782608696,true,,-0.33150194223182844,471500000.0,17366000.0,72942000.0,-22119000.0,20336000.0,false,false,false,,false,false,false,"",0.036831389183457054,false,0.17275787748704155,1410000.0,382691000.0,352513000.0,285888000.0,33959000.0,3836000.0,132322000.0,true,FAIL,true,FAIL,true,FAIL,true,FAIL,false,PASS,false,false,PASS,false,PASS,true,3,insufficient,true,0.2772006362627426,,,,-0.1807820816195357,,,-0.33150194223182844,,false,0,0.15470201484623541,,,1.8291320309647894,falling,589552000.0,37183000.0,5861000.0,33532000.0,1444000.0,-29115000.0,498148000.0,326758000.0,421097000.0,51741000.0,5610000.0,132514000.0,,,0.5102273181255244,0.5818222890257783,,1,,,0.6152689788467733,,,0,false,211935000.0,,,,204303000.0,0.15470201484623541,32522000.0,2026-08-25,PaymentsToAcquirePropertyPlantAndEquipment,StockholdersEquity,Goodwill,IntangibleAssetsNetExcludingGoodwill,NetIncomeLoss,NetCashProvidedByUsedInOperatingActivities,OperatingIncomeLoss,ShareBasedCompensation,15156000.0,295656000.0,,,,99156000.0,53318000.0,16135000.0,,,,,,,,,,,,,,,ineligible:gate0_status,,,
LGPS,2040290,LOGPROSTYLE INC.,"",NYSE,1531,Operative Builders,us-gaap,20-F,,331,2026,2026-03-31,false,false,"",unknown,"tangible_book,income_quality,fcf,sbc,ni_vs_oi,tax_anomaly","goodwill,intangibles",unresolved,never_acquired,never_acquired,"",,true,,,,,,,,,,,,false,,,,,,,,false,false,false,,false,false,true,,,false,,,,0.0,0.0,,,23627697.0,,NOT_EVALUABLE,,NOT_EVALUABLE,,NOT_EVALUABLE,,NOT_EVALUABLE,,NOT_EVALUABLE,,,NOT_EVALUABLE,,NOT_EVALUABLE,,0,insufficient,true,,,,,,,,,,false,0,,,,,,,,,,,,,,,,,,,,,,,,,,,,,,false,,,,,,,,2026-08-25,,,,,,,,,,,,,,,,,,,,,,,,,,,,,,,ineligible:gate0_status,,,
TDIC,2041338,Dreamland Limited,"",Nasdaq,8741,Services-Management Services,ifrs-full,20-F,HKD,331,2025,2025-03-31,false,false,ni_vs_oi,fail,"fcf,sbc",goodwill,never_acquired,never_acquired,reported,"",,true,,5819393.0,-2.4889348478951083,,,,,0.14616904875707806,8.307389278474204,,,false,,,45804377.0,6425533.0,773472.0,-15992733.0,,false,false,false,,false,false,true,,0.14028207391621111,false,-0.09518117847262773,,8926594.0,0.0,3107201.0,17135719.0,,,false,PASS,true,FAIL,,NOT_EVALUABLE,,NOT_EVALUABLE,,NOT_EVALUABLE,,true,FAIL,false,PASS,,0,insufficient,true,,,,,,,,,,false,0,0.01688642113831174,,,-0.27463412883468213,falling,,,,,,,,,,,,,,,,,,,,,,,,,false,,,449514.0,,,0.01688642113831174,7525533.0,2026-08-25,,Equity,,IntangibleAssetsOtherThanGoodwill,ProfitLoss,CashFlowsFromUsedInOperatingActivities,ProfitLossFromOperatingActivities,,1100000.0,,,,,,,,,,,,,,,,,,,,,,ineligible:gate0_status,,,
RAL,2041385,Ralliant Corporation,"",NYSE,3823,"Industrial Instruments For Measurement, Display, and Control",us-gaap,10-Q,USD,1231,2025,2025-12-31,false,false,tax_anomaly,fail,"","",reported,reported,reported,"",,false,,1379000000.0,-0.32523517382413086,358400000.0,302200000.0,0.02716550657385924,-830000000.0,-0.005014797763893456,1.033389687235841,0.0,-0.6196829079659706,true,,2.6790780141843973,2068800000.0,-1222500000.0,-1183000000.0,397600000.0,39200000.0,false,false,false,0.3393939393939394,false,false,false,"",-0.5909222737819025,false,0.23741708029874287,56200000.0,3846600000.0,1672400000.0,795200000.0,318800000.0,1148800000.0,112800000.0,false,PASS,true,FAIL,false,PASS,false,PASS,false,PASS,false,false,PASS,true,FAIL,false,0,insufficient,true,,,,,,,,2.6790780141843973,,false,3,-0.5718290796597061,,,0.6881520551854682,falling,2186000000.0,-1232600000.0,364800000.0,37100000.0,64500000.0,263200000.0,1614800000.0,736900000.0,1533900000.0,270900000.0,1148500000.0,112900000.0,,,,0.12815418239618517,,0,,,,,,0,true,0.0,,115500000.0,11300000.0,-1282000000.0,-0.5718290796597061,-1216400000.0,2026-08-25,PaymentsToAcquirePropertyPlantAndEquipment,StockholdersEquity,Goodwill,IntangibleAssetsNetExcludingGoodwill,NetIncomeLoss,NetCashProvidedByUsedInOperatingActivities,OperatingIncomeLoss,ShareBasedCompensation,6100000.0,0.0,,119700000.0,22400000.0,-1165400000.0,-1227100000.0,5500000.0,,,,,,,,,,,,,,,ineligible:gate0_status,,,
BDTB,2041531,Bodhi Tree Biotechnology Inc.,"",OTC,8742,Services-Management Consulting Services,us-gaap,10-Q,USD,930,2025,2025-09-30,false,false,tax_anomaly,unknown,"fcf,sbc","goodwill,intangibles",never_acquired,never_acquired,never_acquired,"",,true,,119161.0,1.0033407721192522,,,,,-0.013887383481465424,1.0138736468452356,,,false,,,17000.0,-149666.0,-147618.0,-150166.0,,false,false,false,,false,false,false,"",-8.803882352941176,false,,,119161.0,0.0,0.0,109404.0,,25441042.0,false,PASS,false,PASS,,NOT_EVALUABLE,,NOT_EVALUABLE,,NOT_EVALUABLE,,false,PASS,true,FAIL,,0,insufficient,true,,,,,,,,,,false,0,-8.683411764705882,,,1.0033407721192522,,37000.0,-116025.0,-115530.0,,,,,,13823.0,3986.0,,25441042.0,,,,,,0,,,,,,0,false,,,,,,-8.683411764705882,-147616.0,2026-08-25,,StockholdersEquity,,,NetIncomeLoss,NetCashProvidedByUsedInOperatingActivities,OperatingIncomeLoss,,2050.0,,,,,-114765.0,-114762.0,1263.0,,,,,,,,,,,,,,,ineligible:gate0_status,,,
PSKY,2041610,Paramount Skydance Corporation,"",Nasdaq,4833,Television Broadcasting Stations,us-gaap,10-Q,USD,1231,2025,2025-12-31,false,false,"",unknown,"income_quality,fcf,sbc,ni_vs_oi,tax_anomaly","",reported,reported,reported,"",,true,,3855000000.0,,,,,,,,,,false,,,,,,,,false,false,false,,false,false,true,,,false,-0.01520976662619722,,11693000000.0,1600000000.0,6238000000.0,3274000000.0,,,false,PASS,,NOT_EVALUABLE,,NOT_EVALUABLE,,NOT_EVALUABLE,,NOT_EVALUABLE,,,NOT_EVALUABLE,,NOT_EVALUABLE,,0,insufficient,true,,,,,,,,,,false,0,,,,-0.45136813408723747,,,,,,,,2034000000.0,5649000000.0,11771000000.0,1627000000.0,,1119000000.0,,,0.021551724137931036,0.009344429843772813,,0,,,-0.21951219512195122,,,0,false,,,,,-5076000000.0,,,2026-08-25,,StockholdersEquity,Goodwill,IntangibleAssetsNetExcludingGoodwill,,,,,,,,,,,,,,,,,,,,,,,,,,,ineligible:gate0_status,,,
CHOW,2041829,ChowChow Cloud International Holdings Limited,"",NYSE,7372,Services-Prepackaged Software,us-gaap,20-F,USD,1231,2025,2025-12-31,false,false,"",fail,"sbc,tax_anomaly",goodwill,never_acquired,never_acquired,reported,"",,true,,8510292.0,2.403922889516837,-7259546.0,,,2166550.0,,1.0006217108315547,,,false,,,32207262.0,-3019356.0,-3017480.0,-7258299.0,1247.0,false,false,false,,false,false,true,,-0.0937476771543014,false,,,8710671.0,0.0,200379.0,2771048.0,604498.0,33376521.0,false,PASS,false,PASS,true,FAIL,,NOT_EVALUABLE,,NOT_EVALUABLE,,false,PASS,,NOT_EVALUABLE,,0,insufficient,true,,,,,,,,,,false,0,-0.09368942942122804,,,2.403922889516837,,,,,,,,,,,,,,,,,,,,,,,,,,false,,,,86208.0,,-0.09368942942122804,-3019356.0,2026-08-25,PaymentsToAcquirePropertyPlantAndEquipment,StockholdersEquity,,IntangibleAssetsNetExcludingGoodwill,NetIncomeLoss,NetCashProvidedByUsedInOperatingActivities,OperatingIncomeLoss,,,,,,,,,,,,,,,,,,,,,,,,ineligible:gate0_status,,,
SPTX,2042347,"Seaport Therapeutics, Inc.","",Nasdaq,2834,Pharmaceutical Preparations,us-gaap,10-Q,USD,1231,2025,2025-12-31,false,false,"",fail,"income_quality,fcf,sbc,ni_vs_oi,tax_anomaly","goodwill,intangibles",never_acquired,never_acquired,never_acquired,"",,true,,-36163000.0,,,,,,,,,,false,,,,,,,,false,false,false,,false,false,true,,,false,,,-36163000.0,0.0,0.0,46042000.0,,,true,FAIL,,NOT_EVALUABLE,,NOT_EVALUABLE,,NOT_EVALUABLE,,NOT_EVALUABLE,,,NOT_EVALUABLE,,NOT_EVALUABLE,,0,insufficient,true,,,,,,,,,,false,0,,,,,,,,,,,,,,422602000.0,64223000.0,,19118049.0,,,,,,0,,,,,,0,false,,,,,,,,2026-08-25,,StockholdersEquity,,,,,,,,,,,,,,,,,,,,,,,,,,,,,ineligible:gate0_status,,,
PRMB,2042694,Primo Brands Corp,"",NYSE,2080,Beverages,us-gaap,10-Q,USD,1231,2025,2025-12-31,false,false,"",fail,"","",reported,reported,reported,"",,false,,-3582000000.0,11.319467554076539,302900000.0,253000000.0,0.007487995198079232,-4781200000.0,0.44551724137931037,0.13963754646840149,,-0.028406362545018007,false,1.6660079051383399,0.6749024325831157,6664000000.0,60100000.0,430400000.0,680300000.0,377400000.0,false,false,false,0.6184857423795477,false,false,false,"",0.009018607442977191,true,0.08640687849830804,49900000.0,2992600000.0,3581900000.0,2992700000.0,376700000.0,5157900000.0,374869000.0,true,FAIL,false,PASS,false,PASS,false,PASS,false,PASS,false,false,PASS,false,PASS,true,3,insufficient,true,0.14484883194233333,,,,-0.6963309771081191,,,0.6749024325831157,,false,3,0.0645858343337335,,,-4.501015370956825,rising,6742500000.0,100300000.0,818200000.0,451500000.0,46000000.0,320700000.0,3596700000.0,2912200000.0,2980200000.0,366800000.0,5156300000.0,365744000.0,,0.3532296375756647,0.0076842040032224085,0.038205884052944915,,1,,-0.2686436982119494,0.9698275862068966,0.4085064292779426,,0,false,,421500000.0,610200000.0,151300000.0,-189300000.0,0.0645858343337335,145000000.0,2026-08-25,PaymentsToAcquirePropertyPlantAndEquipment,StockholdersEquity,Goodwill,IntangibleAssetsNetExcludingGoodwill,NetIncomeLoss,NetCashProvidedByUsedInOperatingActivitiesContinuingOperations,OperatingIncomeLoss,ShareBasedCompensation,64600000.0,,248300000.0,619500000.0,163000000.0,482700000.0,183700000.0,72000000.0,,,,,,,,,,,,,,,ineligible:gate0_status,,,
EVMN,2044725,"Evommune, Inc.","",NYSE,2834,Pharmaceutical Preparations,us-gaap,10-Q,USD,1231,2025,2025-12-31,false,false,"tax_anomaly,sbc,ni_vs_oi",fail,"","goodwill,intangibles",never_acquired,never_acquired,never_acquired,"",,false,,-158239000.0,1.1099317554813417,-76676000.0,-82532000.0,0.45046153846153847,,-0.0,0.8495022881178227,,,false,,-13.449062320137612,13000000.0,-68870000.0,-81071000.0,-76441000.0,235000.0,false,false,false,0.39166666666666666,false,false,false,"",-5.297692307692308,false,,5856000.0,-158239000.0,0.0,0.0,61837000.0,,6136636.0,true,FAIL,false,PASS,true,FAIL,true,FAIL,true,FAIL,true,true,FAIL,true,FAIL,,0,insufficient,true,,,,,,,,-13.449062320137612,,false,0,-6.236230769230769,,,0.990505034727858,,10000000.0,-94668000.0,-74153000.0,501000.0,12808000.0,-87462000.0,,,277586000.0,60034000.0,,34908631.0,,,,,,0,,,,,,0,false,,,600000.0,,,-6.236230769230769,-68870000.0,2026-08-25,PaymentsToAcquirePropertyPlantAndEquipment,StockholdersEquity,,,NetIncomeLoss,NetCashProvidedByUsedInOperatingActivities,OperatingIncomeLoss,ShareBasedCompensation,0.0,,,600000.0,,-101894000.0,,0.0,,,,,,,,,,,,,,,ineligible:gate0_status,,,
MAGH,2046117,Magnitude International Ltd,"",Nasdaq,1731,Electrical Work,ifrs-full,20-F,SGD,430,2025,2025-04-30,false,false,tax_anomaly,fail,sbc,"goodwill,intangibles",never_acquired,never_acquired,never_acquired,"",,true,,599545.0,-28.124916479377998,-945513.0,,,-1576973.0,-0.724096433872197,0.46464304361937825,,,false,,,15358387.0,32926.0,70863.0,-926041.0,19472.0,false,false,false,,false,false,true,,0.0021438449232982605,false,0.036150460451320976,,599545.0,0.0,0.0,759891.0,2336864.0,33350000.0,false,PASS,true,FAIL,true,FAIL,,NOT_EVALUABLE,,NOT_EVALUABLE,,false,PASS,true,FAIL,,0,insufficient,true,,,,,,,,,,false,0,0.00461396108849191,,,-8.85004712789901,falling,,,,,,,,,,,,,,,,,,,,,,,,,false,,,,1600000.0,,0.00461396108849191,24929.0,2026-08-25,PurchaseOfPropertyPlantAndEquipmentClassifiedAsInvestingActivities,EquityAttributableToOwnersOfParent,,,ProfitLoss,CashFlowsFromUsedInOperatingActivities,ProfitLossFromOperatingActivities,,-18051.0,,,,,,,,,,,,,,,,,,,,,,ineligible:gate0_status,,,
MDLN,2046386,Medline Inc.,"",Nasdaq,3841,Surgical & Medical Instruments & Apparatus,us-gaap,10-Q,USD,1231,2025,2025-12-31,false,false,"",fail,"","",reported,reported,reported,"",,false,,-11235000000.0,1.5047454702329595,1297000000.0,1221000000.0,0.0026730444569499157,-10621000000.0,0.07291666666666667,0.5239602169981917,-0.00021102982554867754,-0.02293190770962296,true,0.02702702702702703,1.5074074074074073,28432000000.0,1159000000.0,2212000000.0,1744000000.0,447000000.0,false,false,false,0.4421364985163205,false,false,false,"",0.04076392796848621,false,0.05380741250914726,76000000.0,10737000000.0,8079000000.0,13893000000.0,1939000000.0,12560000000.0,810000000.0,true,FAIL,false,PASS,false,PASS,false,PASS,false,PASS,false,false,PASS,false,PASS,false,2,insufficient,true,,,,,,,,1.5074074074074073,,false,1,0.07779966235227913,,,3.4088887930567355,falling,29939000000.0,,1992000000.0,446000000.0,94000000.0,1452000000.0,8072000000.0,13538000000.0,11572000000.0,2327000000.0,12576000000.0,842879656.0,,,,,,0,,,,,,0,true,-6000000.0,33000000.0,1011000000.0,,-652000000.0,0.07779966235227913,1248000000.0,2026-08-25,PaymentsToAcquirePropertyPlantAndEquipment,StockholdersEquity,Goodwill,IntangibleAssetsNetExcludingGoodwill,NetIncomeLoss,NetCashProvidedByUsedInOperatingActivities,OperatingIncomeLoss,ShareBasedCompensation,91000000.0,0.0,18000000.0,1024000000.0,,1816000000.0,1077000000.0,197000000.0,,,,,,,,,,,,,,,ineligible:gate0_status,,,
HCHL,2046656,Happy City Holdings Limited,"",Nasdaq,5812,Retail-Eating  Places,us-gaap,20-F,USD,831,2025,2025-08-31,false,false,tax_anomaly,fail,sbc,"goodwill,intangibles",never_acquired,never_acquired,never_acquired,"",,true,,2206497.0,0.5216715175927881,-2175551.0,,,210328.0,0.009835080723388508,1.0682413786432015,,,false,,,6799732.0,-2429433.0,-2274236.0,-1267366.0,908185.0,false,false,false,,false,false,true,,-0.35728364000228247,false,-0.14684092473739147,,2206497.0,0.0,0.0,3369647.0,3159319.0,,false,PASS,true,FAIL,true,FAIL,,NOT_EVALUABLE,,NOT_EVALUABLE,,false,PASS,true,FAIL,,0,insufficient,true,,,,,,,,,,false,0,-0.3344596522333527,,,0.7010112073241498,falling,,,,,,,,,,,,,,,,,,,,,,,,,false,,,,,,-0.3344596522333527,-2453564.0,2026-08-25,PaymentsToAcquirePropertyPlantAndEquipment,StockholdersEquity,,,NetIncomeLoss,NetCashProvidedByUsedInOperatingActivities,OperatingIncomeLoss,,-24131.0,,,,,,,,,,,,,,,,,,,,,,ineligible:gate0_status,,,
CTW,2047148,CTW Cayman,"",Nasdaq,7374,Services-Computer Processing & Data Preparation,us-gaap,20-F,USD,731,2025,2025-07-31,false,false,ni_vs_oi,fail,sbc,"goodwill,intangibles",never_acquired,never_acquired,never_acquired,"",,true,,27648057.0,0.029090549117253655,-473293.0,,,,0.13092461425696014,-3.5944763238834163,,,false,,,90370793.0,3828563.0,-1065124.0,111375.0,584668.0,false,false,false,,false,false,true,,0.04236504818542425,false,0.0887824974402276,,27648057.0,0.0,0.0,12208630.0,,60000000.0,false,PASS,true,FAIL,true,FAIL,,NOT_EVALUABLE,,NOT_EVALUABLE,,true,FAIL,false,PASS,,0,insufficient,true,,,,,,,,,,false,0,-0.011786153077134114,,,0.34924587041339156,falling,,,,,,,,,,,,,,,,,,,,,,,,,false,,,,,,-0.011786153077134114,4405329.0,2026-08-25,PaymentsToAcquirePropertyPlantAndEquipment,StockholdersEquity,,,NetIncomeLoss,NetCashProvidedByUsedInOperatingActivities,OperatingIncomeLoss,,576766.0,,,,,,,,,,,,,,,,,,,,,,ineligible:gate0_status,,,
TCGLF,2047190,TechCreate Group Ltd.,"",OTC,7374,Services-Computer Processing & Data Preparation,us-gaap,20-F,USD,1231,2025,2025-12-31,false,false,tax_anomaly,fail,"","goodwill,intangibles",never_acquired,never_acquired,never_acquired,"",,false,,8644434.0,4.698633903730858,-3917625.0,-3960607.0,0.011580160320371324,,-0.06149530184917993,1.087903762022889,,,false,,-0.21868574330051782,3711693.0,-832811.0,-765519.0,-3913074.0,4551.0,false,false,false,,false,false,true,,-0.2243749685116738,false,,42982.0,8644434.0,0.0,0.0,5731659.0,,18110952.0,false,PASS,false,PASS,true,FAIL,true,FAIL,false,PASS,false,false,PASS,true,FAIL,,0,insufficient,true,,,,,,,,-0.21868574330051782,,false,0,-0.2062452363382424,,,4.698633903730858,,,,,,,,,,,,,,,,,,,,,,,,,,false,,,,,,-0.2062452363382424,-784564.0,2026-08-25,PaymentsToAcquirePropertyPlantAndEquipment,StockholdersEquity,,,NetIncomeLoss,NetCashProvidedByUsedInOperatingActivities,OperatingIncomeLoss,ShareBasedCompensation,48247.0,,,,,,,,,,,,,,,,,,,,,,ineligible:gate0_status,,,
BUUU,2047273,BUUU Group Limited,"",Nasdaq,7900,Services-Amusement & Recreation Services,us-gaap,20-F,USD,630,2025,2025-06-30,false,false,"",fail,sbc,"goodwill,intangibles",never_acquired,never_acquired,never_acquired,"",,true,,1008715.0,0.4235600312570896,324663.0,,,,0.21025602012355912,0.7714341273699562,,,false,,,6328425.0,793420.0,1028500.0,336061.0,11398.0,false,true,false,0.2646328155835713,false,false,true,,0.12537400696065767,false,0.1033181095193436,,1008715.0,0.0,0.0,101535.0,,,false,PASS,true,FAIL,false,PASS,,NOT_EVALUABLE,,NOT_EVALUABLE,,false,PASS,false,PASS,,0,insufficient,true,,,,,,,,,,false,0,0.16252069037714756,,,0.34421488177451137,falling,,,,,,,,,,,,,,,,,,,,,,,,,false,,,43071.0,508072.0,,0.16252069037714756,1012147.0,2026-08-25,PaymentsToAcquirePropertyPlantAndEquipment+PaymentsToAcquireOtherPropertyPlantAndEquipment,StockholdersEquity,,,NetIncomeLoss,NetCashProvidedByUsedInOperatingActivities,OperatingIncomeLoss,,212810.0,,,,,,,,,,,,,,,,,,,,,,ineligible:gate0_status,,,
WSHP,2048271,WeShop Holdings Ltd,"",Nasdaq,5900,Retail-Miscellaneous Retail,us-gaap,20-F,,1231,2025,2025-12-31,false,false,"",unknown,"tangible_book,income_quality,fcf,sbc,ni_vs_oi,tax_anomaly","goodwill,intangibles",unresolved,never_acquired,never_acquired,"",,true,,,,,,,,,,,,false,,,,,,,,false,false,false,,false,false,true,,,false,,,,0.0,0.0,,,8699025.0,,NOT_EVALUABLE,,NOT_EVALUABLE,,NOT_EVALUABLE,,NOT_EVALUABLE,,NOT_EVALUABLE,,,NOT_EVALUABLE,,NOT_EVALUABLE,,0,insufficient,true,,,,,,,,,,false,0,,,,,,,,,,,,,,,,,,,,,,,,,,,,,,false,,,,,,,,2026-08-25,,,,,,,,,,,,,,,,,,,,,,,,,,,,,,,ineligible:gate0_status,,,
AEBI,2048519,Aebi Schmidt Holding AG,"",Nasdaq,3531,Construction Machinery & Equip,us-gaap,10-Q,USD,1231,2025,2025-12-31,false,false,"",fail,"","",reported,reported,reported,"",,false,,77028000.0,0.9212444809528699,-5233000.0,-12424000.0,0.0047103905674281505,-496446000.0,0.1327734095782702,0.13329044973038076,,0.22360435601408335,false,,-0.2113500272182907,1526625000.0,9739000.0,73066000.0,8972000.0,14205000.0,false,false,false,0.3213800904977376,false,false,false,"",0.006379431753050028,false,0.058128818045397074,7191000.0,814901000.0,403147000.0,334726000.0,98512000.0,594958000.0,58784000.0,false,PASS,false,PASS,true,FAIL,true,FAIL,false,PASS,false,false,PASS,false,PASS,true,1,insufficient,true,,,,,,,,-0.2113500272182907,,false,0,0.047861131581102105,,,1.9498236104039917,falling,1951649000.0,21179000.0,19556000.0,13607000.0,9767000.0,-3818000.0,409092000.0,320261000.0,824304000.0,109734000.0,617679000.0,77463000.0,,,0.8281323990914418,0.7872925690296425,,0,,,0.33696201678406523,,,0,false,,,44200000.0,13435000.0,341360000.0,0.047861131581102105,11192000.0,2026-08-25,PaymentsToAcquirePropertyPlantAndEquipment,StockholdersEquity,Goodwill,IntangibleAssetsNetExcludingGoodwill,NetIncomeLoss,NetCashProvidedByUsedInOperatingActivities,OperatingIncomeLoss,ShareBasedCompensation,1486000.0,,,59104000.0,7872000.0,87221000.0,28036000.0,6925000.0,,,,,,,,,,,,,,,ineligible:gate0_status,,,
TMS,2048951,Teamshares Inc,"",Nasdaq,5900,Retail-Miscellaneous Retail,us-gaap,10-Q,USD,1231,2025,2025-12-31,false,false,"",fail,"fcf,sbc,tax_anomaly",intangibles,never_acquired,reported,never_acquired,"",,true,,-178802000.0,0.0773148555950299,,,,-51153000.0,,1.8099765975815452,,,false,,,,-16495381.0,-9113588.0,-1275338.0,,false,false,false,,false,false,false,"",,false,,,65941000.0,244743000.0,0.0,40246000.0,91399000.0,,true,FAIL,true,FAIL,,NOT_EVALUABLE,,NOT_EVALUABLE,,NOT_EVALUABLE,,false,PASS,,NOT_EVALUABLE,,0,insufficient,true,,,,,,,,,,false,0,,,,0.0773148555950299,,,3962619.0,21219662.0,,,,246781000.0,,108521000.0,113396000.0,70742000.0,50709492.0,,,,0.20300386812759966,,0,,,,,,0,false,,,,,,,,2026-08-25,,StockholdersEquity,Goodwill,,NetIncomeLoss,NetCashProvidedByUsedInOperatingActivities,OperatingIncomeLoss,,,,,,,3843412.0,,,,,,,,,,,,,,,,,ineligible:gate0_status,,,
FAC,2049662,Factorial Energy Inc.,"",Nasdaq,3690,"Miscellaneous Electrical Machinery, Equipment & Supplies",us-gaap,10-Q,USD,1231,2025,2025-12-31,false,false,ni_vs_oi,fail,"fcf,sbc,tax_anomaly","goodwill,intangibles",never_acquired,never_acquired,never_acquired,"",,true,,-221394000.0,-0.08112130609903187,,,,,,-5.369566062025182,,,false,,,,6219069.0,-1158207.0,-504499.0,,false,false,false,,false,false,false,"",,false,,,-221394000.0,0.0,0.0,28891000.0,,,true,FAIL,true,FAIL,,NOT_EVALUABLE,,NOT_EVALUABLE,,NOT_EVALUABLE,,true,FAIL,,NOT_EVALUABLE,,0,insufficient,true,,,,,,,,,,false,0,,,,-0.08112130609903187,,,9742069.0,1192501.0,,,,,,84999000.0,112831000.0,,18742761.0,,,,,,0,,,,,,0,false,,,,,,,,2026-08-25,,StockholdersEquity,,,NetIncomeLoss,NetCashProvidedByUsedInOperatingActivities,OperatingIncomeLoss,,0.0,,,,,3913793.0,,0.0,,,,,,,,,,,,,,,ineligible:gate0_status,,,
PEW,2051380,GrabAGun Digital Holdings Inc.,"",NYSE,5940,Retail-Miscellaneous Shopping Goods Stores,us-gaap,10-Q,USD,1231,2025,2025-12-31,false,false,"tax_anomaly,ni_vs_oi",fail,"",goodwill,never_acquired,never_acquired,reported,"",,false,,-41000.0,0.16633426406063023,-8890000.0,-12671000.0,0.03920206534023162,,-0.004809619238476954,0.5744729605866178,,,false,,-0.6487308866043395,96449000.0,-2507000.0,-4364000.0,-417000.0,8473000.0,false,false,false,,false,false,false,"",-0.025993011850822714,false,,3781000.0,465000.0,0.0,506000.0,110395000.0,,19531982.0,true,FAIL,true,FAIL,true,FAIL,true,FAIL,false,PASS,false,true,FAIL,true,FAIL,,0,insufficient,true,,,,,,,,-0.6487308866043395,,false,0,-0.045246710696844966,,,0.536812230450601,falling,101035000.0,-7070000.0,-8954000.0,11243000.0,4770000.0,-24967000.0,,684000.0,102564000.0,97512000.0,,29483454.0,,,,0.09369700395703788,,0,,,,,,0,false,,,,,,-0.045246710696844966,-2495000.0,2026-08-25,PaymentsToAcquirePropertyPlantAndEquipment,StockholdersEquity,,FiniteLivedIntangibleAssetsNet,NetIncomeLoss,NetCashProvidedByUsedInOperatingActivities,OperatingIncomeLoss,ShareBasedCompensation,12000.0,,,,,-10401000.0,-7055000.0,15000.0,,,,,,,,,,,,,,,ineligible:gate0_status,,,
BSAA,2051587,BEST SPAC I ACQUISITION CORP.,"",Nasdaq,8200,Services-Educational Services,us-gaap,10-Q,USD,1231,2025,2025-12-31,false,false,ni_vs_oi,fail,"fcf,sbc,tax_anomaly","goodwill,intangibles",never_acquired,never_acquired,never_acquired,"",,true,,-18668.0,-0.9204650897972311,,,,,,-0.9976725941824066,,,false,,,,649853.0,-651369.0,-598167.0,,false,false,false,,false,false,false,"",,false,,,-18668.0,0.0,0.0,1295059.0,,,true,FAIL,true,FAIL,,NOT_EVALUABLE,,NOT_EVALUABLE,,NOT_EVALUABLE,,true,FAIL,,NOT_EVALUABLE,,0,insufficient,true,,,,,,,,,,false,0,,,,-0.9204650897972311,,,1222585.0,-595361.0,,,,,,1017817.0,1112525.0,,,,,,,,0,,,,,,0,false,,,,,,,649853.0,2026-08-25,,StockholdersEquity,,,NetIncomeLoss,NetCashProvidedByUsedInOperatingActivities,OperatingIncomeLoss,,,,,,,-787277.0,1222585.0,,,,,,,,,,,,,,,,ineligible:gate0_status,,,
IRHO,2051985,IRON HORSE ACQUISITION II CORP.,"",Nasdaq,7389,"Services-Business Services, NEC",us-gaap,10-Q,USD,1130,2025,2025-11-30,false,false,"",fail,"fcf,sbc,tax_anomaly","goodwill,intangibles",never_acquired,never_acquired,never_acquired,"",,true,,-48945.0,0.6984700891917942,,,,,,1.0,,,false,,,,-204391.0,-204391.0,-142761.0,,false,false,false,,false,false,false,"",,false,,,-48945.0,0.0,0.0,41467.0,,5000000.0,true,FAIL,true,FAIL,,NOT_EVALUABLE,,NOT_EVALUABLE,,NOT_EVALUABLE,,false,PASS,,NOT_EVALUABLE,,0,insufficient,true,,,,,,,,,,false,0,,,,0.6984700891917942,,,2551462.0,-1215054.0,,,,,,-10940218.0,46833.0,,,,,,,,0,,,,,,0,false,,,,,,,,2026-08-25,,StockholdersEquity,,,NetIncomeLoss,NetCashProvidedByUsedInOperatingActivities,OperatingIncomeLoss,,,,,,,-1159986.0,,,,,,,,,,,,,,,,,ineligible:gate0_status,,,
LGN,2052568,Legence Corp.,"",Nasdaq,1700,Construction - Special Trade Contractors,us-gaap,10-Q,USD,1231,2025,2025-12-31,false,false,tax_anomaly,fail,"","",reported,reported,reported,"",,false,,-923559000.0,-4.296972231515557,218933000.0,151383000.0,0.02648509639908551,,-0.40188966667875664,-0.9707382027215745,0.006468166325621224,-0.03516499372081689,true,,,2550491000.0,-59780000.0,61582000.0,256873000.0,37940000.0,false,false,false,,false,false,false,"",-0.023438624170796916,false,0.006352697295831367,67550000.0,392197000.0,764336000.0,551420000.0,230166000.0,,,true,FAIL,true,FAIL,false,PASS,false,PASS,false,PASS,false,false,PASS,true,FAIL,false,2,insufficient,true,,,,,,,,,,false,0,0.02414515479568444,,,-2.0196170539153933,falling,3745668000.0,-45044000.0,388825000.0,65643000.0,160787000.0,162395000.0,822521000.0,792175000.0,600463000.0,291980000.0,,107976000.0,,,,,,0,,,,,,0,true,16497000.0,,,,-89688000.0,0.02414515479568444,-55142000.0,2026-08-25,PaymentsToAcquirePropertyPlantAndEquipment,StockholdersEquity,Goodwill,FiniteLivedIntangibleAssetsNet,NetIncomeLoss,NetCashProvidedByUsedInOperatingActivities,OperatingIncomeLoss,ShareBasedCompensation,22161000.0,297337000.0,,,,29448000.0,-61178000.0,10287000.0,,,,,,,,,,,,,,,ineligible:gate0_status,,,
PLTS,2053033,PLATINUM ANALYTICS CAYMAN LIMITED,"",Nasdaq,7372,Services-Prepackaged Software,us-gaap,20-F,USD,930,2025,2025-09-30,false,false,"",unknown,"fcf,sbc,tax_anomaly",goodwill,never_acquired,never_acquired,reported,"",,true,,5366750.0,2.7286256381098353,,,,,,1.0549613160421718,,,false,,,1675239.0,-2022575.0,-1917203.0,-5518850.0,,false,false,false,,false,false,true,,-1.2073351921725795,false,-2.106948354066016,,5405874.0,0.0,39124.0,2610933.0,,15809520.0,false,PASS,false,PASS,,NOT_EVALUABLE,,NOT_EVALUABLE,,NOT_EVALUABLE,,false,PASS,,NOT_EVALUABLE,,0,insufficient,true,,,,,,,,,,false,0,-1.1444355103958301,,,0.99252606289746,rising,,,,,,,,,,,,,,,,,,,,,,,,,false,,,50224.0,,,-1.1444355103958301,-2022575.0,2026-08-25,,StockholdersEquity,,FiniteLivedIntangibleAssetsNet,NetIncomeLoss,NetCashProvidedByUsedInOperatingActivities,OperatingIncomeLoss,,,,,,,,,,,,,,,,,,,,,,,,ineligible:gate0_status,,,
ETS,2053641,Elite Express Holding Inc.,"",Nasdaq,4210,Trucking & Courier Services (No Air),us-gaap,10-Q,USD,1130,2025,2025-11-30,false,false,"tax_anomaly,ni_vs_oi",fail,sbc,"",reported,reported,reported,"",,true,,314535.0,1.2899372228654609,-2906111.0,,,,0.045872588751617684,0.8730520459533238,,-0.020705580153851464,false,,,2665948.0,-2185987.0,-2503845.0,-2819786.0,86325.0,false,false,false,,false,false,false,"",-0.8199661058655308,false,,,1470993.0,668858.0,487600.0,1308529.0,,13968179.0,false,PASS,false,PASS,true,FAIL,,NOT_EVALUABLE,,NOT_EVALUABLE,,true,FAIL,true,FAIL,false,0,insufficient,true,,,,,,,,,,false,0,-0.9391949880492793,,,1.2899372228654609,,2875682.0,-4516430.0,-6870384.0,,,,668858.0,460000.0,18548821.0,5235991.0,,16716672.0,,,,,,0,,,,,,0,false,,,,,-55200.0,-0.9391949880492793,-2291085.0,2026-08-25,PaymentsToAcquirePropertyPlantAndEquipment,StockholdersEquity,Goodwill,IntangibleAssetsNetExcludingGoodwill,NetIncomeLoss,NetCashProvidedByUsedInOperatingActivities,OperatingIncomeLoss,,-105098.0,,,,,-5146335.0,-4514030.0,2400.0,,,,,,,,,,,,,,,ineligible:gate0_status,,,
WTG,2053927,WINTERGREEN ACQUISITION CORP.,"",Nasdaq,7370,"Services-Computer Programming, Data Processing, Etc.",us-gaap,10-Q,USD,1231,2025,2025-12-31,false,false,ni_vs_oi,fail,"fcf,sbc,tax_anomaly","goodwill,intangibles",never_acquired,never_acquired,never_acquired,"",,true,,-60456.0,-0.2772259898037541,,,,,,-2.447626547405905,,,false,,,,988403.0,-403821.0,-274011.0,,false,false,false,,false,false,false,"",,false,,,-60456.0,0.0,0.0,1324992.0,,,true,FAIL,true,FAIL,,NOT_EVALUABLE,,NOT_EVALUABLE,,NOT_EVALUABLE,,true,FAIL,,NOT_EVALUABLE,,0,insufficient,true,,,,,,,,,,false,0,,,,-0.2772259898037541,,,1691772.0,-422108.0,,,,,,1965291.0,1028051.0,,,,,,,,0,,,,,,0,false,,,,,,,,2026-08-25,,StockholdersEquity,,,NetIncomeLoss,NetCashProvidedByUsedInOperatingActivities,OperatingIncomeLoss,,,,,,,-527132.0,,,,,,,,,,,,,,,,,ineligible:gate0_status,,,
NIQ,2054696,NIQ Global Intelligence plc,"",NYSE,7370,"Services-Computer Programming, Data Processing, Etc.",us-gaap,10-Q,USD,1231,2025,2025-12-31,false,false,tax_anomaly,fail,"","",reported,reported,reported,"",,false,,-3634700000.0,-0.845457118596094,264000000.0,202900000.0,0.014553163109756097,-2983800000.0,-0.6458531935176358,-4.1370023419203745,0.006359565548780487,-0.0029773246951219513,true,,0.7601590973652833,4198400000.0,-353300000.0,85400000.0,298700000.0,34700000.0,false,true,false,0.05486166007905138,false,false,false,"",-0.08415110518292683,false,-0.032532247927453385,61100000.0,988400000.0,2431700000.0,2191400000.0,518800000.0,3502600000.0,266917808.0,true,FAIL,true,FAIL,false,PASS,false,PASS,false,PASS,false,false,PASS,true,FAIL,false,2,insufficient,true,,,,,,,,0.7601590973652833,,false,2,0.02034108231707317,,,-0.3058757318921893,falling,4388600000.0,-351400000.0,537400000.0,31000000.0,78500000.0,427900000.0,2405200000.0,2013100000.0,907000000.0,416600000.0,3448700000.0,295053798.0,,,,0.08013066871637202,,0,,,,,,0,true,26700000.0,,632500000.0,,-12500000.0,0.02034108231707317,-209800000.0,2026-08-25,PaymentsToAcquirePropertyPlantAndEquipment,StockholdersEquity,Goodwill,IntangibleAssetsNetExcludingGoodwill,NetIncomeLoss,NetCashProvidedByUsedInOperatingActivities,OperatingIncomeLoss,ShareBasedCompensation,135500000.0,31600000.0,,638400000.0,,85400000.0,-191900000.0,151600000.0,,,,,,,,,,,,,,,ineligible:gate0_status,,,
RDSC,2056016,RADIANT STRATEGIES CORPORATION,"",OTC,8742,Services-Management Consulting Services,us-gaap,10-Q,USD,430,2026,2026-04-30,false,false,ni_vs_oi,fail,"sbc,tax_anomaly","goodwill,intangibles",never_acquired,never_acquired,never_acquired,"",,true,,15232.0,1.1029548725764118,-64410.0,,,,,0.9627486142810564,,,false,,,40254.0,-23622.0,-24536.0,-26054.0,38356.0,false,false,false,,false,false,true,,-0.5868236696974214,false,,,15232.0,0.0,0.0,14695.0,,23522123.0,false,PASS,false,PASS,true,FAIL,,NOT_EVALUABLE,,NOT_EVALUABLE,,true,FAIL,,NOT_EVALUABLE,,0,insufficient,true,,,,,,,,,,false,0,-0.6095294877527699,,,1.1029548725764118,,,,,,,,,,28283.0,22307.0,,22739818.0,,,,,,0,,,,,,0,false,,,,,,-0.6095294877527699,-23622.0,2026-08-25,PaymentsToAcquirePropertyPlantAndEquipment+PaymentsToAcquireSoftware,StockholdersEquity,,,NetIncomeLoss,NetCashProvidedByUsedInOperatingActivities,OperatingIncomeLoss,,,,,,,,,,,,,,,,,,,,,,,,ineligible:gate0_status,,,
RADC,2057381,READVANTAGE CORP.,"",OTC,7374,Services-Computer Processing & Data Preparation,us-gaap,10-Q,USD,630,2025,2025-06-30,false,false,"",fail,"fcf,sbc,tax_anomaly",goodwill,never_acquired,never_acquired,reported,"",,true,,-176706.0,0.7712107753010928,,,,,,1.0008270101515495,,,false,,,12966.0,-48407.0,-48367.0,-37332.0,,false,false,false,,false,false,false,"",-3.7333796082060773,false,,,-76705.0,0.0,100001.0,11160.0,,,true,FAIL,true,FAIL,,NOT_EVALUABLE,,NOT_EVALUABLE,,NOT_EVALUABLE,,false,PASS,,NOT_EVALUABLE,,0,insufficient,true,,,,,,,,,,false,0,-3.730294616689804,,,0.31534462606114244,,48848.0,-81951.0,-75681.0,,,,,106751.0,-86700.0,481.0,,,,,,,,0,,,,,,0,false,,,26200.0,,,-3.730294616689804,-48407.0,2026-08-25,,StockholdersEquity,,IntangibleAssetsNetExcludingGoodwill,NetIncomeLoss,NetCashProvidedByUsedInOperatingActivities,OperatingIncomeLoss,,,,,27890.0,,-81931.0,-81951.0,,,,,,,,,,,,,,,,ineligible:gate0_status,,,
GLIBA,2057463,Liberty Capital Corp/NV,"",Nasdaq,4841,Cable & Other Pay Television Services,us-gaap,10-Q,USD,1231,2025,2025-12-31,false,false,ni_vs_oi,fail,"","",reported,reported,reported,"",,false,,440000000.0,-1.197411003236246,122000000.0,109000000.0,0.0124282982791587,-567000000.0,0.19948186528497408,0.8904899135446686,,-0.14053537284894838,false,,3.5161290322580645,1046000000.0,-309000000.0,-347000000.0,370000000.0,248000000.0,false,false,false,1.169811320754717,false,false,false,"",-0.2954110898661568,false,,13000000.0,1450000000.0,638000000.0,372000000.0,416000000.0,983000000.0,31000000.0,false,PASS,true,FAIL,false,PASS,false,PASS,false,PASS,false,true,FAIL,false,PASS,false,0,insufficient,true,,,,,,,,3.5161290322580645,,false,1,-0.3317399617590822,,,1.387008784096163,,1036000000.0,-337000000.0,308000000.0,259000000.0,21000000.0,28000000.0,648000000.0,355000000.0,1735000000.0,497000000.0,1207000000.0,40000000.0,,,,0.0,,0,,,,,,0,false,,,212000000.0,0.0,-147000000.0,-0.3317399617590822,-386000000.0,2026-08-25,PaymentsToAcquirePropertyPlantAndEquipment,StockholdersEquity,Goodwill,FiniteLivedIntangibleAssetsNet,NetIncomeLoss,NetCashProvidedByUsedInOperatingActivities,OperatingIncomeLoss,ShareBasedCompensation,-77000000.0,,,215000000.0,,-397000000.0,-427000000.0,-90000000.0,,,,,,,,,,,,,,,ineligible:gate0_status,,,
EFTY,2058349,"Etoiles Capital Group Co., Ltd.","",Nasdaq,8742,Services-Management Consulting Services,us-gaap,20-F,USD,1231,2025,2025-12-31,false,false,tax_anomaly,fail,sbc,"goodwill,intangibles",never_acquired,never_acquired,never_acquired,"",,true,,5797012.0,5.926597683196668,-1597740.0,,,,-1.5806126561870213,4.815720195562242,,,false,,,3222344.0,-153660.0,-31908.0,-910681.0,687059.0,false,false,false,4.925330657012796,false,false,true,,-0.047685784013128334,true,0.554734353224872,,5797012.0,0.0,0.0,5426805.0,,19126616.0,false,PASS,false,PASS,true,FAIL,,NOT_EVALUABLE,,NOT_EVALUABLE,,false,PASS,true,FAIL,,0,insufficient,true,,,,,,,,,,false,0,-0.009902108527208764,,,3.2620004053695624,rising,,,,,,,,,,,,,,,,,,,,,,,,,false,,,139495.0,,,-0.009902108527208764,-59544.0,2026-08-25,PaymentsToAcquirePropertyPlantAndEquipment,StockholdersEquity,,,NetIncomeLoss,NetCashProvidedByUsedInOperatingActivities,OperatingIncomeLoss,,94116.0,,,,,,,,,,,,,,,,,,,,,,ineligible:gate0_status,,,
DKI,2058584,DARKIRIS INC.,"",Nasdaq,7372,Services-Prepackaged Software,us-gaap,20-F,USD,930,2025,2025-09-30,false,false,"tax_anomaly,sbc",fail,"",goodwill,never_acquired,never_acquired,reported,"",,false,,6103666.0,0.05298845833191104,-463060.0,-9271060.0,0.8739137345544578,,-0.008892254652524856,1.0053341485667515,,,false,,-0.560955623560371,10078798.0,-8642165.0,-8596311.0,-457935.0,5125.0,false,false,false,,false,false,true,,-0.857459887577864,false,-0.3185799607904079,8808000.0,6782799.0,0.0,679133.0,,,16527261.0,false,PASS,true,FAIL,true,FAIL,true,FAIL,true,FAIL,true,false,PASS,true,FAIL,,0,insufficient,true,,,,,,,,-0.560955623560371,,false,0,-0.8529103371255183,,,0.38687973911757717,falling,,,,,,,,,,,,,,,,,,,,,,,,,false,,,,,,-0.8529103371255183,-8565994.0,2026-08-25,PaymentsToAcquirePropertyPlantAndEquipment,StockholdersEquity,,IntangibleAssetsNetExcludingGoodwill,NetIncomeLoss,NetCashProvidedByUsedInOperatingActivities,OperatingIncomeLoss,ShareBasedCompensation,76171.0,,,,,,,,,,,,,,,,,,,,,,ineligible:gate0_status,,,
Q,2058873,"QNITY ELECTRONICS, INC.","",NYSE,3674,Semiconductors & Related Devices,us-gaap,10-Q,USD,1231,2025,2025-12-31,false,false,"",fail,ni_vs_oi,"",reported,reported,reported,"",,false,,-1538000000.0,1.7462277091906722,988000000.0,968000000.0,0.004206983592763988,,0.24220374220374222,,,-0.006731173748422381,false,,4.613918017159199,4754000000.0,729000000.0,,1273000000.0,285000000.0,false,false,false,0.7579787234042553,false,false,false,"",0.15334455195624738,false,,20000000.0,7095000000.0,7522000000.0,1111000000.0,915000000.0,,209800000.0,true,FAIL,false,PASS,false,PASS,false,PASS,false,PASS,false,,NOT_EVALUABLE,false,PASS,false,1,insufficient,true,,,,,,,,4.613918017159199,,false,3,,,,1.6221605208668113,rising,5210000000.0,630000000.0,1169000000.0,344000000.0,37000000.0,788000000.0,7518000000.0,1015000000.0,7261000000.0,961000000.0,,210300000.0,,,,,,0,,,,,,0,false,,,376000000.0,13000000.0,-32000000.0,,962000000.0,2026-08-25,PaymentsToAcquireProductiveAssets,StockholdersEquity,Goodwill,IntangibleAssetsNetExcludingGoodwill,ProfitLoss,NetCashProvidedByUsedInOperatingActivities,,ShareBasedCompensation,233000000.0,,,385000000.0,47000000.0,,878000000.0,248000000.0,,,,,,,,,,,,,,,ineligible:gate0_status,,,
AGCC,2060016,AGENCIA COMERCIAL SPIRITS LTD,"",Nasdaq,5180,"Wholesale-Beer, Wine & Distilled Alcoholic Beverages",us-gaap,20-F,USD,1231,2025,2025-12-31,false,false,"",fail,"fcf,sbc",goodwill,never_acquired,never_acquired,reported,"",,true,,9817546.0,-12.30494665086924,,,,15806408.0,0.22870750899593584,0.7772442090790009,,,false,,,6206178.0,609382.0,784029.0,-7498413.0,,false,false,false,,false,false,false,"",0.09818957819127973,false,0.3371358375314152,,9867891.0,0.0,50345.0,15824906.0,18498.0,,false,PASS,true,FAIL,,NOT_EVALUABLE,,NOT_EVALUABLE,,NOT_EVALUABLE,,false,PASS,false,PASS,,0,insufficient,true,,,,,,,,,,false,0,0.1263304081835874,,,-4.585370103476904,falling,3038946.0,743547.0,489238.0,,,,,54880.0,3356338.0,825343.0,36248.0,,,,,,,0,,,,,,0,false,,,,,,0.1263304081835874,790079.0,2026-08-25,,StockholdersEquity,,IntangibleAssetsNetExcludingGoodwill,NetIncomeLoss,NetCashProvidedByUsedInOperatingActivities,OperatingIncomeLoss,,180697.0,,,,,943692.0,970331.0,226784.0,,,,,,,,,,,,,,,ineligible:gate0_status,,,
FOFO,2060083,"Hang Feng Technology Innovation Co., Ltd.","",Nasdaq,8742,Services-Management Consulting Services,us-gaap,20-F,USD,1231,2025,2025-12-31,false,false,"tax_anomaly,sbc,ni_vs_oi",fail,"",goodwill,never_acquired,never_acquired,reported,"",,false,,8281822.0,0.13446518426735546,-1290116.0,-10246024.0,3.8467553084565917,,0.005095393879737124,0.9831058332462626,,,false,,-1.7620498752156555,2328172.0,-9587835.0,-9752597.0,-1289230.0,886.0,false,true,false,0.1100347739692002,false,false,true,,-4.1181815604689005,false,,8955908.0,8551893.0,0.0,270071.0,7420426.0,,5814832.0,false,PASS,true,FAIL,true,FAIL,true,FAIL,true,FAIL,true,true,FAIL,true,FAIL,,0,insufficient,true,,,,,,,,-1.7620498752156555,,false,0,-4.1889503868270905,,,0.8534409129204156,,,,,,,,,,,,,,,,,,,,,,,,,,false,,,8052.0,,,-4.1889503868270905,-9636939.0,2026-08-25,PaymentsToAcquirePropertyPlantAndEquipment,StockholdersEquity,,IntangibleAssetsNetExcludingGoodwill,NetIncomeLoss,NetCashProvidedByUsedInOperatingActivities,OperatingIncomeLoss,ShareBasedCompensation,-49104.0,,,,,,,,,,,,,,,,,,,,,,ineligible:gate0_status,,,
MMED,2062583,"MiniMed Group, Inc.","",Nasdaq,3841,Surgical & Medical Instruments & Apparatus,us-gaap,10-K,USD,1231,2026,2026-04-24,false,false,tax_anomaly,fail,"","",reported,reported,reported,"",,false,,1248000000.0,0.5915915915915916,-420000000.0,-466000000.0,0.014829142488716958,,-0.6772486772486772,1.7526315789473683,,-0.007736943907156673,false,,-1.8160561184723305,3102000000.0,-333000000.0,-190000000.0,-197000000.0,223000000.0,false,false,false,1.4294871794871795,false,false,false,"",-0.10735009671179883,false,-0.027946537059538274,46000000.0,3611000000.0,2256000000.0,107000000.0,298000000.0,,256600000.0,false,PASS,true,FAIL,true,FAIL,true,FAIL,false,PASS,false,false,PASS,true,FAIL,false,0,insufficient,true,,,,,,,,-1.8160561184723305,,false,0,-0.06125080593165699,,,-0.14391894409500047,rising,2989000000.0,-320000000.0,56000000.0,224000000.0,47000000.0,-215000000.0,2256000000.0,113000000.0,3462000000.0,10000000.0,,252813348.0,,,,,,0,,,,,,0,false,,,156000000.0,,-24000000.0,-0.06125080593165699,-189000000.0,2026-08-25,PaymentsToAcquirePropertyPlantAndEquipment,StockholdersEquity,Goodwill,IntangibleAssetsNetExcludingGoodwill,NetIncomeLoss,NetCashProvidedByUsedInOperatingActivities,OperatingIncomeLoss,ShareBasedCompensation,128000000.0,,,155000000.0,,-245000000.0,-245000000.0,56000000.0,,,,,,,,,,,,,,,ineligible:gate0_status,,,
NTSK,2063196,"Netskope, Inc.","",Nasdaq,7372,Services-Prepackaged Software,us-gaap,10-Q,USD,131,2026,2026-01-31,false,false,"tax_anomaly,sbc",fail,"","",reported,reported,reported,"",,false,,112045000.0,-0.05604014201016209,12373000.0,-503818000.0,0.7280580876928957,,-0.016967216672928644,1.0410816161721417,0.0,-0.02234000990131129,true,-0.0011214367092878777,-2.355433965231736,708997000.0,-679388000.0,-652579000.0,38073000.0,25700000.0,false,false,false,0.5598884580192585,false,false,true,"",-0.9582381871855593,false,-0.768766451289437,516191000.0,194531000.0,61083000.0,21403000.0,432583000.0,,213896041.0,false,PASS,true,FAIL,false,PASS,true,FAIL,true,FAIL,true,false,PASS,true,FAIL,false,1,insufficient,true,,,,,,,,-2.355433965231736,,false,0,-0.9204256153411087,,,0.24696895861303092,falling,,,,,,,61083000.0,21248000.0,175516000.0,205850000.0,,400493597.0,,,,,,0,,,,,,0,true,0.0,565000.0,45902000.0,,-15839000.0,-0.9204256153411087,-668053000.0,2026-08-25,PaymentsToAcquirePropertyPlantAndEquipment+PaymentsToDevelopSoftware,StockholdersEquity,Goodwill,IntangibleAssetsNetExcludingGoodwill,NetIncomeLoss,NetCashProvidedByUsedInOperatingActivities,OperatingIncomeLoss,ShareBasedCompensation,11335000.0,0.0,,,,,,,,,,,,,,,,,,,,,ineligible:gate0_status,,,
ELWT,2063863,"Elauwit Connection, Inc.","",Nasdaq,4899,"Communications Services, NEC",us-gaap,10-Q,USD,1231,2025,2025-12-31,false,false,"",fail,"fcf,tax_anomaly","goodwill,intangibles",never_acquired,never_acquired,never_acquired,"",,false,,-4948000.0,1.3509933774834437,,,0.0,4158000.0,,1.1408526713437668,,,false,,,21618000.0,-4228000.0,-3706000.0,-5712000.0,,false,false,false,,false,false,false,"",-0.19557775927467852,false,,0.0,-4948000.0,0.0,0.0,6154000.0,1996000.0,5258984.0,true,FAIL,false,PASS,,NOT_EVALUABLE,,NOT_EVALUABLE,false,PASS,false,false,PASS,,NOT_EVALUABLE,,0,insufficient,true,,,,,,,,,,false,0,-0.171431214728467,,,1.232635433704301,,18133000.0,-8222000.0,-9421000.0,,,,,,-757000.0,1180000.0,4173000.0,6619796.0,,,,,,0,,,,,,0,false,,2000000.0,,,,-0.171431214728467,-4228000.0,2026-08-25,,StockholdersEquity,,,NetIncomeLoss,NetCashProvidedByUsedInOperatingActivities,OperatingIncomeLoss,AllocatedShareBasedCompensationExpense,,,,,,-7897000.0,-8222000.0,,,,,,,,,,,,,,,,ineligible:gate0_status,,,
LOGC,2064307,ContextLogic Holdings Inc.,"",OTC,1400,Mining & Quarrying of  Nonmetallic Minerals (No Fuels),us-gaap,10-Q,USD,1231,2026,2026-02-27,false,false,"",fail,"income_quality,fcf,sbc,ni_vs_oi,tax_anomaly",goodwill,structured_absence_asc350,structured_absence_asc350,reported,"",,true,,-256500000.0,,,,,,,,,,false,,,,,,,,false,false,false,,false,false,false,"",,false,-1.8372093023255813,,131500000.0,0.0,388000000.0,11300000.0,,,true,FAIL,,NOT_EVALUABLE,,NOT_EVALUABLE,,NOT_EVALUABLE,,NOT_EVALUABLE,,,NOT_EVALUABLE,,NOT_EVALUABLE,,0,insufficient,true,,,,,,,,,,false,0,,,,0.9744927536231884,,0.0,-12000000.0,-16000000.0,,5000000.0,,148000000.0,378300000.0,291800000.0,11000000.0,211500000.0,45737000.0,,,,-0.005917159763313609,,0,,,,,,0,false,,,,,,,,2026-08-25,,StockholdersEquityIncludingPortionAttributableToNoncontrollingInterest,,FiniteLivedIntangibleAssetsNet,,,,,,,,7300000.0,,-20000000.0,-12000000.0,0.0,,,,,,,,,,,,,,,ineligible:gate0_status,,,
PLSM,2064764,Pulsenmore Ltd.,"",Nasdaq,3841,Surgical & Medical Instruments & Apparatus,ifrs-full,20-F,ILS,1231,2025,2025-12-31,false,false,tax_anomaly,fail,ni_vs_oi,"goodwill,intangibles",never_acquired,never_acquired,never_acquired,"",,false,,83090000.0,6.6148893360160965,-33011000.0,-33678000.0,0.01666500099940036,,-0.00006308352258390108,,,,false,,-5.2272263400801355,40024000.0,-4970000.0,,-32876000.0,135000.0,false,false,false,,false,false,true,,-0.1241754947031781,true,,667000.0,83090000.0,0.0,0.0,21604000.0,,6442805.0,false,PASS,false,PASS,true,FAIL,true,FAIL,false,PASS,false,,NOT_EVALUABLE,true,FAIL,,0,insufficient,true,,,,,,,,-5.2272263400801355,,false,0,,,,2.863831943361532,rising,,,,,,,,,,,,,,,,,,,,,,,,,false,,,,,,,-15852000.0,2026-08-25,PurchaseOfPropertyPlantAndEquipmentClassifiedAsInvestingActivities,Equity,,,ProfitLoss,CashFlowsFromUsedInOperatingActivities,,AdjustmentsForSharebasedPayments,1000.0,,,,,,,,,,,,,,,,,,,,,,ineligible:gate0_status,,,
WBI,2064947,WaterBridge Infrastructure LLC,"",NYSE,1389,"Oil & Gas Field Services, NEC",us-gaap,10-Q,USD,1231,2025,2025-12-31,false,false,"",fail,"","",reported,reported,reported,"",,false,,-386529000.0,17743.88888888889,-118874000.0,-124212000.0,0.010156920424771622,-1392840000.0,1.0085227272727273,0.0001141234054424184,-0.0759219336584512,1.6766244317889918,true,,,525553000.0,9000.0,78862000.0,159695000.0,278569000.0,false,false,false,1.9770828749671752,false,false,false,"",0.000017124819000176956,true,0.2016815512509526,5338000.0,602306000.0,53127000.0,935708000.0,51543000.0,1444383000.0,,true,FAIL,false,PASS,true,FAIL,true,FAIL,false,PASS,false,false,PASS,false,PASS,true,2,insufficient,true,,,,,,,,,,false,0,0.15005527511021724,,,5923.959761900871,rising,750880000.0,-203000.0,260514000.0,382812000.0,9123000.0,-131421000.0,51993000.0,923228000.0,759923000.0,47624000.0,1616537000.0,46337319.0,,,,,,0,,,,,,0,true,-39901000.0,,140899000.0,,881155000.0,0.15005527511021724,-1056000.0,2026-08-25,PaymentsToAcquireProductiveAssets,StockholdersEquity,Goodwill,IntangibleAssetsNetExcludingGoodwill,ProfitLoss,NetCashProvidedByUsedInOperatingActivities,OperatingIncomeLoss,ShareBasedCompensation,-1065000.0,42788000.0,,195847000.0,,116701000.0,17361000.0,2112000.0,,,,,,,,,,,,,,,ineligible:gate0_status,,,
DNKC,2065287,Dankon Corporation,"",OTC,7372,Services-Prepackaged Software,us-gaap,10-Q,USD,228,2026,2026-02-28,false,false,"",fail,"fcf,sbc,tax_anomaly","goodwill,intangibles",never_acquired,never_acquired,never_acquired,"",,true,,-310.0,1.1044334975369459,,,,,,1.0,,,false,,,56363.0,-41615.0,-41615.0,-45961.0,,false,false,false,,false,false,true,,-0.7383389812465625,false,,,-310.0,0.0,0.0,3884.0,,,true,FAIL,false,PASS,,NOT_EVALUABLE,,NOT_EVALUABLE,,NOT_EVALUABLE,,false,PASS,,NOT_EVALUABLE,,0,insufficient,true,,,,,,,,,,false,0,-0.7383389812465625,,,1.1044334975369459,,,,,,,,,,10666.0,394.0,,,,,,,,0,,,,,,0,false,,,,,,-0.7383389812465625,,2026-08-25,,StockholdersEquity,,,NetIncomeLoss,NetCashProvidedByUsedInOperatingActivities,OperatingIncomeLoss,,,,,,,,,,,,,,,,,,,,,,,,ineligible:gate0_status,,,
MWH,2065636,"SOLV Energy, Inc.","",Nasdaq,1600,Heavy Construction Other Than Bldg Const - Contractors,us-gaap,10-Q,USD,1231,2025,2025-12-31,false,false,"",fail,"income_quality,fcf,sbc,ni_vs_oi,tax_anomaly","",reported,reported,reported,"",,true,,-889808000.0,,,,,390000.0,,,,,false,,,,,,,,false,false,false,,false,false,true,,,false,,,-98139000.0,429279000.0,362390000.0,394876000.0,394486000.0,,true,FAIL,,NOT_EVALUABLE,,NOT_EVALUABLE,,NOT_EVALUABLE,,NOT_EVALUABLE,,,NOT_EVALUABLE,,NOT_EVALUABLE,,1,insufficient,true,,,,,,,,,,false,0,,,,,,,,,,,,426607000.0,333909000.0,496781000.0,363968000.0,0.0,201682563.0,,,,,,0,,,,,,0,false,,,,,,,,2026-08-25,,StockholdersEquity,Goodwill,IntangibleAssetsNetExcludingGoodwill,,,,,,,,,,,,,,,,,,,,,,,,,,,ineligible:gate0_status,,,
ANDG,2065708,Andersen Group Inc.,"",NYSE,7389,"Services-Business Services, NEC",us-gaap,10-Q,USD,1231,2025,2025-12-31,false,false,"tax_anomaly,sbc,ni_vs_oi",fail,"","",reported,reported,reported,"",,false,,-167352000.0,-79.44018932874354,173557000.0,26185000.0,0.17571647279334965,,-0.02356650835089485,0.01717753320570909,,0.00025277455847915565,false,,,838692000.0,-2324000.0,-135293000.0,184619000.0,11062000.0,false,false,false,1.2284286507495836,false,false,false,"",-0.002770981480686593,false,0.18284617226115651,147372000.0,-134731000.0,30078000.0,2543000.0,250280000.0,,,true,FAIL,true,FAIL,false,PASS,false,PASS,true,FAIL,true,true,FAIL,true,FAIL,false,1,insufficient,true,,,,,,,,,,false,0,-0.16131428462415284,,,-25.771830957524042,falling,913038000.0,42569000.0,188559000.0,20959000.0,111697000.0,55903000.0,32326000.0,6226000.0,-775283000.0,175631000.0,,12957213.0,,,,,,0,,,,,,0,false,,,9005000.0,212200000.0,212000.0,-0.16131428462415284,-127172000.0,2026-08-25,PaymentsToAcquirePropertyPlantAndEquipment+PaymentsToAcquireSoftware,StockholdersEquity,Goodwill,IntangibleAssetsNetExcludingGoodwill,NetIncomeLoss,NetCashProvidedByUsedInOperatingActivities,OperatingIncomeLoss,ShareBasedCompensation,2997000.0,,,9670000.0,,-67615000.0,-68544000.0,8574000.0,,,,,,,,,,,,,,,ineligible:gate0_status,,,
BCAR,2065779,D. Boral ARC Acquisition I Corp.,"",Nasdaq,7372,Services-Prepackaged Software,us-gaap,10-Q,USD,1231,2025,2025-03-31,false,false,"",fail,"income_quality,fcf,sbc,ni_vs_oi,tax_anomaly","goodwill,intangibles",never_acquired,never_acquired,never_acquired,"",,true,,-5420.0,,,,,,,,,,false,,,,,,,,false,false,false,,false,false,true,,,false,,,-5420.0,0.0,0.0,25000.0,,,true,FAIL,,NOT_EVALUABLE,,NOT_EVALUABLE,,NOT_EVALUABLE,,NOT_EVALUABLE,,,NOT_EVALUABLE,,NOT_EVALUABLE,,0,insufficient,true,,,,,,,,,,false,0,,,,,,,,,,,,,,-618911.0,0.0,,10714286.0,,,,,,0,,,,,,0,false,,,,,,,,2026-08-25,,StockholdersEquity,,,,,,,,,,,,,,,,,,,,,,,,,,,,,ineligible:gate0_status,,,
CNXU,2066836,CONEXEU SCIENCES INC.,"",Nasdaq,3842,"Orthopedic, Prosthetic & Surgical Appliances & Supplies",us-gaap,10-Q,USD,1031,2026,2026-01-31,false,false,"",unknown,"income_quality,fcf,sbc,ni_vs_oi,tax_anomaly",goodwill,carried_forward,never_acquired,carried_forward,intangibles,92,true,,6649518.0,,,,,,,,,,false,,,,,,,,false,false,false,,false,false,true,,,false,,,6826402.0,0.0,176884.0,,,,false,PASS,,NOT_EVALUABLE,,NOT_EVALUABLE,,NOT_EVALUABLE,,NOT_EVALUABLE,,,NOT_EVALUABLE,,NOT_EVALUABLE,,0,insufficient,true,,,,,,,,,,false,0,,,,,,,,,,,,,163949.0,7196383.0,6848064.0,,20567442.0,,,,,,0,,,,,,0,false,,,,,,,,2026-08-25,,StockholdersEquity,,,,,,,,,,,,,,,,,,,,,,,,,,,,,ineligible:gate0_status,,,
MKLY,2067592,McKinley Acquisition Corporation,"",Nasdaq,7372,Services-Prepackaged Software,us-gaap,10-Q,USD,1231,2025,2025-12-31,false,false,"",fail,"income_quality,fcf,sbc,ni_vs_oi,tax_anomaly","goodwill,intangibles",never_acquired,never_acquired,never_acquired,"",,true,,-8601.0,,,,,,,,,,false,,,,,,,,false,false,false,,false,false,true,,,false,,,-8601.0,0.0,0.0,1663042.0,,,true,FAIL,,NOT_EVALUABLE,,NOT_EVALUABLE,,NOT_EVALUABLE,,NOT_EVALUABLE,,,NOT_EVALUABLE,,NOT_EVALUABLE,,0,insufficient,true,,,,,,,,,,false,0,,,,,,,,,,,,,,-4340442.0,1027588.0,,5689655.0,,,,,,0,,,,,,0,false,,,,,,,,2026-08-25,,StockholdersEquity,,,,,,,,,,,,,,,,,,,,,,,,,,,,,ineligible:gate0_status,,,
NKLR,2067627,TERRA INNOVATUM GLOBAL N.V.,"",Nasdaq,3443,Fabricated Plate Work (Boiler Shops),us-gaap,10-Q,USD,1231,2025,2025-12-31,false,false,ni_vs_oi,fail,"sbc,tax_anomaly","goodwill,intangibles",never_acquired,never_acquired,never_acquired,"",,false,,-1474000.0,-0.019085341893965792,-10405000.0,-30130000.0,,,,-16.010089320157867,,,false,,-0.5436602484684316,,539524000.0,-33699000.0,-10297000.0,108000.0,false,false,false,,false,false,false,"",,false,,19725000.0,-1474000.0,0.0,0.0,102882000.0,,55420642.0,true,FAIL,true,FAIL,true,FAIL,true,FAIL,,NOT_EVALUABLE,,true,FAIL,,NOT_EVALUABLE,,0,insufficient,true,,,,,,,,-0.5436602484684316,,false,0,,,,0.6081043878765465,,,516967000.0,-17704000.0,,,,,,-115495000.0,91055000.0,,110226198.0,,,,,,0,,,,,,0,false,,,,,,,539524000.0,2026-08-25,PaymentsToAcquireMachineryAndEquipment,StockholdersEquity,,,NetIncomeLoss,NetCashProvidedByUsedInOperatingActivities,OperatingIncomeLoss,ShareBasedCompensation,,,,,,-42803000.0,516967000.0,,,,,,,,,,,,,,,,ineligible:gate0_status,,,
SBMT,2067674,SILVER BOW MINING CORP.,"",NYSE,1040,Gold and Silver Ores,us-gaap,10-Q,USD,1231,2025,2025-12-31,false,false,"",unknown,"income_quality,fcf,sbc,ni_vs_oi,tax_anomaly","goodwill,intangibles",never_acquired,never_acquired,never_acquired,"",,true,,38062605.0,,,,,,,,,,false,,,,,,,13000.0,false,false,false,,false,false,true,,,false,,,38062605.0,0.0,0.0,10554948.0,,,false,PASS,,NOT_EVALUABLE,,NOT_EVALUABLE,,NOT_EVALUABLE,,NOT_EVALUABLE,,,NOT_EVALUABLE,,NOT_EVALUABLE,,0,insufficient,true,,,,,,,,,,false,0,,,,,,,,,,,,,,96651193.0,55825576.0,,25873920.0,,,,,,0,,,,,,0,false,,,,,,,,2026-08-25,PaymentsToAcquireOtherPropertyPlantAndEquipment,StockholdersEquity,,,,,,,,,,,,,,,,,,,,,,,,,,,,,ineligible:gate0_status,,,
NXB,2067767,NextBoat Inc.,"",NYSE,3730,Ship & Boat Building & Repairing,us-gaap,10-Q,USD,1231,2025,2025-12-31,false,false,"",fail,"","",reported,reported,reported,"",,false,,-465148.0,0.3725799325461041,-1274850.0,-3075749.0,0.015024231414905297,12366771.0,0.0658539579748392,-4.043526631411586,,,false,,-0.14996809261100152,119866298.0,-1871797.0,462912.0,-697394.0,577456.0,false,false,false,,false,false,false,"",-0.015615707093915588,false,,1800899.0,665258.0,570000.0,560406.0,12428774.0,62003.0,20509356.0,true,FAIL,true,FAIL,true,FAIL,true,FAIL,false,PASS,false,false,PASS,false,PASS,,1,insufficient,true,,,,,,,,-0.14996809261100152,,false,0,0.0038619028678102663,,,-3.397630415622794,,150186398.0,-8052002.0,-18569880.0,3517962.0,,,5499795.0,572829.0,12058102.0,7737601.0,3263451.0,24552176.0,,,,,,0,,,,,,0,false,,,,,,0.0038619028678102663,-2003752.0,2026-08-25,PaymentsToAcquirePropertyPlantAndEquipment,StockholdersEquity,Goodwill,IntangibleAssetsNetExcludingGoodwill,NetIncomeLoss,NetCashProvidedByUsedInOperatingActivities,OperatingIncomeLoss,ShareBasedCompensation,-131955.0,,,,,-5372120.0,-8383414.0,,,,,,,,,,,,,,,,ineligible:gate0_status,,,
SHAZ,2068385,SHARONAI HOLDINGS INC.,"",Nasdaq,7374,Services-Computer Processing & Data Preparation,us-gaap,10-Q,USD,1231,2025,2025-12-31,false,false,"tax_anomaly,sbc",fail,"",intangibles,structured_absence_asc350,reported,structured_absence_asc350,"",,false,,10787349.0,0.06659986524802487,-13589659.0,-15351444.0,1.1245692189162604,,0.0054016293019042245,2.874225923351913,,,false,,-1.5658227828734481,1566631.0,-39623909.0,-13785941.0,-2638947.0,10950712.0,false,false,false,,false,false,false,"",-25.292432614955278,false,,1761785.0,28831564.0,18044215.0,0.0,71073024.0,,9804075.0,false,PASS,true,FAIL,true,FAIL,true,FAIL,true,FAIL,true,false,PASS,true,FAIL,,0,insufficient,true,,,,,,,,-1.5658227828734481,,false,0,-8.799737142951978,,,0.31573709911728143,,3089950.0,-483833615.0,22310684.0,23455321.0,3857563.0,-5002200.0,18044215.0,,1127547379.0,1861347822.0,,16370481.0,,,,,,0,,,,,,0,false,,,,,,-8.799737142951978,-40031255.0,2026-08-25,PaymentsToAcquirePropertyPlantAndEquipment,StockholdersEquityIncludingPortionAttributableToNoncontrollingInterest,Goodwill,,NetIncomeLoss,NetCashProvidedByUsedInOperatingActivities,OperatingIncomeLoss,ShareBasedCompensation,-216234.0,,,,,-37617863.0,-471368687.0,14798530.0,,,,,,,,,,,,,,,ineligible:gate0_status,,,
BRCB,2068577,"Black Rock Coffee Bar, Inc.","",Nasdaq,5810,Retail-Eating & Drinking Places,us-gaap,10-Q,USD,1231,2025,2025-12-31,false,false,tax_anomaly,fail,"","",reported,reported,reported,"",,false,,30507000.0,-36.483333333333334,-32696000.0,-34777000.0,0.01038832673558938,1654000.0,-0.029569223107569723,-0.06659267480577137,,-0.007657709376450796,false,,-2.0431366980474026,200321000.0,-60000.0,901000.0,2189000.0,34885000.0,false,false,false,2.8596606279203214,false,false,false,"",-0.00029951927156913154,false,0.015334705096048422,2081000.0,45675000.0,9360000.0,5808000.0,28406000.0,26752000.0,17021377.0,false,PASS,true,FAIL,true,FAIL,true,FAIL,false,PASS,false,false,PASS,true,FAIL,false,1,insufficient,true,,,,,,,,-2.0431366980474026,,false,0,0.004497781061396458,,,-12.97182738421474,falling,223560000.0,1536000.0,12957000.0,53003000.0,4408000.0,-44454000.0,9360000.0,4885000.0,54632000.0,15975000.0,30588000.0,19400935.0,,,,,,0,,,,,,0,false,,,12199000.0,,-1534000.0,0.004497781061396458,-16064000.0,2026-08-25,PaymentsToAcquirePropertyPlantAndEquipment,StockholdersEquity,Goodwill,IntangibleAssetsNetExcludingGoodwill,NetIncomeLoss,NetCashProvidedByUsedInOperatingActivities,OperatingIncomeLoss,ShareBasedCompensation,475000.0,,,13758000.0,,2161000.0,-9120000.0,457000.0,,,,,,,,,,,,,,,ineligible:gate0_status,,,
PARK,2069604,"Park Dental Partners, Inc.","",Nasdaq,8090,"Services-Misc Health & Allied Services, NEC",us-gaap,10-Q,USD,1231,2025,2025-12-31,false,false,"",fail,"income_quality,fcf,sbc,ni_vs_oi,tax_anomaly","",reported,reported,reported,"",,true,,-31140000.0,,,,,13205000.0,,,,,false,,,,,,,,false,false,false,,false,false,true,,,false,,,-2887000.0,17071000.0,11182000.0,25185000.0,11980000.0,,true,FAIL,,NOT_EVALUABLE,,NOT_EVALUABLE,,NOT_EVALUABLE,,NOT_EVALUABLE,,,NOT_EVALUABLE,,NOT_EVALUABLE,,1,insufficient,true,,,,,,,,,,false,0,,,,,,,,,,,,17336000.0,13255000.0,29821000.0,24398000.0,11033000.0,6091899.0,,,,,,0,,,,,,0,false,,,,,,,,2026-08-25,,StockholdersEquity,Goodwill,FiniteLivedIntangibleAssetsNet,,,,,,,,,,,,,,,,,,,,,,,,,,,ineligible:gate0_status,,,
GLOO,2069785,"Gloo Holdings, Inc.","",Nasdaq,7374,Services-Computer Processing & Data Preparation,us-gaap,10-Q,USD,131,2025,2026-01-31,false,false,sbc,fail,tax_anomaly,"",reported,reported,reported,"",,false,,-9462000.0,0.5123148006720636,-81688000.0,-97138000.0,0.16321571941686033,22010000.0,,1.452588956374629,0.10811324741178956,1.112444538347771,true,,-4.279918042772656,94660000.0,-157128000.0,-108171000.0,-80499000.0,1189000.0,false,false,false,,false,false,true,"",-1.6599197126558207,false,-2.0906101742684013,15450000.0,135174000.0,107353000.0,37283000.0,57307000.0,35297000.0,22696229.0,true,FAIL,true,FAIL,true,FAIL,true,FAIL,true,FAIL,true,false,PASS,,NOT_EVALUABLE,true,2,insufficient,true,,,,,,,,-4.279918042772656,,false,0,-1.1427318825269386,,,0.6357477576964056,falling,,,,,,,107343000.0,35943000.0,122091000.0,32974000.0,33822000.0,80769952.0,,,,,,0,,,,,,0,true,10234000.0,,,,105304000.0,-1.1427318825269386,,2026-08-25,PaymentsToAcquirePropertyPlantAndEquipment,StockholdersEquity,Goodwill,IntangibleAssetsNetExcludingGoodwill,NetIncomeLoss,NetCashProvidedByUsedInOperatingActivities,OperatingIncomeLoss,ShareBasedCompensation,362000.0,6791000.0,,,,,,,,,,,,,,,,,,,,,ineligible:gate0_status,,,
BLLN,2070849,"BillionToOne, Inc.","",Nasdaq,8071,Services-Medical Laboratories,us-gaap,10-Q,USD,1231,2025,2025-12-31,false,false,tax_anomaly,fail,"","goodwill,intangibles",never_acquired,never_acquired,never_acquired,"",,false,,-252905000.0,3.2995707002951438,15714000.0,-201000.0,0.0521611736018249,438749000.0,0.03930918932852172,0.4652062659926356,,,false,-0.0,-0.009467398988033962,305112000.0,7454000.0,16023000.0,24595000.0,8881000.0,false,false,false,1.2871014492753623,false,false,false,"",0.02443037310889116,false,-0.9688549958872981,15915000.0,-252905000.0,0.0,0.0,495975000.0,57226000.0,21230752.0,true,FAIL,false,PASS,false,PASS,true,FAIL,false,PASS,false,false,PASS,true,FAIL,,0,insufficient,true,,,,,,,,-0.009467398988033962,,false,0,0.05251514198064973,,,1.6480032088255345,rising,397412000.0,37712000.0,45354000.0,12180000.0,25535000.0,7639000.0,,,536806000.0,548628000.0,,53743241.0,,,,,,0,,,,,,0,false,,0.0,6900000.0,,,0.05251514198064973,7759000.0,2026-08-25,PaymentsToAcquirePropertyPlantAndEquipment,StockholdersEquity,,,NetIncomeLoss,NetCashProvidedByUsedInOperatingActivities,OperatingIncomeLoss,ShareBasedCompensation,305000.0,,0.0,,,43302000.0,37906000.0,193600.0,,,,,,,,,,,,,,,ineligible:gate0_status,,,
SMJF,2070954,SMJ International Holdings Inc.,"",NYSE,5030,Wholesale-Lumber & Other Construction Materials,us-gaap,20-F,USD,331,2026,2026-03-31,false,false,"tax_anomaly,ni_vs_oi",fail,sbc,"goodwill,intangibles",never_acquired,never_acquired,never_acquired,"",,true,,14668982.0,3.680030252971672,-2691653.0,,,,-0.5508871828326773,0.9594873439713468,,,false,,,13526925.0,-717946.0,-748260.0,-2642063.0,49590.0,false,false,false,,false,false,true,,-0.053075329389347545,false,,,14668982.0,0.0,0.0,1000887.0,,25867082.0,false,PASS,false,PASS,true,FAIL,,NOT_EVALUABLE,,NOT_EVALUABLE,,true,FAIL,true,FAIL,,0,insufficient,true,,,,,,,,,,false,0,-0.05531634129707971,,,3.680030252971672,,,,,,,,,,,,,,,,,,,,,,,,,,false,,,,,,-0.05531634129707971,-462926.0,2026-08-25,PaymentsToAcquirePropertyPlantAndEquipment,StockholdersEquity,,,NetIncomeLoss,NetCashProvidedByUsedInOperatingActivities,OperatingIncomeLoss,,255020.0,,,,,,,,,,,,,,,,,,,,,,ineligible:gate0_status,,,
LMRI,2071288,"Lumexa Imaging Holdings, Inc.","",Nasdaq,8071,Services-Medical Laboratories,us-gaap,10-Q,USD,1231,2025,2025-12-31,false,false,"",fail,"income_quality,fcf,sbc,ni_vs_oi,tax_anomaly","",reported,reported,reported,"",,true,,-687888000.0,,,,,-773313000.0,,,,,false,,,,,,,,false,false,false,,false,false,true,,,false,,,161001000.0,807554000.0,41335000.0,58828000.0,832141000.0,,true,FAIL,,NOT_EVALUABLE,,NOT_EVALUABLE,,NOT_EVALUABLE,,NOT_EVALUABLE,,,NOT_EVALUABLE,,NOT_EVALUABLE,,1,insufficient,true,,,,,,,,,,false,0,,,,,,,,,,,,807554000.0,39722000.0,615061000.0,69705000.0,834083000.0,96011335.0,,,,,,0,,,,,,0,false,,,,,,,,2026-08-25,,StockholdersEquity,Goodwill,IntangibleAssetsNetExcludingGoodwill,,,,,,,,,,,,,,,,,,,,,,,,,,,ineligible:gate0_status,,,
YSGL,2071489,YELLOWSTONE GROUP LTD,"",OTC,8742,Services-Management Consulting Services,us-gaap,10-Q,USD,331,2026,2026-03-31,false,false,"",fail,"sbc,tax_anomaly","goodwill,intangibles",never_acquired,never_acquired,never_acquired,"",,true,,24353.0,-1.0142237000092362,10402.0,,,,,1.0,,,false,,,40667.0,-10827.0,-10827.0,10981.0,579.0,false,false,false,0.28791645947289907,false,true,false,"",-0.26623552265965034,false,,,24353.0,0.0,0.0,56936.0,,21391945.0,false,PASS,true,FAIL,false,PASS,,NOT_EVALUABLE,,NOT_EVALUABLE,,false,PASS,,NOT_EVALUABLE,,0,insufficient,true,,,,,,,,,,false,0,-0.26623552265965034,,,-1.6516153961039088,,43166.0,-16805.0,-6811.0,,,,,,19762.0,44126.0,,22400000.0,,,,0.3259423503325942,,0,,,,,,0,false,,,2011.0,,,-0.26623552265965034,,2026-08-25,PaymentsToAcquirePropertyPlantAndEquipment,StockholdersEquity,,,NetIncomeLoss,NetCashProvidedByUsedInOperatingActivities,OperatingIncomeLoss,,,,,2011.0,,-16805.0,,,,,,,,,,,,,,,,,ineligible:gate0_status,,,
MICC,2071668,Magnum Ice Cream Co N.V.,"",NYSE,2024,Ice Cream & Frozen Desserts,ifrs-full,20-F,EUR,1231,2025,2025-12-31,false,false,"",fail,"","",reported,reported,reported,"",,false,,-616000000.0,1.5732899022801303,126000000.0,91000000.0,0.004424778761061947,,0.3131991051454139,0.5125208681135225,,-0.01731984829329962,false,,0.14861995753715498,7910000000.0,307000000.0,599000000.0,483000000.0,357000000.0,false,false,false,,false,false,true,,0.03881163084702908,false,0.09740089262273563,35000000.0,625000000.0,510000000.0,731000000.0,441000000.0,,612300000.0,true,FAIL,false,PASS,false,PASS,false,PASS,false,PASS,false,false,PASS,false,PASS,false,1,insufficient,true,,,,,,,,0.14861995753715498,,false,1,0.07572692793931732,,,1.7465186457271067,falling,,,,,,,,,,,,,,,,,,,,,,,,,false,,,,83000000.0,-137000000.0,0.07572692793931732,447000000.0,2026-08-25,PurchaseOfPropertyPlantAndEquipmentClassifiedAsInvestingActivities,EquityAttributableToOwnersOfParent,Goodwill,IntangibleAssetsOtherThanGoodwill,ProfitLoss,CashFlowsFromUsedInOperatingActivities,ProfitLossFromOperatingActivities,AdjustmentsForSharebasedPayments,140000000.0,,,,,,,,,,,,,,,,,,,,,,ineligible:gate0_status,,,
CCHH,2074123,CCH Holdings Ltd,"",Nasdaq,5812,Retail-Eating  Places,us-gaap,20-F,USD,1231,2025,2025-12-31,false,false,"tax_anomaly,sbc",fail,"",goodwill,never_acquired,never_acquired,reported,"",,false,,8934817.0,0.1966038917914659,-755301.0,-3070390.0,0.2414148514584077,,-0.055911114331530246,1.1380329272531515,,,false,,-0.16091006720469836,9589671.0,-2684779.0,-2359140.0,-527838.0,227463.0,false,false,false,0.8660143534294036,false,false,true,,-0.27996570476713956,false,0.07827611514144497,2315089.0,9131771.0,0.0,196954.0,416092.0,,19081404.0,false,PASS,true,FAIL,true,FAIL,true,FAIL,true,FAIL,true,false,PASS,true,FAIL,,0,insufficient,true,,,,,,,,-0.16091006720469836,,false,0,-0.24600843970559574,,,-0.018315083607229343,rising,,,,,,,,,,,,,,,,,,,,,,,,,false,,,262655.0,1833000.0,,-0.24600843970559574,-2539352.0,2026-08-25,PaymentsToAcquirePropertyPlantAndEquipment,StockholdersEquity,,IntangibleAssetsNetExcludingGoodwill,NetIncomeLoss,NetCashProvidedByUsedInOperatingActivities,OperatingIncomeLoss,ShareBasedCompensation,141978.0,,,,,,,,,,,,,,,,,,,,,,ineligible:gate0_status,,,
GFUZ,2074850,General Fusion Group Ltd.,"",Nasdaq,4911,Electric Services,us-gaap,10-Q,USD,1231,2025,2025-12-31,false,false,"",unknown,"income_quality,fcf,sbc,ni_vs_oi,tax_anomaly","goodwill,intangibles",never_acquired,never_acquired,never_acquired,"",,true,,25000.0,,,,,,,,,,false,,,,,,,,false,false,false,,false,false,true,,,false,,,25000.0,0.0,0.0,749812.0,,,false,PASS,,NOT_EVALUABLE,,NOT_EVALUABLE,,NOT_EVALUABLE,,NOT_EVALUABLE,,,NOT_EVALUABLE,,NOT_EVALUABLE,,0,insufficient,true,,,,,,,,,,false,0,,,,,,,,,,,,,,-433527431.0,665383.0,,6666667.0,,,,,,0,,,,,,0,false,,,,,,,,2026-08-25,,StockholdersEquity,,,,,,,,,,,,,,,,,,,,,,,,,,,,,ineligible:gate0_status,,,
CCXI,2074973,Churchill Capital Corp XI,"",Nasdaq,3569,"General Industrial Machinery & Equipment, NEC",us-gaap,10-Q,USD,1231,2025,2025-12-31,false,false,"",unknown,"income_quality,fcf,sbc,ni_vs_oi,tax_anomaly","goodwill,intangibles",never_acquired,never_acquired,never_acquired,"",,true,,2954.0,,,,,,,,,,false,,,,,,,,false,false,false,,false,false,true,,,false,,,2954.0,0.0,0.0,736204.0,,,false,PASS,,NOT_EVALUABLE,,NOT_EVALUABLE,,NOT_EVALUABLE,,NOT_EVALUABLE,,,NOT_EVALUABLE,,NOT_EVALUABLE,,0,insufficient,true,,,,,,,,,,false,0,,,,,,,,,,,,,,-152600337.0,1252516.0,,,,,,,,0,,,,,,0,false,,,,,,,,2026-08-25,,StockholdersEquity,,,,,,,,,,,,,,,,,,,,,,,,,,,,,ineligible:gate0_status,,,
PLYX,2075320,"Polaryx Therapeutics, Inc.","",Nasdaq,2834,Pharmaceutical Preparations,us-gaap,10-Q,USD,1231,2025,2025-12-31,false,false,"",fail,"fcf,sbc,tax_anomaly","goodwill,intangibles",never_acquired,never_acquired,never_acquired,"",,false,,4254000.0,0.4389538119087368,,,,,,1.1488300728807057,,,false,,,,-8985000.0,-7821000.0,-3944000.0,,false,false,false,,false,false,false,"",,false,,4725000.0,4254000.0,0.0,0.0,5143000.0,,45422581.0,false,PASS,true,FAIL,,NOT_EVALUABLE,,NOT_EVALUABLE,,NOT_EVALUABLE,,false,PASS,,NOT_EVALUABLE,,0,insufficient,true,,,,,,,,,,false,0,,,,0.2618573249819083,,,-6849000.0,-5809000.0,,632000.0,,,,10939000.0,11542000.0,,47751775.0,,,,,,0,,,,,,0,false,,,,,,,-8985000.0,2026-08-25,,StockholdersEquity,,,NetIncomeLoss,NetCashProvidedByUsedInOperatingActivities,OperatingIncomeLoss,ShareBasedCompensation,,,,,,-5223000.0,,,,,,,,,,,,,,,,,ineligible:gate0_status,,,
MMTX,2077033,Miluna Acquisition Corp,"",Nasdaq,7371,Services-Computer Programming Services,us-gaap,10-Q,USD,1231,2025,2025-06-30,false,false,"",fail,"income_quality,fcf,sbc,ni_vs_oi,tax_anomaly","goodwill,intangibles",never_acquired,never_acquired,never_acquired,"",,true,,-25128.0,,,,,,,,,,false,,,,,,,,false,false,false,,false,false,true,,,false,,,-25128.0,0.0,0.0,,,,true,FAIL,,NOT_EVALUABLE,,NOT_EVALUABLE,,NOT_EVALUABLE,,NOT_EVALUABLE,,,NOT_EVALUABLE,,NOT_EVALUABLE,,0,insufficient,true,,,,,,,,,,false,0,,,,,,,,,,,,,,-665090.0,,,1500000.0,,,,,,0,,,,,,0,false,,,,,,,,2026-08-25,,StockholdersEquity,,,,,,,,,,,,,,,,,,,,,,,,,,,,,ineligible:gate0_status,,,
ROC,2077709,RANK ONE COMPUTING CORPORATION,"",Nasdaq,7372,Services-Prepackaged Software,us-gaap,10-Q,USD,1231,2025,2025-12-31,false,false,tax_anomaly,fail,fcf,goodwill,never_acquired,never_acquired,reported,"",,false,,1198006.0,0.3727035473837494,,,0.03098980846457698,,-0.2983261445158449,1.339061062596327,,,false,,,16979679.0,-2676846.0,-1999047.0,-997670.0,,false,false,false,,false,false,false,"",-0.1576499767751793,false,,526197.0,1203525.0,0.0,5519.0,0.0,,15007089.0,false,PASS,true,FAIL,,NOT_EVALUABLE,,NOT_EVALUABLE,false,PASS,false,false,PASS,true,FAIL,,0,insufficient,true,,,,,,,,,,false,0,-0.11773173097088585,,,0.1709951191893678,,16478859.0,-6376193.0,-6917172.0,,818008.0,,,4759.0,17807550.0,11700000.0,,17859295.0,,,,,,0,,,,,,0,false,,,,,,-0.11773173097088585,-2061767.0,2026-08-25,,StockholdersEquity,,FiniteLivedIntangibleAssetsNet,NetIncomeLoss,NetCashProvidedByUsedInOperatingActivities,OperatingIncomeLoss,ShareBasedCompensation,615079.0,,,,,-5596297.0,-5699795.0,676398.0,,,,,,,,,,,,,,,ineligible:gate0_status,,,
VGNT,2078008,VERSIGENT PLC,"",NYSE,3714,Motor Vehicle Parts & Accessories,us-gaap,10-Q,USD,1231,2025,2025-12-31,false,false,"",unknown,"income_quality,fcf,sbc,ni_vs_oi,tax_anomaly",goodwill,never_acquired,never_acquired,reported,"",,true,,1650000000.0,,,,,215000000.0,,,,,false,,,,,,,,false,false,false,,false,false,true,,,false,,,1657000000.0,0.0,7000000.0,276000000.0,61000000.0,,false,PASS,,NOT_EVALUABLE,,NOT_EVALUABLE,,NOT_EVALUABLE,,NOT_EVALUABLE,,,NOT_EVALUABLE,,NOT_EVALUABLE,,0,insufficient,true,,,,,,,,,,false,0,,,,,,,,,,,,,6000000.0,85000000.0,554000000.0,2224000000.0,71390000.0,,,,,,0,,,,,,0,false,,,,,,,,2026-08-25,,StockholdersEquity,,IntangibleAssetsNetExcludingGoodwill,,,,,,,,,,,,,,,,,,,,,,,,,,,ineligible:gate0_status,,,
LLYVA,2078416,"Liberty Live Holdings, Inc.","",Nasdaq,7900,Services-Amusement & Recreation Services,us-gaap,10-Q,USD,1231,2025,2025-12-31,false,false,"",fail,fcf,"",reported,reported,reported,"",,false,,-295053000.0,0.338691687651638,,,0.014475678817439934,-1121052000.0,0.13063346204116655,1.681106471816284,,-0.05577940625891803,false,,,381951000.0,-86967000.0,-51732000.0,-29455000.0,,false,false,false,,false,false,false,"",-0.22769151016753458,false,,5529000.0,-49081000.0,127367000.0,118605000.0,545494000.0,1666546000.0,92471000.0,true,FAIL,true,FAIL,,NOT_EVALUABLE,,NOT_EVALUABLE,false,PASS,false,false,PASS,false,PASS,false,2,insufficient,true,,,,,,,,,,false,0,-0.13544145715026273,,,0.28120778558027965,,406968000.0,-439969000.0,-7330000.0,,8537000.0,,127575000.0,110035000.0,-625657000.0,523349000.0,2126021000.0,92550000.0,,,,,,0,,,,,,0,false,,,26120000.0,,-21305000.0,-0.13544145715026273,-100227000.0,2026-08-25,,StockholdersEquity,Goodwill,FiniteLivedIntangibleAssetsNet,NetIncomeLoss,NetCashProvidedByUsedInOperatingActivities,OperatingIncomeLoss,ShareBasedCompensation,-13093000.0,,,26062000.0,,-49433000.0,-558697000.0,-118561000.0,,,,,,,,,,,,,,,ineligible:gate0_status,,,
HCAC,2079013,HALL CHADWICK ACQUISITION CORP.,"",Nasdaq,3341,Secondary Smelting & Refining of  Nonferrous Metals,us-gaap,10-Q,USD,1231,2025,2025-12-31,false,false,"",unknown,"income_quality,fcf,sbc,ni_vs_oi,tax_anomaly","goodwill,intangibles",never_acquired,never_acquired,never_acquired,"",,true,,4687.0,,,,,,,,,,false,,,,,,,,false,false,false,,false,false,true,,,false,,,4687.0,0.0,0.0,0.0,,,false,PASS,,NOT_EVALUABLE,,NOT_EVALUABLE,,NOT_EVALUABLE,,NOT_EVALUABLE,,,NOT_EVALUABLE,,NOT_EVALUABLE,,0,insufficient,true,,,,,,,,,,false,0,,,,,,,,,,,,,,-3753705.0,30220.0,,,,,,,,0,,,,,,0,false,,,,,,,,2026-08-25,,StockholdersEquity,,,,,,,,,,,,,,,,,,,,,,,,,,,,,ineligible:gate0_status,,,
LABT,2079272,LAKEWOOD-AMEDEX BIOTHERAPEUTICS INC.,"",Nasdaq,2834,Pharmaceutical Preparations,us-gaap,10-Q,USD,1231,2025,2025-12-31,false,false,"",fail,"income_quality,fcf,sbc,ni_vs_oi,tax_anomaly","goodwill,intangibles",never_acquired,never_acquired,never_acquired,"",,true,,-76233.0,,,,,,,,,,false,,,,,,,,false,false,false,,false,false,true,,,false,,,-76233.0,0.0,0.0,236400.0,,,true,FAIL,,NOT_EVALUABLE,,NOT_EVALUABLE,,NOT_EVALUABLE,,NOT_EVALUABLE,,,NOT_EVALUABLE,,NOT_EVALUABLE,,0,insufficient,true,,,,,,,,,,false,0,,,,,,,,,,,,,,4331083.0,2584774.0,,1061697.0,,,,,,0,,,,,,0,false,,,,,,,,2026-08-25,,StockholdersEquity,,,,,,,,,,,,,,,,,,,,,,,,,,,,,ineligible:gate0_status,,,
CDNL,2079999,Cardinal Infrastructure Group Inc,"",Nasdaq,1600,Heavy Construction Other Than Bldg Const - Contractors,us-gaap,10-Q,USD,1231,2025,2025-12-31,false,false,"",fail,"","",reported,reported,reported,"",,false,,19436900.0,1.6706687724534943,-5914341.0,-11782933.0,0.01286843897322856,,0.05948785306883412,0.5614748163486226,0.1302466838557021,0.07011008152568259,true,,,456045369.0,22686057.0,40404407.0,37900887.0,43815228.0,false,false,false,,false,false,false,"",0.049745175682290504,false,0.11910906364905774,5868592.0,58461241.0,23510649.0,15513692.0,,,,false,PASS,false,PASS,true,FAIL,true,FAIL,false,PASS,false,false,PASS,false,PASS,true,0,insufficient,true,,,,,,,,,,false,0,0.08859734084921714,,,1.722621126632894,rising,662576349.0,18135176.0,43574229.0,55178932.0,6330109.0,-17934812.0,133216343.0,101851956.0,245057014.0,,,15353808.0,,,,,,0,,,,,,0,true,59398397.0,,,,31973378.0,0.08859734084921714,33060161.0,2026-08-25,PaymentsToAcquirePropertyPlantAndEquipment,StockholdersEquity,Goodwill,IntangibleAssetsNetExcludingGoodwill,NetIncomeLoss,NetCashProvidedByUsedInOperatingActivities,OperatingIncomeLoss,ShareBasedCompensation,1966678.0,173692085.0,,,,51007988.0,38925477.0,1294524.0,,,,,,,,,,,,,,,ineligible:gate0_status,,,
VACI,2080023,Viking Acquisition Corp. I,"",NYSE,4899,"Communications Services, NEC",us-gaap,10-Q,USD,1231,2025,2025-12-31,false,false,"",fail,"income_quality,fcf,sbc,ni_vs_oi,tax_anomaly","goodwill,intangibles",never_acquired,never_acquired,never_acquired,"",,true,,-7950606.0,,,,,,,,,,false,,,,,,,,false,false,false,,false,false,true,,,false,,,-7950606.0,0.0,0.0,1277337.0,,,true,FAIL,,NOT_EVALUABLE,,NOT_EVALUABLE,,NOT_EVALUABLE,,NOT_EVALUABLE,,,NOT_EVALUABLE,,NOT_EVALUABLE,,0,insufficient,true,,,,,,,,,,false,0,,,,,,,,,,,,,,-9506136.0,711805.0,,,,,,,,0,,,,,,0,false,,,,,,,,2026-08-25,,StockholdersEquity,,,,,,,,,,,,,,,,,,,,,,,,,,,,,ineligible:gate0_status,,,
FPS,2080126,"Forgent Power Solutions, Inc.","",NYSE,3620,Electrical Industrial Apparatus,us-gaap,10-Q,USD,630,2025,2025-06-30,false,false,"",fail,"income_quality,fcf,sbc,ni_vs_oi,tax_anomaly","",reported,reported,reported,"",,true,,-479366000.0,,,,,-390785000.0,,,,,false,,,,,,,,false,false,false,,false,false,true,,,false,,,374534000.0,516629000.0,337271000.0,111322000.0,502107000.0,,true,FAIL,,NOT_EVALUABLE,,NOT_EVALUABLE,,NOT_EVALUABLE,,NOT_EVALUABLE,,,NOT_EVALUABLE,,NOT_EVALUABLE,,1,insufficient,true,,,,,,,,,,false,0,,,,,,,,,,,,516629000.0,300265000.0,446481000.0,93831000.0,584129000.0,,,,,,,0,,,,,,0,false,,,,,,,,2026-08-25,,MembersEquity,Goodwill,FiniteLivedIntangibleAssetsNet,,,,,,,,,,,,,,,,,,,,,,,,,,,ineligible:gate0_status,,,
APC,2080921,ARKO Petroleum Corp.,"",Nasdaq,5172,Wholesale-Petroleum & Petroleum Products (No Bulk Stations),us-gaap,10-Q,USD,1231,2025,2025-12-31,false,false,"",fail,"income_quality,fcf,sbc,ni_vs_oi,tax_anomaly","",reported,reported,reported,"",,true,,-231013000.0,,,,,-377789000.0,,,,,false,,,,,,,,false,false,false,,false,false,true,,,false,,,0.0,76687000.0,154326000.0,14241000.0,392030000.0,,true,FAIL,,NOT_EVALUABLE,,NOT_EVALUABLE,,NOT_EVALUABLE,,NOT_EVALUABLE,,,NOT_EVALUABLE,,NOT_EVALUABLE,,1,insufficient,true,,,,,,,,,,false,0,,,,,,,,,,,,76687000.0,143917000.0,257777000.0,14563000.0,184710000.0,44390000.0,,,,,,0,,,,,,0,false,,,,,,,,2026-08-25,,StockholdersEquity,Goodwill,IntangibleAssetsNetExcludingGoodwill,,,,,,,,,,,,,,,,,,,,,,,,,,,ineligible:gate0_status,,,
ATAI,2081043,AtaiBeckley Inc.,"",Nasdaq,2834,Pharmaceutical Preparations,us-gaap,10-Q,USD,1231,2025,2025-12-31,false,false,"tax_anomaly,sbc",fail,"","",reported,reported,reported,"",,false,,218692000.0,0.15555710426681738,-103576000.0,-117789000.0,3.4759109806798727,,-0.0004516184763483767,1.0248206303440202,,-0.09660063585228662,false,,-0.5199644699553556,4089000.0,-660047000.0,-644061000.0,-102675000.0,901000.0,false,false,false,0.8903162055335968,false,false,false,"",-161.4201516263145,false,,14213000.0,221874000.0,331000.0,2851000.0,85300000.0,,226532786.0,false,PASS,true,FAIL,true,FAIL,true,FAIL,true,FAIL,true,false,PASS,true,FAIL,false,0,insufficient,true,,,,,,,,-0.5199644699553556,,false,0,-157.51063829787233,,,0.35391425345116384,,4472000.0,-668193000.0,-127103000.0,506000.0,21059000.0,-148668000.0,331000.0,2701000.0,176366000.0,168807000.0,,359096616.0,,,,,,0,,,,,,0,false,,,1012000.0,,-395000.0,-157.51063829787233,-659849000.0,2026-08-25,PaymentsToAcquirePropertyPlantAndEquipment+PaymentsToDevelopSoftware,StockholdersEquity,Goodwill,IntangibleAssetsNetExcludingGoodwill,NetIncomeLoss,NetCashProvidedByUsedInOperatingActivities,OperatingIncomeLoss,ShareBasedCompensation,298000.0,,,951000.0,,-673462000.0,-668152000.0,134000.0,,,,,,,,,,,,,,,ineligible:gate0_status,,,
FDXF,2082247,"FedEx Freight Holding Company, Inc.","",NYSE,4513,Air Courier Services,us-gaap,10-K,USD,531,2026,2026-05-31,false,false,ni_vs_oi,fail,"",intangibles,never_acquired,reported,never_acquired,"",,false,,-1099000000.0,0.2549618320610687,-212000000.0,-225000000.0,0.0014781125639567935,,0.25904977375565613,1.212962962962963,,,false,,-1.5049638926387388,8795000000.0,655000000.0,540000000.0,167000000.0,379000000.0,false,false,false,0.740234375,false,false,true,,0.07447413303013076,false,0.1860144312393888,13000000.0,-497000000.0,602000000.0,0.0,,,149505248.0,true,FAIL,true,FAIL,true,FAIL,true,FAIL,false,PASS,false,true,FAIL,false,PASS,,0,insufficient,true,,,,,,,,-1.5049638926387388,,false,0,0.061398521887436046,,,0.7904801396347011,falling,,,,,,,,,,,,,,,,,,,,,,,,,false,,,512000000.0,48000000.0,,0.061398521887436046,884000000.0,2026-08-25,PaymentsToAcquireProductiveAssets,StockholdersEquity,Goodwill,,NetIncomeLoss,NetCashProvidedByUsedInOperatingActivities,OperatingIncomeLoss,ShareBasedCompensation,229000000.0,,,,,,,,,,,,,,,,,,,,,,ineligible:gate0_status,,,
OCTV,2083632,Octave Intelligence plc,"",Nasdaq,7372,Services-Prepackaged Software,us-gaap,10-Q,USD,1231,2025,2025-12-31,false,false,"",fail,"income_quality,fcf,sbc,ni_vs_oi,tax_anomaly","",reported,reported,reported,"",,true,,-192995000.0,,,,,156069000.0,,,,,false,,,,,,,,false,false,false,,false,false,true,,,false,,,7677779000.0,6221366000.0,1649408000.0,156069000.0,0.0,,true,FAIL,,NOT_EVALUABLE,,NOT_EVALUABLE,,NOT_EVALUABLE,,NOT_EVALUABLE,,,NOT_EVALUABLE,,NOT_EVALUABLE,,1,insufficient,true,,,,,,,,,,false,0,,,,,,,,,,,,4554993000.0,1161836000.0,5079950000.0,304147000.0,621284000.0,268438000.0,,,,,,0,,,,,,0,false,,,,,,,,2026-08-25,,StockholdersEquity,Goodwill,IntangibleAssetsNetExcludingGoodwill,,,,,,,,,,,,,,,,,,,,,,,,,,,ineligible:gate0_status,,,
SUNB,2083785,"Sunbelt Rentals Holdings, Inc.","",NYSE,7359,"Services-Equipment Rental & Leasing, NEC",us-gaap,10-K,USD,430,2026,2026-04-30,false,false,"",unknown,fcf,"",reported,reported,reported,"",,false,,3595000000.0,2.8558490566037738,,,0.03188521323236349,-7554000000.0,0.2642976124375347,0.6075194864740945,0.08210442407333599,0.01315265045834994,true,,,2509000000.0,1325000000.0,2181000000.0,3784000000.0,,false,false,false,,false,false,false,"",0.5280988441610204,false,0.8974267333809864,80000000.0,7409000000.0,3476000000.0,338000000.0,29000000.0,7583000000.0,421007068.0,false,PASS,false,PASS,,NOT_EVALUABLE,,NOT_EVALUABLE,false,PASS,false,false,PASS,false,PASS,false,0,insufficient,true,,,,,,,,,,false,0,0.8692706257473097,,,2.5539490443503556,rising,2403000000.0,1428000000.0,3823000000.0,,25000000.0,,3444000000.0,365000000.0,7615000000.0,39000000.0,7644000000.0,423456486.0,,,,,,0,,,,,,0,true,206000000.0,1413000000.0,2309000000.0,464000000.0,33000000.0,0.8692706257473097,1801000000.0,2026-08-25,,StockholdersEquity,Goodwill,IntangibleAssetsNetExcludingGoodwill,NetIncomeLoss,NetCashProvidedByUsedInOperatingActivities,OperatingIncomeLoss,ShareBasedCompensation,476000000.0,226000000.0,1301000000.0,2292000000.0,464000000.0,2287000000.0,1912000000.0,484000000.0,,,,,,,,,,,,,,,ineligible:gate0_status,,,
ADBT,2084227,"ADVASA HOLDINGS, INC.","",,7372,Services-Prepackaged Software,us-gaap,10-Q,USD,331,2026,2026-03-31,false,false,"",unknown,"income_quality,fcf,sbc,ni_vs_oi,tax_anomaly",goodwill,never_acquired,never_acquired,reported,"",,true,,18232000.0,,,,,11463000.0,,,,,false,,,,,,,,false,false,false,,false,false,true,,,false,,,18239000.0,0.0,7000.0,12104000.0,641000.0,,false,PASS,,NOT_EVALUABLE,,NOT_EVALUABLE,,NOT_EVALUABLE,,NOT_EVALUABLE,,,NOT_EVALUABLE,,NOT_EVALUABLE,,0,insufficient,true,,,,,,,,,,false,0,,,,,,,,,,,,,7000.0,21657000.0,1506000.0,585000.0,487065702.0,,,,,,0,,,,,,0,false,,,,,,,,2026-08-25,,StockholdersEquity,,FiniteLivedIntangibleAssetsNet,,,,,,,,,,,,,,,,,,,,,,,,,,,ineligible:gate0_status,,,
KHOBF,2084698,KHEOBA Limited,"",OTC,7371,Services-Computer Programming Services,us-gaap,20-F,USD,1031,2025,2025-10-31,false,false,"",unknown,"fcf,sbc",goodwill,never_acquired,never_acquired,reported,"",,true,,425003.0,1.5735351905374204,,,,,0.163273961808967,0.9010255282151199,,,false,,,1160058.0,430073.0,477315.0,676735.0,0.0,true,true,false,,false,false,true,,0.37073404950442135,false,-0.0029375,,434187.0,0.0,9184.0,683483.0,,8092000.0,false,PASS,false,PASS,,NOT_EVALUABLE,,NOT_EVALUABLE,,NOT_EVALUABLE,,false,PASS,false,PASS,,0,insufficient,true,,,,,,,,,,false,0,0.41145787538209294,,,79.66422917963469,falling,,,,,,,,,,,,,,,,,,,,,,,,,false,,,,,,0.41145787538209294,513995.0,2026-08-25,PaymentsToDevelopSoftware,StockholdersEquity,,IntangibleAssetsNetExcludingGoodwill,NetIncomeLoss,NetCashProvidedByUsedInOperatingActivities,OperatingIncomeLoss,,83922.0,,,,,,,,,,,,,,,,,,,,,,ineligible:gate0_status,,,
BOBS,2085187,"Bob's Discount Furniture, Inc.","",NYSE,5712,Retail-Furniture Stores,us-gaap,10-Q,USD,103,2025,2025-12-28,false,false,"",unknown,"income_quality,fcf,sbc,ni_vs_oi,tax_anomaly","",reported,reported,reported,"",,true,,116920000.0,,,,,-285978000.0,,,,,false,,,,,,,,false,false,false,,false,false,true,,,false,,,477719000.0,181699000.0,179100000.0,53202000.0,339180000.0,,false,PASS,,NOT_EVALUABLE,,NOT_EVALUABLE,,NOT_EVALUABLE,,NOT_EVALUABLE,,,NOT_EVALUABLE,,NOT_EVALUABLE,,0,insufficient,true,,,,,,,,,,false,0,,,,,,,,,,,,181699000.0,179100000.0,531172000.0,32022000.0,0.0,131874659.0,,,,,,0,,,,,,0,false,,,,,,,,2026-08-25,,StockholdersEquity,Goodwill,IntangibleAssetsNetExcludingGoodwill,,,,,,,,,,,,,,,,,,,,,,,,,,,ineligible:gate0_status,,,
SVAQ,2085659,SILICON VALLEY ACQUISITION CORP.,"",Nasdaq,7372,Services-Prepackaged Software,us-gaap,10-Q,USD,1231,2025,2025-12-31,false,false,"",fail,"income_quality,fcf,sbc,ni_vs_oi,tax_anomaly","goodwill,intangibles",never_acquired,never_acquired,never_acquired,"",,true,,-6556409.0,,,,,,,,,,false,,,,,,,,false,false,false,,false,false,true,,,false,,,-6556409.0,0.0,0.0,1600031.0,,,true,FAIL,,NOT_EVALUABLE,,NOT_EVALUABLE,,NOT_EVALUABLE,,NOT_EVALUABLE,,,NOT_EVALUABLE,,NOT_EVALUABLE,,0,insufficient,true,,,,,,,,,,false,0,,,,,,,,,,,,,,-8112388.0,1180511.0,,,,,,,,0,,,,,,0,false,,,,,,,,2026-08-25,,StockholdersEquity,,,,,,,,,,,,,,,,,,,,,,,,,,,,,ineligible:gate0_status,,,
YSS,2086587,York Space Systems Inc.,"",NYSE,3760,Guided Missiles & Space Vehicles & Parts,us-gaap,10-Q,USD,1231,2025,2025-12-31,false,false,"",fail,"income_quality,fcf,sbc,ni_vs_oi,tax_anomaly","",reported,reported,reported,"",,true,,-317622000.0,,,,,13861000.0,,,,,false,,,,,,,,false,false,false,,false,false,true,,,false,,,764565000.0,674262000.0,407925000.0,162573000.0,148712000.0,,true,FAIL,,NOT_EVALUABLE,,NOT_EVALUABLE,,NOT_EVALUABLE,,NOT_EVALUABLE,,,NOT_EVALUABLE,,NOT_EVALUABLE,,1,insufficient,true,,,,,,,,,,false,0,,,,,,,,,,,,793520000.0,412828000.0,1745807000.0,534000000.0,147044000.0,122092664.0,,,,,,0,,,,,,0,false,,,,,,,,2026-08-25,,MembersEquity,Goodwill,IntangibleAssetsNetExcludingGoodwill,,,,,,,,,,,,,,,,,,,,,,,,,,,ineligible:gate0_status,,,
MFP,2088281,"MIDERA FOOD PROCESSING, INC.","",Nasdaq,3580,Refrigeration & Service Industry Machinery,us-gaap,10-Q,USD,1231,2026,2026-01-03,false,false,"",unknown,"income_quality,fcf,sbc,ni_vs_oi,tax_anomaly","",reported,reported,reported,"",,true,,385100000.0,,,,,57400000.0,,,,,false,,,,,,,,false,false,false,,false,false,true,,,false,,,1060700000.0,502300000.0,173300000.0,90900000.0,33500000.0,,false,PASS,,NOT_EVALUABLE,,NOT_EVALUABLE,,NOT_EVALUABLE,,NOT_EVALUABLE,,,NOT_EVALUABLE,,NOT_EVALUABLE,,0,insufficient,true,,,,,,,,,,false,0,,,,,,,,,,,,499300000.0,165900000.0,785500000.0,50500000.0,258600000.0,,,,,,,0,,,,,,0,false,,,,,,,,2026-08-25,,StockholdersEquity,Goodwill,IntangibleAssetsNetExcludingGoodwill,,,,,,,,,,,,,,,,,,,,,,,,,,,ineligible:gate0_status,,,
CMII,2088805,COLUMBUS CIRCLE CAPITAL CORP II,"",Nasdaq,7373,Services-Computer Integrated Systems Design,us-gaap,10-Q,USD,1231,2025,2025-06-30,false,false,"",fail,"income_quality,fcf,sbc,ni_vs_oi,tax_anomaly","goodwill,intangibles",never_acquired,never_acquired,never_acquired,"",,true,,-20356.0,,,,,,,,,,false,,,,,,,,false,false,false,,false,false,true,,,false,,,-20356.0,0.0,0.0,,,,true,FAIL,,NOT_EVALUABLE,,NOT_EVALUABLE,,NOT_EVALUABLE,,NOT_EVALUABLE,,,NOT_EVALUABLE,,NOT_EVALUABLE,,0,insufficient,true,,,,,,,,,,false,0,,,,,,,,,,,,,,-264279.0,1087184.0,,,,,,,,0,,,,,,0,false,,,,,,,,2026-08-25,,StockholdersEquity,,,,,,,,,,,,,,,,,,,,,,,,,,,,,ineligible:gate0_status,,,
XE,2088896,"X-Energy, Inc.","",Nasdaq,3443,Fabricated Plate Work (Boiler Shops),us-gaap,10-Q,USD,1231,2025,2025-12-31,false,false,"",fail,"income_quality,fcf,sbc,ni_vs_oi,tax_anomaly","goodwill,intangibles",never_acquired,never_acquired,never_acquired,"",,true,,-1224295000.0,,,,,,,,,,false,,,,,,,,false,false,false,,false,false,true,,,false,,,-1224295000.0,0.0,0.0,458932000.0,,,true,FAIL,,NOT_EVALUABLE,,NOT_EVALUABLE,,NOT_EVALUABLE,,NOT_EVALUABLE,,,NOT_EVALUABLE,,NOT_EVALUABLE,,0,insufficient,true,,,,,,,,,,false,0,,,,,,,,,,,,,,1814769000.0,1145424000.0,,,,,,,,0,,,,,,0,false,,,,,,,,2026-08-25,,StockholdersEquity,,,,,,,,,,,,,,,,,,,,,,,,,,,,,ineligible:gate0_status,,,
HONA,2089271,Honeywell Aerospace Inc,"",Nasdaq,3724,Aircraft Engines & Engine Parts,us-gaap,10-Q,USD,1231,2026,2026-03-28,false,false,"",fail_stale,"income_quality,fcf,sbc,ni_vs_oi,tax_anomaly","",carried_forward,carried_forward,carried_forward,"goodwill,intangibles",87,true,,-10716000000.0,,,,,,,,,,false,,,,,,,,false,false,false,,false,false,true,,,false,,,-5514000000.0,3025000000.0,2177000000.0,,,,true,FAIL,,NOT_EVALUABLE,,NOT_EVALUABLE,,NOT_EVALUABLE,,NOT_EVALUABLE,,,NOT_EVALUABLE,,NOT_EVALUABLE,,0,insufficient,true,,,,,,,,,,false,0,,,,,,,,,,,,3014000000.0,2200000000.0,-5697000000.0,1057000000.0,15853000000.0,,,,,,,0,,,,,,0,false,,,,,,,,2026-08-25,,StockholdersEquityIncludingPortionAttributableToNoncontrollingInterest,,,,,,,,,,,,,,,,,,,,,,,,,,,,,ineligible:gate0_status,,,
NUCL,2089283,Eagle Nuclear Energy Corp.,"",Nasdaq,1090,Miscellaneous Metal Ores,us-gaap,10-Q,USD,1130,2025,2025-11-30,false,false,"",unknown,"income_quality,fcf,sbc,ni_vs_oi,tax_anomaly",goodwill,never_acquired,never_acquired,reported,"",,true,,1082328.0,,,,,,,,,,false,,,,,,,,false,false,false,,false,false,true,,,false,,,1148243.0,0.0,65915.0,4894765.0,,,false,PASS,,NOT_EVALUABLE,,NOT_EVALUABLE,,NOT_EVALUABLE,,NOT_EVALUABLE,,,NOT_EVALUABLE,,NOT_EVALUABLE,,0,insufficient,true,,,,,,,,,,false,0,,,,,,,,,,,,,96450.0,-6980216.0,28282050.0,,24567206.0,,,,,,0,,,,,,0,false,,,,,,,,2026-08-25,,StockholdersEquity,,FiniteLivedIntangibleAssetsNet,,,,,,,,,,,,,,,,,,,,,,,,,,,ineligible:gate0_status,,,
SUNC,2089661,SUNOCOCORP LLC,"",NYSE,2911,Petroleum Refining,us-gaap,10-Q,USD,1231,2025,2025-12-31,false,false,"",fail,tax_anomaly,"",reported,reported,reported,"",,false,,-2901000000.0,-238.4,615000000.0,596000000.0,0.0007539383357803262,874000000.0,,-0.0053475935828877,,0.13543113368517123,false,,11.568952177872717,25201000000.0,-5000000.0,935000000.0,1192000000.0,577000000.0,false,false,false,0.8386627906976745,false,false,false,"",-0.000198404825205349,false,0.027527310560083233,19000000.0,2536000000.0,3026000000.0,2411000000.0,891000000.0,17000000.0,51517198.0,true,FAIL,true,FAIL,false,PASS,false,PASS,false,PASS,false,false,PASS,,NOT_EVALUABLE,true,2,insufficient,true,,,,,,,,11.568952177872717,,false,1,0.037101702313400264,,,-238.4,,39581000000.0,144000000.0,2348000000.0,688000000.0,23000000.0,1637000000.0,3064000000.0,2343000000.0,2547000000.0,,6000000.0,51556085.0,,,,,,0,,,,,,0,false,,,688000000.0,,3413000000.0,0.037101702313400264,,2026-08-25,PaymentsForCapitalImprovements,MembersEquity,Goodwill,IntangibleAssetsNetExcludingGoodwill,NetIncomeLoss,NetCashProvidedByUsedInOperatingActivities,OperatingIncomeLoss,ShareBasedCompensation,58000000.0,,,946000000.0,,1885000000.0,,216000000.0,,,,,,,,,,,,,,,ineligible:gate0_status,,,
MBGL,2090312,Mobility Global Inc.,"",NYSE,7389,"Services-Business Services, NEC",us-gaap,10-Q,USD,1231,2026,2026-03-31,false,false,"",fail_stale,"income_quality,fcf,sbc,ni_vs_oi,tax_anomaly","",carried_forward,carried_forward,carried_forward,"goodwill,intangibles",90,true,,-1051000000.0,,,,,,,,,,false,,,,,,,,false,false,false,,false,false,true,,,false,,,11583000000.0,8845000000.0,3789000000.0,,,,true,FAIL,,NOT_EVALUABLE,,NOT_EVALUABLE,,NOT_EVALUABLE,,NOT_EVALUABLE,,,NOT_EVALUABLE,,NOT_EVALUABLE,,1,insufficient,true,,,,,,,,,,false,0,,,,,,,,,,,,8845000000.0,3640000000.0,9835000000.0,186000000.0,,294821320.0,,,,,,0,,,,,,0,false,,,,,,,,2026-08-25,,StockholdersEquity,,,,,,,,,,,,,,,,,,,,,,,,,,,,,ineligible:gate0_status,,,
BRUN,2090646,Boost Run Inc.,"",Nasdaq,7374,Services-Computer Processing & Data Preparation,us-gaap,10-Q,USD,1231,2025,2025-12-31,false,false,"",unknown,"income_quality,fcf,sbc,ni_vs_oi,tax_anomaly",goodwill,never_acquired,never_acquired,reported,"",,true,,8200000.0,,,,,-4309000.0,,,,,false,,,,,,,,false,false,false,,false,false,true,,,false,,,8216000.0,0.0,16000.0,1957000.0,6266000.0,,false,PASS,,NOT_EVALUABLE,,NOT_EVALUABLE,,NOT_EVALUABLE,,NOT_EVALUABLE,,,NOT_EVALUABLE,,NOT_EVALUABLE,,0,insufficient,true,,,,,,,,,,false,0,,,,,,,,,,,,,49045000.0,100095000.0,120166000.0,,1.0,,,,,,0,,,,,,0,false,,,,,,,,2026-08-25,,StockholdersEquity,,IntangibleAssetsNetExcludingGoodwill,,,,,,,,,,,,,,,,,,,,,,,,,,,ineligible:gate0_status,,,
SSMR,2091017,Sunshine Silver Mining & Refining Company,"",NYSE,1040,Gold and Silver Ores,us-gaap,10-Q,USD,1231,2026,2026-03-31,false,false,"",unknown,"income_quality,fcf,sbc,ni_vs_oi,tax_anomaly",goodwill,carried_forward,never_acquired,carried_forward,intangibles,90,true,,49386095.0,,,,,,,,,,false,,,,,,,,false,false,false,,false,false,true,,,false,,,50136095.0,0.0,750000.0,,,,false,PASS,,NOT_EVALUABLE,,NOT_EVALUABLE,,NOT_EVALUABLE,,NOT_EVALUABLE,,,NOT_EVALUABLE,,NOT_EVALUABLE,,0,insufficient,true,,,,,,,,,,false,0,,,,,,,,,,,,,750000.0,322603907.0,288722323.0,,120268751.0,,,,,,0,,,,,,0,false,,,,,,,,2026-08-25,,StockholdersEquity,,,,,,,,,,,,,,,,,,,,,,,,,,,,,ineligible:gate0_status,,,
TRAX,2091349,"FIRST TRACKS BIOTHERAPEUTICS, INC.","",Nasdaq,2834,Pharmaceutical Preparations,us-gaap,10-Q,USD,1231,2025,2025-12-31,false,false,"",unknown,"income_quality,fcf,sbc,ni_vs_oi,tax_anomaly","goodwill,intangibles",never_acquired,never_acquired,never_acquired,"",,true,,357718000.0,,,,,,,,,,false,,,,,,,,false,false,false,,false,false,true,,,false,,,357718000.0,0.0,0.0,238196000.0,,,false,PASS,,NOT_EVALUABLE,,NOT_EVALUABLE,,NOT_EVALUABLE,,NOT_EVALUABLE,,,NOT_EVALUABLE,,NOT_EVALUABLE,,0,insufficient,true,,,,,,,,,,false,0,,,,,,,,,,,,,,168796000.0,168018000.0,,35003000.0,,,,,,0,,,,,,0,false,,,,,,,,2026-08-25,,StockholdersEquity,,,,,,,,,,,,,,,,,,,,,,,,,,,,,ineligible:gate0_status,,,
SWMR,2092574,"Swarmer, Inc","",Nasdaq,7372,Services-Prepackaged Software,us-gaap,10-Q,USD,1231,2025,2025-12-31,false,false,"",fail,"income_quality,fcf,sbc,ni_vs_oi,tax_anomaly","goodwill,intangibles",never_acquired,never_acquired,never_acquired,"",,true,,-2752694.0,,,,,,,,,,false,,,,,,,,false,false,false,,false,false,true,,,false,,,-2752694.0,0.0,0.0,9283566.0,,,true,FAIL,,NOT_EVALUABLE,,NOT_EVALUABLE,,NOT_EVALUABLE,,NOT_EVALUABLE,,,NOT_EVALUABLE,,NOT_EVALUABLE,,0,insufficient,true,,,,,,,,,,false,0,,,,,,,,,,,,,97668.0,31210585.0,25289260.0,,11414411.0,,,,,,0,,,,,,0,false,,,,,,,,2026-08-25,,StockholdersEquity,,,,,,,,,,,,,,,,,,,,,,,,,,,,,ineligible:gate0_status,,,
RNA,2093101,"Atrium Therapeutics, Inc.","",Nasdaq,2834,Pharmaceutical Preparations,us-gaap,10-Q,USD,1231,2025,2025-06-30,false,false,"",fail,"income_quality,fcf,sbc,ni_vs_oi,tax_anomaly","goodwill,intangibles",never_acquired,never_acquired,never_acquired,"",,true,,-56295000.0,,,,,,,,,,false,,,,,,,,false,false,false,,false,false,true,,,false,,,-56295000.0,0.0,0.0,0.0,,,true,FAIL,,NOT_EVALUABLE,,NOT_EVALUABLE,,NOT_EVALUABLE,,NOT_EVALUABLE,,,NOT_EVALUABLE,,NOT_EVALUABLE,,0,insufficient,true,,,,,,,,,,false,0,,,,,,,,,,,,,,214576000.0,72334000.0,,17106000.0,,,,,,0,,,,,,0,false,,,,,,,,2026-08-25,,StockholdersEquity,,,,,,,,,,,,,,,,,,,,,,,,,,,,,ineligible:gate0_status,,,
GLND,2093507,GREENLAND ENERGY COMPANY,"",Nasdaq,1381,Drilling Oil & Gas Wells,us-gaap,10-Q,USD,1231,2025,2025-06-30,false,false,"",unknown,"income_quality,fcf,sbc,ni_vs_oi,tax_anomaly","goodwill,intangibles",never_acquired,never_acquired,never_acquired,"",,true,,705035.0,,,,,,,,,,false,,,,,,,,false,false,false,,false,false,true,,,false,,,705035.0,0.0,0.0,216137.0,,,false,PASS,,NOT_EVALUABLE,,NOT_EVALUABLE,,NOT_EVALUABLE,,NOT_EVALUABLE,,,NOT_EVALUABLE,,NOT_EVALUABLE,,0,insufficient,true,,,,,,,,,,false,0,,,,,,,,,,,,,,66203493.0,37423185.0,,29265646.0,,,,,,0,,,,,,0,false,,,,,,,,2026-08-25,,StockholdersEquity,,,,,,,,,,,,,,,,,,,,,,,,,,,,,ineligible:gate0_status,,,
ARXS,2093536,"ARXIS, INC.","",Nasdaq,3728,"Aircraft Parts & Auxiliary Equipment, NEC",us-gaap,10-Q,USD,1231,2025,2025-12-31,false,false,"",fail,"income_quality,fcf,sbc,ni_vs_oi,tax_anomaly","",reported,reported,reported,"",,true,,-2150367000.0,,,,,-2383009000.0,,,,,false,,,,,,,,false,false,false,,false,false,true,,,false,,,3024863000.0,2745351000.0,2429879000.0,250303000.0,2633312000.0,,true,FAIL,,NOT_EVALUABLE,,NOT_EVALUABLE,,NOT_EVALUABLE,,NOT_EVALUABLE,,,NOT_EVALUABLE,,NOT_EVALUABLE,,1,insufficient,true,,,,,,,,,,false,0,,,,,,,,,,,,2799108000.0,2448201000.0,0.0,494693000.0,1718137000.0,401813695.0,,,,,,0,,,,,,0,false,,,,,,,,2026-08-25,,MembersEquity,Goodwill,IntangibleAssetsNetExcludingGoodwill,,,,,,,,,,,,,,,,,,,,,,,,,,,ineligible:gate0_status,,,
CLYD,2094256,"Beacon Topco, Inc.","",,2834,Pharmaceutical Preparations,us-gaap,10-Q,USD,1231,2025,2025-12-31,false,false,"",unknown,"tangible_book,income_quality,fcf,sbc,ni_vs_oi,tax_anomaly","goodwill,intangibles",unresolved,never_acquired,never_acquired,"",,true,,,,,,,,,,,,false,,,,,,,,false,false,false,,false,false,true,,,false,,,,0.0,0.0,0.0,,,,NOT_EVALUABLE,,NOT_EVALUABLE,,NOT_EVALUABLE,,NOT_EVALUABLE,,NOT_EVALUABLE,,,NOT_EVALUABLE,,NOT_EVALUABLE,,0,insufficient,true,,,,,,,,,,false,0,,,,,,,,,,,,,,,0.0,,100.0,,,,,,0,,,,,,0,false,,,,,,,,2026-08-25,,,,,,,,,,,,,,,,,,,,,,,,,,,,,,,ineligible:gate0_status,,,
RMIX,2094433,"Suncrete, Inc.","",Nasdaq,3272,"Concrete Products, Except Block & Brick",us-gaap,10-Q,USD,1231,2026,2026-06-30,false,false,"",unknown,"income_quality,fcf,sbc,ni_vs_oi,tax_anomaly","",reported,reported,reported,"",,true,,120111000.0,,,,,-189841000.0,,,,,false,,,,,,,,false,false,false,,false,false,true,,,false,,,358004000.0,152983000.0,84910000.0,28632000.0,218473000.0,,false,PASS,,NOT_EVALUABLE,,NOT_EVALUABLE,,NOT_EVALUABLE,,NOT_EVALUABLE,,,NOT_EVALUABLE,,NOT_EVALUABLE,,0,insufficient,true,,,,,,,,,,false,0,,,,,,,,,,,,,,-20038000.0,0.0,,43440122.0,,,,,,0,,,,,,0,false,,,,,,,,2026-08-25,,StockholdersEquity,Goodwill,FiniteLivedIntangibleAssetsNet,,,,,,,,,,,,,,,,,,,,,,,,,,,ineligible:gate0_status,,,
REA,2095743,"Rare Earths Americas, Inc.","",NYSE,1000,Metal Mining,us-gaap,10-Q,USD,1231,2025,2025-12-31,false,false,"",unknown,"income_quality,fcf,sbc,ni_vs_oi,tax_anomaly","goodwill,intangibles",never_acquired,never_acquired,never_acquired,"",,true,,26188000.0,,,,,,,,,,false,,,,,,,,false,false,false,,false,false,true,,,false,,,26188000.0,0.0,0.0,22841000.0,,,false,PASS,,NOT_EVALUABLE,,NOT_EVALUABLE,,NOT_EVALUABLE,,NOT_EVALUABLE,,,NOT_EVALUABLE,,NOT_EVALUABLE,,0,insufficient,true,,,,,,,,,,false,0,,,,,,,,,,,,,,85011000.0,10099000.0,,16585168.0,,,,,,0,,,,,,0,false,,,,,,,,2026-08-25,,StockholdersEquity,,,,,,,,,,,,,,,,,,,,,,,,,,,,,ineligible:gate0_status,,,
AVEX,2096300,AEVEX Corp.,"",NYSE,3721,Aircraft,us-gaap,10-Q,USD,1231,2025,2025-12-31,false,false,"",fail,"income_quality,fcf,sbc,ni_vs_oi,tax_anomaly","",reported,reported,reported,"",,true,,-203562000.0,,,,,-230592000.0,,,,,false,,,,,,,,false,false,false,,false,false,true,,,false,,,199016000.0,292328000.0,110250000.0,27908000.0,258500000.0,,true,FAIL,,NOT_EVALUABLE,,NOT_EVALUABLE,,NOT_EVALUABLE,,NOT_EVALUABLE,,,NOT_EVALUABLE,,NOT_EVALUABLE,,1,insufficient,true,,,,,,,,,,false,0,,,,,,,,,,,,292328000.0,102167000.0,-533711000.0,215238000.0,99107000.0,52805593.0,,,,,,0,,,,,,0,false,,,,,,,,2026-08-25,,StockholdersEquity,Goodwill,FiniteLivedIntangibleAssetsNet,,,,,,,,,,,,,,,,,,,,,,,,,,,ineligible:gate0_status,,,
AIAI,2096362,AIAI HOLDINGS CORPORATION,"",Nasdaq,7374,Services-Computer Processing & Data Preparation,us-gaap,10-Q,USD,1231,2026,2026-05-06,false,false,"",fail,"income_quality,fcf,sbc,ni_vs_oi,tax_anomaly",intangibles,structured_absence_asc350,reported,structured_absence_asc350,"",,true,,-306604000.0,,,,,,,,,,false,,,,,,,,false,false,false,,false,false,true,,,false,,,-2801000.0,303803000.0,0.0,300000.0,,,true,FAIL,,NOT_EVALUABLE,,NOT_EVALUABLE,,NOT_EVALUABLE,,NOT_EVALUABLE,,,NOT_EVALUABLE,,NOT_EVALUABLE,,0,insufficient,true,,,,,,,,,,false,0,,,,,,,,,,,,305206000.0,644229000.0,995986000.0,11226000.0,26702000.0,1000.0,,,,,,0,,,,,,0,false,,,,,,,,2026-08-25,,StockholdersEquity,Goodwill,,,,,,,,,,,,,,,,,,,,,,,,,,,,ineligible:gate0_status,,,
SIND,2096861,Sinda Ltd.,"",NYSE,1040,Gold and Silver Ores,us-gaap,10-Q,USD,1231,2026,2026-03-31,false,false,"",unknown,"income_quality,fcf,sbc,ni_vs_oi,tax_anomaly",goodwill,carried_forward,never_acquired,carried_forward,intangibles,90,true,,21560913.0,,,,,,,,,,false,,,,,,,,false,false,false,,false,false,true,,,false,,,26177291.0,0.0,4616378.0,,,,false,PASS,,NOT_EVALUABLE,,NOT_EVALUABLE,,NOT_EVALUABLE,,NOT_EVALUABLE,,,NOT_EVALUABLE,,NOT_EVALUABLE,,0,insufficient,true,,,,,,,,,,false,0,,,,,,,,,,,,,4616378.0,206878934.0,204305075.0,,130499110.0,,,,,,0,,,,,,0,false,,,,,,,,2026-08-25,,StockholdersEquity,,,,,,,,,,,,,,,,,,,,,,,,,,,,,ineligible:gate0_status,,,
KLRA,2096997,"Kailera Therapeutics, Inc.","",Nasdaq,2834,Pharmaceutical Preparations,us-gaap,10-Q,USD,1231,2025,2025-06-30,false,false,"",fail,"income_quality,fcf,sbc,ni_vs_oi,tax_anomaly","goodwill,intangibles",never_acquired,never_acquired,never_acquired,"",,true,,-235238000.0,,,,,,,,,,false,,,,,,,,false,false,false,,false,false,true,,,false,,,-235238000.0,0.0,0.0,101373000.0,,,true,FAIL,,NOT_EVALUABLE,,NOT_EVALUABLE,,NOT_EVALUABLE,,NOT_EVALUABLE,,,NOT_EVALUABLE,,NOT_EVALUABLE,,0,insufficient,true,,,,,,,,,,false,0,,,,,,,,,,,,,,1118464000.0,130301000.0,,51124108.0,,,,,,0,,,,,,0,false,,,,,,,,2026-08-25,,StockholdersEquity,,,,,,,,,,,,,,,,,,,,,,,,,,,,,ineligible:gate0_status,,,
XNDU,2097163,XANADU QUANTUM TECHNOLOGIES LIMITED,"",Nasdaq,3571,Electronic Computers,us-gaap,20-F,USD,1231,2025,2025-12-31,false,false,"",fail,"income_quality,fcf,sbc,ni_vs_oi,tax_anomaly","goodwill,intangibles",never_acquired,never_acquired,never_acquired,"",,true,,-12000.0,,,,,,,,,,false,,,,,,,,false,false,false,,false,false,true,,,false,,,-12000.0,0.0,0.0,,,,true,FAIL,,NOT_EVALUABLE,,NOT_EVALUABLE,,NOT_EVALUABLE,,NOT_EVALUABLE,,,NOT_EVALUABLE,,NOT_EVALUABLE,,0,insufficient,true,,,,,,,,,,false,0,,,,,,,,,,,,,,,,,1.0,,,,,,0,,,,,,0,false,,,,,,,,2026-08-25,,StockholdersEquity,,,,,,,,,,,,,,,,,,,,,,,,,,,,,ineligible:gate0_status,,,
MAIR,2098430,Madison Air Solutions Corporation,"",NYSE,3564,Industrial & Commercial Fans & Blowers & Air Purifing Equip,us-gaap,10-Q,USD,1231,2025,2025-12-31,false,false,"",fail,"income_quality,fcf,sbc,ni_vs_oi,tax_anomaly","",reported,reported,reported,"",,true,,-6587300000.0,,,,,,,,,,false,,,,,,,,false,false,false,,false,false,true,,,false,,,-37000000.0,3318500000.0,3231800000.0,208400000.0,,,true,FAIL,,NOT_EVALUABLE,,NOT_EVALUABLE,,NOT_EVALUABLE,,NOT_EVALUABLE,,,NOT_EVALUABLE,,NOT_EVALUABLE,,1,insufficient,true,,,,,,,,,,false,0,,,,,,,,,,,,3314800000.0,3146000000.0,3649700000.0,261800000.0,,396562288.0,,,,,,0,,,,,,0,false,,,,,,,,2026-08-25,,StockholdersEquity,Goodwill,IntangibleAssetsNetExcludingGoodwill,,,,,,,,,,,,,,,,,,,,,,,,,,,ineligible:gate0_status,,,
GENB,2100782,"Generate Biomedicines, Inc.","",Nasdaq,2834,Pharmaceutical Preparations,us-gaap,10-Q,USD,1231,2025,2025-06-30,false,false,"",fail,"income_quality,fcf,sbc,ni_vs_oi,tax_anomaly","goodwill,intangibles",never_acquired,never_acquired,never_acquired,"",,true,,-471002000.0,,,,,,,,,,false,,,,,,,,false,false,false,,false,false,true,,,false,,,-471002000.0,0.0,0.0,154265000.0,,,true,FAIL,,NOT_EVALUABLE,,NOT_EVALUABLE,,NOT_EVALUABLE,,NOT_EVALUABLE,,,NOT_EVALUABLE,,NOT_EVALUABLE,,0,insufficient,true,,,,,,,,,,false,0,,,,,,,,,,,,,,456045000.0,135359000.0,,96730886.0,,,,,,0,,,,,,0,false,,,,,,,,2026-08-25,,StockholdersEquity,,,,,,,,,,,,,,,,,,,,,,,,,,,,,ineligible:gate0_status,,,
ELMT,2101698,The Elmet Group Co.,"",Nasdaq,3490,Miscellaneous Fabricated Metal Products,us-gaap,10-Q,USD,101,2025,2025-12-31,false,false,"",unknown,"income_quality,fcf,sbc,ni_vs_oi,tax_anomaly","",reported,reported,reported,"",,true,,49692000.0,,,,,-34451000.0,,,,,false,,,,,,,,false,false,false,,false,false,true,,,false,,,61459000.0,4583000.0,7184000.0,1759000.0,36210000.0,,false,PASS,,NOT_EVALUABLE,,NOT_EVALUABLE,,NOT_EVALUABLE,,NOT_EVALUABLE,,,NOT_EVALUABLE,,NOT_EVALUABLE,,0,insufficient,true,,,,,,,,,,false,0,,,,,,,,,,,,4527000.0,6558000.0,187543000.0,66122000.0,32997000.0,24223725.0,,,,,,0,,,,,,0,false,,,,,,,,2026-08-25,,StockholdersEquity,Goodwill,IntangibleAssetsNetExcludingGoodwill,,,,,,,,,,,,,,,,,,,,,,,,,,,ineligible:gate0_status,,,
KCAC-UN,2102713,KENSINGTON CAPITAL ACQUISITION CORP. VI,"",NYSE,2810,Industrial Inorganic Chemicals,us-gaap,10-Q,USD,1231,2025,2025-12-31,false,false,"",unknown,"income_quality,fcf,sbc,ni_vs_oi,tax_anomaly","goodwill,intangibles",never_acquired,never_acquired,never_acquired,"",,true,,514.0,,,,,,,,,,false,,,,,,,,false,false,false,,false,false,true,,,false,,,514.0,0.0,0.0,121831.0,,,false,PASS,,NOT_EVALUABLE,,NOT_EVALUABLE,,NOT_EVALUABLE,,NOT_EVALUABLE,,,NOT_EVALUABLE,,NOT_EVALUABLE,,0,insufficient,true,,,,,,,,,,false,0,,,,,,,,,,,,,,-24173530.0,1855444.0,,,,,,,,0,,,,,,0,false,,,,,,,,2026-08-25,,StockholdersEquity,,,,,,,,,,,,,,,,,,,,,,,,,,,,,ineligible:gate0_status,,,
ALMR,2104204,"Alamar Biosciences, Inc.","",Nasdaq,3826,Laboratory Analytical Instruments,us-gaap,10-Q,USD,1231,2025,2025-12-31,false,false,"",fail,"income_quality,fcf,sbc,ni_vs_oi,tax_anomaly","goodwill,intangibles",never_acquired,never_acquired,never_acquired,"",,true,,-158954000.0,,,,,,,,,,false,,,,,,,,false,false,false,,false,false,true,,,false,,,-158954000.0,0.0,0.0,30002000.0,,,true,FAIL,,NOT_EVALUABLE,,NOT_EVALUABLE,,NOT_EVALUABLE,,NOT_EVALUABLE,,,NOT_EVALUABLE,,NOT_EVALUABLE,,0,insufficient,true,,,,,,,,,,false,0,,,,,,,,,,,,,,312857000.0,132969000.0,,35589492.0,,,,,,0,,,,,,0,false,,,,,,,,2026-08-25,,StockholdersEquity,,,,,,,,,,,,,,,,,,,,,,,,,,,,,ineligible:gate0_status,,,
ADIG,2105139,ADI Global Distribution Inc.,"",NYSE,5072,Wholesale-Hardware,us-gaap,10-Q,USD,1231,2026,2026-04-04,false,false,"",unknown,"income_quality,fcf,sbc,ni_vs_oi,tax_anomaly","",carried_forward,carried_forward,carried_forward,"goodwill,intangibles",94,true,,234000000.0,,,,,,,,,,false,,,,,,,,false,false,false,,false,false,true,,,false,,,2044000000.0,1066000000.0,744000000.0,,,,false,PASS,,NOT_EVALUABLE,,NOT_EVALUABLE,,NOT_EVALUABLE,,NOT_EVALUABLE,,,NOT_EVALUABLE,,NOT_EVALUABLE,,0,insufficient,true,,,,,,,,,,false,0,,,,,,,,,,,,1063000000.0,706000000.0,2455000000.0,131000000.0,988000000.0,,,,,,,0,,,,,,0,false,,,,,,,,2026-08-25,,StockholdersEquity,,,,,,,,,,,,,,,,,,,,,,,,,,,,,ineligible:gate0_status,,,
CSQR,2105398,"CSQUARE, INC.","",NYSE,7370,"Services-Computer Programming, Data Processing, Etc.",us-gaap,10-Q,USD,1231,2026,2026-03-31,false,false,"",fail_stale,"income_quality,fcf,sbc,ni_vs_oi,tax_anomaly","",carried_forward,carried_forward,carried_forward,"goodwill,intangibles",90,true,,-1181801000.0,,,,,,,,,,false,,,,,,,,false,false,false,,false,false,true,,,false,,,-204009000.0,541493000.0,436299000.0,,,,true,FAIL,,NOT_EVALUABLE,,NOT_EVALUABLE,,NOT_EVALUABLE,,NOT_EVALUABLE,,,NOT_EVALUABLE,,NOT_EVALUABLE,,1,insufficient,true,,,,,,,,,,false,0,,,,,,,,,,,,537233000.0,404825000.0,-388617000.0,120843000.0,4890179000.0,,,,,,,0,,,,,,0,false,,,,,,,,2026-08-25,,StockholdersEquity,,,,,,,,,,,,,,,,,,,,,,,,,,,,,ineligible:gate0_status,,,
QNC,2106613,Quantum eMotion Corp,"",NYSE,7372,Services-Prepackaged Software,ifrs-full,40-F,CAD,1231,2025,2025-12-31,false,false,"",fail,"sbc,ni_vs_oi,tax_anomaly",goodwill,never_acquired,never_acquired,reported,"",,false,,41931907.0,0.3860657185379958,-4104260.0,-10937869.0,,,,,,,false,,-0.058585438973396846,,-10548287.0,,-4072332.0,31928.0,false,false,false,,false,false,true,,,false,,6833609.0,42238991.0,0.0,307084.0,246653.0,,186699446.0,false,PASS,true,FAIL,true,FAIL,true,FAIL,,NOT_EVALUABLE,,,NOT_EVALUABLE,,NOT_EVALUABLE,,0,insufficient,true,,,,,,,,-0.058585438973396846,,false,0,,,,0.5487948025593792,,,,,,,,,,,,,,,,,,,,,,,,,,false,,,,,,,,2026-08-25,PurchaseOfPropertyPlantAndEquipmentClassifiedAsInvestingActivities,Equity,,IntangibleAssetsOtherThanGoodwill,ProfitLoss,CashFlowsFromUsedInOperatingActivities,,AdjustmentsForSharebasedPayments,,,,,,,,,,,,,,,,,,,,,,,ineligible:gate0_status,,,
DPC,2107018,DPC Holdings PLC,"",NYSE,3360,Nonferrous Foundries (Castings),us-gaap,10-Q,USD,1231,2026,2026-03-29,false,false,"",fail_stale,"income_quality,fcf,sbc,ni_vs_oi,tax_anomaly","",carried_forward,carried_forward,carried_forward,"goodwill,intangibles",88,true,,-410600000.0,,,,,,,,,,false,,,,,,,,false,false,false,,false,false,true,,,false,,,-236800000.0,78300000.0,95500000.0,,,,true,FAIL,,NOT_EVALUABLE,,NOT_EVALUABLE,,NOT_EVALUABLE,,NOT_EVALUABLE,,,NOT_EVALUABLE,,NOT_EVALUABLE,,1,insufficient,true,,,,,,,,,,false,0,,,,,,,,,,,,76800000.0,88700000.0,772400000.0,844800000.0,572700000.0,113751488.0,,,,,,0,,,,,,0,false,,,,,,,,2026-08-25,,StockholdersEquity,,,,,,,,,,,,,,,,,,,,,,,,,,,,,ineligible:gate0_status,,,
INIO,2109150,INNIO N.V.,"",Nasdaq,3621,Motors & Generators,us-gaap,10-Q,USD,1231,2026,2026-03-31,false,false,"",fail_stale,"income_quality,fcf,sbc,ni_vs_oi,tax_anomaly","",carried_forward,carried_forward,carried_forward,"goodwill,intangibles",90,true,,-2227700000.0,,,,,,,,,,false,,,,,,,,false,false,false,,false,false,true,,,false,,,236200000.0,1686600000.0,777300000.0,,,,true,FAIL,,NOT_EVALUABLE,,NOT_EVALUABLE,,NOT_EVALUABLE,,NOT_EVALUABLE,,,NOT_EVALUABLE,,NOT_EVALUABLE,,1,insufficient,true,,,,,,,,,,false,0,,,,,,,,,,,,1648800000.0,719700000.0,209200000.0,1039900000.0,2618700000.0,750000000.0,,,,,,0,,,,,,0,false,,,,,,,,2026-08-25,,StockholdersEquityIncludingPortionAttributableToNoncontrollingInterest,,,,,,,,,,,,,,,,,,,,,,,,,,,,,ineligible:gate0_status,,,
EROC,2110029,"ERock, Inc.","",NYSE,3620,Electrical Industrial Apparatus,us-gaap,10-Q,USD,1231,2025,2025-12-31,false,false,"",unknown,"income_quality,fcf,sbc,ni_vs_oi,tax_anomaly","goodwill,intangibles",never_acquired,never_acquired,never_acquired,"",,true,,38000.0,,,,,48113000.0,,,,,false,,,,,,,,false,false,false,,false,false,true,,,false,,,38000.0,0.0,0.0,108097000.0,59984000.0,,false,PASS,,NOT_EVALUABLE,,NOT_EVALUABLE,,NOT_EVALUABLE,,NOT_EVALUABLE,,,NOT_EVALUABLE,,NOT_EVALUABLE,,0,insufficient,true,,,,,,,,,,false,0,,,,,,,,,,,,,,256572000.0,626636000.0,0.0,48174023.0,,,,,,0,,,,,,0,false,,,,,,,,2026-08-25,,StockholdersEquityIncludingPortionAttributableToNoncontrollingInterest,,,,,,,,,,,,,,,,,,,,,,,,,,,,,ineligible:gate0_status,,,
QNT,2110105,Quantinuum Inc.,"",Nasdaq,7373,Services-Computer Integrated Systems Design,us-gaap,10-Q,USD,1231,2025,2025-12-31,false,false,"",fail,"income_quality,fcf,sbc,ni_vs_oi,tax_anomaly","",reported,reported,reported,"",,true,,-725452000.0,,,,,,,,,,false,,,,,,,,false,false,false,,false,false,true,,,false,,,173652000.0,784822000.0,114282000.0,762642000.0,,,true,FAIL,,NOT_EVALUABLE,,NOT_EVALUABLE,,NOT_EVALUABLE,,NOT_EVALUABLE,,,NOT_EVALUABLE,,NOT_EVALUABLE,,1,insufficient,true,,,,,,,,,,false,0,,,,,,,,,,,,769631000.0,105105000.0,413082000.0,2106686000.0,,33914995.0,,,,,,0,,,,,,0,false,,,,,,,,2026-08-25,,StockholdersEquity,Goodwill,FiniteLivedIntangibleAssetsNet,,,,,,,,,,,,,,,,,,,,,,,,,,,ineligible:gate0_status,,,
ITG,2110117,"ITG, Inc./DE/","",Nasdaq,1623,"Water, Sewer, Pipeline, Comm & Power Line Construction",us-gaap,10-Q,USD,1231,2026,2026-03-31,false,false,"",fail_stale,"income_quality,fcf,sbc,ni_vs_oi,tax_anomaly","",carried_forward,carried_forward,carried_forward,"goodwill,intangibles",90,true,,-367576000.0,,,,,,,,,,false,,,,,,,,false,false,false,,false,false,true,,,false,,,31555000.0,187748000.0,211383000.0,,,,true,FAIL,,NOT_EVALUABLE,,NOT_EVALUABLE,,NOT_EVALUABLE,,NOT_EVALUABLE,,,NOT_EVALUABLE,,NOT_EVALUABLE,,1,insufficient,true,,,,,,,,,,false,0,,,,,,,,,,,,189193000.0,194888000.0,34376000.0,2486000.0,,160000000.0,,,,,,0,,,,,,0,false,,,,,,,,2026-08-25,,MembersEquity,,,,,,,,,,,,,,,,,,,,,,,,,,,,,ineligible:gate0_status,,,
GYGY,2111846,"Game Your Game, Inc.","",Nasdaq,7372,Services-Prepackaged Software,us-gaap,10-Q,USD,1231,2026,2026-03-31,false,false,"",fail,"income_quality,fcf,sbc,ni_vs_oi,tax_anomaly","goodwill,intangibles",never_acquired,never_acquired,never_acquired,"",,true,,-2338973.0,,,,,,,,,,false,,,,,,,,false,false,false,,false,false,true,,,false,,,-2338973.0,0.0,0.0,,,,true,FAIL,,NOT_EVALUABLE,,NOT_EVALUABLE,,NOT_EVALUABLE,,NOT_EVALUABLE,,,NOT_EVALUABLE,,NOT_EVALUABLE,,0,insufficient,true,,,,,,,,,,false,0,,,,,,,,,,,,,,-3159840.0,15991.0,,15000000.0,,,,,,0,,,,,,0,false,,,,,,,,2026-08-25,,StockholdersEquity,,,,,,,,,,,,,,,,,,,,,,,,,,,,,ineligible:gate0_status,,,
COAG,2114044,"Hemab Therapeutics Holdings, Inc.","",Nasdaq,2836,"Biological Products, (No Diagnostic Substances)",us-gaap,10-Q,USD,1231,2025,2025-12-31,false,false,"",fail,"income_quality,fcf,sbc,ni_vs_oi,tax_anomaly","goodwill,intangibles",never_acquired,never_acquired,never_acquired,"",,true,,-176635000.0,,,,,,,,,,false,,,,,,,,false,false,false,,false,false,true,,,false,,,-176635000.0,0.0,0.0,87974000.0,,,true,FAIL,,NOT_EVALUABLE,,NOT_EVALUABLE,,NOT_EVALUABLE,,NOT_EVALUABLE,,,NOT_EVALUABLE,,NOT_EVALUABLE,,0,insufficient,true,,,,,,,,,,false,0,,,,,,,,,,,,,,454271000.0,237366000.0,,15609236.0,,,,,,0,,,,,,0,false,,,,,,,,2026-08-25,,StockholdersEquity,,,,,,,,,,,,,,,,,,,,,,,,,,,,,ineligible:gate0_status,,,
AADX,2118195,"Applied Aerospace & Defense, Inc.","",NYSE,3728,"Aircraft Parts & Auxiliary Equipment, NEC",us-gaap,10-Q,USD,1231,2026,2026-03-31,false,false,"",fail_stale,"income_quality,fcf,sbc,ni_vs_oi,tax_anomaly","",carried_forward,carried_forward,carried_forward,"goodwill,intangibles",90,true,,-308375000.0,,,,,,,,,,false,,,,,,,,false,false,false,,false,false,true,,,false,,,233788000.0,342491000.0,199672000.0,,,,true,FAIL,,NOT_EVALUABLE,,NOT_EVALUABLE,,NOT_EVALUABLE,,NOT_EVALUABLE,,,NOT_EVALUABLE,,NOT_EVALUABLE,,1,insufficient,true,,,,,,,,,,false,0,,,,,,,,,,,,581427000.0,353299000.0,827881000.0,18108000.0,400491000.0,140398304.0,,,,,,0,,,,,,0,false,,,,,,,,2026-08-25,,StockholdersEquity,,,,,,,,,,,,,,,,,,,,,,,,,,,,,ineligible:gate0_status,,,
KARD,2123613,"Kardigan, Inc.","",Nasdaq,2834,Pharmaceutical Preparations,us-gaap,10-Q,USD,1231,2026,2026-03-31,false,false,"",fail_stale,"income_quality,fcf,sbc,ni_vs_oi,tax_anomaly",goodwill,carried_forward,never_acquired,carried_forward,intangibles,90,true,,-323851000.0,,,,,,,,,,false,,,,,,,,false,false,false,,false,false,true,,,false,,,-300626000.0,0.0,23225000.0,,,,true,FAIL,,NOT_EVALUABLE,,NOT_EVALUABLE,,NOT_EVALUABLE,,NOT_EVALUABLE,,,NOT_EVALUABLE,,NOT_EVALUABLE,,0,insufficient,true,,,,,,,,,,false,0,,,,,,,,,,,,,26418000.0,615522000.0,384005000.0,,19896149.0,,,,,,0,,,,,,0,false,,,,,,,,2026-08-25,,StockholdersEquity,,,,,,,,,,,,,,,,,,,,,,,,,,,,,ineligible:gate0_status,,,
OBX,2130606,"OBSIDIAN THERAPEUTICS, INC.","",Nasdaq,2834,Pharmaceutical Preparations,us-gaap,10-Q,USD,1231,2026,2026-04-10,false,false,"",unknown,"income_quality,fcf,sbc,ni_vs_oi,tax_anomaly","goodwill,intangibles",never_acquired,never_acquired,never_acquired,"",,true,,0.0,,,,,,,,,,false,,,,,,,,false,false,false,,false,false,true,,,false,,,0.0,0.0,0.0,0.0,,,false,PASS,,NOT_EVALUABLE,,NOT_EVALUABLE,,NOT_EVALUABLE,,NOT_EVALUABLE,,,NOT_EVALUABLE,,NOT_EVALUABLE,,0,insufficient,true,,,,,,,,,,false,0,,,,,,,,,,,,,,0.0,0.0,,,,,,,,0,,,,,,0,false,,,,,,,,2026-08-25,,StockholdersEquity,,,,,,,,,,,,,,,,,,,,,,,,,,,,,ineligible:gate0_status,,,
ANGX,1865200,"Angel Studios, Inc.",1671941,NYSE,7812,Services-Motion Picture & Video Tape Production,us-gaap,10-Q,USD,1231,2025,2025-12-31,false,false,"",fail,tax_anomaly,goodwill,never_acquired,never_acquired,reported,"",,false,,-29630359.0,0.48881175977457636,-92025399.0,-101692384.0,0.030062930484526188,,,1.038816788002872,,,false,-0.004305051988947373,-0.6550195047147062,321558306.0,-170478642.0,-164108478.0,-83331965.0,8693434.0,false,false,false,0.6029119617018481,false,false,false,"",-0.5301640132411942,false,0.06104842350310553,9666985.0,-25780324.0,0.0,3850035.0,44083233.0,,155250925.0,true,FAIL,true,FAIL,true,FAIL,true,FAIL,false,PASS,false,false,PASS,,NOT_EVALUABLE,,0,insufficient,true,,,,,,,,-0.6550195047147062,,false,0,-0.5103537210449168,,,0.7354673148171645,falling,413287246.0,-155002784.0,-44152459.0,9825192.0,11921075.0,-65898726.0,,2313410.0,-29329412.0,48036965.0,,176847037.0,,2.8040778551302643,1.4262966519844589,0.27457924687113683,,0,,,0.9423316320596518,,,0,false,,437791.0,14419077.0,,,-0.5103537210449168,-170491321.0,2026-08-25,PaymentsToAcquireSoftware,StockholdersEquityIncludingPortionAttributableToNoncontrollingInterest,,IntangibleAssetsNetExcludingGoodwill,NetIncomeLoss,NetCashProvidedByUsedInOperatingActivities,OperatingIncomeLoss,ShareBasedCompensation,,,1465425.0,16163997.0,,-130370173.0,-155004600.0,3509082.0,,,,,,,,,,,,,,,ineligible:gate0_status,,,
KNDI,1720250,"Kandi Technologies Group, Inc.",1316517,Nasdaq,3714,Motor Vehicle Parts & Accessories,us-gaap,20-F,USD,1231,2025,2025-12-31,false,false,tax_anomaly,fail,"","",reported,reported,reported,"",,false,,247251347.0,-1.031138104903166,96378502.0,89257424.0,0.08143961055984218,,-0.042963384127401597,1.6420456756568478,,-0.14027334932746613,true,,1.0675286621359297,87439981.0,-93883973.0,-57175007.0,96807342.0,428840.0,false,true,false,0.07521385629916047,false,false,true,,-1.0736961733786288,false,-0.10560074515673366,7121078.0,270061092.0,22491482.0,318263.0,35531096.0,,83611267.0,false,PASS,true,FAIL,false,PASS,false,PASS,false,PASS,false,false,PASS,true,FAIL,false,0,3y,true,-0.09460334365449097,,0.4611356398562225,,0.3422220132080656,,,1.0675286621359297,,false,1,-0.6538771663273806,,,-4728.242340839394,rising,,,,,,,,,,,,,,,,,,,,,,,,,false,,,5701609.0,,-12265499.0,-0.6538771663273806,-91633075.0,2026-08-25,PaymentsToAcquireOtherPropertyPlantAndEquipment,StockholdersEquity,Goodwill,IntangibleAssetsNetExcludingGoodwill,NetIncomeLoss,NetCashProvidedByUsedInOperatingActivities,OperatingIncomeLoss,ShareBasedCompensation,3936867.0,,,,,,,,,,,,,,,,,,,,,,ineligible:gate0_status,,,
LION,2052959,Lionsgate Studios Corp.,2006191,NYSE,7812,Services-Motion Picture & Video Tape Production,us-gaap,10-Q,USD,331,2026,2026-03-31,false,false,tax_anomaly,fail,"","",reported,reported,reported,"",,false,,-2065500000.0,-0.12506303580433686,11400000.0,-66600000.0,0.029637510449122273,-1598700000.0,-0.1016949152542373,-2.042224510813594,,0.016452617980089672,false,,-0.23335669236159776,2631800000.0,-198300000.0,97100000.0,24800000.0,13400000.0,false,false,false,0.7613636363636364,false,false,false,"",-0.07534767079565316,false,-0.005917884254346584,78000000.0,-1192900000.0,846800000.0,25800000.0,341500000.0,1940200000.0,285400000.0,true,FAIL,true,FAIL,false,PASS,true,FAIL,false,PASS,false,false,PASS,true,FAIL,false,3,insufficient,true,-0.05146019732262308,,,,1.0505130228887134,,,-0.23335669236159776,,false,0,0.03689490082833042,,,-0.00875942165554359,rising,2882500000.0,-118200000.0,109900000.0,12800000.0,117400000.0,-20300000.0,846800000.0,24700000.0,-1200200000.0,425800000.0,1902200000.0,291600000.0,,,,0.47670659821258793,,0,,,,2.4840579710144928,,0,false,,,17600000.0,,43300000.0,0.03689490082833042,-159300000.0,2026-08-25,PaymentsToAcquirePropertyPlantAndEquipment,StockholdersEquity,Goodwill,IntangibleAssetsNetExcludingGoodwill,NetIncomeLoss,NetCashProvidedByUsedInOperatingActivities,OperatingIncomeLoss,ShareBasedCompensation,16200000.0,,,17600000.0,,133300000.0,-95500000.0,17600000.0,,,,,,,,,,,,,,,ineligible:gate0_status,,,
PFSA,1859807,"PROFUSA, INC.",1479362,Nasdaq,3841,Surgical & Medical Instruments & Apparatus,us-gaap,10-Q,USD,1231,2025,2025-12-31,false,false,"",fail,"sbc,tax_anomaly","goodwill,intangibles",never_acquired,never_acquired,never_acquired,"",,false,,-26658000.0,0.4535633531530023,-16256000.0,-17147000.0,,,,1.2929690319786329,,,false,,-51.221464801859234,,-35823000.0,-27706000.0,-16248000.0,8000.0,false,false,false,,false,false,false,"",,false,,891000.0,-26658000.0,0.0,0.0,1778000.0,,334762.0,true,FAIL,true,FAIL,true,FAIL,true,FAIL,,NOT_EVALUABLE,,false,PASS,,NOT_EVALUABLE,,0,insufficient,true,,,,,,,,-51.221464801859234,,false,0,,,,-0.3665756407208756,rising,,-42970000.0,-20330000.0,,1184000.0,,,,-27127000.0,719000.0,,37372.0,,,,,,0,,,,,,0,false,,,,,,,,2026-08-25,PaymentsToAcquirePropertyPlantAndEquipment,StockholdersEquity,,,NetIncomeLoss,NetCashProvidedByUsedInOperatingActivities,OperatingIncomeLoss,ShareBasedCompensation,,,7106269.0,,,-31830000.0,-16752870.0,57771.0,,,,,,,,,,,,,,,ineligible:gate0_status,,,
UNIT,2020795,Uniti Group Inc.,1620280,Nasdaq,4813,Telephone Communications (No Radiotelephone),us-gaap,10-Q,USD,1231,2025,2025-12-31,false,false,ni_vs_oi,fail,tax_anomaly,"",reported,reported,reported,"",,false,,-2071300000.0,0.2684141948340615,-437600000.0,-461100000.0,0.010516894159767285,-9485900000.0,,4.979770992366412,0.10270754083687626,0.9034683374356679,true,,-1.7302063789868667,2234500000.0,1304700000.0,262000000.0,350200000.0,787800000.0,false,false,false,,false,false,false,"",0.5838890132020587,false,0.3286658549312924,23500000.0,380300000.0,1158300000.0,1293300000.0,53500000.0,9539400000.0,266500000.0,true,FAIL,true,FAIL,true,FAIL,true,FAIL,false,PASS,false,true,FAIL,,NOT_EVALUABLE,true,2,insufficient,true,,,,,,,,-1.7302063789868667,,false,0,0.11725218169612889,,,-0.043221895636013676,rising,3537100000.0,1077000000.0,506000000.0,1340800000.0,31300000.0,-866100000.0,1158500000.0,1137100000.0,161500000.0,608900000.0,10646600000.0,252500000.0,,,,,,0,,,,,,0,true,229500000.0,,,0.0,2018800000.0,0.11725218169612889,,2026-08-25,PaymentsToAcquireOtherPropertyPlantAndEquipment,StockholdersEquity,Goodwill,IntangibleAssetsNetExcludingGoodwill,NetIncomeLoss,NetCashProvidedByUsedInOperatingActivities,OperatingIncomeLoss,ShareBasedCompensation,-136500000.0,229500000.0,,,0.0,114400000.0,,-124900000.0,,,,,,,,,,,,,,,ineligible:gate0_status,,,
VNOM,2074176,"Viper Energy, Inc.",1602065,Nasdaq,1311,Crude Petroleum & Natural Gas,us-gaap,10-Q,USD,1231,2025,2025-12-31,false,false,ni_vs_oi,fail,"fcf,sbc","goodwill,intangibles",never_acquired,never_acquired,never_acquired,"",,true,,4448000000.0,-15.485294117647058,,,,-2173000000.0,0.08444444444444445,0.4857142857142857,,,false,,,1346000000.0,-68000000.0,-140000000.0,1053000000.0,,false,false,false,,false,false,false,"",-0.05052005943536404,false,0.8647140864714087,,4448000000.0,0.0,0.0,13000000.0,2186000000.0,142530000.0,false,PASS,true,FAIL,,NOT_EVALUABLE,,NOT_EVALUABLE,,NOT_EVALUABLE,,true,FAIL,false,PASS,,0,insufficient,true,,,,,,,,,,false,0,-0.10401188707280833,,,-3.522758206346605,falling,1969000000.0,59000000.0,1495000000.0,,,,,,5035000000.0,77000000.0,1678000000.0,187553000.0,,,,,,0,,,,,,0,false,,,,328000000.0,,-0.10401188707280833,-225000000.0,2026-08-25,,StockholdersEquity,,,NetIncomeLoss,NetCashProvidedByUsedInOperatingActivities,OperatingIncomeLoss,,-19000000.0,,,,401000000.0,251000000.0,156000000.0,53000000.0,,,,,,,,,,,,,,,ineligible:gate0_status,,,
JCSE,1905511,JE CLEANTECH HOLDINGS LIMITED,"",Nasdaq,3990,Miscellaneous Manufacturing Industries,us-gaap,20-F,USD,1231,2025,2025-12-31,true,false,"tax_anomaly,ni_vs_oi",pass,sbc,"goodwill,intangibles",never_acquired,never_acquired,never_acquired,"",,true,,15376000.0,0.8307508939213349,1446000.0,,,,0.046229632436528986,5.28781512605042,,,false,,,15783000.0,2517000.0,476000.0,2091000.0,645000.0,false,false,false,,false,false,false,"",0.1594753849078122,false,0.055970149253731345,,15376000.0,0.0,0.0,7723000.0,,5306666.0,false,PASS,false,PASS,false,PASS,,NOT_EVALUABLE,,NOT_EVALUABLE,,true,FAIL,true,FAIL,,0,insufficient,true,0.04328268721962081,,,,,,,,,false,0,0.030159031869733257,,,21.202413147846553,falling,11290000.0,-1070000.0,1905000.0,927000.0,,,,,12349000.0,3957000.0,,5306666.0,,,,,,0,,,,,,0,false,,,,,,0.030159031869733257,2639000.0,2026-08-25,PaymentsToAcquirePropertyPlantAndEquipment,StockholdersEquity,,,NetIncomeLoss,NetCashProvidedByUsedInOperatingActivities,OperatingIncomeLoss,,122000.0,,,,,-773000.0,-999000.0,71000.0,,,,,,,,,,,,,,,ineligible:min_revenue,,,
NCI,1916331,Neo-Concept International Group Holdings Limited,"",Nasdaq,2300,Apparel & Other Finishd Prods of  Fabrics & Similar Matl,us-gaap,20-F,USD,1231,2025,2025-12-31,true,true,"",pass,sbc,goodwill,never_acquired,never_acquired,reported,"",,true,,5852912.0,64.44298955766749,2231294.0,,,-311408.0,0.8134831362319348,0.1837613840209742,,,false,,,17633567.0,42615.0,231904.0,2746238.0,514944.0,false,false,false,,false,false,true,,0.002416697653968706,true,0.051931029807236,,7271904.0,0.0,1418992.0,299730.0,611138.0,4064018.0,false,PASS,false,PASS,false,PASS,,NOT_EVALUABLE,,NOT_EVALUABLE,,false,PASS,false,PASS,,0,insufficient,true,,,,,,,,,,false,0,0.013151281303436792,,,17.781954234358604,rising,,,,,,,,,,,,,,,,,,,,,,,,,false,,,,,,0.013151281303436792,228478.0,2026-08-25,PaymentsToAcquirePropertyPlantAndEquipment,StockholdersEquity,,IntangibleAssetsNetExcludingGoodwill,NetIncomeLoss,NetCashProvidedByUsedInOperatingActivities,OperatingIncomeLoss,,185863.0,,,,,,,,,,,,,,,,,,,,,,ineligible:min_revenue,,,
JL,1948436,J-LONG GROUP LIMITED,"",Nasdaq,5600,Retail-Apparel & Accessory Stores,us-gaap,20-F,USD,331,2025,2025-03-31,true,false,ni_vs_oi,pass,"","goodwill,intangibles",never_acquired,never_acquired,never_acquired,"",,false,,15044400.0,2.7864720227297965,6204518.0,5549923.0,0.0167522326883956,9277307.0,0.20744022062483872,1.0813052979726527,,,false,,1.7046149943086568,39075090.0,2593248.0,2398257.0,7226013.0,1021495.0,false,false,false,,false,false,true,,0.06636575885045946,false,0.16276998799526704,654595.0,15044400.0,0.0,0.0,10669134.0,1391827.0,3255822.0,false,PASS,false,PASS,false,PASS,false,PASS,false,PASS,false,true,FAIL,false,PASS,,0,insufficient,true,0.0067672695569929164,,,,,,,1.7046149943086568,,false,1,0.061375597599391325,,,0.38882136537017326,rising,,,,,,,,,,,,,,,,,,,,,,,,,false,,,,400455.0,,0.061375597599391325,3169906.0,2026-08-25,PaymentsToAcquirePropertyPlantAndEquipment,StockholdersEquityIncludingPortionAttributableToNoncontrollingInterest,,,NetIncomeLoss,NetCashProvidedByUsedInOperatingActivities,OperatingIncomeLoss,ShareBasedCompensation,657566.0,,,,,,,,,,,,,,,,,,,,,,ineligible:min_revenue,,,
CRE,2003977,Cre8 Enterprise Limited,"",Nasdaq,2750,Commercial Printing,us-gaap,20-F,USD,1231,2025,2025-12-31,true,true,"",pass,sbc,"goodwill,intangibles",never_acquired,never_acquired,never_acquired,"",,true,,6608743.0,2.1860092974414336,1390029.0,,,,0.23574882494166977,0.8998116865795833,,,false,,,16822196.0,678036.0,753531.0,1482193.0,92164.0,false,false,false,,false,false,true,,0.040306033766340614,false,,,6608743.0,0.0,0.0,7029041.0,,1935996.0,false,PASS,false,PASS,false,PASS,,NOT_EVALUABLE,,NOT_EVALUABLE,,false,PASS,false,PASS,,0,insufficient,true,,,,,,,,,,false,0,0.044793854500328016,,,1.6381353361566469,,,,,,,,,,2295184.0,1439242.0,,22500000.0,,,,,,0,,,,,,0,false,,,,,,0.044793854500328016,887190.0,2026-08-25,PaymentsToAcquirePropertyPlantAndEquipment,StockholdersEquity,,,NetIncomeLoss,NetCashProvidedByUsedInOperatingActivities,OperatingIncomeLoss,,209154.0,,,,,,,,,,,,,,,,,,,,,,ineligible:min_revenue,,,
AGRZ,2009233,Agroz Inc.,"",Nasdaq,0100,Agricultural Production-Crops,ifrs-full,20-F,MYR,1231,2024,2024-12-31,true,true,"",pass,sbc,"goodwill,intangibles",never_acquired,never_acquired,never_acquired,"",,true,,13734937.0,1.197839927615814,843721.0,,,350726.0,0.4465352986273566,0.09799167489699617,,,false,,,40860882.0,785807.0,8019120.0,941271.0,97550.0,false,false,false,,false,false,true,,0.019231278463347903,false,-0.06945200793118857,,13734937.0,0.0,0.0,390500.0,39774.0,20031151.0,false,PASS,false,PASS,false,PASS,,NOT_EVALUABLE,,NOT_EVALUABLE,,false,PASS,false,PASS,,0,insufficient,true,,,,,,,,,,false,0,0.19625420714119682,,,3.2852636802653734,falling,,,,,,,,,,,,,,,,,,,,,,,,,false,,,,,,0.19625420714119682,6345785.0,2026-08-25,PurchaseOfPropertyPlantAndEquipmentClassifiedAsInvestingActivities,Equity,,,ProfitLoss,CashFlowsFromUsedInOperatingActivities,ProfitLossFromOperatingActivities,,2833617.0,,,,,,,,,,,,,,,,,,,,,,ineligible:min_revenue,,,
RYOJ,2012600,"RYOJBABA CO., LTD.","",Nasdaq,8742,Services-Management Consulting Services,us-gaap,20-F,USD,1231,2025,2025-12-31,true,false,ni_vs_oi,pass,"",goodwill,never_acquired,never_acquired,reported,"",,false,,4993756.0,7.235916377707422,688484.0,151484.0,0.05752180017312241,2342779.0,1.256557699374045,-0.15805254650804135,,,false,,0.014419144554579847,9335591.0,119394.0,-755407.0,863925.0,175441.0,false,false,false,0.38019174175540793,false,false,true,,0.012789120688770535,true,0.11905113074316143,537000.0,6094665.0,0.0,1100909.0,6158462.0,3815683.0,10505755.0,false,PASS,false,PASS,false,PASS,false,PASS,false,PASS,false,true,FAIL,false,PASS,,0,insufficient,true,,,,,,,,0.014419144554579847,,false,1,-0.08091689106774279,,,2.780978017871684,rising,,,,,,,,,,,,,,,,,,,,,,,,,false,,,461454.0,,,-0.08091689106774279,-465369.0,2026-08-25,PaymentsToAcquirePropertyPlantAndEquipment,StockholdersEquity,,IntangibleAssetsNetExcludingGoodwill,NetIncomeLoss,NetCashProvidedByUsedInOperatingActivities,OperatingIncomeLoss,ShareBasedCompensation,-584763.0,,,,,,,,,,,,,,,,,,,,,,ineligible:min_revenue,,,
NCT,2018529,Intercont (Cayman) Limited,"",Nasdaq,4412,Deep Sea Foreign Transportation of  Freight,us-gaap,20-F,USD,630,2025,2025-06-30,true,true,"",pass,"sbc,tax_anomaly","goodwill,intangibles",never_acquired,never_acquired,never_acquired,"",,true,,24828018.0,2.3842939412105983,6347518.0,,,2739804.0,,0.6334068911762215,,,false,,,25135681.0,3104267.0,4900905.0,7401485.0,1053967.0,false,false,false,,false,false,false,"",0.12350041361521098,false,0.4161065257717721,,24828018.0,0.0,0.0,5648749.0,2908945.0,25414248.0,false,PASS,false,PASS,false,PASS,,NOT_EVALUABLE,,NOT_EVALUABLE,,false,PASS,,NOT_EVALUABLE,,0,insufficient,true,,,,,,,,,,false,0,0.1949780075582595,,,1.8984358180178924,rising,26541154.0,2450633.0,5791796.0,1115371.0,,,,,13178735.0,4905206.0,3709968.0,25000001.0,,,,,,0,,,,,,0,false,,,,,,0.1949780075582595,3104267.0,2026-08-25,PaymentsToAcquirePropertyPlantAndEquipment,StockholdersEquity,,,NetIncomeLoss,NetCashProvidedByUsedInOperatingActivities,OperatingIncomeLoss,,,,,,,4686649.0,2450633.0,,,,,,,,,,,,,,,,ineligible:min_revenue,,,
FMFC,2024656,Kandal M Venture Limited,"",Nasdaq,3100,Leather & Leather Products,ifrs-full,20-F,USD,331,2025,2025-03-31,true,true,"",pass,sbc,"goodwill,intangibles",never_acquired,never_acquired,never_acquired,"",,true,,378104.0,10.180447649435072,2117855.0,,,-1859272.0,0.08421342278361592,0.5592517810608748,,,false,,,17186677.0,209673.0,374917.0,2134565.0,16710.0,false,true,false,,false,false,true,,0.012199740531575708,true,0.0734388991372954,,378104.0,0.0,0.0,102697.0,1961969.0,16000000.0,false,PASS,false,PASS,false,PASS,,NOT_EVALUABLE,,NOT_EVALUABLE,,false,PASS,false,PASS,,0,insufficient,true,,,,,,,,,,false,0,0.02181439727993957,,,5.301656759685694,rising,,,,,,,,,,,,,,,,,,,,,,,,,false,,,,,,0.02181439727993957,228954.0,2026-08-25,PurchaseOfPropertyPlantAndEquipmentClassifiedAsInvestingActivities,Equity,,,ProfitLoss,CashFlowsFromUsedInOperatingActivities,ProfitLossFromOperatingActivities,,19281.0,,,,,,,,,,,,,,,,,,,,,,ineligible:min_revenue,,,
ACCL,2038378,ACCO GROUP HOLDINGS LIMITED,"",Nasdaq,8742,Services-Management Consulting Services,us-gaap,20-F,USD,630,2025,2025-06-30,true,true,"",pass,sbc,"goodwill,intangibles",never_acquired,never_acquired,never_acquired,"",,true,,2186884.0,1.505439330543933,1514942.0,,,,0.11325758989362303,0.9461248906153782,,,false,,,4852182.0,1021725.0,1079905.0,1538145.0,23203.0,false,true,false,,false,false,true,,0.2105702135657731,false,0.13155728704154612,,2186884.0,0.0,0.0,2450033.0,,12500000.0,false,PASS,false,PASS,false,PASS,,NOT_EVALUABLE,,NOT_EVALUABLE,,false,PASS,false,PASS,,0,insufficient,true,,,,,,,,,,false,0,0.22256069537375145,,,1.2647073825222714,rising,,,,,,,,,,,,,,,,,,,,,,,,,false,,,,,,0.22256069537375145,1152223.0,2026-08-25,PaymentsToAcquirePropertyPlantAndEquipment,StockholdersEquity,,,NetIncomeLoss,NetCashProvidedByUsedInOperatingActivities,OperatingIncomeLoss,,130498.0,,,,,,,,,,,,,,,,,,,,,,ineligible:min_revenue,,,
KMRK,2049187,K-TECH SOLUTIONS COMPANY LIMITED,"",Nasdaq,3944,"Games, Toys & Children's Vehicles (No Dolls & Bicycles)",us-gaap,20-F,USD,331,2026,2026-03-31,true,true,"",pass,sbc,"goodwill,intangibles",never_acquired,never_acquired,never_acquired,"",,true,,7100334.0,4.944453843775341,847293.0,,,,0.5034991165310083,0.6272992102354655,,,false,,,16155124.0,171407.0,273246.0,847514.0,221.0,false,true,false,0.0007687598269072896,false,false,true,,0.010610070216731236,false,0.0497981228207934,,7100334.0,0.0,0.0,9152503.0,,21100000.0,false,PASS,false,PASS,false,PASS,,NOT_EVALUABLE,,NOT_EVALUABLE,,false,PASS,false,PASS,,0,insufficient,true,-0.009784027489904257,,,,,,,,,false,0,0.016913890602139606,,,1.612601343652738,rising,,,,,,,,,,,,,,,,,,,,,,,,,false,,,287476.0,,,0.016913890602139606,345230.0,2026-08-25,PaymentsToAcquirePropertyPlantAndEquipment,StockholdersEquity,,,NetIncomeLoss,NetCashProvidedByUsedInOperatingActivities,OperatingIncomeLoss,,173823.0,,,,,,,,,,,,,,,,,,,,,,ineligible:min_revenue,,,
GRVT,2078037,GreenVector Holdings Limited,"",,3241,"Cement, Hydraulic",us-gaap,20-F,USD,331,2026,2026-03-31,true,true,"",pass,"","goodwill,intangibles",never_acquired,never_acquired,never_acquired,"",,false,,4024820.0,1.8258147419072617,112506.0,112314.0,0.000043944122301985384,,0.5506247465998304,0.840338193848793,,,false,,0.010210363636363637,4369185.0,109728.0,130576.0,200343.0,87837.0,false,false,false,,false,false,true,,0.025114065895584646,false,-0.01803740401663459,192.0,4024820.0,0.0,0.0,1178168.0,,11000000.0,false,PASS,false,PASS,false,PASS,false,PASS,false,PASS,false,false,PASS,false,PASS,,0,insufficient,true,,,,,,,,0.010210363636363637,,false,1,0.029885665175541892,,,-1.7249877715237156,rising,,,,,,,,,,,,,,,,,,,,,,,,,false,,,,,,0.029885665175541892,244179.0,2026-08-25,PaymentsToAcquirePropertyPlantAndEquipment,StockholdersEquity,,,NetIncomeLoss,NetCashProvidedByUsedInOperatingActivities,OperatingIncomeLoss,AllocatedShareBasedCompensationExpense,134451.0,,,,,,,,,,,,,,,,,,,,,,ineligible:min_revenue,,,
BUDA,2079720,"BUDA JUICE, INC.","",NYSE,2080,Beverages,us-gaap,10-Q,USD,1231,2025,2025-12-31,true,false,ni_vs_oi,pass,"sbc,tax_anomaly","goodwill,intangibles",never_acquired,never_acquired,never_acquired,"",,true,,2525000.0,0.8915935465609963,2904000.0,,,1055000.0,,1.0243548854740505,,,false,,,12609000.0,3533000.0,3449000.0,3150000.0,246000.0,false,false,false,,false,false,false,"",0.2801966849076057,false,,,2525000.0,0.0,0.0,1702000.0,647000.0,14000.0,false,PASS,false,PASS,false,PASS,,NOT_EVALUABLE,,NOT_EVALUABLE,,true,FAIL,,NOT_EVALUABLE,,0,insufficient,true,,,,,,,,,,false,0,0.2735347767467682,,,1.0017564822900114,,14078000.0,2414000.0,2257000.0,,,,,,21635000.0,18819000.0,755000.0,12719000.0,,,,,,0,,,,,,0,false,,,,,,0.2735347767467682,,2026-08-25,PaymentsToAcquirePropertyPlantAndEquipment,StockholdersEquity,,,NetIncomeLoss,NetCashProvidedByUsedInOperatingActivities,OperatingIncomeLoss,,0.0,,,,,2539000.0,,470000.0,,,,,,,,,,,,,,,ineligible:min_revenue,,,
ELE,2086771,ELEMENTAL ROYALTY CORPORATION,"",Nasdaq,1040,Gold and Silver Ores,ifrs-full,40-F,USD,1231,2025,2025-12-31,true,true,"",pass,"","goodwill,intangibles",never_acquired,never_acquired,never_acquired,"",,false,,780415000.0,17.38769751693002,30807000.0,28371000.0,0.05581651123891575,53143000.0,0.7178343949044586,0.3355425108880894,,,false,,0.9464819518392111,43643000.0,1772000.0,5281000.0,30811000.0,4000.0,false,true,false,0.00024451372333272203,false,false,true,,0.040602158421740024,true,,2436000.0,780415000.0,0.0,0.0,53143000.0,0.0,29975215.0,false,PASS,false,PASS,false,PASS,false,PASS,false,PASS,false,false,PASS,false,PASS,,0,insufficient,true,,,,,,,,0.9464819518392111,,false,1,0.12100451389684486,,,2.078464143080396,,,,,,,,,,,,,,,,,,,,,,,,,,false,,,16359000.0,,,0.12100451389684486,6280000.0,2026-08-25,PurchaseOfPropertyPlantAndEquipmentClassifiedAsInvestingActivities,Equity,,,ProfitLoss,CashFlowsFromUsedInOperatingActivities,ProfitLossFromOperatingActivities,AdjustmentsForSharebasedPayments,4508000.0,,,,,,,,,,,,,,,,,,,,,,ineligible:min_revenue,,,
PHI,78150,PLDT Inc.,"",NYSE,4813,Telephone Communications (No Radiotelephone),ifrs-full,20-F,PHP,1231,2024,2024-12-31,true,true,"",pass,sbc,"",reported,reported,reported,"",,true,,50955000000.0,2.510551374596836,16063000000.0,,,-271575000000.0,0.23746281591830043,0.6448194584744588,,0.0005949278938169006,false,,,216833000000.0,32555000000.0,50487000000.0,81731000000.0,65668000000.0,false,false,false,1.1728941916124884,false,false,true,,0.15013858591635038,false,-0.024784451121049902,,115419000000.0,62941000000.0,1523000000.0,10011000000.0,281586000000.0,216056000.0,false,PASS,false,PASS,false,PASS,,NOT_EVALUABLE,,NOT_EVALUABLE,,false,PASS,false,PASS,false,0,insufficient,true,0.04104110296609487,,,,,,,,,false,0,0.23283817500103768,,,4.268717110761588,falling,,,,,,,,,,,,,,,,,,,,,,,,,false,,,55988000000.0,20750000000.0,129000000.0,0.23283817500103768,42693000000.0,2026-08-25,PurchaseOfPropertyPlantAndEquipmentClassifiedAsInvestingActivities,EquityAttributableToOwnersOfParent,Goodwill,IntangibleAssetsOtherThanGoodwill,ProfitLoss,CashFlowsFromUsedInOperatingActivities,ProfitLossFromOperatingActivities,,10138000000.0,,,,,,,,,,,,,,,,,,,,,,growth,,,
SFD,91388,"SMITHFIELD FOODS, INC.","",Nasdaq,2011,Meat Packing Plants,us-gaap,10-Q,USD,103,2025,2025-12-28,true,true,"",pass,"","",reported,reported,reported,"",,false,,3918000000.0,1.0729483282674772,718000000.0,709000000.0,0.0005794861889124976,,0.22283464566929134,0.7639318885448917,,0.0002575494172944434,false,,1.805444078013427,15531000000.0,987000000.0,1292000000.0,1059000000.0,341000000.0,false,false,false,1.0271084337349397,false,false,false,"",0.06355031871740391,false,-0.003825136612021858,9000000.0,6801000000.0,1623000000.0,1260000000.0,1539000000.0,,392701169.0,false,PASS,false,PASS,false,PASS,false,PASS,false,PASS,false,false,PASS,false,PASS,false,0,insufficient,true,,,,,,,,1.805444078013427,,false,3,0.08318846178610521,,,14.16823726655271,falling,15473000000.0,1059000000.0,1155000000.0,348000000.0,,,1625000000.0,1258000000.0,7004000000.0,1350000000.0,,395284096.0,,,0.0076902678334659245,-0.02271526677231907,,0,,,0.37551020408163266,,,0,false,,,332000000.0,396000000.0,4000000.0,0.08318846178610521,1270000000.0,2026-08-25,PaymentsToAcquireProductiveAssets,StockholdersEquity,Goodwill,IntangibleAssetsNetExcludingGoodwill,NetIncomeLoss,NetCashProvidedByUsedInOperatingActivitiesContinuingOperations,OperatingIncomeLoss,ShareBasedCompensation,283000000.0,,,336000000.0,445000000.0,1333000000.0,1335000000.0,284000000.0,,,,,,,,,,,,,,,growth,,,
VMI,102729,"Valmont Industries, Inc.","",NYSE,3440,Fabricated Structural Metal Products,us-gaap,10-Q,USD,1226,2025,2025-12-27,true,true,"",pass,tax_anomaly,"",reported,reported,reported,"",,false,,940492000.0,1.3032234856811686,311449000.0,287141000.0,0.005922854743863578,-608523000.0,,0.8428614741948525,,-0.015992292589219272,true,0.6898666508788366,14.40241761548879,4104102000.0,350273000.0,415576000.0,456484000.0,145035000.0,false,false,false,1.6386469172626512,false,false,false,pretax_income,0.08534705034134142,false,0.06984073676076115,24308000.0,1632787000.0,570954000.0,121341000.0,187140000.0,795663000.0,19937000.0,false,PASS,false,PASS,false,PASS,false,PASS,false,PASS,false,false,PASS,,NOT_EVALUABLE,false,0,3y,true,-0.01885214393476775,,0.17594840033159231,,8.856672845227061,,-3.2834876471409298,14.40241761548879,17.68590526262972,true,4,0.10125869191360254,,,1.6604274146140987,falling,4232126000.0,494983000.0,475328000.0,153233000.0,22350000.0,299745000.0,584126000.0,116772000.0,1726753000.0,139051000.0,730685000.0,19571000.0,0.010397821756848126,0.025294679834342148,0.06177874249211298,0.06486233851285234,0.019987761292578347,5,,,0.979403062250438,,,0,false,,198089000.0,88509000.0,52481000.0,-65634000.0,0.10125869191360254,,2026-08-25,PaymentsToAcquirePropertyPlantAndEquipment,StockholdersEquity,Goodwill,IntangibleAssetsNetExcludingGoodwill,NetIncomeLoss,NetCashProvidedByUsedInOperatingActivities,OperatingIncomeLoss,ShareBasedCompensation,23864000.0,,215622000.0,91560000.0,55041000.0,579723000.0,,49889000.0,,,,,,,,,,,,,,,growth,,,
REX,744187,REX AMERICAN RESOURCES CORPORATION,"",NYSE,2860,Industrial Organic Chemicals,us-gaap,10-Q,USD,131,2025,2026-01-31,true,true,"",pass,"ni_vs_oi,tax_anomaly","goodwill,intangibles",never_acquired,never_acquired,never_acquired,"",,false,,610712000.0,1.2393398826177504,49390000.0,45185000.0,0.006464387451248065,,,,,,false,0.7388071262587141,1.3606661045531196,650487000.0,95074000.0,,117829000.0,68439000.0,false,false,false,4.461473272490221,false,false,false,"",0.14615818609749312,false,,4205000.0,610712000.0,0.0,0.0,188734000.0,,33208000.0,false,PASS,false,PASS,false,PASS,false,PASS,false,PASS,false,,NOT_EVALUABLE,,NOT_EVALUABLE,,0,insufficient,true,0.2040385539331695,,,,-0.3329009242743636,,0.9765748654637544,1.3606661045531196,0.38409123908936527,false,3,,,,1.6697232768303323,rising,648646000.0,106080000.0,119216000.0,73178000.0,6174000.0,39864000.0,,,629235000.0,117668000.0,,33116000.0,-0.01793079494638128,0.07025075090277075,0.004277292039547797,-0.011626878868258179,-0.004706171062885364,0,0.617051116442148,,,-0.323053199691596,,0,false,,33383000.0,15340000.0,,,,,2026-08-25,PaymentsToAcquirePropertyPlantAndEquipment,StockholdersEquity,,,ProfitLoss,NetCashProvidedByUsedInOperatingActivities,,AllocatedShareBasedCompensationExpense,21587000.0,,713000.0,16356000.0,,,,23070000.0,,,,,,,,,,,,,,,growth,,,
CMT,1026655,"CORE MOLDING TECHNOLOGIES, INC.","",NYSE,3089,"Plastics Products, NEC",us-gaap,10-Q,USD,1231,2025,2025-12-31,true,true,"",pass,"","",reported,reported,reported,"",,false,,137316000.0,1.713711478338544,1917000.0,129000.0,0.006530361799574869,18344000.0,0.23724194317639843,0.7873821915881277,,-0.0034733635746060964,false,24.6046511627907,0.014830995631179582,273798000.0,11195000.0,14218000.0,19185000.0,17268000.0,false,false,false,1.3984450923226432,true,false,false,"",0.040887807799910886,false,0.04770573645382854,1788000.0,158171000.0,17376000.0,3479000.0,38058000.0,19714000.0,8698000.0,false,PASS,false,PASS,false,PASS,false,PASS,false,PASS,false,false,PASS,false,PASS,false,0,3y,true,0.071833037998704,,-0.8279669605150046,,2.9129613301423354,,0.9804597701149426,0.014830995631179582,-0.9656287744837629,false,5,0.05192879422055676,,,1.714019683274763,rising,254424000.0,7348000.0,16661000.0,24963000.0,1659000.0,-9961000.0,17376000.0,3021000.0,161077000.0,12134000.0,0.0,8725000.0,-0.19943281455501974,,-0.046609273032043874,-0.20835699592372442,,0,,,-4.007395424081349,,,0,false,,3174000.0,12348000.0,,-951000.0,0.05192879422055676,14677000.0,2026-08-25,PaymentsToAcquirePropertyPlantAndEquipment,StockholdersEquity,Goodwill,IntangibleAssetsNetExcludingGoodwill,NetIncomeLoss,NetCashProvidedByUsedInOperatingActivities,OperatingIncomeLoss,ShareBasedCompensation,3482000.0,,3186000.0,12188000.0,,9224000.0,9528000.0,2180000.0,,,,,,,,,,,,,,,growth,,,
IBTA,1538379,"IBOTTA, INC.","",NYSE,7310,Services-Advertising,us-gaap,10-Q,USD,1231,2025,2025-12-31,true,false,ni_vs_oi,pass,"","goodwill,intangibles",never_acquired,never_acquired,never_acquired,"",,false,,287651000.0,26.65006993006993,60971000.0,16827000.0,0.12892937565167106,,0.6369452625165025,-4.25089179548157,,,false,13.845070422535212,0.5590257914972333,342389000.0,3575000.0,-841000.0,95274000.0,34303000.0,false,false,false,4.122956730769231,false,false,false,"",0.010441340113146158,true,0.17497664332561547,44144000.0,287651000.0,0.0,0.0,186612000.0,,30100579.0,false,PASS,false,PASS,false,PASS,false,PASS,false,PASS,true,true,FAIL,false,PASS,,0,insufficient,true,0.17566534086491514,,,,-8.072942911245365,,,0.5590257914972333,,false,3,-0.002456270499344313,,,9.644095388370898,rising,343174000.0,-11021000.0,93191000.0,34627000.0,48476000.0,10088000.0,,,241573000.0,148173000.0,0.0,23710471.0,-0.02157496076245934,-0.15575790146114926,-0.024723910421642584,0.03343058736007625,0.029605063540711345,2,,,0.5636583400483481,,,0,false,,232971000.0,8320000.0,,,-0.002456270499344313,9847000.0,2026-08-25,PaymentsToAcquirePropertyPlantAndEquipment+PaymentsToDevelopSoftware,StockholdersEquity,,,NetIncomeLoss,NetCashProvidedByUsedInOperatingActivities,OperatingIncomeLoss,ShareBasedCompensation,6272000.0,,163579000.0,9955000.0,,-11985000.0,-4389000.0,6632000.0,,,,,,,,,,,,,,,growth,,,
RDDT,1713445,"Reddit, Inc.","",NYSE,7374,Services-Computer Processing & Data Preparation,us-gaap,10-Q,USD,1231,2025,2025-12-31,true,false,"tax_anomaly,sbc,ni_vs_oi",pass,"","",reported,reported,reported,"",,false,,2871343000.0,1.3042242992065634,684169000.0,340989000.0,0.15581342343675794,,-0.0019501030849836387,1.1985071857804808,0.0,-0.004496242007967288,true,,1.6871624929125757,2202506000.0,529721000.0,441984000.0,690875000.0,6706000.0,false,true,false,0.4204915976925006,false,false,false,"",0.2405083118956316,false,-0.17432331420881586,343180000.0,2929038000.0,42174000.0,15521000.0,953569000.0,,202107978.0,false,PASS,false,PASS,false,PASS,false,PASS,true,FAIL,true,true,FAIL,true,FAIL,false,1,insufficient,true,0.489345066754274,,,,-2.717222330982846,,,1.6871624929125757,,false,1,0.20067323312626617,,,0.5575652355646317,rising,2778834000.0,871095000.0,1026095000.0,7446000.0,337984000.0,680665000.0,42174000.0,10565000.0,3285700000.0,1486838000.0,,202326864.0,0.7768685273699784,0.6790851755843962,0.6908178947448905,0.6110118148138511,-0.04858374185078873,0,3.077033440017658,1.6057151802359504,1.4578630162955473,1.3527150668615668,-0.5320807283408676,0,true,0.0,,15948000.0,,-9903000.0,0.20067323312626617,528690000.0,2026-08-25,PaymentsToAcquirePropertyPlantAndEquipment,StockholdersEquity,Goodwill,IntangibleAssetsNetExcludingGoodwill,NetIncomeLoss,NetCashProvidedByUsedInOperatingActivities,OperatingIncomeLoss,ShareBasedCompensation,-1031000.0,0.0,,16519000.0,,784998000.0,877958000.0,6863000.0,,,,,,,,,,,,,,,growth,,,
ARDT,1756655,"Ardent Health, Inc.","",NYSE,8062,"Services-General Medical & Surgical Hospitals, NEC",us-gaap,10-Q,USD,1231,2025,2025-12-31,true,true,"",pass,"sbc,ni_vs_oi","",reported,reported,reported,"",,true,,396047000.0,3.464446915198327,258606000.0,,,-389625000.0,0.1963381501477172,,0.00039593070516934654,,false,,,6324339000.0,135811000.0,,470510000.0,211904000.0,false,false,false,1.3609500138083401,false,false,false,"",0.021474339057409794,false,,,1287898000.0,879451000.0,12400000.0,709601000.0,1099226000.0,141450309.0,false,PASS,false,PASS,false,PASS,,NOT_EVALUABLE,,NOT_EVALUABLE,,,NOT_EVALUABLE,false,PASS,,0,insufficient,true,0.07227971828628998,,,,,,,,,false,0,,,,3.0249849115508165,falling,6405940000.0,78227000.0,514320000.0,209565000.0,,,879262000.0,,1350548000.0,724476000.0,1101782000.0,142414946.0,0.11853805781415713,0.08754829057736252,0.06988620349257364,-0.014000656423222796,-0.04152782297969286,0,,,-0.851556766956704,,,0,false,2504000.0,,155703000.0,,,,286358000.0,2026-08-25,PaymentsForProceedsFromProductiveAssets,StockholdersEquity,Goodwill,FiniteLivedIntangibleAssetsNet,NetIncomeLoss,NetCashProvidedByUsedInOperatingActivities,,,56223000.0,27498000.0,,164521000.0,,,207962000.0,39316000.0,,,,,,,,,,,,,,,growth,,,
JBS,1791942,JBS N.V.,"",NYSE,2011,Meat Packing Plants,ifrs-full,20-F,USD,1231,2025,2025-12-31,true,true,"",pass,"","",reported,reported,reported,"",,false,,1025413000.0,1.3148997754050602,832684000.0,803833000.0,0.0003347598054594287,4374138000.0,0.14903114073284796,0.5360493134442891,,0.005312274124734397,false,,0.7522941711601709,86184182000.0,2229792000.0,4159677000.0,2931953000.0,2099269000.0,false,false,false,0.9093570772616222,false,false,false,"",0.02587240428875916,false,0.014867908763915933,28851000.0,8703580000.0,5852575000.0,1825592000.0,4565136000.0,190998000.0,1068508877.0,false,PASS,false,PASS,false,PASS,false,PASS,false,PASS,false,false,PASS,false,PASS,false,1,insufficient,true,,,,,,,,0.7522941711601709,,false,3,0.04826497047915359,,,-4.864259881356844,rising,83094813000.0,2253146000.0,2536210000.0,1790752000.0,25549000.0,719909000.0,5898192000.0,1848912000.0,8717331000.0,3558215000.0,212989000.0,1109058185000.0,,,,,,0,,,,,,0,false,,,2308520000.0,1573855000.0,457834000.0,0.04826497047915359,2620298000.0,2026-08-25,PurchaseOfPropertyPlantAndEquipmentClassifiedAsInvestingActivities,EquityAttributableToOwnersOfParent,Goodwill,IntangibleAssetsOtherThanGoodwill,ProfitLoss,CashFlowsFromUsedInOperatingActivities,ProfitLossFromOperatingActivities,AdjustmentsForSharebasedPayments,390506000.0,,,2240784000.0,2330075000.0,4173433000.0,2855209000.0,602063000.0,,,,,,,,,,,,,,,growth,,,
GRDN,1802255,"Guardian Pharmacy Services, Inc.","",NYSE,5912,Retail-Drug Stores and Proprietary Stores,us-gaap,10-Q,USD,1231,2025,2025-12-31,true,true,"",pass,"","",reported,reported,reported,"",,false,,119706000.0,2.036916637883744,86839000.0,72989000.0,0.009560394426669705,,0.3332062160358471,0.6770058183518796,,0.009670839416436285,false,,,1448685000.0,49219000.0,72701000.0,100255000.0,13416000.0,false,false,false,0.6006715916722632,false,false,false,"",0.033974949695758566,false,,13850000.0,217924000.0,79743000.0,18475000.0,65619000.0,,,false,PASS,false,PASS,false,PASS,false,PASS,false,PASS,false,false,PASS,false,PASS,false,1,insufficient,true,,,,,,,,,,false,0,0.050184132506376475,,,0.7551162923532326,,1463406000.0,65908000.0,98856000.0,4496000.0,10229000.0,84131000.0,79743000.0,16619000.0,257642000.0,89807000.0,28665000.0,,,0.20049428581425158,0.022128220389422668,0.02158950321490181,,0,,,,,,0,false,,,22335000.0,,14010000.0,0.050184132506376475,73423000.0,2026-08-25,PaymentsToAcquireProductiveAssets,StockholdersEquityIncludingPortionAttributableToNoncontrollingInterest,Goodwill,IntangibleAssetsNetExcludingGoodwill,NetIncomeLoss,NetCashProvidedByUsedInOperatingActivities,OperatingIncomeLoss,ShareBasedCompensation,24465000.0,,,23363000.0,,85435000.0,95815000.0,29292000.0,,,,,,,,,,,,,,,growth,,,
LGCY,1836754,LEGACY EDUCATION INC.,"",NYSE,8200,Services-Educational Services,us-gaap,10-Q,USD,630,2025,2025-06-30,true,true,"",pass,"","",reported,reported,reported,"",,false,,30333417.0,1.031059170994469,6923919.0,6371119.0,0.008614882568070312,18909743.0,0.3164883533982066,0.7544548415503359,,0.120399996727342,false,,0.5022547038888971,64168025.0,7534232.0,9986326.0,7768239.0,844320.0,false,false,false,1.9114457640395004,false,false,false,"",0.11741411707778134,false,0.10214469515805924,552800.0,41043520.0,6852076.0,3858027.0,20316357.0,1406614.0,12685036.0,false,PASS,false,PASS,false,PASS,false,PASS,false,PASS,false,false,PASS,false,PASS,true,0,insufficient,true,,,,,,,,0.5022547038888971,,false,1,0.15562776008767606,,,0.6723118107560593,rising,77904607.0,8485925.0,5881501.0,1132287.0,1130452.0,3618762.0,6846911.0,3843319.0,49517960.0,21681064.0,645483.0,13949964.0,,0.38528360865345324,0.4070006939425751,0.1502425640819989,,0,,-0.7254873640334193,,,,0,false,,,441718.0,,7725830.0,0.15562776008767606,11022829.0,2026-08-25,PaymentsToAcquirePropertyPlantAndEquipment,StockholdersEquity,Goodwill,IntangibleAssetsNetExcludingGoodwill,NetIncomeLoss,NetCashProvidedByUsedInOperatingActivities,OperatingIncomeLoss,ShareBasedCompensation,3488597.0,,,577767.0,,11187897.0,12344451.0,3858526.0,,,,,,,,,,,,,,,growth,,,
FLX,1858724,BingEx Limited,"",Nasdaq,4210,Trucking & Courier Services (No Air),us-gaap,20-F,USD,1231,2025,2025-12-31,true,false,"tax_anomaly,ni_vs_oi",pass,"","goodwill,intangibles",never_acquired,never_acquired,never_acquired,"",,false,,119464000.0,0.904971881390593,14142000.0,7503000.0,0.011629862417623997,,0.0025497195308516064,2.3633892161304937,,,false,1.0442489670798347,0.03597626768897893,570858000.0,15648000.0,6621000.0,14161000.0,19000.0,false,false,false,,false,false,true,,0.027411370253197818,false,,6639000.0,119464000.0,0.0,0.0,80240000.0,,208554152.0,false,PASS,false,PASS,false,PASS,false,PASS,false,PASS,false,true,FAIL,true,FAIL,,0,insufficient,true,,,,,,,,0.03597626768897893,,false,1,0.011598330933437036,,,0.4450106092889375,,,,,,,,,,,,,,,,,,,,,,,,,,false,,7835000.0,,,,0.011598330933437036,15688000.0,2026-08-25,PaymentsToAcquirePropertyPlantAndEquipment,StockholdersEquity,,,NetIncomeLoss,NetCashProvidedByUsedInOperatingActivities,OperatingIncomeLoss,ShareBasedCompensation,40000.0,,,,,,,,,,,,,,,,,,,,,,growth,,,
XZO,1873951,"Exzeo Group, Inc.","",NYSE,7372,Services-Prepackaged Software,us-gaap,10-Q,USD,1231,2025,2025-12-31,true,true,"",pass,"","goodwill,intangibles",never_acquired,never_acquired,never_acquired,"",,false,,254156000.0,1.2120750703935999,97454000.0,94818000.0,0.012148585123052816,,0.24972799477749974,0.7807245966600622,,,false,0.01571431584720201,1.1826969851941476,216980000.0,82749000.0,105990000.0,100298000.0,2844000.0,false,false,false,1.1791044776119404,false,false,false,"",0.3813669462623283,false,0.02891331665402511,2636000.0,254156000.0,0.0,0.0,305372000.0,,80171000.0,false,PASS,false,PASS,false,PASS,false,PASS,false,PASS,false,false,PASS,false,PASS,,0,insufficient,true,,,,,,,,1.1826969851941476,,false,3,0.48847820075583004,,,0.9240631634351523,rising,221803000.0,86810000.0,83659000.0,2128000.0,2706000.0,78825000.0,,,288171000.0,136731000.0,,88306000.0,,,,,,0,,,,,,0,false,,1490000.0,2412000.0,,,0.48847820075583004,110292000.0,2026-08-25,PaymentsToAcquireProductiveAssets,StockholdersEquity,,,NetIncomeLoss,NetCashProvidedByUsedInOperatingActivitiesContinuingOperations,OperatingIncomeLoss,ShareBasedCompensation,27543000.0,,11533000.0,2356000.0,,107604000.0,116220000.0,29410000.0,,,,,,,,,,,,,,,growth,,,
INGM,1897762,INGRAM MICRO HOLDING CORP,"",NYSE,5045,Wholesale-Computers & Peripheral Equipment & Software,us-gaap,10-Q,USD,1228,2025,2025-12-27,true,true,"",pass,"","",reported,reported,reported,"",,false,,2681860000.0,2.794075307580166,785373000.0,764256000.0,0.0004017979741063401,-885057000.0,0.3822335771374309,0.3738984272368997,,-0.0007549052717085307,false,,3.247313064457611,52556263000.0,327882000.0,876928000.0,916127000.0,130754000.0,false,false,false,0.6630998143884455,true,true,false,"",0.006238685577777857,false,0.019657365626954866,21117000.0,4248418000.0,854749000.0,711809000.0,1864724000.0,2749781000.0,235350268.0,false,PASS,false,PASS,false,PASS,false,PASS,false,PASS,false,false,PASS,false,PASS,false,0,insufficient,true,0.011231251177175938,,,,-2.2342356115107913,,-2.2342356115107913,3.247313064457611,5.481548675968402,true,2,0.01668550901345478,,,1.4081102655038868,rising,55975514000.0,430603000.0,-96577000.0,135016000.0,36239000.0,-267832000.0,850788000.0,662825000.0,4280022000.0,808973000.0,2558665000.0,233562978.0,,0.07150842481799136,0.13697251890607184,0.13577606488563818,,0,,,-3.406278919219523,,,0,false,,,197186000.0,78376000.0,-39675000.0,0.01668550901345478,530754000.0,2026-08-25,PaymentsToAcquirePropertyPlantAndEquipment,StockholdersEquity,Goodwill,IntangibleAssetsNetExcludingGoodwill,NetIncomeLoss,NetCashProvidedByUsedInOperatingActivities,OperatingIncomeLoss,ShareBasedCompensation,202872000.0,,,198170000.0,75900000.0,992133000.0,668618000.0,238015000.0,,,,,,,,,,,,,,,growth,,,
ARIS,1964504,Aris Mining Corp,"",NYSE,1040,Gold and Silver Ores,ifrs-full,40-F,USD,1231,2025,2025-12-31,true,true,"",pass,"","goodwill,intangibles",never_acquired,never_acquired,never_acquired,"",,false,,1446060000.0,4.699417886752514,129068000.0,86988000.0,0.045361251487607585,-127588000.0,0.6167578504135863,0.2208494380396642,,,false,,0.4612674607256512,927664000.0,79366000.0,359367000.0,372974000.0,243906000.0,false,false,false,,false,false,true,,0.08555468359233516,false,0.24309430523103867,42080000.0,1446060000.0,0.0,0.0,391874000.0,519462000.0,188584731.0,false,PASS,false,PASS,false,PASS,false,PASS,false,PASS,false,false,PASS,false,PASS,,0,insufficient,true,0.3237022142058186,,,,-0.3652851012771665,,,0.4612674607256512,,false,1,0.38738918401490197,,,6.644091811667901,falling,,,,,,,,,,,,,,,,,,,,,,,,,false,,,,,,0.38738918401490197,207091000.0,2026-08-25,PurchaseOfPropertyPlantAndEquipmentClassifiedAsInvestingActivities,EquityAttributableToOwnersOfParent,,,ProfitLoss,CashFlowsFromUsedInOperatingActivities,ProfitLossFromOperatingActivities,AdjustmentsForSharebasedPayments,127725000.0,,,,,,,,,,,,,,,,,,,,,,growth,,,
GFR,1966287,Greenfire Resources Ltd.,"",NYSE,1311,Crude Petroleum & Natural Gas,ifrs-full,40-F,CAD,1231,2025,2025-12-31,true,true,"",pass,ni_vs_oi,"goodwill,intangibles",never_acquired,never_acquired,never_acquired,"",,false,,1166857000.0,2.8726212529471202,24695000.0,21772000.0,0.005001753950666929,,0.14133362254396906,,,,false,,300.74730982277293,584395000.0,47504000.0,,136461000.0,111766000.0,false,false,false,,false,false,true,,0.08128748534809503,false,,2923000.0,1166857000.0,0.0,0.0,41974000.0,,72393.0,false,PASS,false,PASS,false,PASS,false,PASS,false,PASS,false,,NOT_EVALUABLE,false,PASS,,0,3y,true,-0.14916327517711414,,3.9141892546827197,,2.5342305230148274,,,300.74730982277293,,false,4,,,,1.1417516742551543,rising,,,,,,,,,,,,,,,,,,,,,,,,,false,,,,,,,55323000.0,2026-08-25,PurchaseOfPropertyPlantAndEquipmentClassifiedAsInvestingActivities,Equity,,,ProfitLoss,CashFlowsFromUsedInOperatingActivities,,AdjustmentsForSharebasedPayments,7819000.0,,,,,,,,,,,,,,,,,,,,,,growth,,,
TLIH,1982012,Ten-League International Holdings Limited,"",Nasdaq,5080,"Wholesale-Machinery, Equipment & Supplies",us-gaap,20-F,USD,1231,2025,2025-12-31,true,true,"",pass,sbc,"goodwill,intangibles",never_acquired,never_acquired,never_acquired,"",,true,,12986000.0,4.694591484464902,7021000.0,,,,0.22006821037515706,0.7771418350921123,,,false,,,59241000.0,4345000.0,5591000.0,20398000.0,13377000.0,false,false,false,,false,false,true,,0.07334447426613325,false,,,12986000.0,0.0,0.0,8309000.0,,28571789.0,false,PASS,false,PASS,false,PASS,,NOT_EVALUABLE,,NOT_EVALUABLE,,false,PASS,false,PASS,,0,insufficient,true,,,,,,,,,,false,0,0.09437720497628331,,,3.677244980811131,,,,,,,,,,,,,,,,,,,,,,,,,,false,,,,,,0.09437720497628331,5571000.0,2026-08-25,PaymentsToAcquirePropertyPlantAndEquipment,StockholdersEquity,,,NetIncomeLoss,NetCashProvidedByUsedInOperatingActivities,OperatingIncomeLoss,,1226000.0,,,,,,,,,,,,,,,,,,,,,,growth,,,
TOYO,1985273,"TOYO Co., Ltd","",Nasdaq,3674,Semiconductors & Related Devices,us-gaap,20-F,USD,1231,2025,2025-12-31,true,true,"",pass,"","goodwill,intangibles",never_acquired,never_acquired,never_acquired,"",,false,,111255384.0,3.353209103059216,41235855.0,32235118.0,0.021060119229870264,53388907.0,0.2926395565595899,0.6717764151601119,,,false,,1.0626771863905555,427383003.0,39659898.0,59037348.0,132987931.0,91752076.0,false,false,false,,false,false,false,"",0.0927970876745419,false,0.19216815580132482,9000737.0,111255384.0,0.0,0.0,58860026.0,5471119.0,30333876.0,false,PASS,false,PASS,false,PASS,false,PASS,false,PASS,false,false,PASS,false,PASS,,0,insufficient,true,,,,,,,,1.0626771863905555,,false,2,0.13813686455846255,,,1.077116834757039,rising,177984356.0,24530733.0,64753130.0,73036801.0,,,,,67008617.0,36667811.0,13563238.0,34040373.0,,,,,,0,,,,,,0,false,,,,,,0.13813686455846255,52522773.0,2026-08-25,PaymentsToAcquirePropertyPlantAndEquipment,StockholdersEquity,,,NetIncomeLoss,NetCashProvidedByUsedInOperatingActivities,OperatingIncomeLoss,ShareBasedCompensation,15370241.0,,,,,-3920736.0,27529293.0,,,,,,,,,,,,,,,,growth,,,
AAUC,1993344,ALLIED GOLD CORPORATION,"",NYSE,1040,Gold and Silver Ores,ifrs-full,40-F,USD,1231,2025,2025-12-31,true,true,"",pass,ni_vs_oi,"goodwill,intangibles",never_acquired,never_acquired,never_acquired,"",,false,,407609000.0,155.4215300876928,105843000.0,45605000.0,0.04522970002042312,325465000.0,0.9860671657826107,,,,false,,0.3949492430683658,1331824000.0,3307000.0,,513979000.0,408136000.0,false,false,false,5.639262718655871,false,false,true,,0.0024830608248537344,true,,60238000.0,407609000.0,0.0,0.0,479777000.0,154312000.0,115470534.0,false,PASS,false,PASS,false,PASS,false,PASS,false,PASS,false,,NOT_EVALUABLE,false,PASS,,0,insufficient,true,,,,,,,,0.3949492430683658,,false,1,,,,77.24730593434501,,,,,,,,,,,,,,,,,,,,,,,,,,false,,,72374000.0,2408000.0,,,237353000.0,2026-08-25,PurchaseOfPropertyPlantAndEquipmentClassifiedAsInvestingActivities,EquityAttributableToOwnersOfParent,,,ProfitLoss,CashFlowsFromUsedInOperatingActivities,,AdjustmentsForSharebasedPayments,234046000.0,,,,,,,,,,,,,,,,,,,,,,growth,,,
GEV,1996810,GE Vernova Inc.,"",NYSE,3600,Electronic & Other Electrical Equipment (No Computer Equip),us-gaap,10-Q,USD,1231,2025,2025-12-31,true,false,"tax_anomaly,ni_vs_oi",pass,"","",reported,reported,reported,"",,false,,6012000000.0,1.0210892710892712,3710000000.0,3453000000.0,0.006751077020069349,,-0.7252475247524752,3.5187319884726227,,0.002364190396133235,false,0.9603243556327831,12.51086956521739,38068000000.0,4884000000.0,1388000000.0,4987000000.0,1277000000.0,false,false,false,,false,false,false,"",0.1282967321634969,false,-0.027768585095821172,257000000.0,11178000000.0,4439000000.0,727000000.0,8848000000.0,,276000000.0,false,PASS,false,PASS,false,PASS,false,PASS,false,PASS,false,true,FAIL,true,FAIL,false,0,insufficient,true,0.08682326316822997,,,,,,,12.51086956521739,,false,2,0.03646106966481034,,,-0.007456387425671378,rising,41367000000.0,9529000000.0,14139000000.0,1701000000.0,,,9689000000.0,4507000000.0,11957000000.0,13120000000.0,,271000000.0,0.1105558264261336,0.11847862672500842,0.16272410358565736,0.21874657008012294,0.036881770782261694,4,,,3.913846153846154,,,0,false,,3316000000.0,,275000000.0,90000000.0,0.03646106966481034,2828000000.0,2026-08-25,PaymentsToAcquireProductiveAssets,StockholdersEquity,Goodwill,IntangibleAssetsNetExcludingGoodwill,NetIncomeLoss,NetCashProvidedByUsedInOperatingActivities,OperatingIncomeLoss,AllocatedShareBasedCompensationExpense,-2051000000.0,,5406000000.0,,409000000.0,1800000000.0,7879000000.0,-1642000000.0,,,,,,,,,,,,,,,growth,,,
OMSE,2012219,OMS Energy Technologies Inc.,"",Nasdaq,3533,Oil & Gas Field Machinery & Equipment,ifrs-full,20-F,USD,331,2025,2025-03-31,true,true,"",pass,sbc,"goodwill,intangibles",never_acquired,never_acquired,never_acquired,"",,true,,128889000.0,0.8621665921621219,37639000.0,,,,0.21921018515440616,0.7847156101227762,,,false,,,203607000.0,46977000.0,59865000.0,40502000.0,2863000.0,false,false,false,0.7895752895752896,false,false,true,,0.23072389456158188,false,0.2041718823746691,,128889000.0,0.0,0.0,72950000.0,,37822500.0,false,PASS,false,PASS,false,PASS,,NOT_EVALUABLE,,NOT_EVALUABLE,,false,PASS,false,PASS,,0,insufficient,true,,,,,,,,,,false,0,0.29402230768097365,,,1.5995746823312622,falling,,,,,,,,,,,,36900000.0,,,,,,,,,,,,,false,,,3626000.0,,,0.29402230768097365,60166000.0,2026-08-25,PurchaseOfPropertyPlantAndEquipmentClassifiedAsInvestingActivities,EquityAttributableToOwnersOfParent,,,ProfitLoss,CashFlowsFromUsedInOperatingActivities,ProfitLossFromOperatingActivities,,13189000.0,,,,,,,,,,,,,,,,,,,,,,growth,,,
CHA,2013649,Chagee Holdings Ltd.,"",Nasdaq,5810,Retail-Eating & Drinking Places,us-gaap,20-F,USD,1231,2025,2025-12-31,true,true,"",pass,"","",reported,reported,reported,"",,false,,1034124000.0,1.4038346708703544,175459000.0,71994000.0,0.056056289801238966,,0.2668216766140987,0.869298008844964,0.008943325527947148,,false,,0.43708311924088167,1845734000.0,167472000.0,192652000.0,235103000.0,59644000.0,false,false,false,2.8494171603286835,false,false,true,,0.0907346345681447,false,,103465000.0,1049863000.0,14012000.0,1727000.0,1087825000.0,,164714666.0,false,PASS,false,PASS,false,PASS,false,PASS,false,PASS,false,false,PASS,false,PASS,,0,insufficient,true,,,,,,,,0.43708311924088167,,false,1,0.10437690371418633,,,1.4038346708703544,,,,,,,,,,,,,,,,,,,,,,,,,,false,16507000.0,,20932000.0,176327000.0,,0.10437690371418633,231383000.0,2026-08-25,PaymentsToAcquirePropertyPlantAndEquipment,StockholdersEquity,Goodwill,IntangibleAssetsNetExcludingGoodwill,NetIncomeLoss,NetCashProvidedByUsedInOperatingActivities,OperatingIncomeLoss,ShareBasedCompensation,61738000.0,,,,,,,,,,,,,,,,,,,,,,growth,,,
HTLM,2023153,HOMESTOLIFE LTD,"",Nasdaq,5712,Retail-Furniture Stores,us-gaap,20-F,USD,1231,2025,2025-12-31,true,true,"",pass,sbc,"goodwill,intangibles",never_acquired,never_acquired,never_acquired,"",,true,,27841310.0,0.8142725764509109,12343139.0,,,,0.20236222733653106,0.8545684378674723,,,false,,,377876123.0,16554152.0,19371359.0,13479592.0,1136453.0,false,false,false,,false,false,false,"",0.04380840966763068,false,0.05283534535505739,,27841310.0,0.0,0.0,27276091.0,,89687500.0,false,PASS,false,PASS,false,PASS,,NOT_EVALUABLE,,NOT_EVALUABLE,,false,PASS,false,PASS,,0,insufficient,true,2.984589936349341,,,,,,,,,false,0,0.05126378149063417,,,0.8954599098246794,falling,359523545.0,13079230.0,1063721.0,623044.0,,,,,22103705.0,20071387.0,,89687500.0,,,,,,0,,,,,,0,false,,,,,,0.05126378149063417,20753972.0,2026-08-25,PaymentsToAcquirePropertyPlantAndEquipment,StockholdersEquity,,,NetIncomeLoss,NetCashProvidedByUsedInOperatingActivities,OperatingIncomeLoss,,4199820.0,,,,,11139129.0,16186509.0,3107279.0,,,,,,,,,,,,,,,growth,,,
SNDK,2023554,Sandisk Corporation,"",Nasdaq,3572,Computer Storage Devices,us-gaap,10-Q,USD,628,2026,2026-07-03,true,true,"",pass,"",intangibles,never_acquired,reported,never_acquired,"",,false,,10742000000.0,1.0208169334382926,11494000000.0,11262000000.0,0.011457921770051362,4762000000.0,0.12168702466005993,0.9228347727823069,,,false,0.40170484816196056,72.65806451612903,20248000000.0,11433000000.0,12389000000.0,11671000000.0,177000000.0,false,false,false,,false,false,false,"",0.5646483603318846,false,-0.07023863124718595,232000000.0,15736000000.0,4994000000.0,0.0,4762000000.0,0.0,155000000.0,false,PASS,false,PASS,false,PASS,false,PASS,false,PASS,false,false,PASS,false,PASS,,0,insufficient,true,0.49285190975588256,,,,-7.56551724137931,,,72.65806451612903,,false,1,0.61186290003951,,,0.47648335406417885,rising,13184000000.0,4507000000.0,4639000000.0,179000000.0,214000000.0,4246000000.0,4994000000.0,,13777000000.0,3735000000.0,0.0,154000000.0,,,0.6124733475479744,2.510324483775811,,1,,,,,,0,false,,4524000000.0,,,,0.61186290003951,13017000000.0,2026-08-25,PaymentsToAcquirePropertyPlantAndEquipment,StockholdersEquity,Goodwill,,NetIncomeLoss,NetCashProvidedByUsedInOperatingActivities,OperatingIncomeLoss,ShareBasedCompensation,1584000000.0,,,,,5370000000.0,5150000000.0,643000000.0,,,,,,,,,,,,,,,growth,,,
MB,2027265,MASTERBEEF GROUP,"",Nasdaq,5812,Retail-Eating  Places,ifrs-full,20-F,HKD,1231,2024,2024-12-31,true,true,"",pass,"sbc,ni_vs_oi","goodwill,intangibles",never_acquired,never_acquired,never_acquired,"",,true,,28543464.0,14.205063102859254,48174654.0,,,55150286.0,0.07619743623819644,,,,false,,,503975453.0,4235545.0,,60166184.0,11991530.0,false,false,false,0.35228946449579457,false,false,true,,0.008404268451543016,true,,,28543464.0,0.0,0.0,117336010.0,62185724.0,12845765.0,false,PASS,false,PASS,false,PASS,,NOT_EVALUABLE,,NOT_EVALUABLE,,,NOT_EVALUABLE,false,PASS,,0,insufficient,true,,,,,,,,,,false,0,,,,5.395820202430297,rising,,,,,,,,,,,,,,,,,,,,,,,,,false,,,34038855.0,,,,35614151.0,2026-08-25,PurchaseOfPropertyPlantAndEquipmentClassifiedAsInvestingActivities,Equity,,,ProfitLoss,CashFlowsFromUsedInOperatingActivities,,,2713707.0,,,,,,,,,,,,,,,,,,,,,,growth,,,
SAGT,2029138,SAGTEC GLOBAL LIMITED,"",Nasdaq,7372,Services-Prepackaged Software,ifrs-full,6-K,MYR,1231,2024,2024-12-31,true,true,"",pass,ni_vs_oi,"goodwill,intangibles",never_acquired,never_acquired,never_acquired,"",,false,,16792131.0,3.5964923116467307,870010.0,853576.0,0.00031604223581208535,-4747352.0,0.2487717794810929,,,,false,,0.07903481481481482,51999379.0,1602879.0,,5764742.0,4894732.0,false,false,false,3.013286891084184,true,false,false,"",0.030824964275054132,false,,16434.0,16792131.0,0.0,0.0,-1484637.0,3262715.0,10800000.0,false,PASS,false,PASS,false,PASS,false,PASS,false,PASS,false,,NOT_EVALUABLE,false,PASS,,0,insufficient,true,,,,,,,,0.07903481481481482,,false,1,,,,1.9186842962829098,rising,83404641.0,847352.0,10273751.0,27088184.0,19276.0,-16833709.0,,,47634119.0,1319579.0,2721168.0,12750000.0,,,,,,0,,,,,,0,false,,,1624383.0,,,,9538393.0,2026-08-25,PurchaseOfPropertyPlantAndEquipmentClassifiedAsInvestingActivities,EquityAttributableToOwnersOfParent,,,ProfitLoss,CashFlowsFromUsedInOperatingActivities,,ExpenseFromSharebasedPaymentTransactionsWithEmployees,2372883.0,,,2846632.0,,,17219568.0,2438965.0,,,,,,,,,,,,,,,growth,,,
LFS,2030277,"LEIFRAS Co., Ltd.","",Nasdaq,8200,Services-Educational Services,us-gaap,6-K,USD,1231,2025,2025-12-31,true,true,"",pass,sbc,"",reported,reported,reported,"",,true,,10307604.0,1.068048159370654,2714910.0,,,14978509.0,0.27744267898500335,0.6988453540125453,,,false,,,74798483.0,2796299.0,4001313.0,2986582.0,271672.0,false,false,false,0.3377883215399861,false,false,true,,0.03738443465491138,false,,,11777518.0,178571.0,1291343.0,16097463.0,1118954.0,25194441.0,false,PASS,false,PASS,false,PASS,,NOT_EVALUABLE,,NOT_EVALUABLE,,false,PASS,false,PASS,,0,insufficient,true,,,,,,,,,,false,0,0.053494574214827326,,,1.068048159370654,,,,,,,,,,,,,24913619.0,,,,,,,,,,,,,false,,,804267.0,,,0.053494574214827326,3870003.0,2026-08-25,PaymentsToAcquirePropertyPlantAndEquipment,StockholdersEquity,Goodwill,FiniteLivedIntangibleAssetsNet,NetIncomeLoss,NetCashProvidedByUsedInOperatingActivities,OperatingIncomeLoss,,1073704.0,,,,,,,,,,,,,,,,,,,,,,growth,,,
TTAM,2035304,TITAN AMERICA SA,"",NYSE,1400,Mining & Quarrying of  Nonmetallic Minerals (No Fuels),ifrs-full,20-F,USD,1231,2025,2025-12-31,true,true,"",pass,sbc,"",reported,reported,reported,"",,true,,783484000.0,1.5930521627057954,134869000.0,,,-178688000.0,0.2426176881417404,0.6916501001450892,,-0.0006892250154429668,false,,,1664188000.0,185439000.0,268111000.0,295414000.0,160545000.0,false,false,false,1.4767375547297545,false,false,true,,0.11142911738337255,false,0.14176668649994564,,1034066000.0,221562000.0,29020000.0,211750000.0,390438000.0,183351506.0,false,PASS,false,PASS,false,PASS,,NOT_EVALUABLE,,NOT_EVALUABLE,,false,PASS,false,PASS,false,0,insufficient,true,0.06851472319050544,,,,0.30223115305775383,,,,,false,0,0.16110619713638122,,,1.516534890281772,rising,,,,,,,,,,,,,,,,,,,,,,,,,false,,,108716000.0,0.0,-1147000.0,0.16110619713638122,244842000.0,2026-08-25,PurchaseOfPropertyPlantAndEquipmentClassifiedAsInvestingActivities,Equity,Goodwill,IntangibleAssetsOtherThanGoodwill,ProfitLoss,CashFlowsFromUsedInOperatingActivities,ProfitLossFromOperatingActivities,,59403000.0,,,,,,,,,,,,,,,,,,,,,,growth,,,
AMRZ,2035989,Amrize Ltd,"",NYSE,3241,"Cement, Hydraulic",us-gaap,10-Q,USD,1231,2025,2025-12-31,true,true,"",pass,tax_anomaly,"",reported,reported,reported,"",,false,,2353000000.0,1.8632911392405063,1420000000.0,1406000000.0,0.001184934405416843,-3347000000.0,,0.6217208814270724,0.007278882776132036,0.0019466779517562421,true,,2.5397398843930636,11815000000.0,1185000000.0,1906000000.0,2208000000.0,788000000.0,false,false,false,1.0395778364116095,false,false,false,"",0.10029623360135421,false,0.1616853643915389,14000000.0,13125000000.0,9044000000.0,1728000000.0,1922000000.0,5269000000.0,553600000.0,false,PASS,false,PASS,false,PASS,false,PASS,false,PASS,false,false,PASS,,NOT_EVALUABLE,false,1,insufficient,true,,,,,,,,2.5397398843930636,,false,3,0.16132035548032161,,,1.9280690144733363,falling,12183000000.0,1235000000.0,2174000000.0,860000000.0,31000000.0,1283000000.0,9044000000.0,1682000000.0,12866000000.0,729000000.0,5269000000.0,554100000.0,,,,0.08576755748912368,,0,,,,,,0,true,86000000.0,,758000000.0,,23000000.0,0.16132035548032161,,2026-08-25,PaymentsToAcquirePropertyPlantAndEquipment,StockholdersEquity,Goodwill,IntangibleAssetsNetExcludingGoodwill,NetIncomeLoss,NetCashProvidedByUsedInOperatingActivities,OperatingIncomeLoss,ShareBasedCompensation,326000000.0,433000000.0,,806000000.0,,1893000000.0,,337000000.0,,,,,,,,,,,,,,,growth,,,
KYIV,2062440,Kyivstar Group Ltd.,"",Nasdaq,4812,Radiotelephone Communications,ifrs-full,20-F,USD,1231,2025,2025-12-31,true,true,"",pass,sbc,"",reported,reported,reported,"",,true,,808000000.0,4.5,311000000.0,,,,0.37373737373737376,0.45255474452554745,0.13569576490924806,0.1676750216076059,true,,,1157000000.0,124000000.0,274000000.0,558000000.0,247000000.0,false,false,false,1.7642857142857142,false,false,false,"",0.10717372515125324,false,0.39672131147540984,,1299000000.0,128000000.0,363000000.0,455000000.0,,216117656.0,false,PASS,false,PASS,false,PASS,,NOT_EVALUABLE,,NOT_EVALUABLE,,false,PASS,false,PASS,true,0,insufficient,true,,,,,,,,,,false,0,0.23681936041486604,,,2.4963951728849936,rising,1086000000.0,127000000.0,512000000.0,209000000.0,,,124000000.0,351000000.0,1236000000.0,472000000.0,275000000.0,211075863.0,,,,,,0,,,,,,0,false,157000000.0,,140000000.0,,194000000.0,0.23681936041486604,198000000.0,2026-08-25,PurchaseOfPropertyPlantAndEquipmentClassifiedAsInvestingActivities,EquityAttributableToOwnersOfParent,Goodwill,IntangibleAssetsOtherThanGoodwill,ProfitLoss,CashFlowsFromUsedInOperatingActivities,ProfitLossFromOperatingActivities,,74000000.0,151000000.0,,147000000.0,,260000000.0,198000000.0,71000000.0,,,,,,,,,,,,,,,growth,,,
SOLS,2064953,Solstice Advanced Materials Inc.,"",Nasdaq,2800,Chemicals & Allied Products,us-gaap,10-Q,USD,1231,2025,2025-12-31,true,true,"",pass,ni_vs_oi,"",reported,reported,reported,"",,false,,542000000.0,1.919831223628692,119000000.0,92000000.0,0.006948018528049408,-1438000000.0,0.5595054095826894,,,0.007205352547606794,false,,0.578980490874764,3886000000.0,237000000.0,,455000000.0,336000000.0,false,false,false,14.0,false,false,false,"",0.06098816263510036,false,,27000000.0,1411000000.0,820000000.0,49000000.0,534000000.0,1972000000.0,158900000.0,false,PASS,false,PASS,false,PASS,false,PASS,false,PASS,false,,NOT_EVALUABLE,false,PASS,false,0,insufficient,true,,,,,,,,0.578980490874764,,false,3,,,,1.5203907231058214,rising,4095000000.0,210000000.0,606000000.0,411000000.0,26000000.0,169000000.0,817000000.0,47000000.0,1586000000.0,750000000.0,1972000000.0,159300000.0,,,,,,0,,,,,,0,false,,,24000000.0,1500000000.0,28000000.0,,647000000.0,2026-08-25,PaymentsToAcquirePropertyPlantAndEquipment,StockholdersEquity,Goodwill,IntangibleAssetsNetExcludingGoodwill,NetIncomeLoss,NetCashProvidedByUsedInOperatingActivities,,ShareBasedCompensation,362000000.0,,,,1524000000.0,,572000000.0,287000000.0,,,,,,,,,,,,,,,growth,,,
VSNT,2067876,"Versant Media Group, Inc.","",Nasdaq,4833,Television Broadcasting Stations,us-gaap,10-Q,USD,1231,2025,2025-12-31,true,true,"",pass,"","",reported,reported,reported,"",,false,,1757000000.0,2.174193548387097,1855000000.0,1826000000.0,0.004336124401913876,-928000000.0,0.24185667752442996,0.7311320754716981,0.0035885167464114833,-0.15938995215311005,true,,,6688000000.0,930000000.0,1272000000.0,2022000000.0,167000000.0,false,false,false,,false,false,false,"",0.139055023923445,false,0.2779046339825386,29000000.0,10292000000.0,7611000000.0,924000000.0,55000000.0,983000000.0,,false,PASS,false,PASS,false,PASS,false,PASS,false,PASS,false,false,PASS,false,PASS,false,0,insufficient,true,,,,,,,,,,false,0,0.1901913875598086,,,1.7913327927506788,rising,6604000000.0,758000000.0,1876000000.0,163000000.0,48000000.0,1665000000.0,7804000000.0,499000000.0,8114000000.0,1478000000.0,2954000000.0,142534000.0,,,,,,0,,,,,,0,true,24000000.0,,,,-1066000000.0,0.1901913875598086,1228000000.0,2026-08-25,PaymentsToAcquirePropertyPlantAndEquipment,StockholdersEquity,Goodwill,FiniteLivedIntangibleAssetsNet,NetIncomeLoss,NetCashProvidedByUsedInOperatingActivities,OperatingIncomeLoss,ShareBasedCompensation,297000000.0,223000000.0,,,,1171000000.0,1041000000.0,283000000.0,,,,,,,,,,,,,,,growth,,,
MWC,2083526,"Micware Co., Ltd.","",Nasdaq,7371,Services-Computer Programming Services,us-gaap,20-F,USD,228,2026,2026-02-28,true,true,"",pass,sbc,"",reported,reported,reported,"",,true,,48462000.0,1.2944498539435247,11572000.0,,,36492000.0,0.3026474936164494,0.677932536801109,,,false,,,140313000.0,10270000.0,15149000.0,13294000.0,1722000.0,false,false,false,,false,false,true,,0.07319350309664821,false,,,51321000.0,1533000.0,1326000.0,52930000.0,16438000.0,56070866.0,false,PASS,false,PASS,false,PASS,,NOT_EVALUABLE,,NOT_EVALUABLE,,false,PASS,false,PASS,,0,insufficient,true,,,,,,,,,,false,0,0.10796576226008994,,,1.2944498539435247,,,,,,,,,,,,,,,,,,,,,,,,,,false,,,,,,0.10796576226008994,14882000.0,2026-08-25,PaymentsToAcquirePropertyPlantAndEquipment,StockholdersEquity,Goodwill,FiniteLivedIntangibleAssetsNet,NetIncomeLoss,NetCashProvidedByUsedInOperatingActivities,OperatingIncomeLoss,,4504000.0,,,,,,,,,,,,,,,,,,,,,,growth,,,
BGSI,2091467,Boyd Group Services Inc.,"",NYSE,7500,"Services-Automotive Repair, Services & Parking",ifrs-full,40-F,USD,1231,2025,2025-12-31,true,true,"",pass,ni_vs_oi,"",reported,reported,reported,"",,false,,660754000.0,19.163355048859934,298683000.0,294364000.0,0.00137425488275719,721331000.0,0.3587244116418326,,,0.024818680448034456,false,,13.105374038569416,3142794000.0,18420000.0,,352989000.0,54306000.0,false,false,false,,false,false,true,,0.0058610268442665986,true,,4319000.0,1719561000.0,702460000.0,356347000.0,1228614000.0,507283000.0,22461320.0,false,PASS,false,PASS,false,PASS,false,PASS,false,PASS,false,,NOT_EVALUABLE,false,PASS,false,1,insufficient,true,,,,,,,,13.105374038569416,,false,2,,,,15.964602068106629,,,,,,,,,,,,,,,,,,,,,,,,,,false,,,,9366000.0,78000000.0,,28724000.0,2026-08-25,PurchaseOfPropertyPlantAndEquipmentClassifiedAsInvestingActivities,Equity,Goodwill,IntangibleAssetsOtherThanGoodwill,ProfitLoss,CashFlowsFromUsedInOperatingActivities,,AdjustmentsForSharebasedPayments,10304000.0,,,,,,,,,,,,,,,,,,,,,,growth,,,
WSE,2099039,Wise Group plc,"",Nasdaq,7389,"Services-Business Services, NEC",us-gaap,20-F,USD,331,2026,2026-03-31,true,true,"",pass,"",goodwill,never_acquired,never_acquired,reported,"",,false,,1920700000.0,15.147182674954882,7534300000.0,7438800000.0,0.05043303760033798,27473500000.0,0.24485160508782555,0.8442525816827493,,,false,,7.224240069923279,1893600000.0,498700000.0,590700000.0,7553900000.0,19600000.0,false,false,false,1.3611111111111112,false,false,true,,0.2633607942543304,true,0.49134608117300277,95500000.0,1925200000.0,0.0,4500000.0,27802200000.0,328700000.0,1029700000.0,false,PASS,false,PASS,false,PASS,false,PASS,false,PASS,false,false,PASS,false,PASS,,0,insufficient,true,,,,,,,,7.224240069923279,,false,3,0.31194550063371357,,,11.222142325767114,rising,,,,,,,,,,,,,,,,,,,,,,,,,false,,,14400000.0,,,0.31194550063371357,660400000.0,2026-08-25,PaymentsToAcquirePropertyPlantAndEquipment,StockholdersEquity,,IntangibleAssetsNetExcludingGoodwill,NetIncomeLoss,NetCashProvidedByUsedInOperatingActivities,OperatingIncomeLoss,ShareBasedCompensation,161700000.0,,,,,,,,,,,,,,,,,,,,,,growth,,,
CAAS,2037400,"China Automotive Systems, Inc.",1157762,Nasdaq,3714,Motor Vehicle Parts & Accessories,us-gaap,20-F,USD,1231,2025,2025-12-31,true,true,"",pass,"sbc,tax_anomaly",goodwill,never_acquired,never_acquired,reported,"",,true,,397740000.0,2.605910640085905,74443000.0,,,54969000.0,,0.7987544517163581,,,false,,,765736000.0,42838000.0,53631000.0,111632000.0,37189000.0,false,false,false,2.6081071603899293,false,false,true,,0.055943562794487915,false,0.06809183245019554,,401339000.0,0.0,3599000.0,142001000.0,87032000.0,30170702.0,false,PASS,false,PASS,false,PASS,,NOT_EVALUABLE,,NOT_EVALUABLE,,false,PASS,,NOT_EVALUABLE,,0,insufficient,true,,,,,,,,,,false,0,0.07003849890823992,,,1.1535350246586147,rising,,,,,,,,,,,,,,,,,,,,,,,,,false,,,14259000.0,2190000.0,,0.07003849890823992,,2026-08-25,PaymentsToAcquirePropertyPlantAndEquipment,StockholdersEquity,,IntangibleAssetsNetExcludingGoodwill,NetIncomeLoss,NetCashProvidedByUsedInOperatingActivities,OperatingIncomeLoss,,11576000.0,,,,,,,,,,,,,,,,,,,,,,growth,,,
ULS,1901440,UL Solutions Inc.,"",NYSE,8734,Services-Testing Laboratories,us-gaap,10-Q,USD,1231,2025,2025-12-31,true,true,"",pass,"","",reported,reported,reported,"",,false,,558000000.0,1.8461538461538463,403000000.0,356000000.0,0.0153946937438585,-196000000.0,0.26595744680851063,0.6226053639846744,0.00032754667540124465,0.004258106780216181,true,,1.7536945812807883,3053000000.0,325000000.0,522000000.0,600000000.0,197000000.0,false,false,false,1.047872340425532,false,false,false,"",0.10645266950540452,false,0.13741598207617625,47000000.0,1262000000.0,656000000.0,48000000.0,295000000.0,491000000.0,203000000.0,false,PASS,false,PASS,false,PASS,false,PASS,false,PASS,false,false,PASS,false,PASS,false,1,3y,true,0.06604471430721359,,0.19025552728764583,,1.04,,,1.7536945812807883,,false,4,0.17097936455944973,,,1.7498898851659588,rising,3146000000.0,506000000.0,678000000.0,242000000.0,61000000.0,375000000.0,642000000.0,41000000.0,1595000000.0,434000000.0,301000000.0,204000000.0,0.06301369863013699,0.07113543091655267,0.075177304964539,0.05154639175257732,-0.0030360046584692684,0,,,0.4563106796116505,,,0,true,1000000.0,,188000000.0,104000000.0,13000000.0,0.17097936455944973,470000000.0,2026-08-25,PaymentsToAcquirePropertyPlantAndEquipment,StockholdersEquity,Goodwill,FiniteLivedIntangibleAssetsNet,NetIncomeLoss,NetCashProvidedByUsedInOperatingActivities,OperatingIncomeLoss,ShareBasedCompensation,125000000.0,1000000.0,,190000000.0,110000000.0,562000000.0,719000000.0,190000000.0,,,,,,,,,,,,,,,margin_expansion,,,
PACS,2001184,"PACS Group, Inc.","",NYSE,8051,Services-Skilled Nursing Care Facilities,us-gaap,10-Q,USD,1231,2025,2025-12-31,true,true,"",pass,"",intangibles,never_acquired,reported,never_acquired,"",,false,,884980000.0,2.110356421273552,155068000.0,100999000.0,0.010225071082294717,-52250000.0,0.3269080682017929,0.6186889323147984,,,false,,0.6445359381130631,5287885000.0,191543000.0,309595000.0,404224000.0,249156000.0,false,false,false,,false,false,false,"",0.03622298896439692,false,0.06680526823132528,54069000.0,946771000.0,61791000.0,0.0,197016000.0,249266000.0,156700339.0,false,PASS,false,PASS,false,PASS,false,PASS,false,PASS,false,false,PASS,false,PASS,,0,3y,true,0.30139129743693815,,0.7935987933361399,,0.11170464394092305,,,0.6445359381130631,,false,1,0.05854798279463339,,,3.0875234920144243,rising,5549475000.0,269173000.0,573248000.0,451778000.0,74443000.0,47027000.0,61791000.0,,1110400000.0,164451000.0,246089000.0,162013611.0,0.3994880551548933,0.312441177963752,0.11196216087111438,0.09062397574722225,-0.11270712553156506,0,,,-0.034257170237008305,,,0,false,,,,0.0,,0.05854798279463339,284450000.0,2026-08-25,PaymentsToAcquireBuildings+PaymentsToAcquireOtherPropertyPlantAndEquipment,StockholdersEquity,Goodwill,,NetIncomeLoss,NetCashProvidedByUsedInOperatingActivities,OperatingIncomeLoss,ShareBasedCompensation,92989000.0,,,,0.0,410322000.0,382681000.0,113549000.0,,,,,,,,,,,,,,,margin_expansion,,,
SW,2005951,Smurfit Westrock plc,"",NYSE,2650,Paperboard Containers & Boxes,us-gaap,10-Q,USD,1231,2025,2025-12-31,true,true,"",pass,"","",reported,reported,reported,"",,false,,10050000000.0,4.852646638054363,1200000000.0,1061000000.0,0.00445812886878989,,0.2711157455683003,0.40663176265270506,0.000192437217357837,0.010840629911158152,true,0.0,2.017110266159696,31179000000.0,699000000.0,1719000000.0,3392000000.0,2192000000.0,false,false,false,0.8596078431372549,false,false,false,"",0.02241893582218801,false,0.1134540643347391,139000000.0,18327000000.0,7218000000.0,1059000000.0,892000000.0,,526000000.0,false,PASS,false,PASS,false,PASS,false,PASS,false,PASS,false,false,PASS,false,PASS,true,0,3y,true,0.3215380139788915,,0.06568036337103589,,1.6666666666666667,,,2.017110266159696,,false,1,0.0551332627730203,,,3.7970821430226493,rising,31326000000.0,497000000.0,3297000000.0,2282000000.0,115000000.0,900000000.0,7175000000.0,1021000000.0,18036000000.0,677000000.0,,526000000.0,1.6743011114853485,0.043279885282231784,0.0073145245559038665,0.01146095717884131,-0.502448582364585,1,,,-0.7355371900826446,,,0,true,6000000.0,0.0,2550000000.0,900000000.0,338000000.0,0.0551332627730203,959000000.0,2026-08-25,PaymentsToAcquireProductiveAssets,StockholdersEquity,Goodwill,IntangibleAssetsNetExcludingGoodwill,NetIncomeLoss,NetCashProvidedByUsedInOperatingActivities,OperatingIncomeLoss,ShareBasedCompensation,260000000.0,20000000.0,0.0,2740000000.0,924000000.0,1477000000.0,723000000.0,229000000.0,,,,,,,,,,,,,,,margin_expansion,,,
FERG,2011641,Ferguson Enterprises Inc. /DE/,"",NYSE,5070,Wholesale-Hardware & Plumbing & Heating Equipment & Supplies,us-gaap,10-Q,USD,1231,2025,2025-12-31,true,true,"",pass,"","",reported,reported,reported,"",,false,,2571000000.0,1.0280172413793103,1603000000.0,1575000000.0,0.0009102139002665627,-3569000000.0,0.23400742880726372,0.7122026093630084,0.009784799427865549,0.001462843768285547,true,0.6019047619047619,7.906626506024097,30762000000.0,1856000000.0,2606000000.0,1908000000.0,305000000.0,false,false,false,0.8176943699731903,false,false,false,"",0.06033417853195501,false,0.08942624604829488,28000000.0,5726000000.0,2470000000.0,685000000.0,557000000.0,4126000000.0,199200000.0,false,PASS,false,PASS,false,PASS,false,PASS,false,PASS,false,false,PASS,false,PASS,false,0,3y,true,0.024994917658773153,,0.29227280733236816,,3.663773412517131,,,7.906626506024097,,false,4,0.0847149080033808,,,1.183019862417502,falling,31409000000.0,1957000000.0,1501000000.0,,48000000.0,,2713000000.0,950000000.0,6201000000.0,437000000.0,4904000000.0,194400000.0,,,-0.03860010293360782,0.27342840512223515,,1,,,1.537313432835821,,,0,true,301000000.0,948000000.0,373000000.0,489000000.0,45000000.0,0.0847149080033808,2423000000.0,2026-08-25,PaymentsToAcquireProductiveAssets,StockholdersEquity,Goodwill,IntangibleAssetsNetExcludingGoodwill,NetIncomeLoss,NetCashProvidedByUsedInOperatingActivities,OperatingIncomeLoss,ShareBasedCompensation,567000000.0,658000000.0,958000000.0,380000000.0,506000000.0,2762000000.0,2570000000.0,613000000.0,,,,,,,,,,,,,,,margin_expansion,,,
