ticker,cik,company_name,merged_from_ciks,exchange,sic,sic_description,taxonomy,filing_form,reporting_currency,fiscal_year_end,latest_fiscal_year,period_end,gate0_pass,gate0_framework_pass,framework_leg_failed,gate0_status,gate0_not_evaluable,imputed_fields,resolution_basis,resolution_basis_goodwill,resolution_basis_intangibles,carried_forward_fields,carry_forward_age_days,sbc_unverified,sbc_assumed_zero,sbc_window_lost,sbc_ever_reported,fcf_after_sbc_multiple,tangible_book,tangible_book_latest_q,tangible_book_basis,tangible_book_vintage_conflict,income_quality,fcf,fcf_after_sbc,sbc_pct_revenue,net_cash,effective_tax,ni_vs_oi,acq_intensity,bs_acq_intensity,acq_cf_bs_disagreement,buyback_pct_fcf,fcf_per_share,revenue,net_income,operating_income,ocf,capex,capex_broken,capex_suspect,net_income_suspect,net_income_residual,lease_payments,lease_unmeasured,lease_heavy,shares_scale_suspect,investing_unreconciled,investing_residual,capex_vs_dep_amort,ttm_fcf_divergence,ttm_suspect,ttm_unavailable,ttm_stale_concepts,ttm_window_start,ttm_window_end,ttm_window_misaligned,ttm_lease_payments,net_margin,income_quality_suspect,operating_margin_2y_ago,sbc,equity,goodwill,intangibles,cash,total_debt,shares_diluted,fail_tangible_book,test_tangible_book,fail_income_quality,test_income_quality,fail_fcf,test_fcf,fail_fcf_after_sbc,test_fcf_after_sbc,fail_sbc,test_sbc,warn_sbc,fail_ni_over_oi,test_ni_vs_oi,fail_tax_anomaly,test_tax_anomaly,warn_inorganic,tangible_book_yrs_negative,growth_basis,short_history,revenue_cagr_3y,revenue_cagr_5y,fcf_per_share_cagr_3y,fcf_per_share_cagr_5y,fcf_per_share_3y_ago,fcf_per_share_5y_ago,fcf_per_share_earliest,fcf_per_share_latest,fcf_per_share_delta_abs,fcf_inflection,fcf_inflection_years,operating_margin_latest,operating_margin_5y_ago,operating_margin_delta,income_quality_3y_avg,income_quality_direction,ttm_revenue,ttm_net_income,ttm_ocf,ttm_capex,ttm_capex_negative,ttm_capex_missing,ttm_sbc,ttm_sbc_assumed_zero,ttm_sbc_window_lost,ttm_sbc_evidence_conflict,ttm_fcf_after_sbc,latest_q_goodwill,latest_q_intangibles,latest_q_equity,latest_q_cash,latest_q_total_debt,latest_q_shares_diluted,latest_q_period_end,revenue_growth_yoy_q1,revenue_growth_yoy_q2,revenue_growth_yoy_q3,revenue_growth_yoy_q4,revenue_accel_4q,quarters_of_accelerating_revenue,fcf_growth_yoy_q1,fcf_growth_yoy_q2,fcf_growth_yoy_q3,fcf_growth_yoy_q4,fcf_accel_4q,quarters_of_accelerating_fcf,acq_disagreement,acquisitions,buybacks,dep_amort,dividends,gi_delta,investing_cf,investing_inflows,investing_outflows,investing_portfolio,operating_margin,pretax_income,sec_download_date,source_tag_capex,source_tag_equity,source_tag_goodwill,source_tag_intangibles,source_tag_net_income,source_tag_ocf,source_tag_operating_income,source_tag_sbc,tax_expense,ttm_acquisitions,ttm_buybacks,ttm_dep_amort,ttm_dividends,ttm_operating_income,ttm_pretax_income,ttm_tax_expense,price,ma_200,as_of,market_cap,market_cap_derived,pct_vs_200ma,implied_shares,implied_shares_ratio,shares_identity_suspect,momentum_not_evaluated,drawdown_undiagnosed,momentum_unknown,fwd_trail_ratio,adjusted_eps_guard,rejected_because,ev,p_fcf_after_sbc,ev_fcf_after_sbc,sbc_unmeasured
ALC,1167379,Alcon Inc.,"",NYSE,3851,Ophthalmic Goods,ifrs-full,6-K,USD,1231,2025,2025-12-31,true,true,"",pass,"","",reported,reported,reported,"",,false,false,false,true,,3772000000.0,3738000000.0,fiscal_year,false,2.3173469387755103,1647000000.0,1476000000.0,0.016440726853187194,-3210000000.0,0.15517241379310345,0.7205882352941176,,0.07008941447937699,false,0.462059620596206,2.9927007299270074,10401000000.0,980000000.0,1360000000.0,2271000000.0,543000000.0,false,false,false,0.0,81000000.0,false,false,false,true,-678000000.0,,false,false,false,"",2024-07-01,2025-06-30,true,78000000.0,0.09422170945101432,false,0.10988894764674775,171000000.0,22034000000.0,9256000000.0,9006000000.0,1527000000.0,4737000000.0,493200000.0,false,PASS,false,PASS,false,PASS,false,PASS,false,PASS,false,false,PASS,false,PASS,true,0,5y,false,0.060643293224687644,0.08765894314197875,0.598571184896723,0.552999896657161,0.7326007326007326,0.3312883435582822,0.41171650962720197,2.9927007299270074,2.5809842202998055,false,7,0.13075665801365252,-0.07054002634274843,0.20129668435640097,1.9275577741978942,rising,10025000000.0,1073000000.0,2095000000.0,477000000.0,false,false,162000000.0,false,false,false,1378000000.0,9181000000.0,9195000000.0,22114000000.0,1408000000.0,4745000000.0,495200000.0,2025-06-30,0.05071090047393365,0.09246729815065403,0.0305532617671346,0.04006410256410257,-0.00938544301130127,1,,,,,,0,false,,682000000.0,,166000000.0,729000000.0,-1344000000.0,-3000000.0,663000000.0,,0.13075665801365252,1160000000.0,2026-09-21,PurchaseOfPropertyPlantAndEquipmentClassifiedAsInvestingActivities,EquityAttributableToOwnersOfParent,Goodwill,IntangibleAssetsOtherThanGoodwill,ProfitLoss,CashFlowsFromUsedInOperatingActivities,ProfitLossFromOperatingActivities,ExpenseFromSharebasedPaymentTransactionsWithEmployees,180000000.0,,,,166000000.0,1442000000.0,1254000000.0,181000000.0,65.26000213623047,73.56075004577637,2026-09-29,31546685032.65381,false,-0.11284207820584216,483400000.0,0.9801297648012977,false,false,true,false,,false,"",,,,false
OPRA,1737450,Opera Ltd,"",Nasdaq,7372,Services-Prepackaged Software,ifrs-full,20-F,USD,1231,2025,2025-12-31,true,false,ni_vs_oi,pass,"","",reported,reported,reported,"",,false,false,false,true,,481495000.0,,fiscal_year,false,1.0872351822094162,107406000.0,77327000.0,0.048922864229658844,,0.13523830820342447,1.202171596056488,,0.0032041637864432967,false,,0.8634570819666284,614825000.0,108282000.0,90072000.0,117728000.0,5546000.0,false,false,false,0.0,4776000.0,false,false,false,true,-12199000.0,0.2940459148507502,false,false,true,,,,false,,0.17611840767698125,false,0.1584821597320747,30079000.0,1010716000.0,430323000.0,98898000.0,155466000.0,,89555117.0,false,PASS,false,PASS,false,PASS,false,PASS,false,PASS,false,true,FAIL,false,PASS,false,0,5y,false,0.22920691182675013,0.3008404724596092,0.3257861633531396,0.19788733981270346,0.3705273832752425,0.3500748254724567,-0.2724721039405062,0.8634570819666284,1.1359291859071345,true,6,0.14650022364087342,-0.014831329972857696,0.1613315536137311,0.9755938143619088,rising,,,,,false,false,,false,false,false,,,,,,,,,,,,,,,,,,,,,false,,,18861000.0,71167000.0,1970000.0,-14451000.0,3294000.0,5546000.0,,0.14650022364087342,125216000.0,2026-09-21,PurchaseOfPropertyPlantAndEquipmentClassifiedAsInvestingActivities,EquityAttributableToOwnersOfParent,Goodwill,IntangibleAssetsOtherThanGoodwill,ProfitLoss,CashFlowsFromUsedInOperatingActivities,ProfitLossFromOperatingActivities,ExpenseFromSharebasedPaymentTransactionsWithEmployees,16934000.0,,,,,,,,17.399999618530273,16.66955003261566,2026-09-29,1547162447.6807098,false,0.04381939431390856,88917384.0,0.9928788770383719,false,false,false,false,,false,"",,,,false
TRMD,1655891,TORM plc,"",Nasdaq,4412,Deep Sea Foreign Transportation of  Freight,ifrs-full,6-K,USD,1231,2025,2025-12-31,true,false,tax_anomaly,pass,"","",reported,reported,reported,"",,false,false,false,true,,2196800000.0,2103200000.0,fiscal_year,false,1.7444055944055945,190400000.0,156300000.0,0.02545726017170586,-845000000.0,0.03116531165311653,0.8026943586865002,,0.0015677491601343784,true,,1.5916496945010183,1339500000.0,286000000.0,356300000.0,498900000.0,308500000.0,false,false,false,0.0,,true,false,false,true,13900000.0,1.4382284382284383,false,false,false,"",2024-07-01,2025-06-30,true,,0.21351250466592012,false,0.4594843462246777,34100000.0,2202600000.0,1800000.0,4000000.0,158100000.0,1003100000.0,98200000.0,false,PASS,false,PASS,false,PASS,false,PASS,false,PASS,false,false,PASS,true,FAIL,false,0,5y,false,-0.024594188073149836,0.12377127007264965,-0.30199083520487546,0.14137591620032985,4.68019680196802,0.8216823687752355,-2.9075405405405403,1.5916496945010183,4.499190235041558,true,4,0.2659947741694662,0.18585362590313084,0.08014114826633537,1.4462581939392152,rising,,329700000.0,602800000.0,375800000.0,false,false,,false,true,false,,1800000.0,2300000.0,2107300000.0,359800000.0,1126000000.0,97600000.0,2025-06-30,,,,,,0,,,,,,0,false,,,214500000.0,199700000.0,2100000.0,-152600000.0,143800000.0,310300000.0,,0.2659947741694662,295200000.0,2026-09-21,PurchaseOfPropertyPlantAndEquipmentClassifiedAsInvestingActivities,EquityAttributableToOwnersOfParent,Goodwill,IntangibleAssetsOtherThanGoodwill,ProfitLoss,CashFlowsFromUsedInOperatingActivities,ProfitLossFromOperatingActivities,AdjustmentsForSharebasedPayments,9200000.0,,,207500000.0,383300000.0,388800000.0,334400000.0,4700000.0,35.41999816894531,28.387574949264526,2026-09-29,3635890333.3808136,false,0.24772891774832584,102650777.0,1.0453235947046844,false,false,false,false,,false,"",,,,false
SNN,845982,Smith & Nephew plc,"",NYSE,3842,"Orthopedic, Prosthetic & Surgical Appliances & Supplies",ifrs-full,20-F,USD,1231,2025,2025-12-31,true,true,"",pass,"","",reported,reported,reported,"",,false,false,false,true,,1299000000.0,,fiscal_year,false,2.056,802000000.0,759000000.0,0.006975989617131733,-2554000000.0,0.19768934531450577,0.7871536523929471,0.0014600908500973394,-0.011031797534068787,true,0.6613965744400527,0.8754325259515571,6164000000.0,625000000.0,794000000.0,1285000000.0,433000000.0,false,false,false,0.0,50000000.0,false,false,false,true,-433000000.0,,false,false,true,,,,false,,0.10139519792342634,false,0.07659037664444043,43000000.0,5289000000.0,3108000000.0,882000000.0,557000000.0,3111000000.0,867000000.0,false,PASS,false,PASS,false,PASS,false,PASS,false,PASS,false,false,PASS,false,PASS,false,0,5y,false,0.05731105333140407,0.062134602125780036,2.626934619540109,0.13260319370740725,0.01834862385321101,0.4697142857142857,0.7803203661327232,0.8754325259515571,0.09511215981883392,false,7,0.12881245944192082,0.06469298245614036,0.06411947698578047,2.2544727134015035,falling,,,,,false,false,,false,false,false,,,,,,,,,,,,,,,,,,,,,true,9000000.0,502000000.0,,330000000.0,-68000000.0,-406000000.0,38000000.0,11000000.0,,0.12881245944192082,779000000.0,2026-09-21,PurchaseOfPropertyPlantAndEquipmentIntangibleAssetsOtherThanGoodwillInvestmentPropertyAndOtherNoncurrentAssets,EquityAttributableToOwnersOfParent,Goodwill,IntangibleAssetsOtherThanGoodwill,ProfitLoss,CashFlowsFromUsedInOperatingActivities,ProfitLossFromOperatingActivities,AdjustmentsForSharebasedPayments,154000000.0,,,,,,,,27.079999923706055,31.611750087738038,2026-09-29,11333420505.509743,false,-0.14335650988806897,418516268.0,0.4827177254901961,true,false,true,false,,false,"",,,,false
TME,1744676,Tencent Music Entertainment Group,"",NYSE,4832,Radio Broadcasting Stations,ifrs-full,20-F,CNY,1231,2024,2024-12-31,true,true,"",pass,"","",reported,reported,reported,"",,false,false,false,true,,46167000000.0,,fiscal_year,false,1.445350963567309,9822000000.0,9226000000.0,0.020985176578289497,,0.18399908172635446,0.8161882893226177,0.0011971409457413472,0.004295623393542481,true,,2.991346272246544,28401000000.0,7109000000.0,8710000000.0,10275000000.0,319000000.0,false,false,false,0.0,134000000.0,false,false,false,,,0.3261758691206544,false,false,true,"acquisitions,capex,lease_payments,net_income,ocf,operating_income,pretax_income,revenue,tax_expense",,,false,,0.2503080877433893,false,0.1567804086241575,596000000.0,67863000000.0,19647000000.0,2049000000.0,13164000000.0,,3084230029.0,false,PASS,false,PASS,false,PASS,false,PASS,false,PASS,false,false,PASS,false,PASS,false,0,5y,false,-0.031300666557007584,0.022312787072193307,0.32024368925905256,0.12101389236729965,1.2998833717960654,1.6897082148696754,1.6897082148696754,2.991346272246544,1.3016380573768687,false,6,0.3066793422766804,0.18172524966580167,0.12495409261087875,1.5998636907973147,falling,,,,,false,false,,false,false,false,,,,,,,3308207122.0,,,,,,,,,,,,,,true,34000000.0,,978000000.0,1508000000.0,122000000.0,-6818000000.0,,,,0.3066793422766804,8712000000.0,2026-09-21,PurchaseOfPropertyPlantAndEquipmentClassifiedAsInvestingActivities,EquityAttributableToOwnersOfParent,Goodwill,IntangibleAssetsOtherThanGoodwill,ProfitLoss,CashFlowsFromUsedInOperatingActivities,ProfitLossFromOperatingActivities,AdjustmentsForSharebasedPayments,1603000000.0,,,,,,,,8.369999885559082,11.375700011253358,2026-09-29,13641133641.898186,false,-0.2642211136651723,1629765093.0,0.5284187877284947,true,false,true,false,,false,"",,,,false
DRD,1023512,DRDGOLD LIMITED,"",NYSE,1040,Gold and Silver Ores,ifrs-full,20-F,ZAR,630,2025,2025-06-30,true,true,"",pass,"","goodwill,intangibles",never_acquired,never_acquired,never_acquired,"",,false,false,false,true,,8883000000.0,,fiscal_year,false,1.5655682882240156,1244100000.0,1214000000.0,0.00382066969612348,,0.26878810602849595,0.7689169266636953,,,false,,1.4081193549246096,7878200000.0,2242700000.0,2916700000.0,3511100000.0,2254900000.0,false,false,false,0.0,12100000.0,false,false,false,,,4.9104965156794425,false,false,true,,,,false,,0.28467162549821023,false,0.25886505467314375,30100000.0,8883000000.0,0.0,0.0,1306200000.0,,862142826.0,false,PASS,false,PASS,false,PASS,false,PASS,false,PASS,false,false,PASS,false,PASS,,0,5y,false,0.1545908144502799,0.1348705022473924,0.1127504205553771,0.087644311268253,1.0219888714165806,0.9251347719269519,-0.12670165380854795,1.4081193549246096,1.5348210087331575,true,1,0.37022416287984566,0.2241099163679809,0.14611424651186478,1.4154394862750814,rising,,,,,false,false,,false,false,false,,,,,,,,,,,,,,,,,,,,,false,,,459200000.0,431000000.0,,-2283300000.0,,,,0.37022416287984566,3067100000.0,2026-09-21,PurchaseOfPropertyPlantAndEquipmentClassifiedAsInvestingActivities,Equity,,,ProfitLoss,CashFlowsFromUsedInOperatingActivities,ProfitLossFromOperatingActivities,AdjustmentsForSharebasedPayments,824400000.0,,,,,,,,24.34000015258789,28.43705009460449,2026-09-29,2114553407.2761726,false,-0.14407436525189912,86875653.0,0.10076712393823248,true,false,true,false,,false,"",,,,false
SAP,1000184,SAP SE,"",NYSE,7372,Services-Prepackaged Software,ifrs-full,20-F,EUR,1231,2025,2025-12-31,true,true,"",pass,"","",reported,reported,reported,"",,false,false,false,true,,13290000000.0,,fiscal_year,false,1.2497952497952498,8118000000.0,6423000000.0,0.04605978260869565,2070000000.0,0.2866601752677702,0.7617760216283664,0.01907608695652174,-0.07266304347826087,true,0.29830297368830766,5.508576329331047,36800000000.0,7326000000.0,9617000000.0,9156000000.0,739000000.0,false,false,false,0.0,299000000.0,false,false,false,,,0.5636918382913806,false,false,true,,,,false,,0.19907608695652174,false,0.18582369340212132,1695000000.0,44586000000.0,29014000000.0,2282000000.0,8220000000.0,6150000000.0,1166000000.0,false,PASS,false,PASS,false,PASS,false,PASS,false,PASS,false,false,PASS,false,PASS,true,0,5y,false,0.07624336858522907,0.06124636548547313,0.3006744840059479,0.057813230913715596,2.5034188034188034,4.159052453468697,0.3693467336683417,5.508576329331047,5.139229595662705,false,7,0.26133152173913043,0.24226351598507573,0.019068005754054707,1.4514055614055614,,,,,,false,false,,false,false,false,,,,,,,,,,,,,,,,,,,,,true,702000000.0,1916000000.0,1311000000.0,2746000000.0,-2674000000.0,-965000000.0,,,,0.26133152173913043,10270000000.0,2026-09-21,PurchaseOfPropertyPlantAndEquipmentIntangibleAssetsOtherThanGoodwillInvestmentPropertyAndOtherNoncurrentAssets,EquityAttributableToOwnersOfParent,Goodwill,IntangibleAssetsOtherThanGoodwill,ProfitLoss,CashFlowsFromUsedInOperatingActivities,ProfitLossFromOperatingActivities,AdjustmentsForSharebasedPayments,2944000000.0,,,,,,,,209.30999755859375,194.19724990844728,2026-09-29,241586484982.03857,false,0.07782163577121333,1154204232.0,0.9898835608919383,false,false,false,false,,false,"",,,,false
NYAX,1901279,NAYAX LTD.,"",Nasdaq,7372,Services-Prepackaged Software,ifrs-full,20-F,USD,1231,2025,2025-12-31,false,false,tax_anomaly,unknown,tangible_book,"",unresolved,unresolved,unresolved,"",,false,false,false,true,,,,none,false,1.1343619777001914,31909000.0,24604000.0,0.01824275222072107,5474000.0,-0.027483654458138055,0.945580404685836,0.09960717523281049,,false,,0.6653326122228231,400433000.0,35516000.0,37560000.0,40288000.0,5329000.0,false,true,false,0.0,3050000.0,false,false,false,true,-23676000.0,0.20908698552203084,false,false,true,"acquisitions,capex,dep_amort,lease_payments,net_income,ocf,operating_income,pretax_income,revenue,sbc,tax_expense",,,false,,0.08869398875717037,false,-0.05258799699351568,7305000.0,231015000.0,,,319538000.0,314064000.0,36980000.0,,NOT_EVALUABLE,false,PASS,false,PASS,false,PASS,false,PASS,false,false,PASS,true,FAIL,,0,5y,false,0.3214937487324012,0.3842657363746138,,1.3492145273278013,-1.2086113904378828,0.009298768215119555,,0.6653326122228231,,false,2,0.09379846316362538,-0.028229440361499308,0.12202790352512469,-2.346106512398241,rising,,,,,false,false,,false,false,false,,,,158687000.0,61912000.0,,35059000.0,2024-06-30,,,,0.3904627931409035,,0,,,,5.530689842476915,,0,false,39886000.0,,25487000.0,,,-78740000.0,6014000.0,61078000.0,,0.09379846316362538,34566000.0,2026-09-21,PurchaseOfPropertyPlantAndEquipmentClassifiedAsInvestingActivities,Equity,,,ProfitLoss,CashFlowsFromUsedInOperatingActivities,ProfitLossFromOperatingActivities,AdjustmentsForSharebasedPayments,-950000.0,,,,,,,,,,,,,,,,,,,,,,ineligible:gate0_status,,,,false
IHG,858446,InterContinental Hotels Group PLC,"",NYSE,7011,Hotels & Motels,ifrs-full,20-F,USD,1231,2025,2025-12-31,false,false,"",unknown,tangible_book,"",unresolved,reported,unresolved,"",,false,false,false,true,,,,none,false,1.1831357048748352,840000000.0,793000000.0,0.00905762189246483,-3072000000.0,0.29329608938547486,0.6335559265442404,,,false,,5.1360103626943,5189000000.0,759000000.0,1198000000.0,898000000.0,28000000.0,false,false,false,0.0,30000000.0,false,false,false,true,-180000000.0,0.417910447761194,false,false,true,,,,false,,0.14627095779533628,false,0.2305363321799308,47000000.0,-2741000000.0,335000000.0,,1129000000.0,4201000000.0,154400000.0,,NOT_EVALUABLE,false,PASS,false,PASS,false,PASS,false,PASS,false,false,PASS,false,PASS,,0,5y,false,0.1006188494520397,0.16732531781330517,0.20903695069740258,1.0632481013154806,2.9060773480662982,0.13736263736263737,2.6721311475409837,5.1360103626943,2.4638792151533164,false,7,0.23087300057814608,-0.06390977443609022,0.29478277501423633,1.1755562045265728,falling,,,,,false,false,,false,false,false,,,,,,,,,,,,,,,,,,,,,false,,,67000000.0,270000000.0,,-190000000.0,21000000.0,31000000.0,,0.23087300057814608,1074000000.0,2026-09-21,PurchaseOfPropertyPlantAndEquipmentClassifiedAsInvestingActivities,EquityAttributableToOwnersOfParent,Goodwill,,ProfitLoss,CashFlowsFromUsedInOperatingActivities,ProfitLossFromOperatingActivities,AdjustmentsForSharebasedPayments,315000000.0,,,,,,,,,,,,,,,,,,,,,,ineligible:gate0_status,,,,false
IAG,1203464,IAMGOLD Corporation,"",NYSE,1040,Gold and Silver Ores,ifrs-full,40-F,USD,1231,2025,2025-12-31,false,false,"",unknown,tangible_book,"",unresolved,unresolved,unresolved,"",,false,false,false,true,,,,none,false,1.5602894988392735,817400000.0,809100000.0,0.0029094223219293326,-226900000.0,0.24489585481542586,0.6696232626188734,0.01079641054402692,,false,,1.4068857589984352,2852800000.0,732300000.0,1093600000.0,1142600000.0,293500000.0,false,false,false,0.0,31700000.0,false,false,false,true,-24600000.0,0.6973152767878356,false,false,true,,,,false,,0.2566951766685362,false,-0.00030392057542295614,8300000.0,4191400000.0,,,421900000.0,648800000.0,575100000.0,,NOT_EVALUABLE,false,PASS,false,PASS,false,PASS,false,PASS,false,false,PASS,false,PASS,,0,5y,false,0.4382943247984723,0.18100280455000095,,0.8937296579308989,-0.7177183451734225,0.057765552264071096,0.21132478632478632,1.4068857589984352,1.195560972673649,false,1,0.3833426808749299,0.11709752758315213,0.2662451532917778,1.2230611261814142,rising,,,,,false,false,,false,false,false,,,,,,,,,,,,,,,,,,,,,false,30800000.0,,420900000.0,128300000.0,,-378300000.0,-29400000.0,324300000.0,,0.3833426808749299,969800000.0,2026-09-21,PurchaseOfPropertyPlantAndEquipmentClassifiedAsInvestingActivities,EquityAttributableToOwnersOfParent,,,ProfitLoss,CashFlowsFromUsedInOperatingActivities,ProfitLossFromOperatingActivities,AdjustmentsForSharebasedPayments,237500000.0,,,,,,,,,,,,,,,,,,,,,,ineligible:gate0_status,,,,false
NEXN,1849396,NEXXEN INTERNATIONAL LTD.,"",Nasdaq,7370,"Services-Computer Programming, Data Processing, Etc.",ifrs-full,20-F,USD,1231,2025,2025-12-31,false,false,"",unknown,tangible_book,"",unresolved,unresolved,unresolved,"",,false,false,false,true,,,,none,false,4.396797508285749,81726000.0,63678000.0,0.04947639673227699,,0.32786709251456025,0.7717649234182872,,,false,1.5836866735764314,1.0652668050196386,364780000.0,25043000.0,32449000.0,110109000.0,12118000.0,false,true,false,0.0,16265000.0,false,false,false,true,1073000.0,0.19197135796210632,false,false,true,,,,false,,0.06865233839574537,false,-0.05113360823872792,18048000.0,474671000.0,,,133308000.0,,59776574.0,,NOT_EVALUABLE,false,PASS,false,PASS,false,PASS,false,PASS,false,false,PASS,false,PASS,,0,5y,false,0.028538953338046236,0.11473545585014122,0.7845690350816659,0.8421701636702044,0.18743829922552982,0.05021224899752753,0.14019376065123984,1.0652668050196386,0.9250730443683988,false,7,0.08895498656724601,-0.028430539826349566,0.11738552639359558,1.9421174481827006,rising,,,,,false,false,,false,false,false,,,,,,,,,,,,,,,,,,,,,false,,100846000.0,63124000.0,,,-48622000.0,,49695000.0,,0.08895498656724601,37259000.0,2026-09-21,PurchaseOfPropertyPlantAndEquipmentClassifiedAsInvestingActivities,Equity,,,ProfitLoss,CashFlowsFromUsedInOperatingActivities,ProfitLossFromOperatingActivities,AdjustmentsForSharebasedPayments,12216000.0,,,,,,,,,,,,,,,,,,,,,,ineligible:gate0_status,,,,false
DCBO,1829959,Docebo Inc.,"",Nasdaq,7372,Services-Prepackaged Software,ifrs-full,40-F,USD,1231,2025,2025-12-31,false,false,"tax_anomaly,ni_vs_oi",fail,"","",reported,reported,reported,"",,false,false,false,true,,58521000.0,,fiscal_year,false,0.7510396673064619,25364000.0,19366000.0,0.024714962070485853,,-0.5345469421149519,1.6143914615252195,,0.00018542402353648939,true,,0.6748996807242887,242687000.0,37512000.0,23236000.0,28173000.0,981000.0,false,true,false,0.0,1828000.0,false,false,false,true,-859000.0,0.307909604519774,false,false,true,"acquisitions,capex,dep_amort,lease_payments,net_income,ocf,operating_income,pretax_income,revenue,sbc,tax_expense",,,false,,0.15456946602001756,false,-0.020515486150664404,5998000.0,74091000.0,14541000.0,1029000.0,74037000.0,,28694635.0,false,PASS,true,FAIL,false,PASS,false,PASS,false,PASS,false,true,FAIL,true,FAIL,true,0,5y,false,0.1930517223087822,0.30995296233430647,,0.8173746807378073,-0.14851343225519417,0.034042140229701846,-0.2662147500949052,0.6748996807242887,0.9411144308191939,true,3,0.09574472468653039,-0.1212231988174897,0.2169679235040201,2.488719848587773,falling,,,,,false,false,,false,false,false,,,,,,,30296756.0,,,,,,,,,,,,,,false,,,3186000.0,,45000.0,-1840000.0,,981000.0,,0.09574472468653039,24445000.0,2026-09-21,PurchaseOfPropertyPlantAndEquipmentClassifiedAsInvestingActivities,Equity,Goodwill,IntangibleAssetsOtherThanGoodwill,ProfitLoss,CashFlowsFromUsedInOperatingActivities,ProfitLossFromOperatingActivities,AdjustmentsForSharebasedPayments,-13067000.0,,,,,,,,,,,,,,,,,,,,,,ineligible:gate0_status,,,,false
TIGO,912958,MILLICOM INTERNATIONAL CELLULAR SA,"",Nasdaq,4812,Radiotelephone Communications,ifrs-full,20-F,USD,1231,2025,2025-12-31,false,false,"",fail,"","",reported,reported,reported,"",,false,false,false,true,,-8423000000.0,,fiscal_year,false,1.2731277533039647,875000000.0,861000000.0,0.002405911668671593,-5334000000.0,0.18198198198198198,0.8309945088468579,0.09365870424471559,0.18233373431861144,true,0.148664343786295,5.13836586835996,5819000000.0,1362000000.0,1639000000.0,1734000000.0,650000000.0,false,false,false,0.0,209000000.0,false,false,false,true,-73000000.0,0.5078125,false,false,true,,,,false,,0.2340608351950507,false,0.1459106164988518,14000000.0,3640000000.0,4265000000.0,7798000000.0,1552000000.0,6886000000.0,167563000.0,true,FAIL,false,PASS,false,PASS,false,PASS,false,PASS,false,false,PASS,false,PASS,true,5,5y,false,0.011426546960301431,0.08867622628194294,0.3384193600489078,0.6212861774562553,2.1431294004271875,0.4586977648202138,-0.7118563632049355,5.13836586835996,5.850222231564896,true,6,0.28166351606805295,0.10565045992115638,0.17601305614689658,0.7542114340640588,rising,,,,,false,false,,false,false,false,,,,,,,,,,,,,,,,,,,,,true,545000000.0,128000000.0,1280000000.0,1050000000.0,1061000000.0,-374000000.0,986000000.0,1287000000.0,,0.28166351606805295,1665000000.0,2026-09-21,PurchaseOfPropertyPlantAndEquipmentClassifiedAsInvestingActivities,EquityAttributableToOwnersOfParent,Goodwill,IntangibleAssetsOtherThanGoodwill,ProfitLoss,CashFlowsFromUsedInOperatingActivities,ProfitLossFromOperatingActivities,AdjustmentsForSharebasedPayments,303000000.0,,,,,,,,,,,,,,,,,,,,,,ineligible:gate0_status,,,,false
AG,1308648,FIRST MAJESTIC SILVER CORP.,"",NYSE,1040,Gold and Silver Ores,ifrs-full,40-F,USD,1231,2025,2025-12-31,false,false,"",unknown,tangible_book,"",unresolved,reported,unresolved,"",,false,false,false,true,,,,none,false,2.4932337954733974,445765000.0,433117000.0,0.010060795906955137,501219000.0,0.4659212305012835,0.5313335029100882,,,false,,0.9031150587480499,1257157000.0,210975000.0,397067000.0,526010000.0,62096000.0,false,true,false,0.0,18149000.0,false,false,false,true,-22019000.0,0.23450328174684099,false,false,true,,,,false,,0.16781913476200666,false,-0.31157840435969963,12648000.0,2761005000.0,0.0,,793435000.0,292216000.0,479581196.0,,NOT_EVALUABLE,false,PASS,false,PASS,false,PASS,false,PASS,false,false,PASS,false,PASS,,0,5y,false,0.2628459650343713,0.2814073808789206,,0.5672158853155422,-0.2589822771811789,0.09552102163337468,0.4209101216424895,0.9031150587480499,0.4822049371055604,false,2,0.31584519674153666,0.11090866119227429,0.2049365355492624,0.19667869297135035,rising,,,,,false,false,,false,false,false,,,,,,,,,,,,,,,,,,,,,false,,,264798000.0,9840000.0,,-28176000.0,65712000.0,71869000.0,,0.31584519674153666,395026000.0,2026-09-21,PurchaseOfPropertyPlantAndEquipmentClassifiedAsInvestingActivities,EquityAttributableToOwnersOfParent,Goodwill,,ProfitLoss,CashFlowsFromUsedInOperatingActivities,ProfitLossFromOperatingActivities,AdjustmentsForSharebasedPayments,184051000.0,,,,,,,,,,,,,,,,,,,,,,ineligible:gate0_status,,,,false
HMY,1023514,HARMONY GOLD MINING COMPANY LIMITED,"",NYSE,1040,Gold and Silver Ores,ifrs-full,20-F,ZAR,630,2025,2025-06-30,false,false,"",unknown,tangible_book,"",unresolved,unresolved,unresolved,"",,false,false,false,true,,,,none,false,1.5567088259554578,10501000000.0,9802000000.0,0.00945924001299123,11148000000.0,0.31396774497783647,0.714643611534116,0.0,,true,,15.762669072395388,73896000000.0,14548000000.0,20357000000.0,22647000000.0,11855000000.0,false,false,false,0.0,291000000.0,false,false,false,,,2.4483684427922348,false,false,true,,,,false,,0.19687127855364295,false,0.14396752917300862,699000000.0,48235000000.0,,,13101000000.0,1953000000.0,621849000.0,,NOT_EVALUABLE,false,PASS,false,PASS,false,PASS,false,PASS,false,false,PASS,false,PASS,false,0,5y,false,0.2011141149234159,0.20368780619017746,1.9193807427685674,0.5663421483953188,0.6335159317827432,1.6718472137125096,-1.120637484273848,15.762669072395388,16.883306556669236,true,6,0.2754817581465844,-0.01224140878782698,0.28772316693441136,1.7984387232193793,falling,,,,,false,false,,false,false,false,,,,,,,,,,,,,,,,,,,,,false,0.0,,4842000000.0,2100000000.0,,-11955000000.0,,,,0.2754817581465844,21206000000.0,2026-09-21,PurchaseOfPropertyPlantAndEquipmentClassifiedAsInvestingActivities,EquityAttributableToOwnersOfParent,,,ProfitLoss,CashFlowsFromUsedInOperatingActivities,ProfitLossFromOperatingActivities,AdjustmentsForSharebasedPayments,6658000000.0,,,,,,,,,,,,,,,,,,,,,,ineligible:gate0_status,,,,false
AFYA,1771007,AFYA LIMITED,"",Nasdaq,8200,Services-Educational Services,ifrs-full,20-F,BRL,1231,2025,2025-12-31,false,false,"",fail,tax_anomaly,goodwill,never_acquired,never_acquired,reported,"",,false,false,false,true,,-736184000.0,,fiscal_year,false,1.993104238050187,1316162000.0,1300844000.0,0.004143073712795033,-868218000.0,,0.633448739191005,,,false,,14.377799130062048,3697255000.0,768443000.0,1213110000.0,1531587000.0,166014000.0,false,false,false,,49411000.0,false,false,false,,,0.44466765235278993,false,false,true,,,,false,,0.2078414932159129,false,0.266719125369926,15318000.0,4851796000.0,0.0,5587980000.0,1125381000.0,1993599000.0,90475878.0,true,FAIL,false,PASS,false,PASS,false,PASS,false,PASS,false,false,PASS,,NOT_EVALUABLE,,0,5y,false,0.16654034229448156,0.25214166541380756,0.28231150564009977,0.47080039096839466,6.81886032769323,2.088929238242245,2.426740721710761,14.377799130062048,11.951058408351287,false,7,0.3281109904510238,0.3024789563025364,0.025632034148487415,2.25835535933878,falling,,,,,false,false,,false,false,false,,,,,,,,,,,,,,,,,,,,,false,,,373344000.0,146813000.0,,-507070000.0,,,,0.3281109904510238,860945000.0,2026-09-21,PurchaseOfPropertyPlantAndEquipmentClassifiedAsInvestingActivities,EquityAttributableToOwnersOfParent,,IntangibleAssetsOtherThanGoodwill,ProfitLoss,CashFlowsFromUsedInOperatingActivities,ProfitLossFromOperatingActivities,AdjustmentsForSharebasedPayments,,,,,,,,,,,,,,,,,,,,,,,ineligible:gate0_status,,,,false
TSM,1046179,Taiwan Semiconductor Manufacturing Company Limited,"",NYSE,3674,Semiconductors & Related Devices,ifrs-full,20-F,TWD,1231,2024,2024-12-31,false,false,"",unknown,"income_quality,ni_vs_oi","goodwill,intangibles",never_acquired,never_acquired,never_acquired,"",,false,false,false,true,,4244266500000.0,,fiscal_year,false,,867296900000.0,866054200000.0,0.00042936001586838885,2095802600000.0,0.17663183577078473,,,,false,,33.402790848362365,2894307700000.0,35301100000.0,1322053000000.0,1826177100000.0,956006500000.0,false,false,true,1122222800000.0,2873700000.0,false,false,false,,,1.4626547462135324,false,false,true,"capex,dep_amort,dividends,lease_payments,net_income,ocf,operating_income,pretax_income,revenue,sbc,tax_expense",,,false,,,false,0.49528831176655874,1242700000.0,4244266500000.0,0.0,0.0,2127627000000.0,31824400000.0,25927600000.0,false,PASS,,NOT_EVALUABLE,false,PASS,false,PASS,false,PASS,false,,NOT_EVALUABLE,false,PASS,,0,5y,false,0.22166296051413248,0.22020659978342128,0.47306534668138167,0.41668526040087084,10.450010219704362,5.853503430349822,5.853503430349822,33.402790848362365,27.549287418012543,false,6,0.45677693494717236,0.34832353787257286,0.1084533970745995,,,,,,,false,false,,false,false,false,,,,,,,25930300000.0,,,,,,,,,,,,,,false,,,653610500000.0,363055200000.0,,-864842800000.0,2564900000.0,29465900000.0,,0.45677693494717236,1405840000000.0,2026-09-21,PurchaseOfPropertyPlantAndEquipmentClassifiedAsInvestingActivities,EquityAttributableToOwnersOfParent,,,ProfitLoss,CashFlowsFromUsedInOperatingActivities,ProfitLossFromOperatingActivities,AdjustmentsForSharebasedPayments,248316100000.0,,,,,,,,,,,,,,,,,,,,,,ineligible:gate0_status,,,,false
AEM,2809,AGNICO EAGLE MINES LIMITED,"",NYSE,1040,Gold and Silver Ores,ifrs-full,40-F,USD,1231,2025,2025-12-31,false,false,"",unknown,"tangible_book,ni_vs_oi","",unresolved,reported,unresolved,"",,false,false,false,true,,,,none,false,1.528000132691959,4362870000.0,4265325000.0,0.008191654396750514,2669782000.0,0.33449877243298726,,0.010241982369446847,,false,,8.496781827635047,11907851000.0,4461461000.0,,6817113000.0,2418200000.0,false,false,false,0.0,36043000.0,false,false,false,true,380654000.0,1.4697650333040175,false,false,true,,,,false,,0.3746655042962832,false,,97545000.0,24742464000.0,4157672000.0,,2866053000.0,196271000.0,501993000.0,,NOT_EVALUABLE,false,PASS,false,PASS,false,PASS,false,PASS,false,,NOT_EVALUABLE,false,PASS,,0,5y,false,0.2752965849461535,0.3056686085967679,0.9840920671798972,0.4145233024778934,1.0878499718971482,1.5003892210610001,-0.298327804367461,8.496781827635047,8.795109632002507,true,6,,0.5100099964532826,,1.652549485449847,rising,,,,,false,false,,false,false,false,,,,,,,,,,,,,,,,,,,,,false,121960000.0,,1645297000.0,728077000.0,,-2598295000.0,1611000.0,2980560000.0,,,6703911000.0,2026-09-21,PurchaseOfPropertyPlantAndEquipmentClassifiedAsInvestingActivities,Equity,Goodwill,,ProfitLoss,CashFlowsFromUsedInOperatingActivities,,AdjustmentsForSharebasedPayments,2242450000.0,,,,,,,,,,,,,,,,,,,,,,ineligible:gate0_status,,,,false
BIOX,1769484,BIOCERES CROP SOLUTIONS CORP.,"",Nasdaq,2870,Agricultural Chemicals,ifrs-full,6-K,USD,630,2025,2025-06-30,false,false,tax_anomaly,fail,"","",reported,reported,reported,"",,false,false,false,true,,-27891943.0,-46957158.0,latest_q,false,-0.8480821893993726,38762062.0,34375374.0,0.013090337661926863,-5502947.0,-0.022122282192531716,26.31764448590808,,0.012771799372054781,false,,0.5436712140018447,335108850.0,-58845253.0,-2235962.0,49905611.0,5642162.0,false,false,false,0.0,5501387.0,false,false,false,true,-526267.0,,false,false,false,"",2024-10-01,2025-09-30,false,5534399.0,-0.17560041461155085,false,0.12899193657752056,4386688.0,265444568.0,112163432.0,181173079.0,32695079.0,38198026.0,63228240.0,true,FAIL,true,FAIL,false,PASS,false,PASS,false,PASS,false,false,PASS,true,FAIL,true,2,5y,false,0.0002639660086405371,0.14125237404016144,,0.388152944759081,-0.5540990212403963,0.10547505129158562,0.9105972461143781,0.5436712140018447,-0.3669260321125334,false,2,-0.00667234541851103,0.22615684780938564,-0.23282919322789666,1.6678251321414592,falling,295140168.0,-243170204.0,81871862.0,3505992.0,false,false,3577636.0,false,false,false,69253835.0,36073683.0,87289801.0,76406326.0,11064683.0,34155963.0,63477113.0,2025-12-31,-0.2953777436627521,-0.2785717607004024,-0.16819787801019287,-0.252994045203162,0.023752497806897987,0,,,2.5335559455695806,,,0,false,,,,72051.0,4279943.0,-6128891.0,390381.0,5993005.0,,-0.00667234541851103,-57571637.0,2026-09-21,PurchaseOfPropertyPlantAndEquipmentClassifiedAsInvestingActivities,EquityAttributableToOwnersOfParent,Goodwill,IntangibleAssetsOtherThanGoodwill,ProfitLoss,CashFlowsFromUsedInOperatingActivities,ProfitLossFromOperatingActivities,AdjustmentsForSharebasedPayments,1273616.0,,,,72051.0,-4643570.0,-63832825.0,7117536.0,,,,,,,,,,,,,,,ineligible:gate0_status,,,,false
MEOH,886977,METHANEX CORPORATION,"",Nasdaq,2860,Industrial Organic Chemicals,ifrs-full,40-F,USD,1231,2025,2025-12-31,false,false,"",unknown,tangible_book,"",unresolved,unresolved,unresolved,"",,false,false,false,true,,,,none,false,7.013826539773747,783134000.0,787561000.0,-0.0012334142421871691,-2327569000.0,0.28756783884982706,0.33590063610339116,0.3509689002413892,,false,,10.85822513300916,3589224000.0,144794000.0,431062000.0,1015560000.0,98993000.0,false,true,false,0.0,133433000.0,false,false,false,true,2322000.0,0.22195192495252358,false,false,true,,,,false,,0.040341310545120614,true,0.07078683219304548,-4427000.0,2443208000.0,,,425331000.0,2752900000.0,72531283.0,,NOT_EVALUABLE,false,PASS,false,PASS,false,PASS,false,PASS,false,false,PASS,false,PASS,,0,5y,false,-0.05926377640314784,0.0625567892584622,0.02488638496941875,0.3719622104825375,10.086295104222263,2.2338195921211232,2.7300615271123525,10.85822513300916,8.128163605896807,false,7,0.12009894060666038,-0.01979272918150178,0.13989166978816214,4.094514728127714,rising,,,,,false,false,,false,false,false,,,,,,,,,,,,,,,,,,,,,false,1259706000.0,,446011000.0,53552000.0,,-1356377000.0,,1358699000.0,,0.12009894060666038,203239000.0,2026-09-21,PurchaseOfPropertyPlantAndEquipmentClassifiedAsInvestingActivities,EquityAttributableToOwnersOfParent,,,ProfitLoss,CashFlowsFromUsedInOperatingActivities,ProfitLossFromOperatingActivities,AdjustmentsForSharebasedPayments,58445000.0,,,,,,,,,,,,,,,,,,,,,,ineligible:gate0_status,,,,false
GIL,1061894,GILDAN ACTIVEWEAR INC.,"",NYSE,2300,Apparel & Other Finishd Prods of  Fabrics & Similar Matl,ifrs-full,40-F,USD,103,2025,2025-12-28,false,false,"",fail,"","",reported,reported,reported,"",,false,false,false,true,,-328041000.0,,fiscal_year,false,1.5200474329307885,474219000.0,426268000.0,0.01324892877944406,-4029222000.0,0.16396076334063397,0.6434175675632079,0.03390687979452017,0.9298277315986025,true,,2.7859743145648834,3619236000.0,398879000.0,619938000.0,606315000.0,106436000.0,false,false,false,4944000.0,25660000.0,false,false,false,true,521000.0,0.721277258989198,false,false,true,,,,false,,0.11021082902579439,false,0.20146149251340228,47951000.0,3562221000.0,868848000.0,3021414000.0,284458000.0,4313680000.0,153005000.0,true,FAIL,false,PASS,false,PASS,false,PASS,false,PASS,false,false,PASS,false,PASS,true,1,5y,false,0.037534220876368485,0.05088087211967074,0.5992777705326828,0.229375026508011,0.681091414668057,0.9920993725540137,0.9920993725540137,2.7859743145648834,1.7938749420108697,false,6,0.171289741812913,0.10233821936392246,0.06895152244899055,1.265075037459895,rising,,,,,false,false,,false,false,false,,,,,,,,,,,,,,,,,,,,,true,122717000.0,,147566000.0,135237000.0,3365266000.0,-236003000.0,,236524000.0,,0.171289741812913,471192000.0,2026-09-21,PurchaseOfPropertyPlantAndEquipmentClassifiedAsInvestingActivities,EquityAttributableToOwnersOfParent,Goodwill,IntangibleAssetsOtherThanGoodwill,ProfitLoss,CashFlowsFromUsedInOperatingActivities,ProfitLossFromOperatingActivities,AdjustmentsForSharebasedPayments,77257000.0,,,,,,,,,,,,,,,,,,,,,,ineligible:gate0_status,,,,false
RYAAY,1038683,Ryanair Holdings plc,"",Nasdaq,4512,"Air Transportation, Scheduled",ifrs-full,20-F,EUR,331,2025,2025-03-31,false,false,ni_vs_oi,unknown,tangible_book,"",unresolved,unresolved,reported,"",,false,false,false,true,,,,none,false,2.119446512782328,1826800000.0,1814000000.0,0.0009176613972828619,1180600000.0,0.0968392737054472,1.0344030808729139,,,false,0.8168136714443219,1.6468452110758056,13948500000.0,1611600000.0,1558000000.0,3415700000.0,1552500000.0,false,false,false,0.0,36400000.0,false,false,false,,,1.2784090909090908,false,false,true,,,,false,,0.11553930530164534,false,0.13388150567970897,12800000.0,7036900000.0,,146400000.0,3863300000.0,2682700000.0,1101500000.0,,NOT_EVALUABLE,false,PASS,false,PASS,false,PASS,false,PASS,false,true,FAIL,false,PASS,,0,5y,false,0.4269265398272879,0.1042689726236099,0.38729203951514335,0.22175970532125966,0.6168067226890757,0.6049560064643562,0.4049492829660721,1.6468452110758056,1.2418959281097335,false,4,0.11169659820052336,0.13271648537929087,-0.021019887178767516,2.242770697587417,falling,,,,,false,false,,false,false,false,,,,,,,,,,,,,,,,,,,,,false,,1481700000.0,1214400000.0,437700000.0,,-1431500000.0,,,,0.11169659820052336,1784400000.0,2026-09-21,PurchaseOfPropertyPlantAndEquipmentClassifiedAsInvestingActivities,Equity,,IntangibleAssetsOtherThanGoodwill,ProfitLoss,CashFlowsFromUsedInOperatingActivities,ProfitLossFromOperatingActivities,AdjustmentsForSharebasedPayments,172800000.0,,,,,,,,,,,,,,,,,,,,,,ineligible:gate0_status,,,,false
AZN,901832,ASTRAZENECA PLC,"",NYSE,2834,Pharmaceutical Preparations,ifrs-full,6-K,USD,1231,2025,2025-12-31,false,false,"",fail,"","",reported,reported,reported,"",,false,false,false,true,,-10421000000.0,-14428000000.0,fiscal_year,false,1.4243134955536012,11393000000.0,10674000000.0,0.01224058972743833,-23911000000.0,0.1748911465892598,0.7445972495088409,,0.01508367524132178,false,,6.886451612903226,58739000000.0,10233000000.0,13743000000.0,14575000000.0,2810000000.0,false,false,false,0.0,372000000.0,false,false,false,true,-1230000000.0,,false,false,false,"",2024-07-01,2025-06-30,true,350000000.0,0.17421134169802005,false,0.17884350920084696,719000000.0,48667000000.0,21242000000.0,37846000000.0,5711000000.0,29622000000.0,1550000000.0,true,FAIL,false,PASS,false,PASS,false,PASS,false,PASS,false,false,PASS,false,PASS,false,5,5y,false,0.09818214247884915,0.17153020100948413,0.10719772963281837,0.219195231559691,5.073643410852713,2.5564024390243905,1.1875480399692544,6.886451612903226,5.698903572933972,false,7,0.23396721088203748,0.19393620618401775,0.040031004698019734,1.6147741400673592,falling,56501000000.0,8302000000.0,13389000000.0,2213000000.0,false,false,,false,true,false,,21222000000.0,37925000000.0,44719000000.0,7058000000.0,32839000000.0,1550000000.0,2025-06-30,0.31034063260340633,0.059883019218271286,0.1333216538192011,0.11740609058587108,-0.05053649914516759,0,,,,,,0,false,,,,4971000000.0,886000000.0,-6808000000.0,566000000.0,6144000000.0,,0.23396721088203748,12402000000.0,2026-09-21,PurchaseOfPropertyPlantAndEquipmentClassifiedAsInvestingActivities,EquityAttributableToOwnersOfParent,Goodwill,IntangibleAssetsOtherThanGoodwill,ProfitLoss,CashFlowsFromUsedInOperatingActivities,ProfitLossFromOperatingActivities,AdjustmentsForSharebasedPayments,2169000000.0,,,,4936000000.0,11324000000.0,10023000000.0,1721000000.0,,,,,,,,,,,,,,,ineligible:gate0_status,,,,false
KGC,701818,KINROSS GOLD CORP,"",NYSE,1040,Gold and Silver Ores,ifrs-full,40-F,USD,1231,2025,2025-12-31,false,false,"",unknown,tangible_book,"",unresolved,unresolved,unresolved,"",,false,false,false,true,,,,none,false,1.5224696356275305,2559100000.0,2546000000.0,0.0018578661485441988,1004100000.0,0.22684446113876108,0.7536001952648279,,,false,,2.087799085829371,7051100000.0,2470000000.0,3277600000.0,3760500000.0,1194200000.0,false,false,false,0.0,7200000.0,false,false,false,,,1.0807239819004524,false,false,true,,,,false,,0.3502999531987917,false,0.18902280821756257,13100000.0,8576000000.0,,,1742300000.0,738200000.0,1219466000.0,,NOT_EVALUABLE,false,PASS,false,PASS,false,PASS,false,PASS,false,false,PASS,false,PASS,,0,5y,false,0.2684268233983613,0.10847227896541956,,0.2111600564888625,,0.8010894370897012,0.10867864021540889,2.087799085829371,1.9791204456139622,false,3,0.4648352739288905,0.4507998291166279,0.014035444812262599,2.616034873435637,falling,,,,,false,false,,false,false,false,,,,,,,,,,,,,,,,,,,,,false,,,1105000000.0,,,,42800000.0,1214000000.0,,0.4648352739288905,3194700000.0,2026-09-21,PurchaseOfPropertyPlantAndEquipmentClassifiedAsInvestingActivities,EquityAttributableToOwnersOfParent,,,ProfitLoss,CashFlowsFromUsedInOperatingActivities,ProfitLossFromOperatingActivities,AdjustmentsForSharebasedPayments,724700000.0,,,,,,,,,,,,,,,,,,,,,,ineligible:gate0_status,,,,false
CAE,1173382,CAE INC.,"",Nasdaq,3690,"Miscellaneous Electrical Machinery, Equipment & Supplies",ifrs-full,40-F,CAD,331,2025,2025-03-31,false,false,"",unknown,tangible_book,"",unresolved,reported,unresolved,"",,false,false,false,true,,,,none,false,2.1602409638554216,480400000.0,455200000.0,0.005352705027719365,-2777700000.0,0.19213548763869964,0.5691168403730115,0.06542195033879224,,false,0.04679261862917399,1.4266338901500242,4707900000.0,415000000.0,729200000.0,896500000.0,356200000.0,false,false,false,0.0,59900000.0,false,false,false,,,,false,false,true,,,,false,,0.0881497058136324,false,0.11619209095895876,25200000.0,4891500000.0,2439700000.0,,293700000.0,3071400000.0,319072751.0,,NOT_EVALUABLE,false,PASS,false,PASS,false,PASS,false,PASS,false,false,PASS,false,PASS,,0,5y,false,0.11774639104403728,0.0537727999827482,1.0689626160817518,0.17780063710260174,0.16108481627447166,0.6294389475636409,0.9276764287423958,1.4266338901500242,0.4989574614076284,false,7,0.15488859151638734,0.14823912563479796,0.006649465881589378,0.6693604345851473,rising,,,,,false,false,,false,false,false,,,,,,,,,,,,,,,,,,,,,false,308000000.0,21300000.0,,,,-732300000.0,,,,0.15488859151638734,513700000.0,2026-09-21,PurchaseOfPropertyPlantAndEquipmentClassifiedAsInvestingActivities,EquityAttributableToOwnersOfParent,Goodwill,,ProfitLoss,CashFlowsFromUsedInOperatingActivities,ProfitLossFromOperatingActivities,AdjustmentsForSharebasedPayments,98700000.0,,,,,,,,,,,,,,,,,,,,,,ineligible:gate0_status,,,,false
GDEV,1848739,GDEV Inc.,"",Nasdaq,7371,Services-Computer Programming Services,ifrs-full,20-F,USD,1231,2025,2025-12-31,false,false,"",fail,"","",reported,reported,reported,"",,false,false,false,true,,-93050000.0,-133540000.0,fiscal_year,false,0.4247017928487978,27806000.0,27197000.0,0.0015061358341618316,,0.07182446181857127,0.9746945776103246,,-0.009318751762104732,false,,1.5000348575956908,404346000.0,69331000.0,71131000.0,29445000.0,311000.0,false,true,false,0.0,1328000.0,false,false,false,,,0.045374963524948936,false,false,false,acquisitions,2024-07-01,2025-06-30,true,1534000.0,0.17146453779683737,false,0.08257901749869229,609000.0,-90564000.0,1836000.0,650000.0,62908000.0,,18130912.0,true,FAIL,true,FAIL,false,PASS,false,PASS,false,PASS,false,false,PASS,false,PASS,false,5,5y,false,-0.0553634057790684,0.0915873089639545,-0.35236634576293,0.17581073701976369,5.522212631048621,0.6674430926189192,,1.5000348575956908,,false,6,0.17591617080421224,-0.006389617159590942,0.18230578796380317,0.643723582286536,rising,425112000.0,47114000.0,13063000.0,399000.0,false,false,1351000.0,false,false,false,9779000.0,1836000.0,2271000.0,-129433000.0,41553000.0,,18124482.0,2025-06-30,,-0.0866847955727303,-0.078701769048614,0.1331172512851527,,2,,,,,,0,false,,,6854000.0,55990000.0,-3768000.0,-22404000.0,1676000.0,1484000.0,24410000.0,0.17591617080421224,74696000.0,2026-09-21,PurchaseOfPropertyPlantAndEquipmentClassifiedAsInvestingActivities,EquityAttributableToOwnersOfParent,Goodwill,IntangibleAssetsOtherThanGoodwill,ProfitLoss,CashFlowsFromUsedInOperatingActivities,ProfitLossFromOperatingActivities,AdjustmentsForSharebasedPayments,5365000.0,,,6511000.0,,57854000.0,52679000.0,5565000.0,,,,,,,,,,,,,,,ineligible:gate0_status,,,,false
HLN,1900304,Haleon plc,"",NYSE,2844,"Perfumes, Cosmetics & Other Toilet Preparations",ifrs-full,20-F,GBP,1231,2025,2025-12-31,false,false,"",unknown,tangible_book,"",unresolved,reported,unresolved,"",,false,false,false,true,,,,none,false,1.5678571428571428,2252000000.0,2166000000.0,0.007796917497733454,-7285000000.0,0.21933085501858737,0.6965174129353234,,,false,0.06971375807940905,0.24114896459585838,11030000000.0,1680000000.0,2412000000.0,2634000000.0,322000000.0,false,false,false,0.0,60000000.0,false,false,false,,,,false,false,true,"capex,lease_payments,net_income,ocf,operating_income,pretax_income,revenue,sbc,tax_expense",,,false,,0.15231187669990934,false,0.17660591045832597,86000000.0,16425000000.0,8127000000.0,,1324000000.0,8609000000.0,8982000000.0,,NOT_EVALUABLE,false,PASS,false,PASS,false,PASS,false,PASS,false,false,PASS,false,PASS,,0,5y,false,0.005252646289397811,0.022017379196175524,0.09440056223581927,0.15615669846718694,0.18397401191120735,0.11673521915881035,,0.24114896459585838,,false,6,0.2186763372620127,0.16154468257177518,0.05713165469023751,1.6726820539196776,falling,,,,,false,false,,false,false,false,,,,16600000000.0,531000000.0,8858000000.0,9177000000.0,2024-06-30,,,,,,0,,,,,,0,false,,151000000.0,,,,-346000000.0,,,,0.2186763372620127,2152000000.0,2026-09-21,PurchaseOfPropertyPlantAndEquipmentClassifiedAsInvestingActivities,EquityAttributableToOwnersOfParent,Goodwill,,ProfitLoss,CashFlowsFromUsedInOperatingActivities,ProfitLossFromOperatingActivities,AdjustmentsForSharebasedPayments,472000000.0,,,,,,,,,,,,,,,,,,,,,,ineligible:gate0_status,,,,false
RELX,929869,RELX PLC,"",NYSE,7389,"Services-Business Services, NEC",ifrs-full,20-F,GBP,1231,2025,2025-12-31,false,false,"",fail,"","",reported,reported,reported,"",,false,false,false,true,,-8636000000.0,,fiscal_year,false,1.3647738209817133,2775000000.0,2712000000.0,0.006569343065693431,-7136000000.0,0.24436363636363637,0.6864882722167163,0.027111574556830033,-0.03941605839416058,true,,1.4784125599651112,9590000000.0,2078000000.0,3027000000.0,2836000000.0,21000000.0,false,true,false,0.0,40000000.0,false,false,false,,,,false,false,true,,,,false,,0.21668404588112616,false,0.2927627988210894,63000000.0,2366000000.0,7930000000.0,3072000000.0,131000000.0,7267000000.0,1834400000.0,true,FAIL,false,PASS,false,PASS,false,PASS,false,PASS,false,false,PASS,false,PASS,false,5,5y,false,0.038883172385113296,0.06167062526810407,0.08185687568368172,0.14883702687892342,1.1675788376335678,0.738760253348562,0.9817339850784667,1.4784125599651112,0.4966785748866446,false,7,0.3156412930135558,0.21448663853727146,0.10115465447628436,1.3601662269384824,falling,,,,,false,false,,false,false,false,,,,,,,,,,,,,,,,,,,,,true,260000000.0,,,1196000000.0,-378000000.0,-770000000.0,,,,0.3156412930135558,2750000000.0,2026-09-21,PurchaseOfPropertyPlantAndEquipmentClassifiedAsInvestingActivities,EquityAttributableToOwnersOfParent,Goodwill,IntangibleAssetsOtherThanGoodwill,ProfitLoss,CashFlowsFromUsedInOperatingActivities,ProfitLossFromOperatingActivities,AdjustmentsForSharebasedPayments,672000000.0,,,,,,,,,,,,,,,,,,,,,,ineligible:gate0_status,,,,false
PAAS,771992,Pan American Silver Corp.,"",NYSE,1040,Gold and Silver Ores,ifrs-full,40-F,USD,1231,2025,2025-12-31,false,false,"",unknown,tangible_book,"",unresolved,unresolved,unresolved,"",,false,false,false,true,,,,none,false,1.360204081632653,967000000.0,965000000.0,0.0005526388505111909,501000000.0,0.2084006462035541,0.7948094079480941,0.14147554573086488,,false,0.04766839378238342,2.5296281053478697,3619000000.0,980000000.0,1233000000.0,1333000000.0,314000000.0,false,false,false,0.0,52000000.0,false,false,false,true,30000000.0,0.6317907444668008,false,false,true,,,,false,,0.27079303675048355,false,0.016450066922844436,2000000.0,6997000000.0,,,1215000000.0,714000000.0,381479000.0,,NOT_EVALUABLE,false,PASS,false,PASS,false,PASS,false,PASS,false,false,PASS,false,PASS,,0,5y,false,0.3428005677362935,0.2200392351697067,,0.14704930887015588,-1.2426313764422552,1.2739319799128923,0.2606940520464555,2.5296281053478697,2.268934053301414,false,3,0.3407018513401492,0.15683830141946742,0.18386354992068177,1.1585257802050268,rising,,,,,false,false,,false,false,false,,,,,,,,,,,,,,,,,,,,,false,512000000.0,46000000.0,497000000.0,175000000.0,,-706000000.0,90000000.0,826000000.0,,0.3407018513401492,1238000000.0,2026-09-21,PurchaseOfPropertyPlantAndEquipmentClassifiedAsInvestingActivities,EquityAttributableToOwnersOfParent,,,ProfitLoss,CashFlowsFromUsedInOperatingActivities,ProfitLossFromOperatingActivities,ExpenseFromSharebasedPaymentTransactionsWithEmployees,258000000.0,,,,,,,,,,,,,,,,,,,,,,ineligible:gate0_status,,,,false
CCEP,1650107,COCA-COLA EUROPACIFIC PARTNERS plc,"",Nasdaq,2086,Bottled & Canned Soft Drinks & Carbonated Waters,ifrs-full,6-K,EUR,1231,2025,2025-12-31,false,false,"",fail,"","",reported,reported,reported,"",,false,false,false,true,,-9191000000.0,-8950000000.0,fiscal_year,false,1.492167761495705,2041000000.0,1994000000.0,0.002248696234629922,-9306000000.0,0.22966134682755937,0.7085571070533476,0.0,-0.019616286302090807,true,0.016549648946840523,4.37280701754386,20901000000.0,1979000000.0,2793000000.0,2953000000.0,750000000.0,false,false,false,0.0,162000000.0,false,false,false,,,,false,false,false,"",2024-06-29,2025-06-27,true,156000000.0,0.09468446485814076,false,0.12780024041088406,47000000.0,7835000000.0,4536000000.0,12490000000.0,918000000.0,10224000000.0,456000000.0,true,FAIL,false,PASS,false,PASS,false,PASS,false,PASS,false,false,PASS,false,PASS,false,5,5y,false,0.06464885785509078,0.14531009446522702,-0.0381908157218781,0.14476999834716486,4.914660831509847,2.2241758241758243,2.6931330472103006,4.37280701754386,1.679673970333559,false,7,0.13362996985790154,0.07665472374127852,0.056975246116623024,1.764406703640397,falling,20884000000.0,1570000000.0,2925000000.0,744000000.0,false,false,46000000.0,false,false,false,1979000000.0,4544000000.0,12434000000.0,8028000000.0,1659000000.0,12000000000.0,459000000.0,2025-06-27,,,,,,0,,,,,,0,true,0.0,33000000.0,,,-410000000.0,-632000000.0,,,,0.13362996985790154,2569000000.0,2026-09-21,PurchaseOfPropertyPlantAndEquipmentClassifiedAsInvestingActivities,EquityAttributableToOwnersOfParent,Goodwill,IntangibleAssetsOtherThanGoodwill,ProfitLoss,CashFlowsFromUsedInOperatingActivities,ProfitLossFromOperatingActivities,AdjustmentsForSharebasedPayments,590000000.0,-4000000.0,32000000.0,,,2354000000.0,2151000000.0,581000000.0,,,,,,,,,,,,,,,ineligible:gate0_status,,,,false
PBA,1546066,PEMBINA PIPELINE CORPORATION,"",NYSE,1382,Oil & Gas Field Exploration Services,ifrs-full,40-F,CAD,1231,2025,2025-12-31,false,false,"",unknown,tangible_book,"",unresolved,reported,unresolved,"",,false,false,false,true,,,,none,false,1.948642266824085,2433000000.0,2339000000.0,0.012085368989457444,-11560000000.0,0.23244222927050295,0.6030615877536489,0.0,,false,,4.025817555938038,7778000000.0,1694000000.0,2809000000.0,3301000000.0,784000000.0,false,false,false,0.0,84000000.0,false,false,false,,,0.7943262411347518,false,false,true,,,,false,,0.21779377732064797,false,0.41936502922129204,94000000.0,16771000000.0,4988000000.0,,106000000.0,11666000000.0,581000000.0,,NOT_EVALUABLE,false,PASS,false,PASS,false,PASS,false,PASS,false,false,PASS,false,PASS,,0,5y,false,-0.125017357213851,0.054936724458183095,-0.008496221205991361,0.13529764348952367,4.130198915009042,2.1345454545454547,1.697265625,4.025817555938038,2.328551930938038,false,7,0.3611468243764464,0.0006719301192675962,0.3604748942571788,1.7157871545363055,rising,,,,,false,false,,false,false,false,,,,,,,,,,,,,,,,,,,,,false,0.0,,987000000.0,,,-1090000000.0,,,,0.3611468243764464,2207000000.0,2026-09-21,PurchaseOfPropertyPlantAndEquipmentIntangibleAssetsOtherThanGoodwillInvestmentPropertyAndOtherNoncurrentAssets,Equity,Goodwill,,ProfitLoss,CashFlowsFromUsedInOperatingActivities,ProfitLossFromOperatingActivities,AdjustmentsForSharebasedPayments,513000000.0,,,,,,,,,,,,,,,,,,,,,,ineligible:gate0_status,,,,false
GFS,1709048,GLOBALFOUNDRIES Inc.,"",Nasdaq,3674,Semiconductors & Related Devices,ifrs-full,6-K,USD,1231,2025,2025-12-31,false,false,"tax_anomaly,ni_vs_oi",unknown,tangible_book,"",unresolved,unresolved,unresolved,"",,false,false,false,true,,,,none,false,1.9493243243243243,906000000.0,706000000.0,0.02945074363127669,658000000.0,0.025246981339187707,1.1141781681304894,0.10042703578265351,,false,,1.2720720720720722,6791000000.0,888000000.0,797000000.0,1731000000.0,722000000.0,false,false,false,0.0,103000000.0,false,false,false,true,-11017000000.0,0.5494672754946728,false,false,false,"",2024-10-01,2025-09-30,true,,0.1307613017228685,false,0.15273268398268397,200000000.0,11928000000.0,,,1809000000.0,1151000000.0,555000000.0,,NOT_EVALUABLE,false,PASS,false,PASS,false,PASS,false,PASS,false,true,FAIL,true,FAIL,,0,5y,false,-0.057372736151414694,0.06959777584197213,,0.13495074885510316,-1.3079777365491652,0.675502,-0.18078260887612035,1.2720720720720722,1.4528546809481926,true,3,0.11736121337063761,-0.34137291280148424,0.45873412617212184,-0.8452561445051584,falling,6791000000.0,-41000000.0,1814000000.0,649000000.0,false,false,190000000.0,false,false,false,975000000.0,,,,,,555000000.0,,,,,,,,,,,,,,false,682000000.0,,1314000000.0,,,-1274000000.0,11147000000.0,1404000000.0,,0.11736121337063761,911000000.0,2026-09-21,PurchaseOfPropertyPlantAndEquipmentClassifiedAsInvestingActivities,EquityAttributableToOwnersOfParent,,,ProfitLoss,CashFlowsFromUsedInOperatingActivities,ProfitLossFromOperatingActivities,AdjustmentsForSharebasedPayments,23000000.0,231000000.0,,1399000000.0,,-159000000.0,-50000000.0,-9000000.0,,,,,,,,,,,,,,,ineligible:gate0_status,,,,false
GFI,1172724,Gold Fields Limited,"",NYSE,1040,Gold and Silver Ores,ifrs-full,20-F,USD,1231,2024,2024-12-31,false,false,"",unknown,"tangible_book,ni_vs_oi","",unresolved,unresolved,unresolved,"",,false,false,false,true,,,,none,false,1.2452537776055792,331400000.0,327000000.0,0.0008458935712088588,-1635400000.0,0.3507244918494667,,0.279241002768379,,false,,0.3654114991753668,5201600000.0,1290500000.0,,1607000000.0,1183400000.0,false,false,false,0.0,92200000.0,false,false,false,,,1.886197003506535,false,false,true,,,,false,,0.24809673946478006,false,,4400000.0,5201400000.0,,,860200000.0,2495600000.0,894881526.0,,NOT_EVALUABLE,false,PASS,false,PASS,false,PASS,false,PASS,false,,NOT_EVALUABLE,false,PASS,,0,5y,false,0.07430622949313914,0.11882188707925834,0.8064711720197195,0.11721864579655783,0.06198535657485473,0.2099381345675475,0.2099381345675475,0.3654114991753668,0.1554733646078193,false,6,,,,1.5995312396971453,falling,,,,,false,false,,false,false,false,,,,,,,,,,,,,,,,,,,,,false,1452500000.0,,627400000.0,350900000.0,,-2590600000.0,2700000.0,2635900000.0,56600000.0,,1987600000.0,2026-09-21,PurchaseOfPropertyPlantAndEquipmentClassifiedAsInvestingActivities,EquityAttributableToOwnersOfParent,,,ProfitLoss,CashFlowsFromUsedInOperatingActivities,,AdjustmentsForSharebasedPayments,697100000.0,,,,,,,,,,,,,,,,,,,,,,ineligible:gate0_status,,,,false
AGI,1178819,ALAMOS GOLD INC.,"",NYSE,1040,Gold and Silver Ores,ifrs-full,40-F,USD,1231,2025,2025-12-31,false,false,"",unknown,tangible_book,"",unresolved,unresolved,unresolved,"",,false,false,false,true,,,,none,false,0.8978324678256943,271700000.0,204100000.0,0.03737284387439186,423100000.0,0.18711571992291456,0.8071070615034168,0.0,,false,,0.48543920236702154,1808800000.0,885800000.0,1097500000.0,795300000.0,507100000.0,false,false,false,0.0,16500000.0,false,false,false,true,-17100000.0,,false,false,true,,,,false,,0.4897169394073419,false,0.3108570311736539,67600000.0,4445800000.0,,,623100000.0,200000000.0,420444000.0,,NOT_EVALUABLE,false,PASS,false,PASS,false,PASS,false,PASS,false,false,PASS,false,PASS,,0,5y,false,0.30110956495778907,0.19312564061189863,,0.11165118427050436,-0.08542170272227492,0.28595136273696303,-0.03178183309411523,0.48543920236702154,0.5172210354611367,true,3,0.6067558602388323,0.30423740141692285,0.3025184588219095,1.824715127808192,falling,,,,,false,false,,false,false,false,,,,,,,,,,,,,,,,,,,,,false,0.0,,,39500000.0,,-356900000.0,167800000.0,507600000.0,,0.6067558602388323,1089700000.0,2026-09-21,PurchaseOfPropertyPlantAndEquipmentClassifiedAsInvestingActivities,Equity,,,ProfitLoss,CashFlowsFromUsedInOperatingActivities,ProfitLossFromOperatingActivities,AdjustmentsForSharebasedPayments,203900000.0,,,,,,,,,,,,,,,,,,,,,,ineligible:gate0_status,,,,false
NVS,1114448,Novartis AG,"",NYSE,2834,Pharmaceutical Preparations,ifrs-full,6-K,USD,1231,2025,2025-12-31,false,false,"",fail,sbc,"",reported,reported,reported,"",,false,false,false,true,,-8848000000.0,-12808000000.0,fiscal_year,false,1.3706594114698933,17315000000.0,16219000000.0,,-17294000000.0,0.1458537181996086,0.7916005440943097,,,false,0.5624267834021827,8.364620938628159,,13967000000.0,17644000000.0,19144000000.0,1548000000.0,false,false,false,0.0,281000000.0,false,false,false,,,,false,false,false,"",2024-07-01,2025-06-30,true,271000000.0,,false,,1096000000.0,46130000000.0,25567000000.0,29411000000.0,11435000000.0,28729000000.0,1939000000.0,true,FAIL,false,PASS,false,PASS,false,PASS,,NOT_EVALUABLE,,false,PASS,false,PASS,,4,5y,false,,,0.14144376898355326,0.10956875052339221,5.624484181568088,4.97364953886693,4.895242252291576,8.364620938628159,3.469378686336583,false,7,,,,1.4232055747357006,,,13638000000.0,20788000000.0,1464000000.0,false,false,1056000000.0,false,false,false,17997000000.0,25553000000.0,29240000000.0,41985000000.0,6656000000.0,,1958000000.0,2025-06-30,,,,,,0,-0.08213067436368407,-0.04202401372212693,0.3772008355714712,0.3722643553629469,0.1782409938473491,0,false,147000000.0,9122000000.0,,7818000000.0,3307000000.0,-4877000000.0,2033000000.0,4234000000.0,209000000.0,,16352000000.0,2026-09-21,PurchaseOfPropertyPlantAndEquipmentClassifiedAsInvestingActivities,EquityAttributableToOwnersOfParent,Goodwill,IntangibleAssetsOtherThanGoodwill,ProfitLoss,CashFlowsFromUsedInOperatingActivities,ProfitLossFromOperatingActivities,AdjustmentsForSharebasedPayments,2385000000.0,,11146000000.0,,7818000000.0,16684000000.0,15608000000.0,1970000000.0,,,,,,,,,,,,,,,ineligible:gate0_status,,,,false
SVM,1340677,SILVERCORP METALS INC.,"",NYSE,1040,Gold and Silver Ores,ifrs-full,40-F,USD,331,2025,2025-03-31,false,false,"",unknown,tangible_book,"",unresolved,unresolved,unresolved,"",,false,false,false,true,,,,none,false,1.759969023346748,132407000.0,128715000.0,0.01235216380334231,,0.24951170479339158,0.7636206762835427,,,false,,0.6309310317115696,298895000.0,78769000.0,103152000.0,138631000.0,6224000.0,false,true,false,0.0,,true,false,false,true,-38489000.0,0.18959424881198977,false,false,true,,,,false,,0.26353401696247847,false,0.1621446314545306,3692000.0,702728000.0,,,363978000.0,,204008035.0,,NOT_EVALUABLE,false,PASS,false,PASS,false,PASS,false,PASS,false,false,PASS,false,PASS,,0,5y,false,0.11106259542500907,0.13479593052304373,0.07144417113289925,0.10507024339428761,0.512947891132057,0.3828533617697312,0.3514173846384355,0.6309310317115696,0.2795136470731341,false,7,0.34511115943726056,0.3284160952974583,0.016695064139802263,1.80161984320846,,,,,,false,false,,false,false,false,,,,,,,,,,,,,,0,,,,,,0,false,,,32828000.0,4948000.0,,-44667000.0,46000.0,6224000.0,,0.34511115943726056,104957000.0,2026-09-21,PurchaseOfPropertyPlantAndEquipmentClassifiedAsInvestingActivities,EquityAttributableToOwnersOfParent,,,ProfitLoss,CashFlowsFromUsedInOperatingActivities,ProfitLossFromOperatingActivities,AdjustmentsForSharebasedPayments,26188000.0,,,,,,,,,,,,,,,,,,,,,,ineligible:gate0_status,,,,false
GIB,1061574,CGI INC.,"",NYSE,8742,Services-Management Consulting Services,ifrs-full,40-F,CAD,930,2024,2024-09-30,false,false,"",fail,ni_vs_oi,"",reported,reported,reported,"",,false,false,false,true,,-760961000.0,,fiscal_year,false,1.3026309804072156,1948488000.0,1880648000.0,0.0046224650712257545,-1227163000.0,0.2611299848840067,,0.025913672739284792,0.05733096795399775,true,0.03554466332881007,8.245775973833908,14676152000.0,1692715000.0,,2204983000.0,109733000.0,false,false,false,0.0,146762000.0,false,false,false,,,,false,false,true,,,,false,,0.115337794266508,false,,67840000.0,9427990000.0,9470376000.0,718575000.0,1461145000.0,2688308000.0,228074108.0,true,FAIL,false,PASS,false,PASS,false,PASS,false,PASS,false,,NOT_EVALUABLE,false,PASS,true,5,5y,false,0.06566837780067658,0.03916556456840836,0.04913809623936216,0.09439860274767686,7.140581152833495,5.252352703783068,5.252352703783068,8.245775973833908,2.9934232700508394,false,6,,,,1.289847217349288,rising,,,,,false,false,,false,false,false,,,,,,,,,,,,,,,,,,,,,true,380313000.0,66847000.0,,,841398000.0,-775384000.0,,,,,2290951000.0,2026-09-21,PurchaseOfPropertyPlantAndEquipmentClassifiedAsInvestingActivities,Equity,Goodwill,IntangibleAssetsOtherThanGoodwill,ProfitLoss,CashFlowsFromUsedInOperatingActivities,,AdjustmentsForSharebasedPayments,598236000.0,,,,,,,,,,,,,,,,,,,,,,ineligible:gate0_status,,,,false
DOO,1748797,BRP Inc.,"",Nasdaq,3790,Miscellaneous Transportation Equipment,ifrs-full,40-F,CAD,131,2026,2026-01-31,false,false,"",unknown,tangible_book,"",unresolved,unresolved,unresolved,"",,false,false,false,true,,,,none,false,4.191151054268925,854500000.0,832800000.0,0.002570267805322942,-2015200000.0,0.06867305061559507,0.7243365047571357,,,false,,11.387287627530135,8442700000.0,289300000.0,399400000.0,1212500000.0,297700000.0,false,false,false,51100000.0,60300000.0,false,false,false,,,,false,false,true,,,,false,,0.03426628922027314,false,0.14122252333634447,21700000.0,610700000.0,,,427100000.0,2442300000.0,73134185.0,,NOT_EVALUABLE,false,PASS,false,PASS,false,PASS,false,PASS,false,false,PASS,false,PASS,,0,5y,false,-0.055915044487979904,0.07238456398267479,,0.08826846137959077,-0.08062280309160232,7.460021415026095,2.767269248023577,11.387287627530135,8.620018379506558,false,3,0.047307141080460045,0.07821397974096658,-0.030906838660506537,4.191151054268925,,,,,,false,false,,false,false,false,,,,,,,,,,,,,,,,,,,,,false,,,,62900000.0,,-318400000.0,,,,0.047307141080460045,365500000.0,2026-09-21,PurchaseOfPropertyPlantAndEquipmentClassifiedAsInvestingActivities,Equity,,,ProfitLoss,CashFlowsFromUsedInOperatingActivities,ProfitLossFromOperatingActivities,ExpenseFromSharebasedPaymentTransactionsWithEmployees,25100000.0,,,,,,,,,,,,,,,,,,,,,,ineligible:gate0_status,,,,false
BRAG,1867834,Bragg Gaming Group Inc.,"",Nasdaq,7377,Services-Computer Rental & Leasing,ifrs-full,40-F,EUR,1231,2025,2025-12-31,false,false,tax_anomaly,fail,"","",reported,reported,reported,"",,false,false,false,true,,1075000.0,,fiscal_year,false,-2.209981515711645,16283000.0,14897000.0,0.013066349906668929,3146000.0,-0.2699530516431925,1.5259496051147048,,-0.06555800667458567,false,,0.5888142292490118,106074000.0,-8115000.0,-5318000.0,17934000.0,364000.0,false,true,false,0.0,1287000.0,false,false,false,,,0.018738738738738738,false,false,true,,,,false,,-0.07650319588212003,false,-0.008308472075193276,1386000.0,62702000.0,31206000.0,30421000.0,6658000.0,3512000.0,25300000.0,false,PASS,true,FAIL,false,PASS,false,PASS,false,PASS,false,false,PASS,true,FAIL,false,1,5y,false,0.07774763683443298,0.1797198607401025,1.161353621957201,0.08737770201802841,0.05831775700934579,0.38732558139534884,,0.5888142292490118,,false,4,-0.05013481154665611,-0.256263329096745,0.20612851755008887,-2.479549377738476,rising,,,,,false,false,,false,false,false,,,,,,,,,,,,,,,,,,,,,false,,,19425000.0,,-6954000.0,-15714000.0,,,,-0.05013481154665611,-6390000.0,2026-09-21,PurchaseOfPropertyPlantAndEquipmentClassifiedAsInvestingActivities,Equity,Goodwill,IntangibleAssetsOtherThanGoodwill,ProfitLoss,CashFlowsFromUsedInOperatingActivities,ProfitLossFromOperatingActivities,AdjustmentsForSharebasedPayments,1725000.0,,,,,,,,,,,,,,,,,,,,,,ineligible:gate0_status,,,,false
TFII,1588823,TFI INTERNATIONAL INC.,"",NYSE,4210,Trucking & Courier Services (No Air),ifrs-full,40-F,USD,1231,2025,2025-12-31,false,false,"",unknown,tangible_book,"",unresolved,unresolved,unresolved,"",,false,false,false,true,,,,none,false,3.1485382527298076,541318000.0,526170000.0,0.0019211962046355518,-2367789000.0,0.2338834616143675,0.5493440836629425,0.025525224831828747,,false,,6.334265156622733,7884671000.0,310553000.0,565316000.0,977788000.0,273220000.0,false,false,false,0.0,163250000.0,false,false,false,,,,false,false,true,,,,false,,0.03938693193412889,false,0.10073370262886065,15148000.0,2677627000.0,,,210186000.0,2577975000.0,83067252.0,,NOT_EVALUABLE,false,PASS,false,PASS,false,PASS,false,PASS,false,false,PASS,false,PASS,,0,5y,false,-0.03640405590798268,0.1583299923264747,0.054613313047015,0.08320403466989967,5.4002826468011005,4.247612540764654,1.7493673862780788,6.334265156622733,4.584897770344654,false,7,0.07169810890016844,0.1101698590951815,-0.03847175019501306,2.5572916266998953,rising,,,,,false,false,,false,false,false,,,,,,,,,,,,,,,,,,,,,false,201258000.0,,,151091000.0,,,58117000.0,484181000.0,,0.07169810890016844,405360000.0,2026-09-21,PurchaseOfPropertyPlantAndEquipmentClassifiedAsInvestingActivities,Equity,,,ProfitLoss,CashFlowsFromUsedInOperatingActivities,ProfitLossFromOperatingActivities,AdjustmentsForSharebasedPayments,94807000.0,,,,,,,,,,,,,,,,,,,,,,ineligible:gate0_status,,,,false
RTO,930157,RENTOKIL INITIAL PLC /FI,"",NYSE,8741,Services-Management Services,ifrs-full,20-F,GBP,1231,2025,2025-12-31,false,false,"",unknown,"tangible_book,income_quality,ni_vs_oi","",unresolved,reported,unresolved,"",,false,false,false,true,,,,none,false,,572000000.0,544000000.0,0.004053271569195136,-3089000000.0,0.2564102564102564,,0.01751592356687898,,false,,0.21553090332805072,6908000000.0,470000000.0,584000000.0,972000000.0,208000000.0,false,false,true,180000000.0,192000000.0,false,false,false,,,,false,false,true,,,,false,,,false,0.11386061080657792,28000000.0,5496000000.0,6584000000.0,,2319000000.0,5408000000.0,2524000000.0,,NOT_EVALUABLE,,NOT_EVALUABLE,false,PASS,false,PASS,false,PASS,false,,NOT_EVALUABLE,false,PASS,,0,5y,false,0.22980657278295902,0.19769392366295957,0.09795702235464088,0.04080038249451845,0.16283716283716285,0.17647058823529413,,0.21553090332805072,,false,6,0.08453966415749856,0.1048876204067071,-0.020347956249208543,2.073387582881254,,,,,,false,false,,false,false,false,,,,,,,,,,,,,,,,,,,,,false,121000000.0,,,304000000.0,,26000000.0,416000000.0,390000000.0,,0.08453966415749856,390000000.0,2026-09-21,PurchaseOfPropertyPlantAndEquipmentClassifiedAsInvestingActivities,EquityAttributableToOwnersOfParent,Goodwill,,ProfitLoss,CashFlowsFromUsedInOperatingActivities,ProfitLossFromOperatingActivities,ExpenseFromSharebasedPaymentTransactionsWithEmployees,100000000.0,,,,,,,,,,,,,,,,,,,,,,ineligible:gate0_status,,,,false
TU,868675,TELUS CORP,"",NYSE,4812,Radiotelephone Communications,ifrs-full,6-K,CAD,1231,2025,2025-12-31,false,false,"",fail,"","",reported,reported,reported,"",,false,false,false,true,,-15013000000.0,-15743000000.0,fiscal_year,false,6.262548262548263,2138000000.0,1994000000.0,0.007022334926363016,-24816000000.0,0.35357737104825293,0.32881929750317396,,-0.01799473324880523,false,,1.302416721097322,20506000000.0,777000000.0,2363000000.0,4866000000.0,2728000000.0,false,false,false,0.0,,true,false,false,,,0.6720867208672087,false,false,false,"",2024-07-01,2025-06-30,true,,0.03789134887350044,true,0.11741896997414993,144000000.0,15775000000.0,10460000000.0,20328000000.0,2621000000.0,27437000000.0,1531000000.0,true,FAIL,false,PASS,false,PASS,false,PASS,false,PASS,false,false,PASS,false,PASS,true,5,5y,false,0.03655733441256093,0.05807740305873055,0.09154774484382289,0.03532081598929793,1.001432664756447,1.0949019607843138,0.9609634551495017,1.302416721097322,0.34145326594782044,false,7,0.11523456549302644,0.16051219038996314,-0.04527762489693671,5.5396945591388596,rising,20619000000.0,633000000.0,4752000000.0,2710000000.0,false,false,164000000.0,false,false,false,1878000000.0,10440000000.0,20523000000.0,15220000000.0,3682000000.0,27729000000.0,1519000000.0,2025-06-30,0.07054244709316468,0.12383549193365144,0.005661140315406389,0.021712907117008445,-0.026466297154671376,1,-0.2484725050916497,-0.21951219512195122,1.4236111111111112,-0.4699140401146132,0.09787987011641719,0,false,,,4059000000.0,,-369000000.0,-3040000000.0,,,,0.11523456549302644,1202000000.0,2026-09-21,PurchaseOfPropertyPlantAndEquipmentClassifiedAsInvestingActivities,EquityAttributableToOwnersOfParent,Goodwill,IntangibleAssetsOtherThanGoodwill,ProfitLoss,CashFlowsFromUsedInOperatingActivities,ProfitLossFromOperatingActivities,AdjustmentsForSharebasedPayments,425000000.0,,,3975000000.0,1579000000.0,2474000000.0,957000000.0,324000000.0,,,,,,,,,,,,,,,ineligible:gate0_status,,,,false
WIT,1123799,WIPRO LIMITED,"",NYSE,7371,Services-Computer Programming Services,ifrs-full,20-F,INR,331,2025,2025-03-31,false,false,"",unknown,"income_quality,ni_vs_oi","",reported,reported,reported,"",,false,false,false,true,,797055000000.0,,fiscal_year,false,,144215000000.0,138664000000.0,0.006230889767915913,-39843000000.0,0.2445000771618169,,0.001082071290987379,-0.005933432410953615,true,,13.260727475231377,890884000000.0,1547000000.0,151271000000.0,169426000000.0,14737000000.0,false,false,true,130633000000.0,10474000000.0,false,false,false,,,,false,false,true,,,,false,,,false,0.15428191265985616,5551000000.0,828309000000.0,3804000000.0,27450000000.0,121974000000.0,161817000000.0,10456741552.0,false,PASS,,NOT_EVALUABLE,false,PASS,false,PASS,false,PASS,false,,NOT_EVALUABLE,false,PASS,false,0,5y,false,0.04046379193841654,0.07861197163412204,-0.01907363968035558,0.0228265059423447,14.049411519095017,11.845611361566288,15.247420377534075,13.260727475231377,-1.986692902302698,false,7,0.16979876167941058,0.17326197249570655,-0.0034632108162959696,,,,,,,false,false,,false,false,false,,,,,,,,,,,,,,,,,,,,,true,964000000.0,,,62750000000.0,-5286000000.0,-80730000000.0,355000000.0,184000000.0,8270000000.0,0.16979876167941058,174957000000.0,2026-09-21,PurchaseOfPropertyPlantAndEquipmentClassifiedAsInvestingActivities,EquityAttributableToOwnersOfParent,Goodwill,IntangibleAssetsOtherThanGoodwill,ProfitLoss,CashFlowsFromUsedInOperatingActivities,ProfitLossFromOperatingActivities,AdjustmentsForSharebasedPayments,42777000000.0,,,,,,,,,,,,,,,,,,,,,,ineligible:gate0_status,,,,false
IHS,1876183,IHS Holding Ltd,"",NYSE,4812,Radiotelephone Communications,ifrs-full,6-K,USD,1231,2025,2025-12-31,false,false,"",fail,"income_quality,ni_vs_oi","",reported,reported,reported,"",,false,false,false,true,,-802900000.0,-1284800000.0,fiscal_year,false,,608900000.0,579800000.0,0.018394437420986093,-2312000000.0,0.1250723798494499,,,-0.33223767383059416,true,,1.7305086465739032,1582000000.0,126800000.0,821400000.0,936200000.0,217500000.0,false,false,true,477600000.0,109800000.0,false,false,false,true,-18800000.0,,false,false,false,acquisitions,2024-10-01,2025-09-30,true,112100000.0,,false,0.27237313665402796,29100000.0,-251300000.0,262700000.0,288900000.0,825700000.0,3137700000.0,335046000.0,true,FAIL,,NOT_EVALUABLE,false,PASS,false,PASS,false,PASS,false,,NOT_EVALUABLE,false,PASS,false,5,5y,false,-0.06913316517143986,0.024284350979774327,0.12456462613783437,0.014451763963358788,1.2168036910470355,1.6107078132490997,,1.7305086465739032,,false,6,0.5192161820480404,0.23657145463525256,0.2826447274127879,-0.4364513829501858,,1581800000.0,453500000.0,1033700000.0,210700000.0,false,false,38000000.0,false,false,false,672900000.0,441300000.0,707700000.0,-135800000.0,647600000.0,3270700000.0,332948000.0,2025-09-30,-0.10004432329885252,0.052429973665310034,-0.00482315112540193,0.08279800142755175,0.049127384938850084,1,0.218564425491212,9.35135135135135,1.6644204851752022,0.5470155355682748,-0.6701577535944959,0,false,,,,,-525600000.0,-22300000.0,214100000.0,217600000.0,,0.5192161820480404,690800000.0,2026-09-21,PurchaseOfPropertyPlantAndEquipmentClassifiedAsInvestingActivities,EquityAttributableToOwnersOfParent,Goodwill,IntangibleAssetsOtherThanGoodwill,ProfitLoss,CashFlowsFromUsedInOperatingActivities,ProfitLossFromOperatingActivities,AdjustmentsForSharebasedPayments,86400000.0,,,,,806400000.0,761200000.0,143500000.0,,,,,,,,,,,,,,,ineligible:gate0_status,,,,false
UL,217410,UNILEVER PLC,"",NYSE,2840,"Soap, Detergents, Cleang Preparations, Perfumes, Cosmetics",ifrs-full,20-F,EUR,1231,2025,2025-12-31,false,false,"",fail,"income_quality,ni_vs_oi","",reported,reported,reported,"",,false,false,false,true,,-19234000000.0,-20246000000.0,fiscal_year,false,,6933000000.0,6678000000.0,0.005049204997722908,-22097000000.0,0.2854020476245255,,,-0.12151753361186464,false,,3.0576923076923075,50503000000.0,10011000000.0,9037000000.0,8350000000.0,1417000000.0,false,false,true,3799000000.0,,true,false,false,,,,false,false,false,"",2024-07-01,2025-06-30,true,,,false,0.17410990712074303,255000000.0,15530000000.0,17709000000.0,17055000000.0,3941000000.0,26038000000.0,2184000000.0,true,FAIL,,NOT_EVALUABLE,false,PASS,false,PASS,false,PASS,false,,NOT_EVALUABLE,false,PASS,false,5,5y,false,-0.05620149429302945,-0.0008729049796374344,0.11314542516863946,0.00945002663434602,2.216858959265364,2.917223218715414,2.372253009745844,3.0576923076923075,0.6854392979464636,false,7,0.17893986495851733,0.1636897720999921,0.015250092858525216,1.4073756021485373,,51489000000.0,6164000000.0,8442000000.0,1465000000.0,false,false,290000000.0,false,false,false,6687000000.0,20611000000.0,17430000000.0,17795000000.0,4344000000.0,,2462200000.0,2025-06-30,,,0.022364826227841667,-0.04549126841091293,,0,,,,,,0,false,,,,4453000000.0,-6137000000.0,-3118000000.0,,,,0.17893986495851733,8693000000.0,2026-09-21,PurchaseOfPropertyPlantAndEquipmentClassifiedAsInvestingActivities,EquityAttributableToOwnersOfParent,Goodwill,IntangibleAssetsOtherThanGoodwill,ProfitLoss,CashFlowsFromUsedInOperatingActivities,ProfitLossFromOperatingActivities,AdjustmentsForSharebasedPayments,2481000000.0,,,,4417000000.0,8196000000.0,7898000000.0,2064000000.0,,,,,,,,,,,,,,,ineligible:gate0_status,,,,false
CHT,1132924,"Chunghwa Telecom Co., Ltd.","",NYSE,4812,Radiotelephone Communications,ifrs-full,20-F,TWD,1231,2024,2024-12-31,false,false,"",unknown,"income_quality,ni_vs_oi","goodwill,intangibles",never_acquired,never_acquired,never_acquired,"",,false,false,false,true,,382826000000.0,,fiscal_year,false,,46544000000.0,46536000000.0,0.00003478744868851319,34629000000.0,0.19508371480529252,,,,false,,5.9992265050921745,229968000000.0,1174000000.0,46873000000.0,79244000000.0,28756000000.0,false,false,true,37334000000.0,3944000000.0,false,false,false,,,0.8735115431348724,false,false,true,,,,false,,,false,0.21604325940416816,8000000.0,382826000000.0,0.0,0.0,36260000000.0,1631000000.0,7757000000.0,false,PASS,,NOT_EVALUABLE,false,PASS,false,PASS,false,PASS,false,,NOT_EVALUABLE,false,PASS,,0,5y,false,0.02995970289244898,0.020754938839983472,0.09159543283188132,0.0088470318392464,4.612221219543638,5.74075029006059,5.74075029006059,5.9992265050921745,0.25847621503158447,false,6,0.2038240102970848,0.19586545875096376,0.007958551546121045,,,,,,,false,false,,false,false,false,,,,,,,,,,,,,,,,,,,,,false,,,32920000000.0,36910000000.0,,-35332000000.0,43000000.0,884000000.0,,0.2038240102970848,47841000000.0,2026-09-21,PurchaseOfPropertyPlantAndEquipmentClassifiedAsInvestingActivities,EquityAttributableToOwnersOfParent,,,ProfitLoss,CashFlowsFromUsedInOperatingActivities,ProfitLossFromOperatingActivities,ExpenseFromSharebasedPaymentTransactionsWithEmployees,9333000000.0,,,,,,,,,,,,,,,,,,,,,,ineligible:gate0_status,,,,false
VOD,839923,VODAFONE GROUP PUBLIC LTD CO,"",Nasdaq,4812,Radiotelephone Communications,ifrs-full,20-F,EUR,331,2025,2025-03-31,false,false,tax_anomaly,fail,"","",reported,reported,reported,"",,false,false,false,true,,19307000000.0,16730000000.0,latest_q,false,-4.103844100373732,11049000000.0,10939000000.0,0.00293740653706473,-42142000000.0,-1.5196211096075778,9.114355231143552,0.0002403332621234779,-0.1445738090151677,true,0.18283206874485786,0.41833339707063366,37448000000.0,-3746000000.0,-411000000.0,15373000000.0,4324000000.0,false,false,false,22000000.0,,true,false,false,,,0.40022213994816735,false,false,false,"",2024-10-01,2025-09-30,false,,-0.1000320444349498,false,0.38360055213421107,110000000.0,52745000000.0,20514000000.0,12924000000.0,11001000000.0,53143000000.0,26149000000.0,false,PASS,true,FAIL,false,PASS,false,PASS,false,PASS,false,false,PASS,true,FAIL,false,0,5y,false,0.003929419203102746,-0.03596362164745326,-0.033045391642783195,0.004032752454509847,0.4627050875499793,0.40999932023655766,0.2823559242221176,0.41833339707063366,0.13597747284851608,false,7,-0.01097521897030549,0.09114154845021569,-0.10211676742052117,2.7870416173076094,falling,38781000000.0,-3915000000.0,14821000000.0,4595000000.0,false,false,,false,true,false,,21767000000.0,14320000000.0,52817000000.0,7087000000.0,44179000000.0,24509000000.0,2025-09-30,,,,,,0,,,,,,0,true,9000000.0,2000000000.0,10804000000.0,2041000000.0,-5414000000.0,4759000000.0,,,,-0.01097521897030549,-1478000000.0,2026-09-21,PurchaseOfPropertyPlantAndEquipmentClassifiedAsInvestingActivities,EquityAttributableToOwnersOfParent,Goodwill,IntangibleAssetsOtherThanGoodwill,ProfitLoss,CashFlowsFromUsedInOperatingActivities,ProfitLossFromOperatingActivities,ExpenseFromSharebasedPaymentTransactionsWithEmployees,2246000000.0,-18000000.0,2000000000.0,11526000000.0,1376000000.0,-631000000.0,-1470000000.0,2407000000.0,,,,,,,,,,,,,,,ineligible:gate0_status,,,,false
RCI,733099,Rogers Communications Inc.,"",NYSE,4841,Cable & Other Pay Television Services,ifrs-full,40-F,CAD,1231,2025,2025-12-31,false,false,"",fail,"","",reported,reported,reported,"",,false,false,false,true,,-31179000000.0,,fiscal_year,false,0.8773530263538951,2196000000.0,2098000000.0,0.004513633014001474,-34528000000.0,0.0944138473642801,0.7032586558044807,0.19873802505526897,0.6812822402358143,true,,3.8851851851851853,21712000000.0,6906000000.0,9820000000.0,6059000000.0,3863000000.0,false,false,false,0.0,,true,false,false,,,0.8044564764681382,false,false,true,,,,false,,0.3180729550478998,false,0.44442718044333956,98000000.0,17751000000.0,20032000000.0,28898000000.0,1344000000.0,35872000000.0,540000000.0,true,FAIL,false,PASS,false,PASS,false,PASS,false,PASS,false,false,PASS,false,PASS,true,5,5y,false,0.12140884173136346,0.09304258407254684,0.13244186860144036,0.0013323626406354094,2.6752475247524754,3.8594059405940593,3.146484375,3.8851851851851853,0.7387008101851853,false,4,0.45228445099484155,0.4208824374820351,0.03140201351280647,3.434201327702471,falling,,,,,false,false,,false,false,false,,,,,,,,,,,,,,,,,,,,,true,4315000000.0,,4802000000.0,913000000.0,14792000000.0,-8212000000.0,,,,0.45228445099484155,7626000000.0,2026-09-21,PurchaseOfPropertyPlantAndEquipmentClassifiedAsInvestingActivities,EquityAttributableToOwnersOfParent,Goodwill,IntangibleAssetsOtherThanGoodwill,ProfitLoss,CashFlowsFromUsedInOperatingActivities,ProfitLossFromOperatingActivities,ExpenseFromSharebasedPaymentTransactionsWithEmployees,720000000.0,,,,,,,,,,,,,,,,,,,,,,ineligible:gate0_status,,,,false
PDS,1013605,PRECISION DRILLING CORPORATION,"",NYSE,1381,Drilling Oil & Gas Wells,ifrs-full,40-F,CAD,1231,2025,2025-12-31,false,false,"",unknown,"tangible_book,ni_vs_oi","",unresolved,unresolved,reported,"",,false,false,false,false,,,,none,false,133.450872656755,134556000.0,152758000.0,-0.009872517497385698,-601072000.0,0.9446719479265392,,,,false,0.5031291323531337,11.456277186140692,1843704000.0,3094000.0,,412897000.0,263474000.0,false,false,false,0.0,14867000.0,false,false,false,,,0.8287847903769692,false,false,true,,,,false,,0.001678143563175,true,0.3153581229545673,-18202000.0,1584064000.0,,9470000.0,85781000.0,686853000.0,13334000.0,,NOT_EVALUABLE,false,PASS,false,PASS,false,PASS,false,PASS,false,,NOT_EVALUABLE,false,PASS,,0,5y,false,0.04466335061567972,0.145265014082407,-0.047121897992715156,-0.006876028765692377,13.24132585265023,11.858402565223729,8.916913130201527,11.456277186140692,2.5393640559391653,false,7,,0.04380215719319094,,46.50390252336563,rising,,,,,false,false,,false,false,false,,,,,,,,,,,,,,,,,,,,,false,,76857000.0,317904000.0,,,-208324000.0,,,,,55921000.0,2026-09-21,PurchaseOfPropertyPlantAndEquipmentClassifiedAsInvestingActivities,EquityAttributableToOwnersOfParent,,IntangibleAssetsOtherThanGoodwill,ProfitLoss,CashFlowsFromUsedInOperatingActivities,,ExpenseFromSharebasedPaymentTransactionsWithEmployees,52827000.0,,,,,,,,,,,,,,,,,,,,,,ineligible:gate0_status,,,,false
BHP,811809,BHP GROUP LIMITED,"",NYSE,1000,Metal Mining,ifrs-full,20-F,USD,630,2025,2025-06-30,false,false,"",unknown,tangible_book,"",unresolved,reported,unresolved,"",,false,false,false,true,,,,none,false,1.6774656735170062,8582000000.0,8455000000.0,0.002477468690257891,-9649000000.0,0.39285130496376613,0.5724928072338676,,,false,,1.6666666666666667,51262000000.0,11143000000.0,19464000000.0,18692000000.0,9398000000.0,false,false,false,0.0,712000000.0,false,false,false,true,-4093000000.0,,false,false,true,"buybacks,capex,dividends,net_income,ocf,operating_income,pretax_income,revenue,tax_expense",,,false,,0.217373493035777,false,0.4261107085121802,127000000.0,47665000000.0,1341000000.0,,11894000000.0,21543000000.0,5073000000.0,,NOT_EVALUABLE,false,PASS,false,PASS,false,PASS,false,PASS,false,false,PASS,false,PASS,,0,5y,false,-0.07655868711300418,0.05661218927245426,-0.30457144664716784,-0.012885748794284169,4.955542382928275,1.7783270713861974,2.216742277992278,1.6666666666666667,-0.5500756113256113,false,7,0.3796964613163747,0.3515311889836605,0.02816527233271421,1.7118055678238149,rising,,,,,false,false,,false,false,false,,,,42601000000.0,9605000000.0,,5064000000.0,2022-12-31,,,,,,0,,,,,,0,false,,,,8159000000.0,,-13350000000.0,141000000.0,9398000000.0,,0.3796964613163747,18353000000.0,2026-09-21,PurchaseOfPropertyPlantAndEquipmentClassifiedAsInvestingActivities,EquityAttributableToOwnersOfParent,Goodwill,,ProfitLoss,CashFlowsFromUsedInOperatingActivities,ProfitLossFromOperatingActivities,ExpenseFromSharebasedPaymentTransactionsWithEmployees,7210000000.0,,,,,,,,,,,,,,,,,,,,,,ineligible:gate0_status,,,,false
GSK,1131399,GSK plc,"",NYSE,2834,Pharmaceutical Preparations,ifrs-full,20-F,GBP,1231,2025,2025-12-31,false,false,"",fail,"","",reported,reported,reported,"",,false,false,false,true,,-7389000000.0,,fiscal_year,false,1.2308793130863411,6152000000.0,5778000000.0,0.011448862766706463,-11056000000.0,0.150249966220781,0.792864346949067,0.05179538984296079,0.038846542382220586,true,0.2383177570093458,1.4263144902493212,32667000000.0,6289000000.0,7932000000.0,7741000000.0,1348000000.0,false,false,false,0.0,241000000.0,false,false,false,,,,false,false,true,,,,false,,0.19251844368935012,false,0.22240174096544446,374000000.0,16377000000.0,7018000000.0,16748000000.0,3397000000.0,14453000000.0,4051000000.0,true,FAIL,false,PASS,false,PASS,false,PASS,false,PASS,false,false,PASS,false,PASS,false,5,5y,false,0.03664171374431291,0.06049296081339928,0.0017675402622792102,-0.03914632764353343,1.4187779433681074,1.7415222305953277,1.2484333939761472,1.4263144902493212,0.17788109627317406,false,7,0.24281384883827717,0.24550381867455037,-0.002689969836273204,1.575625961696737,falling,,,,,false,false,,false,false,false,,,,,,,,,,,,,,,,,,,,,true,1692000000.0,1377000000.0,,2564000000.0,1269000000.0,-4233000000.0,,,,0.24281384883827717,7401000000.0,2026-09-21,PurchaseOfPropertyPlantAndEquipmentClassifiedAsInvestingActivities,EquityAttributableToOwnersOfParent,Goodwill,IntangibleAssetsOtherThanGoodwill,ProfitLoss,CashFlowsFromUsedInOperatingActivities,ProfitLossFromOperatingActivities,AdjustmentsForSharebasedPayments,1112000000.0,,,,,,,,,,,,,,,,,,,,,,ineligible:gate0_status,,,,false
NOMD,1651717,Nomad Foods Limited,"",NYSE,2000,Food and Kindred Products,ifrs-full,6-K,EUR,1231,2025,2025-12-31,false,false,"",fail,"","",reported,reported,reported,"",,false,false,false,true,,-2071700000.0,-2024500000.0,fiscal_year,false,2.419166057059254,218000000.0,209600000.0,0.0027699917559769168,,0.05918788713007571,0.4200983405039951,,-0.0034624896949711458,true,0.9289122137404581,1.398813641857966,3032500000.0,136700000.0,325400000.0,330700000.0,78500000.0,false,false,false,0.0,34200000.0,false,false,false,,,0.7175502742230347,false,false,false,acquisitions,2024-10-01,2025-09-30,true,34300000.0,0.045078318219291015,false,0.11180817868287075,8400000.0,2496800000.0,2104700000.0,2463800000.0,,2291200000.0,149841261.0,true,FAIL,false,PASS,false,PASS,false,PASS,false,PASS,false,false,PASS,false,PASS,false,5,5y,false,0.010413792170627767,0.03805768236941387,0.08331998009568409,-0.061052198068393126,1.100245497123761,1.9166932397917775,1.214667537804808,1.398813641857966,0.184146104053158,false,7,0.10730420445177247,0.14277197026908858,-0.035467765817316116,2.1906608397714034,rising,3052800000.0,198800000.0,400700000.0,84000000.0,false,false,7000000.0,false,false,false,275400000.0,2104500000.0,2474300000.0,2554300000.0,354300000.0,2077500000.0,176900000.0,2025-09-30,,-0.030113563863723363,-0.00823263842783163,-0.02234927234927235,,0,,-0.6022443890274314,,,,0,false,,194700000.0,109400000.0,91300000.0,-10500000.0,-74600000.0,,,,0.10730420445177247,145300000.0,2026-09-21,PurchaseOfPropertyPlantAndEquipmentClassifiedAsInvestingActivities,Equity,Goodwill,IntangibleAssetsOtherThanGoodwill,ProfitLoss,CashFlowsFromUsedInOperatingActivities,ProfitLossFromOperatingActivities,AdjustmentsForSharebasedPayments,8600000.0,,,105400000.0,91500000.0,346400000.0,242000000.0,43200000.0,,,,,,,,,,,,,,,ineligible:gate0_status,,,,false
BTI,1303523,British American Tobacco p.l.c.,"",NYSE,2111,Cigarettes,ifrs-full,20-F,GBP,1231,2025,2025-12-31,false,false,"",unknown,tangible_book,"",unresolved,reported,unresolved,"",,false,false,false,true,,,,none,false,0.816741790083709,5791000000.0,5701000000.0,0.003514252245216712,-31243000000.0,0.21239476620346892,0.7767330199059718,,,false,0.010699877214523769,2.606767261088249,25610000000.0,7765000000.0,9997000000.0,6342000000.0,551000000.0,false,false,false,0.0,,true,false,false,,,,false,false,false,"",2024-07-01,2025-06-30,true,,0.3032018742678641,false,-0.577319209764322,90000000.0,46033000000.0,38917000000.0,,3827000000.0,35070000000.0,2187000000.0,,NOT_EVALUABLE,false,PASS,false,PASS,false,PASS,false,PASS,false,false,PASS,false,PASS,,0,5y,false,-0.025282780251305703,-0.0012913507327704243,-0.15612384783304678,-0.08287333231853922,4.337765957446808,4.017497812773403,3.595446584938704,2.606767261088249,-0.9886793238504552,false,7,0.3903553299492386,0.38648355058969586,0.0038717793595427485,1.0815370501143378,rising,25596000000.0,3187000000.0,9269000000.0,473000000.0,false,false,,false,true,false,,,,65282000000.0,3308000000.0,41581000000.0,2194000000.0,2019-06-30,,,,,,0,,,,,,0,false,,61000000.0,,,,1387000000.0,,,,0.3903553299492386,9859000000.0,2026-09-21,PurchaseOfPropertyPlantAndEquipmentClassifiedAsInvestingActivities,EquityAttributableToOwnersOfParent,Goodwill,,ProfitLoss,CashFlowsFromUsedInOperatingActivities,ProfitLossFromOperatingActivities,ExpenseFromSharebasedPaymentTransactionsWithEmployees,2094000000.0,,62000000.0,,,3547000000.0,3512000000.0,325000000.0,,,,,,,,,,,,,,,ineligible:gate0_status,,,,false
VIV,1066119,TELEFONICA BRASIL S.A.,"",NYSE,4813,Telephone Communications (No Radiotelephone),ifrs-full,20-F,BRL,1231,2025,2025-12-31,false,false,"",unknown,"tangible_book,sbc",intangibles,unresolved,unresolved,never_acquired,"",,false,false,false,true,,,,none,false,3.353663746249925,11259845000.0,11206053000.0,,-13314342000.0,0.15037939370450298,0.6265715400255475,,,false,,3.476191643158176,,6177543000.0,9859278000.0,20717402000.0,9457557000.0,false,false,false,0.0,,true,false,false,,,0.6328493929901788,false,false,true,,,,false,,,false,,53792000.0,68721743000.0,,0.0,7032339000.0,20346681000.0,3223658000.0,,NOT_EVALUABLE,false,PASS,false,PASS,false,PASS,,NOT_EVALUABLE,,false,PASS,false,PASS,,0,5y,false,,,-0.13735266202177887,-0.11857398560689825,5.415067215448894,6.5339286930413385,5.253599527208601,3.476191643158176,-1.7774078840504246,false,7,,,,3.552561866674924,falling,,,,,false,false,,false,false,false,,,,,,,,,,,,,,,,,,,,,false,,,14944404000.0,2187402000.0,,-10017519000.0,,,,,7270943000.0,2026-09-21,PurchaseOfPropertyPlantAndEquipmentClassifiedAsInvestingActivities,EquityAttributableToOwnersOfParent,,,ProfitLoss,CashFlowsFromUsedInOperatingActivities,ProfitLossFromOperatingActivities,ExpenseFromSharebasedPaymentTransactionsWithEmployees,1093400000.0,,,,,,,,,,,,,,,,,,,,,,ineligible:gate0_status,,,,false
CINT,1868995,CI&T Inc,"",NYSE,7371,Services-Computer Programming Services,ifrs-full,20-F,USD,1231,2025,2025-12-31,false,false,"",unknown,tangible_book,"",unresolved,unresolved,unresolved,"",,false,false,false,true,,,,none,false,1.4908911866075825,40965000.0,35994000.0,0.010152149494536914,-74764000.0,0.2762325606257684,0.6193489364946253,,,true,0.9870256153803412,0.2720399605040967,489650000.0,40620000.0,65585000.0,60560000.0,14765000.0,false,false,false,0.0,4830000.0,false,false,false,true,-14765000.0,0.7838296968731752,false,false,true,,,,false,,0.08295721433677117,false,0.12745696878572882,4971000.0,308937000.0,,,47864000.0,122628000.0,132311444.0,,NOT_EVALUABLE,false,PASS,false,PASS,false,PASS,false,PASS,false,false,PASS,false,PASS,false,3,5y,false,0.049069164892475925,-0.12534168018025094,,-0.12365609694225621,-0.040514634669155246,0.5263320974892186,0.4688407397838401,0.2720399605040967,-0.19680077927974343,false,3,0.1339426120698458,0.2177102598066531,-0.08376764773680728,2.026276942889058,falling,,,,,false,false,,false,false,false,,,,,,,,,,,,,,,,,,,,,false,,35527000.0,18837000.0,,,-14765000.0,,,,0.1339426120698458,56123000.0,2026-09-21,PurchaseOfPropertyPlantAndEquipmentIntangibleAssetsOtherThanGoodwillInvestmentPropertyAndOtherNoncurrentAssets,Equity,,,ProfitLoss,CashFlowsFromUsedInOperatingActivities,ProfitLossFromOperatingActivities,AdjustmentsForSharebasedPayments,15503000.0,,,,,,,,,,,,,,,,,,,,,,ineligible:gate0_status,,,,false
PHAR,1828316,Pharming Group N.V.,"",Nasdaq,2834,Pharmaceutical Preparations,ifrs-full,20-F,USD,1231,2025,2025-12-31,false,false,"",unknown,tangible_book,"",unresolved,unresolved,reported,"",,false,false,false,true,,,,none,false,21.555555555555557,49714000.0,35948000.0,0.036598658988551955,,0.8025219895695493,0.09821221267703738,0.1528072442267915,,false,,0.05219133254237167,376134000.0,2538000.0,25842000.0,54708000.0,749000.0,false,true,false,1000.0,4245000.0,false,false,false,true,84477000.0,0.535,false,false,true,,,,false,,0.0067475952718977815,true,-0.021959431916385396,13766000.0,277102000.0,,135538000.0,145305000.0,,688773370.0,,NOT_EVALUABLE,false,PASS,false,PASS,false,PASS,false,PASS,false,false,PASS,false,PASS,,0,5y,false,0.22299403218900649,0.12132133578398285,0.4382710288672025,-0.13915789587217287,0.01754188209910037,0.11040300225001243,0.10380080095573248,0.05219133254237167,-0.05160946841336081,false,1,0.06870423838312942,0.3594031313921593,-0.29069889300902985,7.782486147112238,rising,,,,,false,false,,false,false,false,,,,,,,,,,,,,,,,,,,,,false,57476000.0,,1400000.0,,,26252000.0,,58225000.0,,0.06870423838312942,12847000.0,2026-09-21,PurchaseOfPropertyPlantAndEquipmentClassifiedAsInvestingActivities,Equity,,IntangibleAssetsOtherThanGoodwill,ProfitLoss,CashFlowsFromUsedInOperatingActivities,ProfitLossFromOperatingActivities,AdjustmentsForSharebasedPayments,10310000.0,,,,,,,,,,,,,,,,,,,,,,ineligible:gate0_status,,,,false
EQX,1756607,Equinox Gold Corp.,"",NYSE,1040,Gold and Silver Ores,ifrs-full,40-F,USD,1231,2025,2025-12-31,false,false,"",unknown,"tangible_book,income_quality,ni_vs_oi","",unresolved,unresolved,unresolved,"",,false,false,false,true,,,,none,false,,86112000.0,67087000.0,0.010469432284372342,-1124676000.0,1.1435748704012423,,0.0,,false,,0.10643556731271915,1817195000.0,221471000.0,432339000.0,818345000.0,692346000.0,false,false,true,240332000.0,39887000.0,false,false,false,true,153107000.0,1.3378253039519552,false,false,true,,,,false,,,false,0.04559861274353491,19025000.0,5795307000.0,,,430004000.0,1554680000.0,630306219.0,,NOT_EVALUABLE,,NOT_EVALUABLE,false,PASS,false,PASS,false,PASS,false,,NOT_EVALUABLE,false,PASS,,0,5y,false,0.24039039177880306,0.16538410642832324,,-0.19334298498957703,-1.7359939756375846,0.31163211311840033,-0.39218230358447753,0.10643556731271915,0.49861787089719667,true,1,0.23791557868032875,0.2045877159363511,0.03332786274397764,12.410434842819553,,,,,,false,false,,false,false,false,,,,,,,,,,,,,,,,,,,,,false,0.0,,517516000.0,,,-458673000.0,80566000.0,692346000.0,,0.23791557868032875,131367000.0,2026-09-21,PurchaseOfPropertyPlantAndEquipmentClassifiedAsInvestingActivities,EquityAttributableToOwnersOfParent,,,ProfitLoss,CashFlowsFromUsedInOperatingActivities,ProfitLossFromOperatingActivities,ExpenseFromSharebasedPaymentTransactionsWithEmployees,150228000.0,,,,,,,,,,,,,,,,,,,,,,ineligible:gate0_status,,,,false
WPP,806968,WPP plc,"",NYSE,7311,Services-Advertising Agencies,ifrs-full,20-F,GBP,1231,2025,2025-12-31,false,false,"",fail,"","",reported,reported,reported,"",,false,false,false,true,,-5140000000.0,-4910000000.0,fiscal_year,false,-4.209302325581396,391000000.0,318000000.0,0.005387453874538746,-2242000000.0,2.312977099236641,-0.450261780104712,0.009815498154981549,-0.04922509225092251,true,,0.2955390334572491,13550000000.0,-172000000.0,382000000.0,724000000.0,91000000.0,false,false,false,0.0,242000000.0,false,true,false,,,,false,false,false,"acquisitions,buybacks",2024-07-01,2025-06-30,true,262000000.0,-0.012693726937269372,false,0.03576961940047154,73000000.0,2540000000.0,6946000000.0,734000000.0,2694000000.0,4936000000.0,1076000000.0,true,FAIL,true,FAIL,false,PASS,false,PASS,false,PASS,false,false,PASS,false,PASS,false,5,5y,false,-0.02073322324110405,0.02454572403286792,0.7553160051706351,-0.2433959320968503,0.0546448087431694,1.1919869174161897,0.952,0.2955390334572491,-0.6564609665427509,false,7,0.02819188191881919,-0.18979738061119072,0.21798926253000991,1.4378118005649998,falling,14177000000.0,453000000.0,912000000.0,149000000.0,false,false,94000000.0,false,false,false,407000000.0,7348000000.0,726000000.0,3164000000.0,1437000000.0,3845000000.0,1077000000.0,2025-06-30,,,,,,0,,,,,,0,true,133000000.0,,,393000000.0,-667000000.0,-347000000.0,,,,0.02819188191881919,131000000.0,2026-09-21,PurchaseOfPropertyPlantAndEquipmentClassifiedAsInvestingActivities,EquityAttributableToOwnersOfParent,Goodwill,IntangibleAssetsOtherThanGoodwill,ProfitLoss,CashFlowsFromUsedInOperatingActivities,ProfitLossFromOperatingActivities,AdjustmentsForSharebasedPayments,303000000.0,,,,484000000.0,1123000000.0,791000000.0,338000000.0,,,,,,,,,,,,,,,ineligible:gate0_status,,,,false
GMAB,1434265,Genmab A/S,"",Nasdaq,2834,Pharmaceutical Preparations,ifrs-full,6-K,DKK,1231,2025,2025-12-31,false,false,"",fail,"","",reported,reported,reported,"",,false,false,false,true,,-3631000000.0,3195000000.0,fiscal_year,true,1.2315680166147456,1136000000.0,1008000000.0,0.034408602150537634,-3559000000.0,0.20016611295681064,0.9042253521126761,0.0,1.9879032258064515,true,0.42658730158730157,15.574500926474219,3720000000.0,963000000.0,1065000000.0,1186000000.0,37000000.0,false,false,false,0.0,13000000.0,false,false,false,,,,false,false,false,"",2024-07-01,2025-06-30,true,9000000.0,0.25887096774193546,false,0.32301255230125525,128000000.0,5847000000.0,355000000.0,9123000000.0,1715000000.0,5274000000.0,64721175.0,true,FAIL,false,PASS,false,PASS,false,PASS,false,PASS,false,false,PASS,false,PASS,true,1,5y,false,-0.364656776351453,-0.1812529166542659,-0.3073427527315422,-0.29598533378018654,46.86611901866026,90.05453872502095,16.93417836942745,15.574500926474219,-1.359677442953231,false,7,0.2862903225806452,0.6243694985659183,-0.3380791759852731,6.595357029657862,falling,3379000000.0,1269000000.0,5094000000.0,41000000.0,false,false,112000000.0,false,false,false,4932000000.0,355000000.0,1752000000.0,5302000000.0,1296000000.0,,,2025-06-30,0.603448275862069,0.31846932321315624,-0.8131446390021588,0.18741976893453144,-0.23796994829979273,1,,,,,,0,true,0.0,430000000.0,,,7395000000.0,-5643000000.0,,7270000000.0,2622000000.0,0.2862903225806452,1204000000.0,2026-09-21,PurchaseOfPropertyPlantAndEquipmentClassifiedAsInvestingActivities,Equity,Goodwill,IntangibleAssetsOtherThanGoodwill,ProfitLoss,CashFlowsFromUsedInOperatingActivities,ProfitLossFromOperatingActivities,AdjustmentsForSharebasedPayments,241000000.0,0.0,430000000.0,,,1168000000.0,1437000000.0,168000000.0,,,,,,,,,,,,,,,ineligible:gate0_status,,,,false
RDY,1135951,DR. REDDY’S LABORATORIES LIMITED,"",NYSE,2834,Pharmaceutical Preparations,ifrs-full,20-F,INR,331,2025,2025-03-31,false,false,"",unknown,"income_quality,ni_vs_oi","",reported,reported,reported,"",,false,false,false,true,,236447000000.0,,fiscal_year,false,,18924000000.0,18500000000.0,0.0013024713164483082,5933000000.0,0.2544670764742655,,0.1631038137220268,0.18412459489763006,true,0.07508108108108108,22.210205873889688,325535000000.0,671000000.0,71843000000.0,46428000000.0,27504000000.0,false,false,true,56574000000.0,,true,false,false,,,1.6123812873724939,false,false,true,,,,false,,,false,0.23240699693751804,424000000.0,333388000000.0,138000000.0,96803000000.0,14654000000.0,8721000000.0,832950406.0,false,PASS,,NOT_EVALUABLE,false,PASS,false,PASS,false,PASS,false,,NOT_EVALUABLE,false,PASS,true,0,5y,false,0.14938020396677065,0.13268901812385514,-0.34070071809924385,-0.31535628372319224,77.50054847492623,147.64864020392477,128.741368210704,22.210205873889688,-106.5311623368143,false,7,0.2206920914801788,0.0915979381443299,0.1290941533358489,,,,,,,false,false,,false,false,false,,,,,,,,,,,,,,,,,,,,,false,53096000000.0,1389000000.0,17058000000.0,6662000000.0,59939000000.0,-58077000000.0,15000000.0,1025000000.0,3273000000.0,0.2206920914801788,76784000000.0,2026-09-21,PurchaseOfPropertyPlantAndEquipmentClassifiedAsInvestingActivities,EquityAttributableToOwnersOfParent,Goodwill,IntangibleAssetsOtherThanGoodwill,ProfitLoss,CashFlowsFromUsedInOperatingActivities,ProfitLossFromOperatingActivities,AdjustmentsForSharebasedPayments,19539000000.0,,,,,,,,,,,,,,,,,,,,,,ineligible:gate0_status,,,,false
UMC,1033767,United Microelectronics Corporation,"",NYSE,3674,Semiconductors & Related Devices,ifrs-full,20-F,TWD,1231,2024,2024-12-31,false,false,"",unknown,"income_quality,ni_vs_oi","goodwill,intangibles",never_acquired,never_acquired,never_acquired,"",,false,false,false,true,,365450098000.0,,fiscal_year,false,,4597309000.0,3808460000.0,0.0033957822871225575,,0.1467301325519127,,,,false,,0.312856418548699,232302584000.0,1484435000.0,51612570000.0,93872042000.0,88543595000.0,false,false,true,47190191000.0,731138000.0,false,false,false,,,1.9530228407489456,false,false,true,,,,false,,,false,0.37420256619193243,788849000.0,365450098000.0,0.0,0.0,105000226000.0,,12173188000.0,false,PASS,,NOT_EVALUABLE,false,PASS,false,PASS,false,PASS,false,,NOT_EVALUABLE,false,PASS,,0,5y,false,0.029320583646071485,0.09405764603886269,-0.5449960187000547,-0.37315975369163834,3.3212340295303857,3.2326650392371232,3.2326650392371232,0.312856418548699,-2.9198086206884244,false,1,0.2221782001357333,0.03295203053790747,0.18922616959782584,,,,,,,false,false,,false,false,false,,,,,,,,,,,,,,,,,,,,,false,,,45336692000.0,,,-85941103000.0,68685000.0,2786805000.0,0.0,0.2221782001357333,57044820000.0,2026-09-21,PurchaseOfPropertyPlantAndEquipmentClassifiedAsInvestingActivities,EquityAttributableToOwnersOfParent,,,ProfitLoss,CashFlowsFromUsedInOperatingActivities,ProfitLossFromOperatingActivities,AdjustmentsForSharebasedPayments,8370194000.0,,,,,,,,,,,,,,,,,,,,,,ineligible:gate0_status,,,,false
KEN,1611005,KENON HOLDINGS LTD.,"",NYSE,4911,Electric Services,ifrs-full,20-F,USD,1231,2025,2025-12-31,false,false,ni_vs_oi,unknown,tangible_book,"",unresolved,unresolved,unresolved,"",,false,false,false,true,,,,none,false,1.9141059191712082,167387000.0,124102000.0,0.04964280348514615,-290805000.0,0.16001541006639924,2.3780073137871303,0.06682539518699343,,false,,2.37994055038834,871929000.0,148264000.0,62348000.0,283793000.0,116406000.0,false,false,false,0.0,,true,false,false,,,1.6074846371608091,false,false,true,,,,false,,0.170041368047169,false,0.061525362968273885,43285000.0,1588544000.0,,,1478339000.0,1769144000.0,52145000.0,,NOT_EVALUABLE,false,PASS,false,PASS,false,PASS,false,PASS,false,true,FAIL,false,PASS,,0,5y,false,0.149566030054191,0.17671981597975384,-0.9351966760181151,-0.6195208963421285,8745.290897281247,298.47781696677185,922.8683897801545,2.37994055038834,-920.4884492297662,false,1,0.071505822148363,0.05954666597666054,0.011959156171702456,1.9141059191712082,,,,,,false,false,,false,false,false,,,,,,,,,,,,,,,,,,,,,false,58267000.0,,72415000.0,267940000.0,,-361946000.0,44050000.0,174673000.0,41126000.0,0.071505822148363,176508000.0,2026-09-21,PurchaseOfPropertyPlantAndEquipmentClassifiedAsInvestingActivities,EquityAttributableToOwnersOfParent,,,ProfitLoss,CashFlowsFromUsedInOperatingActivities,ProfitLossFromOperatingActivities,AdjustmentsForSharebasedPayments,28244000.0,,,,,,,,,,,,,,,,,,,,,,ineligible:gate0_status,,,,false
SU,311337,SUNCOR ENERGY INC,"",NYSE,2911,Petroleum Refining,ifrs-full,40-F,CAD,1231,2025,2025-12-31,false,false,"",unknown,"tangible_book,income_quality,fcf,ni_vs_oi","",unresolved,unresolved,unresolved,"",,false,false,false,true,,,,none,false,,,,0.00015273879756381618,-6337000000.0,0.2554101660795169,,,,false,,,52377000000.0,5918000000.0,,,,false,false,false,0.0,690000000.0,false,false,false,,,,false,false,true,,,,false,,0.11298852549783302,false,,8000000.0,45124000000.0,,,3650000000.0,9987000000.0,1219000000.0,,NOT_EVALUABLE,,NOT_EVALUABLE,,NOT_EVALUABLE,,NOT_EVALUABLE,false,PASS,false,,NOT_EVALUABLE,false,PASS,,0,insufficient,false,-0.05923630668082114,0.15893650643873092,,,,,,,,false,0,,,,,,,,,,false,false,,false,false,false,,,,,,,,,,,,,,,,,,,,,false,,3081000000.0,,2809000000.0,,-6022000000.0,,,,,7948000000.0,2026-09-21,,Equity,,,ProfitLoss,,,AdjustmentsForSharebasedPayments,2030000000.0,,,,,,,,,,,,,,,,,,,,,,ineligible:gate0_status,,,,false
PHG,313216,KONINKLIJKE PHILIPS NV,"",NYSE,3844,X-Ray Apparatus & Tubes & Related Irradiation Apparatus,ifrs-full,20-F,EUR,1231,2025,2025-12-31,false,false,"",fail,"income_quality,fcf","",reported,reported,reported,"",,false,false,false,true,,-883000000.0,,fiscal_year,false,,,,0.007906246495458114,-5290000000.0,0.23857868020304568,0.6299157303370787,0.000168218010541662,-0.08551082202534485,true,,,17834000000.0,897000000.0,1424000000.0,,269000000.0,false,false,false,3000000.0,268000000.0,false,false,false,,,,false,false,true,,,,false,,0.050297185151956934,false,-0.006329462270900985,141000000.0,10957000000.0,9271000000.0,2569000000.0,2794000000.0,8084000000.0,948239009.0,true,FAIL,,NOT_EVALUABLE,,NOT_EVALUABLE,,NOT_EVALUABLE,false,PASS,false,false,PASS,false,PASS,false,4,insufficient,false,0.00013087047711479727,0.005947432828977028,,,,,,,,false,0,0.0798474823371089,0.07300872176976839,0.006838760567340507,,,,,,,false,false,,false,false,false,,,,,,,,,,,,,,,,,,,,,true,3000000.0,,,330000000.0,-1525000000.0,,,,,0.0798474823371089,1182000000.0,2026-09-21,PurchaseOfPropertyPlantAndEquipmentClassifiedAsInvestingActivities,EquityAttributableToOwnersOfParent,Goodwill,IntangibleAssetsOtherThanGoodwill,ProfitLoss,,ProfitLossFromOperatingActivities,AdjustmentsForSharebasedPayments,282000000.0,,,,,,,,,,,,,,,,,,,,,,ineligible:gate0_status,,,,false
SONY,313838,Sony Group Corp,"",NYSE,3651,Household Audio & Video Equipment,ifrs-full,20-F,JPY,331,2025,2025-03-31,false,false,"",unknown,tangible_book,"",unresolved,reported,unresolved,"",,false,false,false,true,,,,none,false,2.0016389527600533,1674148000000.0,1644732000000.0,0.002270267400083846,626669000000.0,0.21295613974375155,0.8242733784216896,0.022722508741177785,,false,0.17361369511871844,271.87216719242696,12957064000000.0,1159887000000.0,1407163000000.0,2321675000000.0,647527000000.0,false,false,false,0.0,,true,false,false,,,0.5616082401622915,false,false,true,,,,false,,0.08951773333835504,false,0.11867548150586826,29416000000.0,8179745000000.0,1508721000000.0,,2980956000000.0,2354287000000.0,6049652000.0,,NOT_EVALUABLE,false,PASS,false,PASS,false,PASS,false,PASS,false,false,PASS,false,PASS,,0,3y,false,0.09305722538118655,,-0.24453438947674555,,630.5516263629681,,,271.87216719242696,,false,2,0.10860199501985944,,,1.2377333260428445,rising,,,,,false,false,,false,false,false,,,,,,,,,,,,,,,,,,,,,false,294417000000.0,285548000000.0,1152987000000.0,115253000000.0,,-930120000000.0,,,,0.10860199501985944,1473726000000.0,2026-09-21,PurchaseOfPropertyPlantAndEquipmentIntangibleAssetsOtherThanGoodwillInvestmentPropertyAndOtherNoncurrentAssets,EquityAttributableToOwnersOfParent,Goodwill,,ProfitLoss,CashFlowsFromUsedInOperatingActivities,ProfitLossFromOperatingActivities,ExpenseFromSharebasedPaymentTransactionsWithEmployees,313839000000.0,,,,,,,,,,,,,,,,,,,,,,ineligible:gate0_status,,,,false
ASM,316888,Avino Silver & Gold Mines Ltd.,"",NYSE,1000,Metal Mining,ifrs-full,6-K,USD,1231,2025,2025-12-31,false,false,"",unknown,"fcf,ni_vs_oi,tax_anomaly","goodwill,intangibles",never_acquired,never_acquired,never_acquired,"",,false,false,false,true,,234030000.0,182122000.0,fiscal_year,false,1.0292759824344104,,,0.040400316610103335,,,,,,false,,,92227000.0,26643000.0,,27423000.0,,false,false,false,,,true,false,false,true,-26875000.0,,false,false,false,"",2024-10-01,2025-09-30,true,2146000.0,0.2888850336669305,false,,3726000.0,234030000.0,0.0,0.0,101724000.0,,147721818000.0,false,PASS,false,PASS,,NOT_EVALUABLE,,NOT_EVALUABLE,false,PASS,false,,NOT_EVALUABLE,,NOT_EVALUABLE,,0,insufficient,false,0.2779715577022357,0.41914989991199114,,,,,,,,false,0,,,,1.9420453986246127,,86065000.0,21275000.0,32988000.0,,false,true,3281000.0,false,false,false,,,,182122000.0,57331000.0,,131834975.0,2025-09-30,0.6041440659579085,0.5198902606310014,0.4746060729018733,,,0,,,,,,0,false,,,3745000.0,,,-26875000.0,,,,,39898000.0,2026-09-21,,Equity,,,ProfitLoss,CashFlowsFromUsedInOperatingActivities,,AdjustmentsForSharebasedPayments,,,,3618000.0,,,34392000.0,,,,,,,,,,,,,,,,ineligible:gate0_status,,,,false
HMC,715153,"HONDA MOTOR CO., LTD.","",NYSE,3711,Motor Vehicles & Passenger Car Bodies,ifrs-full,20-F,JPY,331,2025,2025-03-31,false,false,"",fail,"tangible_book,sbc","",unresolved,unresolved,unresolved,"",,true,true,false,false,,,,none,false,0.32352270235672187,-296788000000.0,,,-6922472000000.0,0.3146580249537051,0.7441651572412042,,,false,,,21688767000000.0,903034000000.0,1213486000000.0,292152000000.0,510803000000.0,false,false,false,0.0,78137000000.0,false,true,false,,,,false,false,true,"buybacks,capex,dividends,lease_payments,net_income,ocf,operating_income,pretax_income,revenue,tax_expense",,,false,,0.04163602292375588,false,0.04617824101113544,,12326529000000.0,,,4528795000000.0,11451267000000.0,4671383489.0,,NOT_EVALUABLE,true,FAIL,true,FAIL,,NOT_EVALUABLE,,NOT_EVALUABLE,,false,PASS,false,PASS,,0,insufficient,false,0.14225693112432847,0.07752943133478096,,,,,,,,false,0,0.05594997631723371,0.04243765441438017,0.013512321902853543,1.3078301106554744,falling,,,,,false,false,,false,false,false,,,,,,,1722778664.0,,,,,,,,,,,,,,false,,722365000000.0,,426497000000.0,,-941966000000.0,,,,0.05594997631723371,1317640000000.0,2026-09-21,PurchaseOfPropertyPlantAndEquipmentClassifiedAsInvestingActivities,EquityAttributableToOwnersOfParent,,,ProfitLoss,CashFlowsFromUsedInOperatingActivities,ProfitLossFromOperatingActivities,,414606000000.0,,,,,,,,,,,,,,,,,,,,,,ineligible:gate0_status,,,,false
BCE,718940,BCE INC.,"",NYSE,4813,Telephone Communications (No Radiotelephone),ifrs-full,6-K,CAD,1231,2025,2025-12-31,false,false,"",fail,"sbc,ni_vs_oi","",reported,reported,reported,"",,true,true,false,false,,-7445000000.0,-8845000000.0,fiscal_year,false,1.0735339269266195,3293000000.0,,,,0.15479434280524199,,0.200465914664051,0.13969265980055584,true,,,24468000000.0,6514000000.0,,6993000000.0,3700000000.0,false,false,false,0.0,,true,false,false,,,0.7063764795723558,false,false,false,"",2024-07-01,2025-06-30,true,,0.2662252738270394,false,,,23020000000.0,13231000000.0,17234000000.0,,34904000000.0,929100000.0,true,FAIL,false,PASS,false,PASS,,NOT_EVALUABLE,,NOT_EVALUABLE,,,NOT_EVALUABLE,false,PASS,true,5,insufficient,false,0.004037617952378225,0.013484479386600245,,,,,,,,false,0,,,,7.707632542800685,falling,24408000000.0,641000000.0,7237000000.0,3409000000.0,false,false,,true,false,false,3828000000.0,10175000000.0,16737000000.0,18067000000.0,,32522000000.0,925600000.0,2025-06-30,0.028606528606528608,0.0349769663879884,-0.010056050115397296,0.013322231473771857,-0.009088590790165595,1,0.06904577191621412,-0.23222060957910015,0.09546313799621928,0.021570319240724764,0.018525738954885133,0,true,4905000000.0,,5238000000.0,2305000000.0,3418000000.0,-3600000000.0,,,,,7707000000.0,2026-09-21,PurchaseOfPropertyPlantAndEquipmentClassifiedAsInvestingActivities,EquityAttributableToOwnersOfParent,Goodwill,IntangibleAssetsOtherThanGoodwill,ProfitLoss,CashFlowsFromUsedInOperatingActivities,,,1193000000.0,130000000.0,,5068000000.0,3328000000.0,,,677000000.0,,,,,,,,,,,,,,,ineligible:gate0_status,,,,true
CHNR,793628,"CHINA NATURAL RESOURCES, INC.","",Nasdaq,1040,Gold and Silver Ores,ifrs-full,20-F,CNY,1231,2024,2024-12-31,false,false,"",fail,"tangible_book,sbc,ni_vs_oi,tax_anomaly",goodwill,unresolved,never_acquired,unresolved,"",,true,true,false,false,,,,none,false,17.16898148148148,-7794000.0,,,,,,,,false,,,,-432000.0,,-7417000.0,4000.0,false,false,false,,373000.0,false,false,false,,,1.0,false,false,false,"lease_payments,operating_income,revenue,tax_expense",2023-07-01,2024-06-30,true,,,true,,,88062000.0,0.0,,3082000.0,,,,NOT_EVALUABLE,false,PASS,true,FAIL,,NOT_EVALUABLE,,NOT_EVALUABLE,,,NOT_EVALUABLE,,NOT_EVALUABLE,,0,insufficient,false,,,,,,,,,,false,0,,-0.038042111986084974,,17.16898148148148,,,-470000.0,-1565000.0,10000.0,false,false,,true,false,false,-1575000.0,,,96321000.0,8779000.0,,9398397.0,2024-06-30,,,,,,0,,,,,,0,false,,,4000.0,,,1000.0,,1000.0,,,-3160000.0,2026-09-21,PurchaseOfPropertyPlantAndEquipmentClassifiedAsInvestingActivities,EquityAttributableToOwnersOfParent,,,ProfitLoss,CashFlowsFromUsedInOperatingActivities,,,,,,,,,-3953000.0,,,,,,,,,,,,,,,,ineligible:gate0_status,,,,true
NEXM,795800,NEXMETALS MINING CORP.,"",Nasdaq,1000,Metal Mining,ifrs-full,6-K,CAD,1231,2025,2025-12-31,false,false,"",unknown,"tangible_book,income_quality,fcf,sbc,ni_vs_oi,tax_anomaly","goodwill,intangibles",unresolved,never_acquired,never_acquired,"",,true,false,true,true,,,39555251.0,none,false,,,,,,,,,,false,,,,,,,,false,false,false,,,true,false,false,,,,false,false,true,"capex,dep_amort,net_income,ocf,sbc",,,false,,,false,,,,0.0,0.0,,,20650750.0,,NOT_EVALUABLE,,NOT_EVALUABLE,,NOT_EVALUABLE,,NOT_EVALUABLE,,NOT_EVALUABLE,,,NOT_EVALUABLE,,NOT_EVALUABLE,,0,insufficient,false,,,,,-0.1325617927894195,,,,,false,0,,,,,,,,,,false,false,,false,false,false,,,,39555251.0,8853296.0,165019.0,35583402.0,2023-09-30,,,,,,0,,,,,,0,false,,,,,,,,,,,,2026-09-21,,,,,,,,,,,,,,,,,,,,,,,,,,,,,,,ineligible:gate0_status,,,,false
QZMRF,811522,QUARTZ MOUNTAIN RESOURCES LTD.,"",OTC,1040,Gold and Silver Ores,ifrs-full,20-F,CAD,731,2026,2026-01-31,false,false,"",unknown,"income_quality,fcf,sbc,ni_vs_oi,tax_anomaly","goodwill,intangibles",never_acquired,never_acquired,never_acquired,"",,true,false,true,true,,4578199.0,,fiscal_year,false,,,,,,,,,,false,,,,,,,,false,false,false,,,true,false,false,,,,false,false,false,"",2025-02-01,2026-01-31,false,,,false,,,4578199.0,0.0,0.0,3613085.0,,,false,PASS,,NOT_EVALUABLE,,NOT_EVALUABLE,,NOT_EVALUABLE,,NOT_EVALUABLE,,,NOT_EVALUABLE,,NOT_EVALUABLE,,0,insufficient,false,,,,,-0.03215544468559889,-0.01421905052546133,,,,false,0,,,,0.9322562854875767,,,-3879906.0,-3516498.0,,false,true,366907.0,false,false,false,,,,,,,,,,,,,,,,,,,,,false,,,,,,,,,,,,2026-09-21,,Equity,,,,,,,,,,,,,-3879184.0,722.0,,,,,,,,,,,,,,,ineligible:gate0_status,,,,false
TEFOF,814052,"TELEFONICA, S.A.","",OTC,4813,Telephone Communications (No Radiotelephone),ifrs-full,20-F,EUR,1231,2024,2024-12-31,false,false,"",fail,sbc,"",reported,reported,reported,"",,true,true,false,false,,-6989000000.0,,fiscal_year,false,52.60287081339713,4982000000.0,,,7054000000.0,0.6247755834829444,0.08726513569937369,0.004574609705917948,-0.0905724313203437,true,,,41315000000.0,209000000.0,2395000000.0,10994000000.0,5790000000.0,false,false,false,0.0,222000000.0,false,false,false,,,1.4115065821550463,false,false,true,,,,false,,0.005058695389083868,true,0.10141774810591854,,19347000000.0,16461000000.0,9875000000.0,8062000000.0,1008000000.0,5635695000.0,true,FAIL,false,PASS,false,PASS,,NOT_EVALUABLE,,NOT_EVALUABLE,,false,PASS,false,PASS,true,5,insufficient,false,0.017005143703986425,-0.031247119742432772,,,,,,,,false,0,0.05796926055911896,0.09369707983974226,-0.0357278192806233,12.460296915231345,rising,,,,,false,false,,false,false,false,,,,,,,,,,,,,,,,,,,,,true,189000000.0,145000000.0,4102000000.0,1887000000.0,-3742000000.0,-5223000000.0,,,,0.05796926055911896,557000000.0,2026-09-21,PurchaseOfPropertyPlantAndEquipmentIntangibleAssetsOtherThanGoodwillInvestmentPropertyAndOtherNoncurrentAssets,EquityAttributableToOwnersOfParent,Goodwill,IntangibleAssetsOtherThanGoodwill,ProfitLoss,CashFlowsFromUsedInOperatingActivities,ProfitLossFromOperatingActivities,,348000000.0,,,,,,,,,,,,,,,,,,,,,,ineligible:gate0_status,,,,false
DEO,835403,DIAGEO plc,"",NYSE,2080,Beverages,ifrs-full,20-F,USD,630,2025,2025-06-30,false,false,"",unknown,"tangible_book,fcf","",unresolved,reported,unresolved,"",,false,false,false,true,,,,none,false,1.6930654058313632,,,0.00210985552853669,-19654000000.0,0.2824427480916031,0.5854671280276816,0.0012516092118437991,,false,,,27964000000.0,2538000000.0,4335000000.0,4297000000.0,,false,false,false,0.0,,true,false,false,true,-1685000000.0,,false,false,false,capex,2025-01-01,2025-12-31,false,,0.0907595479902732,false,0.1962150689777149,59000000.0,11090000000.0,2949000000.0,,2200000000.0,21854000000.0,2222000000.0,,NOT_EVALUABLE,false,PASS,,NOT_EVALUABLE,,NOT_EVALUABLE,false,PASS,false,false,PASS,false,PASS,,0,insufficient,false,-0.020436543136372,0.09582178129057328,,,,0.6577152600170503,1.0450785773366418,,,false,0,0.15502074095265342,0.12075493021416059,0.03426581073849283,1.163403802889793,rising,27654000000.0,2573000000.0,4095000000.0,,false,true,,false,true,false,,,,11601000000.0,2209000000.0,21672000000.0,2223000000.0,2025-12-31,,,,,,0,,,,,,0,false,35000000.0,,,2438000000.0,,-1720000000.0,,35000000.0,,0.15502074095265342,3537000000.0,2026-09-21,,EquityAttributableToOwnersOfParent,Goodwill,,ProfitLoss,CashFlowsFromUsedInOperatingActivities,ProfitLossFromOperatingActivities,ExpenseFromSharebasedPaymentTransactionsWithEmployees,999000000.0,26000000.0,,,2446000000.0,4296000000.0,3556000000.0,983000000.0,,,,,,,,,,,,,,,ineligible:gate0_status,,,,false
WDS,844551,Woodside Energy Group Ltd,"",NYSE,1311,Crude Petroleum & Natural Gas,ifrs-full,20-F,USD,1231,2025,2025-12-31,false,false,"",unknown,"tangible_book,fcf","",unresolved,reported,unresolved,"",,false,false,false,true,,,,none,false,2.627694556083303,,,0.0015403573629081946,-5469000000.0,0.19823330735255912,0.7037798920030857,0.0,,false,,,12984000000.0,2737000000.0,3889000000.0,7192000000.0,,false,false,false,349000000.0,233000000.0,false,false,false,true,-7199000000.0,,false,false,true,"dep_amort,dividends,lease_payments,net_income,ocf,operating_income,pretax_income,revenue,tax_expense",,,false,,0.21079790511398644,false,0.23631556381306273,20000000.0,35914000000.0,3952000000.0,,5712000000.0,11181000000.0,1895437383.0,,NOT_EVALUABLE,false,PASS,,NOT_EVALUABLE,,NOT_EVALUABLE,false,PASS,false,false,PASS,false,PASS,,0,insufficient,false,-0.08261142427165735,0.29247217219242905,,,,,,,,false,0,0.29952248921749847,-1.436388888888889,1.7359113781063873,2.11568490832141,,,,,,false,false,,false,false,false,,3697000000.0,,35070000000.0,1979000000.0,4830000000.0,1896041815.0,2024-06-30,,,,,,0,,,,,,0,false,0.0,,5070000000.0,2012000000.0,,-7911000000.0,,712000000.0,,0.29952248921749847,3849000000.0,2026-09-21,,EquityAttributableToOwnersOfParent,Goodwill,,ProfitLoss,CashFlowsFromUsedInOperatingActivities,ProfitLossFromOperatingActivities,ExpenseFromSharebasedPaymentTransactionsWithEmployees,763000000.0,,,,,,,,,,,,,,,,,,,,,,ineligible:gate0_status,,,,false
FECOF,849997,FEC RESOURCES INC.,"",OTC,1311,Crude Petroleum & Natural Gas,ifrs-full,20-F,USD,1231,2024,2024-12-31,false,false,"tax_anomaly,ni_vs_oi",fail,"fcf,sbc","goodwill,intangibles",never_acquired,never_acquired,never_acquired,"",,true,true,false,false,,7645095.0,,fiscal_year,false,-0.6420304618367924,,,,,-0.0,-1.3412843432597494,,,false,,,,244437.0,-182241.0,-156936.0,,false,false,false,488874.0,,true,false,false,false,0.0,,false,false,true,,,,false,,,false,,,7645095.0,0.0,0.0,,,861082371.0,false,PASS,true,FAIL,,NOT_EVALUABLE,,NOT_EVALUABLE,,NOT_EVALUABLE,,true,FAIL,true,FAIL,,0,insufficient,true,,,,,,,,,,false,0,,,,-0.7333356772282582,rising,,,,,false,false,,false,false,false,,,,,,,,,,,,,,,,,,,,,false,,,,,,0.0,,,,,-244437.0,2026-09-21,,Equity,,,ProfitLoss,CashFlowsFromUsedInOperatingActivities,ProfitLossFromOperatingActivities,,0.0,,,,,,,,,,,,,,,,,,,,,,ineligible:gate0_status,,,,false
CRCUF,868822,CANAGOLD RESOURCES LTD.,"",OTC,1040,Gold and Silver Ores,ifrs-full,20-F,USD,1231,2024,2024-12-31,false,false,"",fail,"fcf,sbc,ni_vs_oi,tax_anomaly","goodwill,intangibles",never_acquired,never_acquired,never_acquired,"",,false,false,false,true,,29980000.0,,fiscal_year,false,0.3244206773618538,,,,,,,,,false,,,,-1122000.0,,-364000.0,,false,false,false,,62000.0,false,false,false,true,-4560000.0,,false,false,true,,,,false,,,false,,316000.0,29980000.0,0.0,0.0,676000.0,,,false,PASS,true,FAIL,,NOT_EVALUABLE,,NOT_EVALUABLE,,NOT_EVALUABLE,,,NOT_EVALUABLE,,NOT_EVALUABLE,,0,insufficient,false,,,,,,,,,,false,0,,,,0.4614331563045417,falling,,,,,false,false,,false,false,false,,,,,,,,,,,,,,,,,,,,,false,,,,,,-4560000.0,,,,,-1380000.0,2026-09-21,,Equity,,,ProfitLoss,CashFlowsFromUsedInOperatingActivities,,AdjustmentsForSharebasedPayments,,,,,,,,,,,,,,,,,,,,,,,ineligible:gate0_status,,,,false
TGB,878518,TASEKO MINES LIMITED,"",NYSE,1040,Gold and Silver Ores,ifrs-full,40-F,CAD,1231,2025,2025-12-31,false,false,"",fail,fcf,intangibles,never_acquired,reported,never_acquired,"",,false,false,false,true,,773012000.0,,fiscal_year,false,-7.300106397127277,,,0.03265101708416059,-559035000.0,0.39217073220023846,-1.50877897060299,,,false,,,672904000.0,-30076000.0,19934000.0,219558000.0,,false,false,false,0.0,,true,false,false,,,,false,false,true,,,,false,,-0.04469582585331637,false,0.2383384256684166,21971000.0,778663000.0,5651000.0,0.0,187961000.0,746996000.0,323496000.0,false,PASS,true,FAIL,,NOT_EVALUABLE,,NOT_EVALUABLE,false,PASS,false,false,PASS,false,PASS,,0,insufficient,false,0.19775175319802263,0.14410059400924813,,,,0.32146378263594233,-0.04606541649925794,,,false,0,0.029623839358957592,0.017621851212030287,0.012001988146927305,-7.592068539316037,falling,,,,,false,false,,false,false,false,,,,,,,,,,,,,,,,,,,,,false,,,103210000.0,,,-425842000.0,,,,0.029623839358957592,-49481000.0,2026-09-21,,Equity,Goodwill,,ProfitLoss,CashFlowsFromUsedInOperatingActivities,ProfitLossFromOperatingActivities,AdjustmentsForSharebasedPayments,-19405000.0,,,,,,,,,,,,,,,,,,,,,,ineligible:gate0_status,,,,false
TTE,879764,TotalEnergies SE,"",NYSE,1311,Crude Petroleum & Natural Gas,ifrs-full,6-K,USD,1231,2025,2025-12-31,false,false,"",unknown,"tangible_book,fcf,sbc,ni_vs_oi,tax_anomaly","",unresolved,reported,unresolved,"",,true,true,false,false,,,,none,false,2.0470914127423825,,,,-22793000000.0,,,0.009935585200501003,,false,,,201196000000.0,13357000000.0,,27343000000.0,,false,false,false,,,true,false,false,true,-15240000000.0,,false,false,false,operating_income,2024-07-01,2025-06-30,true,,0.06638799976142667,false,,,114883000000.0,12501000000.0,,26202000000.0,48995000000.0,,,NOT_EVALUABLE,false,PASS,,NOT_EVALUABLE,,NOT_EVALUABLE,,NOT_EVALUABLE,,,NOT_EVALUABLE,,NOT_EVALUABLE,,0,insufficient,false,-0.105380852178101,0.07417319179091009,,,,,,,,false,0,,-0.044887514660411555,,1.9543014367457383,rising,206410000000.0,13047000000.0,28201000000.0,,false,true,,false,false,false,,,,116642000000.0,20424000000.0,47584000000.0,,2025-06-30,0.589279262045952,-0.24745232299997325,-0.04492545005420199,-0.07658671827028636,-0.1795071068002944,0,,,,,,0,false,1999000000.0,7526000000.0,,8483000000.0,,-18131000000.0,2356000000.0,5247000000.0,,,,2026-09-21,,EquityAttributableToOwnersOfParent,Goodwill,,ProfitLoss,CashFlowsFromUsedInOperatingActivities,,,9092000000.0,3288000000.0,7721000000.0,,8399000000.0,,,9947000000.0,,,,,,,,,,,,,,,ineligible:gate0_status,,,,false
TECK,886986,TECK RESOURCES LIMITED,"",NYSE,1400,Mining & Quarrying of  Nonmetallic Minerals (No Fuels),ifrs-full,40-F,CAD,1231,2025,2025-12-31,false,false,"",fail,"","",reported,reported,reported,"",,false,false,false,true,,24506000000.0,,fiscal_year,false,1.3796641791044777,-471000000.0,-537000000.0,0.0061361100780959466,1108000000.0,0.3526570048309179,0.47686832740213525,,-0.004462625511342506,false,,-1.0875332639364248,10756000000.0,1072000000.0,2248000000.0,1479000000.0,1838000000.0,false,false,false,0.0,112000000.0,false,false,false,,,1.0461013090495161,false,false,true,,,,false,,0.09966530308664931,false,0.034280420012353305,66000000.0,25096000000.0,421000000.0,169000000.0,5012000000.0,3904000000.0,493778000.0,false,PASS,false,PASS,true,FAIL,true,FAIL,false,PASS,false,false,PASS,false,PASS,false,0,insufficient,false,-0.14676681386141333,0.037492494578917235,,,6.0487775242159945,-3.3234901137397124,0.9682634677051977,-1.0875332639364248,-2.0557967316416224,false,0,0.20899962811454073,-0.10169870362092087,0.3106983317354616,1.3796641791044777,,,,,,false,false,,false,false,false,,,,,,,,,,,,,,,,,,,,,false,,,1757000000.0,,-48000000.0,-1910000000.0,,,,0.20899962811454073,1656000000.0,2026-09-21,PurchaseOfPropertyPlantAndEquipmentClassifiedAsInvestingActivities,EquityAttributableToOwnersOfParent,Goodwill,IntangibleAssetsOtherThanGoodwill,ProfitLoss,CashFlowsFromUsedInOperatingActivities,ProfitLossFromOperatingActivities,ExpenseFromSharebasedPaymentTransactionsWithEmployees,584000000.0,,,,,,,,,,,,,,,,,,,,,,ineligible:gate0_status,,,,false
SIM,887153,"GRUPO SIMEC, S.A.B. de C.V.","",NYSE,3312,"Steel Works, Blast Furnaces & Rolling Mills (Coke Ovens)",ifrs-full,20-F,MXN,1231,2024,2024-12-31,false,false,"",fail,"sbc,ni_vs_oi,tax_anomaly",goodwill,never_acquired,never_acquired,reported,"",,true,true,false,false,,61476393000.0,,fiscal_year,false,0.5293981315388127,3421393000.0,,,,,,,,false,,,33657672000.0,10480496000.0,,5548355000.0,2126962000.0,false,false,false,,,true,false,false,,,1.9945591729792889,false,false,true,,,,false,,0.3113850536067973,false,,,59213788000.0,0.0,-2262605000.0,29158227000.0,,461389000.0,false,PASS,true,FAIL,false,PASS,,NOT_EVALUABLE,,NOT_EVALUABLE,,,NOT_EVALUABLE,,NOT_EVALUABLE,,0,insufficient,false,-0.15416931476920026,-0.0030238567357427915,,,,,,,,false,0,,,,0.8884340816999848,falling,,,,,false,false,,false,false,false,,,,,,,,,,,,,,,,,,,,,false,,,1066382000.0,,,-277773000.0,,,,,12540619000.0,2026-09-21,PurchaseOfPropertyPlantAndEquipmentClassifiedAsInvestingActivities,EquityAttributableToOwnersOfParent,,IntangibleAssetsOtherThanGoodwill,ProfitLoss,CashFlowsFromUsedInOperatingActivities,,,,,,,,,,,,,,,,,,,,,,,,,ineligible:gate0_status,,,,false
TRIB,888721,TRINITY BIOTECH PLC,"",Nasdaq,2835,In Vitro & In Vivo Diagnostic Substances,ifrs-full,20-F,USD,1231,2024,2024-12-31,false,false,tax_anomaly,fail,"","goodwill,intangibles",never_acquired,never_acquired,never_acquired,"",,false,false,false,true,,-35181000.0,-29400000.0,fiscal_year,false,0.1342580727831881,-7099000.0,-8415000.0,0.021379254325400047,4957000.0,-0.01581516433452652,1.474887786439877,,,false,,-0.023427485245960004,61555000.0,-31216000.0,-21165000.0,-4191000.0,405000.0,false,false,false,0.0,2503000.0,false,false,false,true,-12904000.0,0.6,false,false,false,"",2023-07-01,2024-06-30,true,2286000.0,-0.5071237105028024,false,-0.30948001471505576,1316000.0,-35181000.0,0.0,0.0,5167000.0,210000.0,359193482.0,true,FAIL,true,FAIL,true,FAIL,true,FAIL,false,PASS,false,false,PASS,true,FAIL,,0,insufficient,false,-0.0880030461365563,-0.07405464254226624,,,0.0883540467576744,-0.011865062188116017,-0.011865062188116017,-0.023427485245960004,-0.011562423057843987,false,0,-0.34383884331086023,-0.2666224360037596,-0.07721640730710061,0.1562861288869901,rising,58652000.0,-22291000.0,-8341000.0,516000.0,false,false,656000.0,false,false,false,-11799000.0,,,-29400000.0,5317000.0,,183376218.0,2024-06-30,,,,,,0,,,,,,0,false,,,675000.0,,,-22968000.0,,10064000.0,,-0.34383884331086023,-30730000.0,2026-09-21,PurchaseOfPropertyPlantAndEquipmentClassifiedAsInvestingActivities,Equity,,,ProfitLoss,CashFlowsFromUsedInOperatingActivities,ProfitLossFromOperatingActivities,AdjustmentsForSharebasedPayments,486000.0,,,,,-15367000.0,-22136000.0,155000.0,,,,,,,,,,,,,,,ineligible:gate0_status,,,,false
PKX,889132,POSCO HOLDINGS INC.,"",NYSE,3312,"Steel Works, Blast Furnaces & Rolling Mills (Coke Ovens)",ifrs-full,20-F,KRW,1231,2024,2024-12-31,false,false,"",fail,sbc,intangibles,never_acquired,reported,never_acquired,"",,true,true,false,false,,55032368000000.0,,fiscal_year,false,6.628682073380842,-1201412000000.0,,,-19229469000000.0,0.24200478046794296,0.6924208652815623,,,false,,,73459408000000.0,1005276000000.0,1451828000000.0,6663655000000.0,7669700000000.0,false,false,false,0.0,195367000000.0,false,false,true,,,2.1722457141076874,false,false,true,,,,false,,0.013684782213327938,true,0.051076485969726276,,55390219000000.0,357851000000.0,0.0,6767898000000.0,25997367000000.0,75767552.0,false,PASS,false,PASS,true,FAIL,,NOT_EVALUABLE,,NOT_EVALUABLE,,false,PASS,false,PASS,,0,insufficient,false,-0.01130936853381681,0.025447998211018508,,,,,,,,false,0,0.019763676832244552,0.04974419589974696,-0.02998051906750241,3.8983214520397116,rising,,,,,false,false,,false,false,false,,,,,,,,,,,,,,,,,,,,,false,,92311000000.0,3530770000000.0,844195000000.0,,-4486783000000.0,,,,0.019763676832244552,1326230000000.0,2026-09-21,PurchaseOfPropertyPlantAndEquipmentClassifiedAsInvestingActivities,EquityAttributableToOwnersOfParent,Goodwill,,ProfitLoss,CashFlowsFromUsedInOperatingActivities,ProfitLossFromOperatingActivities,,320954000000.0,,,,,,,,,,,,,,,,,,,,,,ineligible:gate0_status,,,,false
KT,892450,KT Corporation,"",NYSE,4813,Telephone Communications (No Radiotelephone),ifrs-full,20-F,KRW,1231,2024,2024-12-31,false,false,"",unknown,tangible_book,"",unresolved,reported,unresolved,"",,false,false,false,true,,,,none,false,12.456803936370857,1742143000000.0,1735037000000.0,0.0002693743706321435,-6804010000000.0,0.2884356288734834,0.6353627327523443,0.0003908316579253306,,false,0.01561926345086589,7055.571734903936,26379644000000.0,406669000000.0,640058000000.0,5065796000000.0,2909481000000.0,false,false,false,0.0,414172000000.0,false,false,true,,,1.028987613871954,false,false,true,,,,false,,0.015416015470110211,true,0.07676462150903385,7106000000.0,16181714000000.0,273779000000.0,,3716680000000.0,10520690000000.0,245910192.0,,NOT_EVALUABLE,false,PASS,false,PASS,false,PASS,false,PASS,false,false,PASS,false,PASS,,0,3y,false,0.01945515632474981,0.011618459925874403,-0.0017404428800502636,,7092.539800570048,-46.4083715709886,-46.4083715709886,7055.571734903936,7101.9801064749245,true,2,0.024263329709832325,0.04124511846550504,-0.016981788755672717,6.904510864663345,rising,,,,,false,false,,false,false,false,,,,,,,,,,,,,,,,,,,,,false,10310000000.0,27100000000.0,2827518000000.0,872350000000.0,,-2845437000000.0,,,,0.024263329709832325,571514000000.0,2026-09-21,PurchaseOfPropertyPlantAndEquipmentIntangibleAssetsOtherThanGoodwillInvestmentPropertyAndOtherNoncurrentAssets,EquityAttributableToOwnersOfParent,Goodwill,,ProfitLoss,CashFlowsFromUsedInOperatingActivities,ProfitLossFromOperatingActivities,ExpenseFromSharebasedPaymentTransactionsWithEmployees,164845000000.0,,,,,,,,,,,,,,,,,,,,,,ineligible:gate0_status,,,,false
NTZ,900391,NATUZZI S.p.A.,"",,2510,Household Furniture,ifrs-full,20-F,EUR,1231,2024,2024-12-31,false,false,tax_anomaly,fail,"tangible_book,sbc","",unresolved,unresolved,unresolved,"",,true,true,false,false,,,,none,false,-0.111949031335327,-13775000.0,,,17822000.0,-0.046536943801877804,2.453660870952305,,,false,,,318797000.0,-15382000.0,-6269000.0,1722000.0,5209000.0,false,false,false,0.0,10288000.0,false,true,false,,,,false,false,true,,,,false,,-0.04825014037145895,false,0.018036786506349163,,54006000.0,,,20322000.0,2500000.0,55073045.0,,NOT_EVALUABLE,true,FAIL,true,FAIL,,NOT_EVALUABLE,,NOT_EVALUABLE,,false,PASS,true,FAIL,,0,insufficient,false,-0.09308127104905495,-0.0380130482541855,,,,,,,,false,0,-0.019664551423005862,-0.05811423343894233,0.038449682015936466,4.7378350862431065,falling,,,,,false,false,,false,false,false,,,,,,,,,,,,,,,,,,,,,false,,,,74000.0,,-4323000.0,,,,-0.019664551423005862,-14698000.0,2026-09-21,PurchaseOfPropertyPlantAndEquipmentClassifiedAsInvestingActivities,EquityAttributableToOwnersOfParent,,,ProfitLoss,CashFlowsFromUsedInOperatingActivities,ProfitLossFromOperatingActivities,,684000.0,,,,,,,,,,,,,,,,,,,,,,ineligible:gate0_status,,,,false
YPF,904851,YPF Sociedad Anonima,"",NYSE,2911,Petroleum Refining,ifrs-full,20-F,USD,1231,2025,2025-12-31,false,false,"",fail,"",goodwill,never_acquired,never_acquired,reported,"",,false,false,false,true,,9746000000.0,,fiscal_year,false,-6.206508135168961,-524000000.0,-539000000.0,0.0008130962705984389,-9648000000.0,1.878021978021978,-0.4591954022988506,,,false,-0.01855287569573284,-1.37516833182968,18448000000.0,-799000000.0,1740000000.0,4959000000.0,5077000000.0,false,false,false,0.0,406000000.0,false,false,false,true,-5678000000.0,,false,false,true,,,,false,,-0.04331092801387684,false,-0.07209288891456299,15000000.0,10814000000.0,0.0,1068000000.0,933000000.0,10581000000.0,391952016.0,false,PASS,true,FAIL,true,FAIL,true,FAIL,false,PASS,false,false,PASS,false,PASS,,0,insufficient,false,-0.005521716489386486,0.1374311101742436,,,3.407012282633221,2.3614491124440016,101.91049565236688,-1.37516833182968,-103.28566398419656,false,0,0.09431916738941891,-0.08297213622291022,0.17729130361232914,-2.794773950390802,falling,,,,,false,false,,false,false,false,,,,,,,,,,,,,,,,,,,,,false,,10000000.0,,,,-5527000000.0,225000000.0,74000000.0,,0.09431916738941891,910000000.0,2026-09-21,PurchaseOfPropertyPlantAndEquipmentIntangibleAssetsOtherThanGoodwillInvestmentPropertyAndOtherNoncurrentAssets,EquityAttributableToOwnersOfParent,,IntangibleAssetsOtherThanGoodwill,ProfitLoss,CashFlowsFromUsedInOperatingActivities,ProfitLossFromOperatingActivities,AdjustmentsForSharebasedPayments,1709000000.0,,,,,,,,,,,,,,,,,,,,,,ineligible:gate0_status,,,,false
SUZ,909327,Suzano S.A.,"",NYSE,2621,Paper Mills,ifrs-full,20-F,BRL,1231,2025,2025-12-31,false,false,tax_anomaly,unknown,"income_quality,sbc,ni_vs_oi","",reported,reported,reported,"",,true,false,true,true,,39004308000.0,,fiscal_year,false,,12125376000.0,,,-79621504000.0,-0.34165046067413857,,0.00043856534399144825,-0.022502199361600986,true,,,50115679000.0,13437687000.0,10649009000.0,18152175000.0,4578826000.0,false,false,true,13946974000.0,1447973000.0,false,false,false,,,0.41956421940588035,false,false,false,"",2024-10-01,2025-09-30,true,1439101000.0,,false,0.30728490280922865,,43812045000.0,29384000.0,4778353000.0,15179753000.0,94801257000.0,1236702000.0,false,PASS,,NOT_EVALUABLE,false,PASS,,NOT_EVALUABLE,,NOT_EVALUABLE,,,NOT_EVALUABLE,true,FAIL,false,0,insufficient,false,0.001901043550497361,0.10470915743158371,,,,7886.410094113497,3618.6958113638825,,,false,0,0.21248857069261698,0.2771936052978113,-0.0647050346051943,,,51178959000.0,6584946000.0,18995396000.0,5438903000.0,false,false,,true,false,false,13556493000.0,,,,,,1236969000.0,,,,,,,,,,,,,,true,21979000.0,,10913290000.0,5628000.0,-1127713000.0,-9832727000.0,,,,0.21248857069261698,20411174000.0,2026-09-21,PurchaseOfPropertyPlantAndEquipmentClassifiedAsInvestingActivities,EquityAttributableToOwnersOfParent,Goodwill,IntangibleAssetsOtherThanGoodwill,ProfitLoss,CashFlowsFromUsedInOperatingActivities,ProfitLossFromOperatingActivities,,-6973487000.0,25996000.0,,10663387000.0,,11519535000.0,9136310000.0,-2551364000.0,,,,,,,,,,,,,,,ineligible:gate0_status,,,,false
KOF,910631,COCA COLA FEMSA SAB DE CV,"",NYSE,2086,Bottled & Canned Soft Drinks & Carbonated Waters,ifrs-full,20-F,MXN,1231,2024,2024-12-31,false,false,"",unknown,"tangible_book,ni_vs_oi","",unresolved,unresolved,unresolved,"",,false,false,false,true,,,,none,false,1.7288687930261926,17293000000.0,16924000000.0,0.0013188321366152834,-39475000000.0,0.32403557562574004,,0.0,,false,,1.0069613851371453,279793000000.0,24549000000.0,,42442000000.0,23944000000.0,false,false,false,0.0,1205000000.0,false,false,false,,,,false,false,true,"capex,net_income,ocf,pretax_income,revenue,tax_expense",,,false,,0.08773986482864117,false,,369000000.0,143428000000.0,,,32779000000.0,72254000000.0,16807000000.0,,NOT_EVALUABLE,false,PASS,false,PASS,false,PASS,false,PASS,false,,NOT_EVALUABLE,false,PASS,,0,3y,false,0.12826987241649213,0.07546529282750947,-0.08881644513587938,,1.331052537633129,,,1.0069613851371453,,false,4,,,,1.8760196459894305,falling,,,,,false,false,,false,false,false,,,,120054000000.0,41473000000.0,77696000000.0,16807000000.0,2020-06-30,,,,,,0,,,,,,0,false,0.0,,,12870000000.0,,-23392000000.0,,,,,36317000000.0,2026-09-21,PurchaseOfPropertyPlantAndEquipmentClassifiedAsInvestingActivities,EquityAttributableToOwnersOfParent,,,ProfitLoss,CashFlowsFromUsedInOperatingActivities,,ExpenseFromSharebasedPaymentTransactionsWithEmployees,11768000000.0,,,,,,,,,,,,,,,,,,,,,,ineligible:gate0_status,,,,false
TV,912892,"Grupo Televisa, S.A.B.","",NYSE,4833,Television Broadcasting Stations,ifrs-full,20-F,MXN,1231,2024,2024-12-31,false,false,tax_anomaly,fail,"","goodwill,intangibles",never_acquired,never_acquired,never_acquired,"",,false,false,false,true,,102454056000.0,,fiscal_year,false,-3.908817321015612,21889419000.0,21400587000.0,0.007851352657104148,,-0.08946628313845748,2.9545195736859675,,,false,,,62260864000.0,-8328380000.0,-2818861000.0,32554116000.0,9097397000.0,false,false,false,56816000.0,1567300000.0,false,false,false,,,0.4428603411263194,false,false,true,,,,false,,-0.13376589184499593,false,0.0544735868874921,488832000.0,102454056000.0,0.0,0.0,46193173000.0,,,false,PASS,true,FAIL,false,PASS,false,PASS,false,PASS,false,false,PASS,true,FAIL,,0,insufficient,false,-0.05559123761746365,-0.09357888212471865,,,,,,,,false,0,-0.04527500614189999,0.16711380791887306,-0.21238881406077306,-2.817413261715992,,,,,,false,false,,false,false,false,,,,,,,,,,,,,,,,,,,,,false,,,20542361000.0,1018954000.0,,-9009673000.0,,,,-0.04527500614189999,-7696609000.0,2026-09-21,PurchaseOfPropertyPlantAndEquipmentClassifiedAsInvestingActivities,EquityAttributableToOwnersOfParent,,,ProfitLoss,CashFlowsFromUsedInOperatingActivities,ProfitLossFromOperatingActivities,AdjustmentsForSharebasedPayments,688587000.0,,,,,,,,,,,,,,,,,,,,,,ineligible:gate0_status,,,,false
VALE,917851,VALE S.A.,"",NYSE,1000,Metal Mining,ifrs-full,20-F,USD,1231,2025,2025-12-31,false,false,"",unknown,"tangible_book,income_quality,fcf,sbc","",unresolved,unresolved,unresolved,"",,true,true,false,false,,,,none,false,,,,,,0.5738233397807866,0.3362726810242496,,,false,,,38403000000.0,1983000000.0,5897000000.0,,,false,false,false,0.0,174000000.0,false,false,false,true,-7076000000.0,,false,false,true,,,,false,,0.05163659089133661,false,0.3399626651349799,,33509000000.0,,,7372000000.0,,4268775.0,,NOT_EVALUABLE,,NOT_EVALUABLE,,NOT_EVALUABLE,,NOT_EVALUABLE,,NOT_EVALUABLE,,false,PASS,false,PASS,,0,insufficient,false,-0.04316988050205395,-0.005843595871670049,,,,,,,,false,0,0.15355571179334948,0.32426349728157794,-0.17070778548822846,,,,,,,false,false,,false,false,false,,,,,,,,,,,,,,,,,,,,,false,,,3105000000.0,5923000000.0,,-6864000000.0,212000000.0,,,0.15355571179334948,4653000000.0,2026-09-21,,EquityAttributableToOwnersOfParent,,,ProfitLoss,,ProfitLossFromOperatingActivities,,2670000000.0,,,,,,,,,,,,,,,,,,,,,,ineligible:gate0_status,,,,false
EGO,918608,ELDORADO GOLD CORP /FI,"",NYSE,1040,Gold and Silver Ores,ifrs-full,40-F,USD,1231,2025,2025-12-31,false,false,tax_anomaly,unknown,"tangible_book,income_quality,fcf","",unresolved,reported,unresolved,"",,false,false,false,true,,,,none,false,,,,0.011119077046231258,-405696000.0,0.04054255149113476,0.6932976261996511,,,false,,,1818856000.0,504304000.0,727399000.0,,866362000.0,false,false,false,17945000.0,5515000.0,false,false,false,,,3.3257020018809618,false,false,true,,,,false,,0.277264390364053,false,0.18047478386238586,20224000.0,4279289000.0,92591000.0,,869356000.0,1275052000.0,203018394.0,,NOT_EVALUABLE,,NOT_EVALUABLE,,NOT_EVALUABLE,,NOT_EVALUABLE,false,PASS,false,false,PASS,true,FAIL,,0,insufficient,false,0.2777030562817393,0.12117194011976773,,,,1.264707911374274,-0.4142369912500084,,,false,0,0.399921159234156,0.2537516375519268,0.1461695216822292,,,,,,,false,false,,false,false,false,,,,,,,,,,,,,,,,,,,,,false,,,260505000.0,,,,145421000.0,911285000.0,,0.399921159234156,544317000.0,2026-09-21,PurchaseOfPropertyPlantAndEquipmentClassifiedAsInvestingActivities,EquityAttributableToOwnersOfParent,Goodwill,,ProfitLoss,,ProfitLossFromOperatingActivities,AdjustmentsForSharebasedPayments,22068000.0,,,,,,,,,,,,,,,,,,,,,,ineligible:gate0_status,,,,false
TEO,932470,TELECOM ARGENTINA SA,"",NYSE,4813,Telephone Communications (No Radiotelephone),ifrs-full,20-F,ARS,1231,2025,2025-12-31,false,false,"",fail,sbc,"",reported,reported,reported,"",,true,true,false,false,,-251662000000.0,,fiscal_year,false,-16.419768210097452,834617000000.0,,,-4967565000000.0,0.2421663120123503,-0.3228640564207738,0.15656935069026634,0.022107349257649407,true,,,8328814000000.0,-145304000000.0,450047000000.0,2385858000000.0,1355061000000.0,false,false,false,0.0,196180000000.0,false,false,false,,,,false,false,true,,,,false,,-0.01744594128287653,false,-0.06073785845515156,,6863861000000.0,4443998000000.0,2671525000000.0,469050000000.0,5436615000000.0,2153688011.0,true,FAIL,true,FAIL,false,PASS,,NOT_EVALUABLE,,NOT_EVALUABLE,,false,PASS,false,PASS,true,4,insufficient,false,0.11360539520036195,0.5651462463481525,,,,,,,,false,0,0.05403494423095533,0.06728840222606891,-0.013253457995113578,-6.036093248973239,falling,,,,,false,false,,false,false,false,,,,,,,,,,,,,,,,,,,,,true,1304037000000.0,,,20286000000.0,184128000000.0,-3011630000000.0,,,,0.05403494423095533,-191736000000.0,2026-09-21,PurchaseOfPropertyPlantAndEquipmentClassifiedAsInvestingActivities,EquityAttributableToOwnersOfParent,Goodwill,IntangibleAssetsOtherThanGoodwill,ProfitLoss,CashFlowsFromUsedInOperatingActivities,ProfitLossFromOperatingActivities,,-46432000000.0,,,,,,,,,,,,,,,,,,,,,,ineligible:gate0_status,,,,false
CYD,932695,China Yuchai International Limited,"",NYSE,3510,Engines & Turbines,ifrs-full,20-F,CNY,1231,2024,2024-12-31,false,false,"",unknown,"income_quality,ni_vs_oi",goodwill,never_acquired,never_acquired,reported,"",,false,false,false,true,,7241771000.0,,fiscal_year,false,,379185000.0,371356000.0,0.00040917601650501803,-759045000.0,0.207557933412834,,,,false,0.7689683215028167,9.443071708487894,19133575000.0,68547000.0,596974000.0,779416000.0,360193000.0,false,false,true,423195000.0,40038000.0,false,false,false,,,7.138047204772002,false,false,true,,,,false,,,false,0.032393661736190626,7829000.0,9164625000.0,0.0,1922854000.0,5915916000.0,6674961000.0,39325763.0,false,PASS,,NOT_EVALUABLE,false,PASS,false,PASS,false,PASS,false,,NOT_EVALUABLE,false,PASS,,0,insufficient,false,-0.034607513703848736,0.012108658390904026,,,,,,9.443071708487894,,false,2,0.031200337626397574,0.0636143202033072,-0.03241398257690963,,,,,,,false,false,,false,false,false,,,,,,,,,,,,,,,,,,,,,false,,285561000.0,50461000.0,,,113101000.0,81875000.0,50210000.0,,0.031200337626397574,620540000.0,2026-09-21,PurchaseOfPropertyPlantAndEquipmentClassifiedAsInvestingActivities,EquityAttributableToOwnersOfParent,,IntangibleAssetsOtherThanGoodwill,ProfitLoss,CashFlowsFromUsedInOperatingActivities,ProfitLossFromOperatingActivities,AdjustmentsForSharebasedPayments,128798000.0,,,,,,,,,,,,,,,,,,,,,,ineligible:gate0_status,,,,false
PSO,938323,PEARSON PLC,"",NYSE,2731,Books: Publishing or  Publishing & Printing,ifrs-full,20-F,GBP,1231,2025,2025-12-31,false,false,"",unknown,"tangible_book,fcf","",unresolved,reported,unresolved,"",,false,false,false,true,,,,none,false,1.9523809523809523,,,0.01090299133351971,-1148000000.0,0.2647702407002188,0.6627218934911243,0.04668716801789209,,false,,,3577000000.0,336000000.0,507000000.0,656000000.0,,false,false,false,0.0,77000000.0,false,false,false,,,,false,false,true,,,,false,,0.09393346379647749,false,0.13554708764289602,39000000.0,3648000000.0,2425000000.0,,333000000.0,1481000000.0,651300000.0,,NOT_EVALUABLE,false,PASS,,NOT_EVALUABLE,,NOT_EVALUABLE,false,PASS,false,false,PASS,false,PASS,,0,insufficient,false,-0.023456610892083396,0.010379855012888406,,,,0.2846174212337834,0.2548262548262548,,,false,0,0.1417388873357562,0.1209891080365028,0.02074977929925341,1.5917797366980668,rising,,,,,false,false,,false,false,false,,,,,,,,,,,,,,,,,,,,,false,167000000.0,63000000.0,,160000000.0,,-243000000.0,,,,0.1417388873357562,457000000.0,2026-09-21,,EquityAttributableToOwnersOfParent,Goodwill,,ProfitLoss,CashFlowsFromUsedInOperatingActivities,ProfitLossFromOperatingActivities,AdjustmentsForSharebasedPayments,121000000.0,,,,,,,,,,,,,,,,,,,,,,ineligible:gate0_status,,,,false
ICL,941221,ICL GROUP LTD.,"",NYSE,2870,Agricultural Chemicals,ifrs-full,20-F,USD,1231,2025,2025-12-31,false,false,"",unknown,"tangible_book,fcf,sbc","",unresolved,unresolved,unresolved,"",,true,false,true,true,,,,none,false,3.7714285714285714,,,,-1589000000.0,0.36507936507936506,0.4827586206896552,0.001677617782748497,,false,,,7153000000.0,280000000.0,580000000.0,1056000000.0,,false,false,false,0.0,,true,false,false,true,-918000000.0,,false,false,true,,,,false,,0.03914441493079827,false,0.15140658174097665,,5983000000.0,,,291000000.0,1880000000.0,1290580000.0,,NOT_EVALUABLE,false,PASS,,NOT_EVALUABLE,,NOT_EVALUABLE,,NOT_EVALUABLE,,false,PASS,false,PASS,,0,insufficient,false,-0.10612026726223756,0.0724075216540927,,,,,,,,false,0,0.08108485949951069,0.04005552250644458,0.041029336993066115,3.1414348814363873,rising,,,,,false,false,,false,false,false,,,,,,,,,,,,,,,,,,,,,false,12000000.0,,615000000.0,224000000.0,,-915000000.0,15000000.0,12000000.0,,0.08108485949951069,441000000.0,2026-09-21,,EquityAttributableToOwnersOfParent,,,ProfitLoss,CashFlowsFromUsedInOperatingActivities,ProfitLossFromOperatingActivities,,161000000.0,,,,,,,,,,,,,,,,,,,,,,ineligible:gate0_status,,,,false
ELLO,946394,ELLOMAY CAPITAL LTD.,"",NYSE,4911,Electric Services,ifrs-full,6-K,EUR,1231,2024,2024-12-31,false,false,"",fail,tangible_book,"",unresolved,unresolved,reported,"",,false,false,false,true,,,,none,false,-0.8500106678045658,-64954000.0,-65066000.0,0.0027676872513405985,-311866000.0,0.13475915586259107,-1.031924262439454,,,false,,-5.062483539303572,40467000.0,-9374000.0,9084000.0,7968000.0,72922000.0,false,false,false,231000.0,,true,false,false,,,4.576215877000314,false,false,false,"acquisitions,lease_payments",2024-07-01,2025-06-30,false,,-0.23164553833988188,false,0.08723033632587432,112000.0,118622000.0,,34315000.0,41134000.0,353000000.0,12852585.0,,NOT_EVALUABLE,true,FAIL,true,FAIL,true,FAIL,false,PASS,false,false,PASS,false,PASS,,0,insufficient,false,-0.03265445317215976,0.1633874037023062,,,-5.337611532297657,-6.406143708991186,-6.406143708991186,-5.062483539303572,1.343660169687614,false,0,0.22447920527837498,0.9295344428059827,-0.7050552375276078,38.07839602664193,falling,41147000.0,-7642000.0,12553000.0,90259000.0,false,false,55000.0,false,false,false,-77761000.0,,41301000.0,119141000.0,46500000.0,10000000.0,,2025-06-30,,,,,,0,,,,,,0,false,,,15935000.0,,,-64442000.0,,78527000.0,,0.22447920527837498,-10567000.0,2026-09-21,PurchaseOfPropertyPlantAndEquipmentClassifiedAsInvestingActivities,EquityAttributableToOwnersOfParent,,IntangibleAssetsOtherThanGoodwill,ProfitLoss,CashFlowsFromUsedInOperatingActivities,ProfitLossFromOperatingActivities,AdjustmentsForSharebasedPayments,-1424000.0,,,16144000.0,,8519000.0,-9500000.0,-2207000.0,,,,,,,,,,,,,,,ineligible:gate0_status,,,,false
TLK,1001807,PERUSAHAAN PERSEROAN PERSERO PT TELEKOMUNIKASI INDONESIA TBK,"",NYSE,4813,Telephone Communications (No Radiotelephone),ifrs-full,20-F,IDR,1231,2024,2024-12-31,false,false,"",unknown,"tangible_book,income_quality,sbc,ni_vs_oi","",unresolved,unresolved,unresolved,"",,true,true,false,false,,,,none,false,,28208000000000.0,,,8387000000000.0,0.215358292047602,,,,false,,,,1909000000.0,43009000000000.0,61600000000000.0,26005000000000.0,false,false,true,30723091000000.0,7387000000000.0,false,false,false,,,,false,false,true,,,,false,,,false,,,141888000000000.0,,,33905000000000.0,25518000000000.0,99062216600.0,,NOT_EVALUABLE,,NOT_EVALUABLE,false,PASS,,NOT_EVALUABLE,,NOT_EVALUABLE,,,NOT_EVALUABLE,false,PASS,,0,insufficient,false,,,,,,,,,,false,0,,,,,,,,,,false,false,,false,false,false,,,,,,,,,,,,,,,,,,,,,false,635000000000.0,,,17683000000000.0,,-29456000000000.0,45000000.0,1884000000.0,,,39158000000000.0,2026-09-21,PurchaseOfPropertyPlantAndEquipmentClassifiedAsInvestingActivities,EquityAttributableToOwnersOfParent,,,ProfitLoss,CashFlowsFromUsedInOperatingActivities,ProfitLossFromOperatingActivities,,8433000000000.0,,,,,,,,,,,,,,,,,,,,,,ineligible:gate0_status,,,,false
E,1002242,Eni SpA,"",NYSE,1311,Crude Petroleum & Natural Gas,ifrs-full,20-F,EUR,1231,2025,2025-12-31,false,false,"",unknown,"tangible_book,sbc","",unresolved,reported,unresolved,"",,true,false,true,true,,,,none,false,4.833212472806381,3378000000.0,,,-20402000000.0,0.5226722049151956,0.550499001996008,0.002385850446129688,,false,,,82151000000.0,2758000000.0,5010000000.0,13330000000.0,8702000000.0,false,false,false,0.0,1250000000.0,false,false,false,,,1.1841066811811132,false,false,true,,,,false,,0.033572324134824895,false,0.08810567986597949,,47940000000.0,3164000000.0,,8100000000.0,28502000000.0,3024753353.0,,NOT_EVALUABLE,false,PASS,false,PASS,,NOT_EVALUABLE,,NOT_EVALUABLE,,false,PASS,false,PASS,,0,insufficient,false,-0.14732038224157962,0.13307250782041868,,,2.511170938754029,-0.1290394942085579,0.9623496087557366,,,false,0,0.0609852588526007,-0.07445381590015232,0.13543907475275302,4.22691047535795,rising,,,,,false,false,,false,false,false,,,,,,,,,,,,,,,,,,,,,false,196000000.0,1881000000.0,7349000000.0,,,-9298000000.0,,,,0.0609852588526007,5778000000.0,2026-09-21,PurchaseOfPropertyPlantAndEquipmentClassifiedAsInvestingActivities,EquityAttributableToOwnersOfParent,Goodwill,,ProfitLoss,CashFlowsFromUsedInOperatingActivities,ProfitLossFromOperatingActivities,,3020000000.0,,,,,,,,,,,,,,,,,,,,,,ineligible:gate0_status,,,,false
NGG,1004315,NATIONAL GRID PLC,"",NYSE,4922,Natural Gas Transmission,ifrs-full,20-F,GBP,331,2025,2025-03-31,false,false,"",unknown,"income_quality,fcf","",reported,reported,reported,"",,false,false,false,true,,24707000000.0,24178000000.0,latest_q,false,,,,0.0020132767439329635,-46361000000.0,0.22493150684931507,0.5887717875962708,,-0.003482424638154315,false,,,18378000000.0,2905000000.0,4934000000.0,,8780000000.0,false,false,false,76000000.0,130000000.0,false,false,false,,,,false,false,true,"",2024-10-01,2025-09-30,false,131000000.0,0.1580694308412232,false,0.22526432429936746,37000000.0,37803000000.0,9532000000.0,3564000000.0,1178000000.0,47539000000.0,4707000000.0,false,PASS,,NOT_EVALUABLE,,NOT_EVALUABLE,,NOT_EVALUABLE,false,PASS,false,false,PASS,false,PASS,false,0,insufficient,false,-0.0012844648336181042,0.06585556683927529,,,,,,,,false,0,0.26847317444770924,0.17058383233532934,0.0978893421123799,,,17482000000.0,2875000000.0,,9239000000.0,false,false,38000000.0,false,false,false,,9343000000.0,3669000000.0,37190000000.0,887000000.0,45914000000.0,4926000000.0,2025-09-30,,,,,,0,,,,,,0,false,,,,1529000000.0,-64000000.0,,,,,0.26847317444770924,3650000000.0,2026-09-21,PurchaseOfPropertyPlantAndEquipmentClassifiedAsInvestingActivities,EquityAttributableToOwnersOfParent,Goodwill,IntangibleAssetsOtherThanGoodwill,ProfitLoss,,ProfitLossFromOperatingActivities,AdjustmentsForSharebasedPayments,821000000.0,,,,1612000000.0,5151000000.0,3792000000.0,917000000.0,,,,,,,,,,,,,,,ineligible:gate0_status,,,,false
CCJ,1009001,CAMECO CORPORATION,"",NYSE,1090,Miscellaneous Metal Ores,ifrs-full,40-F,CAD,1231,2025,2025-12-31,false,false,"",unknown,tangible_book,"",unresolved,unresolved,unresolved,"",,false,false,false,true,,,,none,false,2.3890274145014265,1072674000.0,1063018000.0,0.0027731722580532137,118512000.0,0.2415134684488222,0.9537323139343387,,,false,,2.441687853864751,3481933000.0,589542000.0,618142000.0,1408432000.0,333025000.0,false,false,false,0.0,2733000.0,false,false,false,,,,false,false,true,,,,false,,0.16931457325571744,false,0.10930736181667683,9656000.0,6903363000.0,,,1114860000.0,996348000.0,435361956.0,,NOT_EVALUABLE,false,PASS,false,PASS,false,PASS,false,PASS,false,false,PASS,false,PASS,,0,3y,false,0.23068700139731124,0.14105363403645232,0.8557109953523643,,0.382084235831516,-0.07794519952005584,1.097955150340992,2.441687853864751,1.343732703523759,false,5,0.1775284016091062,-0.04373489297378495,0.22126329458289118,3.1881116862850067,rising,,,,,false,false,,false,false,false,,,,,,,,,,,,,,,,,,,,,false,,,,104480000.0,,-433520000.0,,,,0.1775284016091062,777261000.0,2026-09-21,PurchaseOfPropertyPlantAndEquipmentClassifiedAsInvestingActivities,EquityAttributableToOwnersOfParent,,,ProfitLoss,CashFlowsFromUsedInOperatingActivities,ProfitLossFromOperatingActivities,AdjustmentsForSharebasedPayments,187719000.0,,,,,,,,,,,,,,,,,,,,,,ineligible:gate0_status,,,,false
BVN,1013131,BUENAVENTURA MINING CO INC,"",NYSE,1000,Metal Mining,ifrs-full,20-F,USD,1231,2024,2024-12-31,false,false,"",unknown,"tangible_book,sbc","",unresolved,unresolved,unresolved,"",,true,true,false,false,,,,none,false,1.1676728414487956,144178000.0,,,,0.27232412995750277,0.9340476377466874,0.0,,false,,,1154605000.0,416263000.0,445655000.0,486059000.0,337743000.0,false,false,false,1022000.0,4138000.0,false,false,false,true,42304000.0,2.1455442902881536,false,false,true,,,,false,,0.36052416194282894,false,-0.04730711128246537,,3390689000.0,,,478435000.0,,253986867.0,,NOT_EVALUABLE,false,PASS,false,PASS,,NOT_EVALUABLE,,NOT_EVALUABLE,,false,PASS,false,PASS,,0,insufficient,true,0.08640380287333049,,,,,,,,,false,0,0.3859804868331594,,,1.1676728414487956,,,,,,false,false,,false,false,false,,,,,,,,,,,,,,,,,,,,,false,0.0,,157416000.0,25783000.0,,-117924000.0,180021000.0,340249000.0,,0.3859804868331594,573449000.0,2026-09-21,PurchaseOfPropertyPlantAndEquipmentClassifiedAsInvestingActivities,EquityAttributableToOwnersOfParent,,,ProfitLoss,CashFlowsFromUsedInOperatingActivities,ProfitLossFromOperatingActivities,,156164000.0,,,,,,,,,,,,,,,,,,,,,,ineligible:gate0_status,,,,false
AAUAF,1015647,ALMADEN MINERALS LTD.,"",OTC,1000,Metal Mining,ifrs-full,20-F,CAD,1231,2025,2025-12-31,false,false,"",fail,"income_quality,sbc,ni_vs_oi,tax_anomaly","goodwill,intangibles",never_acquired,never_acquired,never_acquired,"",,false,false,false,true,,6067028.0,,fiscal_year,false,,-1022456.0,-1150456.0,,,,,,,false,,-0.008379051041020559,,,,-846482.0,41580.0,false,false,false,,134394.0,false,false,false,,,5.1975,false,false,true,,,,false,,,false,,128000.0,6067028.0,0.0,0.0,6171157.0,,137301467.0,false,PASS,,NOT_EVALUABLE,true,FAIL,true,FAIL,,NOT_EVALUABLE,,,NOT_EVALUABLE,,NOT_EVALUABLE,,0,insufficient,false,,,,,-0.02411147100312511,-0.027003914749102496,-0.03002877941846659,-0.008379051041020559,0.021649728377446033,false,0,,,,,,,,,,false,false,,false,false,false,,,,,,,,,,,,,,,,,,,,,false,,,8000.0,,,11141888.0,,,,,2989046.0,2026-09-21,PurchaseOfPropertyPlantAndEquipmentClassifiedAsInvestingActivities,Equity,,,,CashFlowsFromUsedInOperatingActivities,,ExpenseFromSharebasedPaymentTransactionsWithEmployees,,,,,,,,,,,,,,,,,,,,,,,ineligible:gate0_status,,,,false
CNQ,1017413,CANADIAN NATURAL RESOURCES LIMITED,"",NYSE,1311,Crude Petroleum & Natural Gas,ifrs-full,40-F,CAD,1231,2025,2025-12-31,false,false,"",unknown,"fcf,ni_vs_oi","goodwill,intangibles",never_acquired,never_acquired,never_acquired,"",,false,false,false,true,,44366000000.0,,fiscal_year,false,1.3961182994454713,,,0.004643723234095248,-15944000000.0,0.18284117513782946,,,,false,,,38762000000.0,10820000000.0,,15106000000.0,,false,false,false,0.0,361000000.0,false,false,false,,,,false,false,true,,,,false,,0.2791393632939477,false,,180000000.0,44366000000.0,0.0,0.0,673000000.0,16617000000.0,2091134000.0,false,PASS,false,PASS,,NOT_EVALUABLE,,NOT_EVALUABLE,false,PASS,false,,NOT_EVALUABLE,false,PASS,,0,insufficient,false,-0.028680483994447004,0.1807008585305736,,,,,,,,false,0,,,,1.6962711054439497,falling,,,,,false,false,,false,false,false,,,,,,,,,,,,,,,,,,,,,false,,,9384000000.0,4871000000.0,,-6687000000.0,,,,,13241000000.0,2026-09-21,,Equity,,,ProfitLoss,CashFlowsFromUsedInOperatingActivities,,AdjustmentsForSharebasedPayments,2421000000.0,,,,,,,,,,,,,,,,,,,,,,ineligible:gate0_status,,,,false
NYMXF,1018735,NYMOX PHARMACEUTICAL CORPORATION,"",OTC,2835,In Vitro & In Vivo Diagnostic Substances,ifrs-full,6-K,USD,1231,2024,2024-12-31,false,false,tax_anomaly,fail,sbc,"goodwill,intangibles",never_acquired,never_acquired,never_acquired,"",,false,false,false,true,,-6775000.0,-6296000.0,fiscal_year,false,0.5790293855743545,-2665000.0,-3336000.0,,,-0.0,1.0487975717954705,,,false,,-0.03561401073971667,,-4492000.0,-4283000.0,-2601000.0,0.0,false,true,false,0.0,64000.0,false,false,false,false,0.0,0.0,false,false,false,"operating_income,tax_expense",2023-10-01,2024-09-30,true,9000.0,,false,,671000.0,-6775000.0,0.0,0.0,,,93671000.0,true,FAIL,true,FAIL,true,FAIL,true,FAIL,,NOT_EVALUABLE,,false,PASS,true,FAIL,,0,insufficient,false,,,,,-0.15452083536644873,,,-0.03561401073971667,,false,0,,-114.87068965517241,,0.6097576886593036,falling,-5000.0,-8946000.0,-2781000.0,0.0,false,false,3756000.0,false,false,false,-6546000.0,,,-6296000.0,4070000.0,,88235000.0,2024-09-30,,,,,,0,0.7644402186831472,,,,,0,false,,,1000.0,,,0.0,,0.0,,,-4492000.0,2026-09-21,PurchaseOfPropertyPlantAndEquipmentClassifiedAsInvestingActivities,Equity,,,ProfitLoss,CashFlowsFromUsedInOperatingActivities,ProfitLossFromOperatingActivities,AdjustmentsForSharebasedPayments,0.0,,,4000.0,,,-8946000.0,,,,,,,,,,,,,,,,ineligible:gate0_status,,,,false
XTLB,1023549,XTL BIOPHARMACEUTICALS LTD.,"",Nasdaq,2834,Pharmaceutical Preparations,ifrs-full,20-F,USD,1231,2024,2024-12-31,false,false,"sbc,ni_vs_oi",fail,"","",reported,reported,reported,"",,false,false,false,true,,-1359000.0,1990000.0,fiscal_year,true,1.575462512171373,-1672000.0,-1936000.0,0.5853658536585366,233000.0,0.11235955056179775,0.47283609576427255,,,false,,-0.0028764804084635462,451000.0,-1027000.0,-2172000.0,-1618000.0,54000.0,false,false,false,0.0,,true,false,false,true,-810000.0,0.271356783919598,false,false,true,"net_income,ocf,operating_income,sbc",,,false,,-2.2771618625277164,false,,264000.0,5435000.0,3193000.0,3601000.0,371000.0,138000.0,673044737.0,true,FAIL,false,PASS,true,FAIL,true,FAIL,true,FAIL,true,true,FAIL,false,PASS,,1,insufficient,false,,,,,,-0.0017794431758246273,-0.0017794431758246273,-0.0028764804084635462,-0.001097037232638919,false,0,-4.815964523281597,,,0.8802017894542321,rising,,,,,false,false,,false,false,false,,,380000.0,5563000.0,2346000.0,,544906149.0,2022-06-30,,,,,,0,,,,,,0,false,,,199000.0,,,-844000.0,34000.0,68000.0,,-4.815964523281597,-1157000.0,2026-09-21,PurchaseOfPropertyPlantAndEquipmentClassifiedAsInvestingActivities,Equity,Goodwill,IntangibleAssetsOtherThanGoodwill,ProfitLoss,CashFlowsFromUsedInOperatingActivities,ProfitLossFromOperatingActivities,AdjustmentsForSharebasedPayments,-130000.0,,,,,,,,,,,,,,,,,,,,,,ineligible:gate0_status,,,,false
WILCF,1030997,G WILLI FOOD INTERNATIONAL LTD,"",OTC,5141,"Wholesale-Groceries, General Line",ifrs-full,20-F,ILS,1231,2025,2025-12-31,false,false,"",unknown,"income_quality,ni_vs_oi",intangibles,never_acquired,reported,never_acquired,"",,false,false,false,true,,655080000.0,,fiscal_year,false,,51121000.0,49482000.0,0.0026842230247050057,,0.22434748299553123,,,,false,,3.55821472857269,610605000.0,28349000.0,74431000.0,58801000.0,5801000.0,false,false,true,62082000.0,1879000.0,false,false,false,,,1.032757699839772,false,false,true,,,,false,,,false,0.037458905647735345,1639000.0,655091000.0,11000.0,0.0,124158000.0,,13906412.0,false,PASS,,NOT_EVALUABLE,false,PASS,false,PASS,false,PASS,false,,NOT_EVALUABLE,false,PASS,,0,insufficient,false,0.07007912903478952,0.06101840759869903,,,-2.6300537455171504,,,3.55821472857269,,false,3,0.12189713480891902,0.1267953331248596,-0.004898198315940586,,,,,,,false,false,,false,false,false,,,,,,,,,,,,,,,,,,,,,false,,,5617000.0,49919000.0,,-4128000.0,31000.0,1818000.0,,0.12189713480891902,116587000.0,2026-09-21,PurchaseOfPropertyPlantAndEquipmentClassifiedAsInvestingActivities,EquityAttributableToOwnersOfParent,Goodwill,,ProfitLoss,CashFlowsFromUsedInOperatingActivities,ProfitLossFromOperatingActivities,AdjustmentsForSharebasedPayments,26156000.0,,,,,,,,,,,,,,,,,,,,,,ineligible:gate0_status,,,,false
ELPC,1041792,ENERGY CO OF PARANA,"",NYSE,4911,Electric Services,ifrs-full,20-F,BRL,1231,2024,2024-12-31,false,false,ni_vs_oi,unknown,"fcf,sbc",goodwill,structured_absence_asc350,structured_absence_asc350,reported,"",,true,true,false,false,,9051108000.0,,fiscal_year,false,1.2122498990844368,,,,,0.2061873932404478,-3.3849861426173766,,,false,,,22651036000.0,2799370000.0,-826996000.0,3393536000.0,,false,false,false,491571000.0,,true,false,false,,,,false,false,true,,,,false,,0.1235868416791179,false,-0.09646711004214636,,25674718000.0,0.0,16623610000.0,4161939000.0,,,false,PASS,false,PASS,,NOT_EVALUABLE,,NOT_EVALUABLE,,NOT_EVALUABLE,,true,FAIL,false,PASS,,0,insufficient,false,0.025936090980075654,0.06875350691754156,,,,,,,,false,0,-0.03651029471676263,-0.06788915281778675,0.03137885810102412,2.039925268456543,falling,,,,,false,false,,false,false,false,,,,,,,,,,,,,,,,,,,,,false,,5698400000.0,1465478000.0,,,-5739414000.0,,,,-0.03651029471676263,2907234000.0,2026-09-21,,EquityAttributableToOwnersOfParent,,IntangibleAssetsOtherThanGoodwill,ProfitLoss,CashFlowsFromUsedInOperatingActivities,ProfitLossFromOperatingActivities,,599435000.0,,,,,,,,,,,,,,,,,,,,,,ineligible:gate0_status,,,,false
FORTY,1045986,FORMULA SYSTEMS (1985) LTD.,"",Nasdaq,7371,Services-Computer Programming Services,ifrs-full,20-F,USD,1231,2024,2024-12-31,false,false,"",fail,ni_vs_oi,"",reported,reported,reported,"",,false,false,false,true,,-512818000.0,,fiscal_year,false,1.6742349966458538,257921000.0,241757000.0,0.0058618079855347815,392574000.0,0.2281401734453132,,,0.017641634067824208,true,,15795.949036262658,2757511000.0,193790000.0,,324450000.0,16441000.0,false,true,false,2077000.0,50088000.0,false,false,true,true,-61779000.0,0.14235248279146284,false,false,true,,,,false,,0.07027714485998424,false,,16164000.0,679338000.0,975080000.0,217076000.0,507799000.0,115225000.0,15305.0,true,FAIL,false,PASS,false,PASS,false,PASS,false,PASS,false,,NOT_EVALUABLE,false,PASS,false,5,insufficient,false,0.04673872065749407,0.10142952972476604,,,,,,15795.949036262658,,false,3,,0.08141072179129571,,1.5505660603666154,rising,,,,,false,false,,false,false,false,,,,,,,,,,,,,,,,,,,,,false,,,115495000.0,,48647000.0,-78183000.0,945000.0,17349000.0,,,248378000.0,2026-09-21,PurchaseOfPropertyPlantAndEquipmentClassifiedAsInvestingActivities,EquityAttributableToOwnersOfParent,Goodwill,IntangibleAssetsOtherThanGoodwill,ProfitLoss,CashFlowsFromUsedInOperatingActivities,,AdjustmentsForSharebasedPayments,56665000.0,,,,,,,,,,,,,,,,,,,,,,ineligible:gate0_status,,,,false
SID,1049659,NATIONAL STEEL CO,"",NYSE,3310,"Steel Works, Blast Furnaces & Rolling & Finishing Mills",ifrs-full,20-F,BRL,1231,2024,2024-12-31,false,false,"",fail,"tangible_book,sbc,tax_anomaly",intangibles,unresolved,unresolved,never_acquired,"",,true,true,false,false,,,,none,false,-5.624000010402168,3156170000.0,,,-34248381000.0,,-0.3602185187804653,,,false,,,43687460000.0,-1538141000.0,4270022000.0,8650505000.0,5494335000.0,false,false,false,,,true,false,false,,,1.4491523344990378,false,false,true,,,,false,,-0.03520783767241217,false,0.17225195730050774,,12271438000.0,,0.0,23310197000.0,57558578000.0,53294300.0,,NOT_EVALUABLE,true,FAIL,false,PASS,,NOT_EVALUABLE,,NOT_EVALUABLE,,false,PASS,,NOT_EVALUABLE,,0,insufficient,false,-0.030300033467363874,0.11424366056382906,,,,,,,,false,0,0.09774022110692633,0.13924590872999135,-0.041505687623065016,4.476651681010989,falling,,,,,false,false,,false,false,false,,,,,,,,,,,,,,,,,,,,,false,,,3791413000.0,2535325000.0,,-1119735000.0,,,,0.09774022110692633,-1543349000.0,2026-09-21,PurchaseOfPropertyPlantAndEquipmentClassifiedAsInvestingActivities,EquityAttributableToOwnersOfParent,,,ProfitLoss,CashFlowsFromUsedInOperatingActivities,ProfitLossFromOperatingActivities,,,,,,,,,,,,,,,,,,,,,,,,ineligible:gate0_status,,,,false
FMX,1061736,"Mexican Economic Development, Inc.","",NYSE,2086,Bottled & Canned Soft Drinks & Carbonated Waters,ifrs-full,20-F,MXN,1231,2024,2024-12-31,false,false,"",unknown,"tangible_book,income_quality,fcf,ni_vs_oi",intangibles,unresolved,unresolved,never_acquired,"",,false,false,false,true,,,,none,false,,,,0.0012116404485756507,-4595000000.0,0.41707655057942106,,,,false,,,781585000000.0,1930000000.0,,,43682000000.0,false,false,true,36350000000.0,12122000000.0,false,false,false,,,,false,false,true,,,,false,,,false,,947000000.0,297502000000.0,,0.0,139834000000.0,144429000000.0,,,NOT_EVALUABLE,,NOT_EVALUABLE,,NOT_EVALUABLE,,NOT_EVALUABLE,false,PASS,false,,NOT_EVALUABLE,false,PASS,,0,insufficient,false,0.15636908980529363,0.09054395992250219,,,,,,,,false,0,,,,,,,,,,false,false,,false,false,false,,,,,,,,,,,,,,,,,,,,,false,,,,25080000000.0,,,627000000.0,2289000000.0,8000000.0,,65669000000.0,2026-09-21,PurchaseOfPropertyPlantAndEquipmentClassifiedAsInvestingActivities,EquityAttributableToOwnersOfParent,,,ProfitLoss,,,ExpenseFromSharebasedPaymentTransactionsWithEmployees,27389000000.0,,,,,,,,,,,,,,,,,,,,,,ineligible:gate0_status,,,,false
DNN,1063259,DENISON MINES CORP.,"",NYSE,1090,Miscellaneous Metal Ores,ifrs-full,6-K,CAD,1231,2025,2025-12-31,false,false,"tax_anomaly,sbc",fail,"","goodwill,intangibles",never_acquired,never_acquired,never_acquired,"",,false,false,false,true,,368370000.0,,fiscal_year,false,0.31362983689849416,-119117000.0,-123864000.0,0.9652297681984546,,-0.02961772061450518,3.5415457834859994,,,false,,-0.1381485612313183,4918000.0,-217288000.0,-61354000.0,-68148000.0,50496000.0,false,false,false,13264000.0,473000.0,false,false,false,,,2.841163562707478,false,false,true,,,,false,,-44.18218788125254,false,,4747000.0,368370000.0,0.0,0.0,465918000.0,,896600000.0,false,PASS,true,FAIL,true,FAIL,true,FAIL,true,FAIL,true,false,PASS,true,FAIL,,0,insufficient,false,,-0.1936073063512309,,,-0.0473188739404878,,-37.18516184658749,-0.1381485612313183,37.04701328535617,false,0,-12.47539650264335,-0.8948901060805657,-11.580506396562786,0.13916663983891095,rising,,,,,false,false,,false,false,false,,,,,,,,,,,,,,,,,,,,,false,,,17773000.0,,,-49517000.0,,,,-12.47539650264335,-223920000.0,2026-09-21,PurchaseOfPropertyPlantAndEquipmentClassifiedAsInvestingActivities,Equity,,,ProfitLoss,CashFlowsFromUsedInOperatingActivities,ProfitLossFromOperatingActivities,AdjustmentsForSharebasedPayments,6632000.0,,,,,,,,,,,,,,,,,,,,,,ineligible:gate0_status,,,,false
LINMF,1066130,FE BATTERY METALS CORP.,"",OTC,1000,Metal Mining,ifrs-full,20-F,CAD,331,2024,2024-03-31,false,false,"",fail,"fcf,sbc,tax_anomaly","goodwill,intangibles",never_acquired,never_acquired,never_acquired,"",,false,false,false,true,,8646363.0,,fiscal_year,false,0.6195815780775886,,,,,,1.0905474816848386,,,false,,,,-6635073.0,-6084167.0,-4110969.0,,false,false,false,,,true,false,false,,,,false,false,true,,,,false,,,false,,1786445.0,8646363.0,0.0,0.0,1704908.0,,47967469.0,false,PASS,true,FAIL,,NOT_EVALUABLE,,NOT_EVALUABLE,,NOT_EVALUABLE,,false,PASS,,NOT_EVALUABLE,,0,insufficient,true,,,,,,,,,,false,0,,,,0.7036380699687211,falling,,,,,false,false,,false,false,false,,,,,,,,,,,,,,,,,,,,,false,,,,,,-52500.0,,,,,,2026-09-21,,Equity,,,ProfitLoss,CashFlowsFromUsedInOperatingActivities,ProfitLossFromOperatingActivities,AdjustmentsForSharebasedPayments,,,,,,,,,,,,,,,,,,,,,,,ineligible:gate0_status,,,,false
INFY,1067491,INFOSYS LIMITED,"",NYSE,7371,Services-Computer Programming Services,ifrs-full,20-F,USD,331,2025,2025-03-31,false,false,"",unknown,fcf,"",reported,reported,reported,"",,false,false,false,true,,9700000000.0,,fiscal_year,false,1.3760278304870335,,,0.004928152720859055,,0.2889588486620193,0.7767133382461312,0.01955698500804067,0.024018260102713077,true,,,19277000000.0,3162000000.0,4071000000.0,4351000000.0,,false,false,false,0.0,278000000.0,false,false,false,true,16000000.0,,false,false,true,,,,false,,0.16402967266690874,false,0.21002635624862728,95000000.0,11205000000.0,1182000000.0,323000000.0,2861000000.0,,4141611738.0,false,PASS,false,PASS,,NOT_EVALUABLE,,NOT_EVALUABLE,false,PASS,false,false,PASS,false,PASS,false,0,insufficient,false,0.05727091841700993,0.08567970306898709,,,,0.47724686557211526,0.433389369988445,,,false,0,0.21118431291176012,0.2131455399061033,-0.0019612269943431737,1.1086069486893384,rising,,,,,false,false,,false,false,false,,,,,,,,,,,,,,,,,,,,,false,377000000.0,,569000000.0,2416000000.0,463000000.0,-361000000.0,,377000000.0,,0.21118431291176012,4447000000.0,2026-09-21,,EquityAttributableToOwnersOfParent,Goodwill,IntangibleAssetsOtherThanGoodwill,ProfitLoss,CashFlowsFromUsedInOperatingActivities,ProfitLossFromOperatingActivities,AdjustmentsForSharebasedPayments,1285000000.0,,,,,,,,,,,,,,,,,,,,,,ineligible:gate0_status,,,,false
BAK,1071438,BRASKEM SA,"",NYSE,2860,Industrial Organic Chemicals,ifrs-full,20-F,BRL,1231,2024,2024-12-31,false,false,"",fail,"tangible_book,sbc",goodwill,unresolved,never_acquired,unresolved,"",,true,true,false,false,,,,none,false,-0.20204115499502157,-1326000000.0,,,-38246000000.0,0.3203631647211414,11.169601482854494,,,false,,,77411000000.0,-12052000000.0,-1079000000.0,2435000000.0,3761000000.0,false,false,false,0.0,,true,false,false,,,0.7597979797979798,false,false,true,"capex,dep_amort,dividends,net_income,ocf,operating_income,pretax_income,revenue,tax_expense",,,false,,-0.15568846804717676,false,0.04426071550679141,,-4782000000.0,0.0,,14986000000.0,53232000000.0,,,NOT_EVALUABLE,true,FAIL,true,FAIL,,NOT_EVALUABLE,,NOT_EVALUABLE,,false,PASS,false,PASS,,0,insufficient,false,-0.09840398132061523,0.08148658484860372,,,,,,,,false,0,-0.01393858753923861,0.0029371683196038494,-0.016875755858842458,-3.5470651203909447,rising,,,,,false,false,,false,false,false,,,,,,,796192268.0,,,,,,,,,,,,,,false,,,4950000000.0,6000000.0,,-3485000000.0,,,,-0.01393858753923861,-17733000000.0,2026-09-21,PurchaseOfPropertyPlantAndEquipmentClassifiedAsInvestingActivities,EquityAttributableToOwnersOfParent,,,ProfitLoss,CashFlowsFromUsedInOperatingActivities,ProfitLossFromOperatingActivities,,-5681000000.0,,,,,,,,,,,,,,,,,,,,,,ineligible:gate0_status,,,,false
KZIA,1075880,Kazia Therapeutics Limited.,"",Nasdaq,2834,Pharmaceutical Preparations,ifrs-full,20-F,AUD,630,2025,2025-06-30,false,false,sbc,fail,"fcf,ni_vs_oi",goodwill,never_acquired,never_acquired,reported,"",,false,false,false,true,,-9387516.0,45380523.0,latest_q,true,0.6413873055743406,,,15.547619047619047,,0.07777975766215253,,,,false,,,42000.0,-20702000.0,,-13278000.0,,false,false,false,0.0,,true,false,false,,,,false,false,false,"",2025-01-01,2025-12-31,false,,-492.9047619047619,false,,653000.0,-8301000.0,0.0,1086516.0,4344691.0,,,false,PASS,true,FAIL,,NOT_EVALUABLE,,NOT_EVALUABLE,true,FAIL,true,,NOT_EVALUABLE,false,PASS,,0,insufficient,false,,,,,,,,,,false,0,,,,0.5799208324688144,falling,,-22800679.0,-14398379.0,,false,true,4823318.0,false,false,false,,,1086516.0,46467039.0,69459980.0,,1560213259.0,2025-12-31,,,,,,0,,,,,,0,false,,,,0.0,,,,,,,-22448000.0,2026-09-21,,EquityAttributableToOwnersOfParent,,IntangibleAssetsOtherThanGoodwill,ProfitLoss,CashFlowsFromUsedInOperatingActivities,,AdjustmentsForSharebasedPayments,-1746000.0,,,,0.0,,-24411133.0,-1610454.0,,,,,,,,,,,,,,,ineligible:gate0_status,,,,false
MMTIF,1085921,MICROMEM TECHNOLOGIES INC.,"",OTC,7371,Services-Computer Programming Services,ifrs-full,20-F,USD,1031,2025,2025-10-31,false,false,tax_anomaly,fail_stale,"income_quality,sbc,ni_vs_oi",goodwill,carried_forward,never_acquired,carried_forward,intangibles,365,false,false,false,true,,-5603266.0,,fiscal_year,false,,-1342069.0,-1342069.0,,203527.0,-0.0,,,,false,,-0.0022572364765104883,,,,-1323007.0,2729.0,false,true,false,,16333.0,false,false,false,false,0.0,0.16421952100132386,false,false,true,,,,false,,,false,,0.0,-5603266.0,0.0,0.0,250148.0,46621.0,594562871.0,true,FAIL,,NOT_EVALUABLE,true,FAIL,true,FAIL,,NOT_EVALUABLE,,,NOT_EVALUABLE,true,FAIL,,0,insufficient,false,,,,,-0.0023578997225297852,-0.002045664916698022,-0.003406531343029083,-0.0022572364765104883,0.0011492948665185946,false,0,,,,,,,,,,false,false,,false,false,false,,,,,,,,,,,,,,,,,,,,,false,,,16618.0,,,-2729.0,,2729.0,,,-668749.0,2026-09-21,PurchaseOfPropertyPlantAndEquipmentClassifiedAsInvestingActivities,Equity,,,,CashFlowsFromUsedInOperatingActivities,,AdjustmentsForSharebasedPayments,0.0,,,,,,,,,,,,,,,,,,,,,,ineligible:gate0_status,,,,false
SIFY,1094324,SIFY TECHNOLOGIES LTD,"",Nasdaq,7370,"Services-Computer Programming, Data Processing, Etc.",ifrs-full,20-F,INR,331,2025,2025-03-31,false,false,tax_anomaly,fail_stale,"tangible_book,income_quality,ni_vs_oi","",unresolved,carried_forward,unresolved,goodwill,365,false,false,false,true,,,,none,false,,-2725620000.0,-2727500000.0,0.000047134829178866146,-23227761000.0,-1.7406603075290141,,,,false,,-7.309054984960805,39885580000.0,-9171000.0,2256791000.0,8647075000.0,11093921000.0,false,false,true,775787000.0,278774000.0,false,false,false,,,,false,false,true,,,,false,,,false,0.07926531908446381,1880000.0,20130543000.0,0.0,,4997210000.0,28224971000.0,373167257.0,,NOT_EVALUABLE,,NOT_EVALUABLE,true,FAIL,true,FAIL,false,PASS,false,,NOT_EVALUABLE,true,FAIL,,0,insufficient,false,0.13853517845288787,0.11686021772040611,,,-26.832348514050675,3.9894400212612675,-15.28463218968689,-7.309054984960805,7.975577204726085,false,0,0.05658162674329921,0.08190861415662476,-0.02532698741332555,,,,,,,false,false,,false,false,false,,,,,,,,,,,,,,,,,,,,,false,,,,,,-12323912000.0,2720000.0,129747000.0,,0.05658162674329921,-286412000.0,2026-09-21,PurchaseOfPropertyPlantAndEquipmentClassifiedAsInvestingActivities,EquityAttributableToOwnersOfParent,,,ProfitLoss,CashFlowsFromUsedInOperatingActivities,ProfitLossFromOperatingActivities,AdjustmentsForSharebasedPayments,498546000.0,,,,,,,,,,,,,,,,,,,,,,ineligible:gate0_status,,,,false
TM,1094517,TOYOTA MOTOR CORP/,"",NYSE,3711,Motor Vehicles & Passenger Car Bodies,ifrs-full,20-F,JPY,331,2025,2025-03-31,false,false,"",fail,"fcf,sbc","goodwill,intangibles",never_acquired,never_acquired,never_acquired,"",,true,true,false,false,,35924826000000.0,,fiscal_year,false,0.7718419835670092,,,,-29810475000000.0,0.25330301702836816,0.9987840902029491,,,false,,,48036704000000.0,4789755000000.0,4795586000000.0,3696934000000.0,,false,false,false,0.0,,true,false,false,,,,false,false,true,,,,false,,0.09971031734400429,false,0.07334346621217282,,35924826000000.0,0.0,0.0,8982404000000.0,38792879000000.0,13252456000.0,false,PASS,true,FAIL,,NOT_EVALUABLE,,NOT_EVALUABLE,,NOT_EVALUABLE,,false,PASS,false,PASS,,0,insufficient,false,0.1525037883360394,0.09970864017534975,,,,,,,,false,0,0.09983170369057794,0.08033175043636614,0.01949995325421179,0.9288779842834337,falling,,,,,false,false,,false,false,false,,,,,,,,,,,,,,,,,,,,,false,,,2251233000000.0,1259560000000.0,,-4189736000000.0,,,,0.09983170369057794,6414590000000.0,2026-09-21,,EquityAttributableToOwnersOfParent,,,ProfitLoss,CashFlowsFromUsedInOperatingActivities,ProfitLossFromOperatingActivities,,1624835000000.0,,,,,,,,,,,,,,,,,,,,,,ineligible:gate0_status,,,,false
UGP,1094972,ULTRAPAR HOLDINGS INC.,"",NYSE,4924,Natural Gas Distribution,ifrs-full,20-F,BRL,1231,2024,2024-12-31,false,false,"",unknown,"tangible_book,fcf,ni_vs_oi","",unresolved,unresolved,unresolved,"",,false,false,false,true,,,,none,false,1.4789089037570766,,,0.000430400508204887,-12230517000.0,0.3703379544446652,,,,false,,,133498913000.0,2525900000.0,,3735576000.0,,false,false,false,0.0,285404000.0,false,false,false,,,,false,false,true,,,,false,,0.018920753309804104,false,,57458000.0,15158718000.0,,,2071593000.0,14302110000.0,1102130000.0,,NOT_EVALUABLE,false,PASS,,NOT_EVALUABLE,,NOT_EVALUABLE,false,PASS,false,,NOT_EVALUABLE,false,PASS,,0,insufficient,false,0.0675306855575859,0.0997019083625652,,,1.1400293443374598,1.8294813089918407,1.8294813089918407,,,false,0,,,,1.3658154071865354,rising,,,,,false,false,,false,false,false,,,,,,,,,,,,,,,,,,,,,false,,148945000.0,900673000.0,833658000.0,,-6387950000.0,,,,,4011517000.0,2026-09-21,,EquityAttributableToOwnersOfParent,,,ProfitLoss,CashFlowsFromUsedInOperatingActivities,,AdjustmentsForSharebasedPayments,1485617000.0,,,,,,,,,,,,,,,,,,,,,,ineligible:gate0_status,,,,false
PLG,1095052,PLATINUM GROUP METALS LTD.,"",NYSE,1040,Gold and Silver Ores,ifrs-full,40-F,USD,831,2025,2025-08-31,false,false,tax_anomaly,fail,"fcf,sbc,ni_vs_oi","goodwill,intangibles",never_acquired,never_acquired,never_acquired,"",,false,false,false,true,,35585000.0,-40967000.0,fiscal_year,true,0.7434428036147234,,,,,-0.00398318211993804,,,,false,,,,-4537000.0,,-3373000.0,,false,false,false,0.0,87000.0,false,false,false,true,-11067000.0,,false,false,true,"dep_amort,lease_payments,net_income,ocf,pretax_income,sbc",,,false,,,false,,1193000.0,35585000.0,0.0,0.0,417000.0,,105440219.0,false,PASS,true,FAIL,,NOT_EVALUABLE,,NOT_EVALUABLE,,NOT_EVALUABLE,,,NOT_EVALUABLE,true,FAIL,,0,insufficient,false,,,,,,,,,,false,0,,,,0.6546057485067224,rising,,,,,false,false,,false,false,false,,,,-40967000.0,1252000.0,,,2019-05-31,,,,,,0,,,,,,0,false,,,68000.0,,,-13148000.0,-2081000.0,,,,-4519000.0,2026-09-21,,EquityAttributableToOwnersOfParent,,,ProfitLoss,CashFlowsFromUsedInOperatingActivities,,AdjustmentsForSharebasedPayments,18000.0,,,,,,,,,,,,,,,,,,,,,,ineligible:gate0_status,,,,false
CSCIF,1113423,COSCIENS Biopharma Inc.,"",OTC,2844,"Perfumes, Cosmetics & Other Toilet Preparations",ifrs-full,6-K,USD,1231,2025,2025-12-31,false,false,"tax_anomaly,ni_vs_oi",fail,tangible_book,"",unresolved,unresolved,unresolved,"",,false,false,false,true,,,-3761000.0,none,false,0.8180150608225526,-9544000.0,-9532000.0,-0.0016004267804747934,,-0.0009663703131039815,0.9697593858252973,,,false,,-3.011404922124285,7498000.0,-10358000.0,-10681000.0,-8473000.0,706000.0,false,false,false,0.0,365000.0,false,false,false,true,4000.0,0.5942760942760943,false,false,false,"",2024-10-01,2025-09-30,true,459000.0,-1.3814350493464924,false,-0.6480470390592188,-12000.0,3842000.0,,,7307000.0,,3165300.0,,NOT_EVALUABLE,false,PASS,true,FAIL,true,FAIL,false,PASS,false,true,FAIL,true,FAIL,,0,insufficient,false,-0.19867487891486946,0.15473660588718707,,,2.459921647745307,,,-3.011404922124285,,false,0,-1.424513203520939,-1.5624315443592551,0.13791834083831622,0.836833895703375,rising,9054000.0,-14906000.0,-10002000.0,969000.0,false,false,-90000.0,false,false,false,-11340000.0,7034000.0,1807000.0,5080000.0,8524000.0,,3159381.0,2025-09-30,-0.04149590163934426,-0.2707826932425863,0.17629439452289258,-0.2073757349011224,-0.005056241201985556,0,-85.14893617021276,0.15251358695652173,-1.9081500646830531,0.9150442477876106,25.613127760236154,1,false,,,1188000.0,,,-458000.0,244000.0,706000.0,,-1.424513203520939,-10348000.0,2026-09-21,PurchaseOfPropertyPlantAndEquipmentClassifiedAsInvestingActivities,EquityAttributableToOwnersOfParent,,,ProfitLoss,CashFlowsFromUsedInOperatingActivities,ProfitLossFromOperatingActivities,AdjustmentsForSharebasedPayments,10000.0,,,1291000.0,,-14701000.0,-13824000.0,971000.0,,,,,,,,,,,,,,,ineligible:gate0_status,,,,false
ASX,1122411,"ASE Technology Holding Co., Ltd.","",NYSE,3674,Semiconductors & Related Devices,ifrs-full,20-F,TWD,1231,2025,2025-12-31,false,false,"",fail,"income_quality,ni_vs_oi","",reported,reported,reported,"",,false,false,false,true,,327586441000.0,,fiscal_year,false,,-23456512000.0,-25938299000.0,0.0038454202978237687,-110143945000.0,0.19699894914724056,,0.00040061810287648646,-0.004293884059242467,true,,-5.974924174069201,645387710000.0,1313243000.0,51420826000.0,142249287000.0,164642502000.0,false,false,true,39883197000.0,1063297000.0,false,false,false,,,2.588430642345997,false,false,true,,,,false,,,false,0.07157319344271815,2481787000.0,342181952000.0,1674909000.0,12920602000.0,92468851000.0,202612796000.0,4341193000.0,false,PASS,,NOT_EVALUABLE,true,FAIL,true,FAIL,false,PASS,false,,NOT_EVALUABLE,false,PASS,false,0,insufficient,false,-0.012826391680181626,0.06234196936893399,,,8.500319438592815,2.6216508678932477,3.289031139492244,-5.974924174069201,-9.263955313561446,false,0,0.0796743185580649,0.07417222877725507,0.005502089780809821,,,,,,,false,false,,false,false,false,,,,,,,,,,,,,,,,,,,,,true,258554000.0,,63607075000.0,,-2771220000.0,-165644259000.0,79793000.0,5289085000.0,,0.0796743185580649,51303096000.0,2026-09-21,PurchaseOfPropertyPlantAndEquipmentClassifiedAsInvestingActivities,EquityAttributableToOwnersOfParent,Goodwill,IntangibleAssetsOtherThanGoodwill,ProfitLoss,CashFlowsFromUsedInOperatingActivities,ProfitLossFromOperatingActivities,AdjustmentsForSharebasedPayments,10106656000.0,,,,,,,,,,,,,,,,,,,,,,ineligible:gate0_status,,,,false
IMOS,1123134,ChipMOS TECHNOLOGIES INC.,"",Nasdaq,3674,Semiconductors & Related Devices,ifrs-full,20-F,TWD,1231,2024,2024-12-31,false,false,"",unknown,"income_quality,sbc,ni_vs_oi","goodwill,intangibles",never_acquired,never_acquired,never_acquired,"",,true,false,true,true,,25003318000.0,,fiscal_year,false,,538976000.0,,,1460458000.0,0.12599290976064523,,,,false,,,22695909000.0,43902000.0,1273937000.0,5940582000.0,5081154000.0,false,false,true,1395634000.0,320452000.0,false,false,false,,,1.0463260674117507,false,false,true,,,,false,,,false,0.13678063724281228,,25003318000.0,0.0,0.0,15219039000.0,13758581000.0,727240000.0,false,PASS,,NOT_EVALUABLE,false,PASS,,NOT_EVALUABLE,,NOT_EVALUABLE,,,NOT_EVALUABLE,false,PASS,,0,insufficient,false,-0.0608560726544739,0.022182345733292586,,,,0.6777960999077169,0.6777960999077169,,,false,0,0.056130688574755914,0.12081489708785295,-0.06468420851309703,,,,,,,false,false,,false,false,false,,,,,,,,,,,,,,,,,,,,,false,,,4856186000.0,1309032000.0,,-615105000.0,2278000.0,154961000.0,,0.056130688574755914,1647053000.0,2026-09-21,PurchaseOfPropertyPlantAndEquipmentClassifiedAsInvestingActivities,Equity,,,ProfitLoss,CashFlowsFromUsedInOperatingActivities,ProfitLossFromOperatingActivities,,207517000.0,,,,,,,,,,,,,,,,,,,,,,ineligible:gate0_status,,,,false
ASR,1123452,SOUTHEAST AIRPORT GROUP,"",NYSE,4581,"Airports, Flying Fields & Airport Terminal Services",ifrs-full,20-F,MXN,1231,2024,2024-12-31,false,false,"",unknown,"fcf,sbc",intangibles,never_acquired,reported,never_acquired,"",,true,true,false,false,,51589259000.0,,fiscal_year,false,1.1098043411046754,,,,-419916543000.0,0.3113183287223862,0.8008329544288333,,,false,,,31332787000.0,14030438000.0,17519806000.0,15571041000.0,,false,false,false,0.0,5335000.0,false,false,false,,,,false,false,true,,,,false,,0.44778774387353415,false,0.5806359135276051,,54212922000.0,2623663000.0,0.0,20083457000.0,440000000000.0,300000000.0,false,PASS,false,PASS,,NOT_EVALUABLE,,NOT_EVALUABLE,,NOT_EVALUABLE,,false,PASS,false,PASS,,0,insufficient,false,0.1859468379522462,0.13246854672936226,,,,,,,,false,0,0.5591524941589141,0.5041896038899423,0.05496289026897183,1.213006146559768,falling,,,,,false,false,,false,false,false,,,,,,,,,,,,,,,,,,,,,false,,,2322984000.0,6277800000.0,,-2753349000.0,,,,0.5591524941589141,20372893000.0,2026-09-21,,EquityAttributableToOwnersOfParent,Goodwill,,ProfitLoss,CashFlowsFromUsedInOperatingActivities,ProfitLossFromOperatingActivities,,6342455000.0,,,,,,,,,,,,,,,,,,,,,,ineligible:gate0_status,,,,false
AMX,1129137,AMERICA MOVIL SAB DE CV/,"",NYSE,4813,Telephone Communications (No Radiotelephone),ifrs-full,20-F,MXN,1231,2025,2025-09-30,false,false,"",unknown,"income_quality,fcf,sbc,ni_vs_oi,tax_anomaly","",reported,reported,reported,"",,true,true,false,false,,94784753000.0,100849989000.0,fiscal_year,false,,,,,-500420391000.0,,,,,true,,,,,,,,false,false,false,,,true,false,false,,,,false,false,false,"",2024-10-01,2025-09-30,false,50573519000.0,,false,0.2056138162942935,,389822312000.0,160127475000.0,134910084000.0,49755737000.0,550176128000.0,,false,PASS,,NOT_EVALUABLE,,NOT_EVALUABLE,,NOT_EVALUABLE,,NOT_EVALUABLE,,,NOT_EVALUABLE,,NOT_EVALUABLE,false,0,insufficient,false,,,,,,,,,,false,0,,0.18250303363413012,,,,935681535000.0,47063950000.0,267934444000.0,108751138000.0,false,false,,true,false,false,159183306000.0,146593836000.0,120066266000.0,367510091000.0,28269862000.0,507043629000.0,,2023-09-30,,,,,,0,,,,,,0,false,,,,,145562978000.0,,,,,,,2026-09-21,,EquityAttributableToOwnersOfParent,Goodwill,IntangibleAssetsOtherThanGoodwill,,,,,,-343967000.0,17170702000.0,,32227416000.0,188666629000.0,124048207000.0,50754791000.0,,,,,,,,,,,,,,,ineligible:gate0_status,,,,true
ATHE,1131343,ALTERITY THERAPEUTICS LTD,"",Nasdaq,2834,Pharmaceutical Preparations,ifrs-full,20-F,AUD,630,2025,2025-06-30,false,false,tax_anomaly,fail,"fcf,sbc,ni_vs_oi","goodwill,intangibles",never_acquired,never_acquired,never_acquired,"",,false,false,false,true,,-225888680.0,41128991.0,fiscal_year,true,0.9426580620008779,,,,,-0.0056337979198781305,,,,false,,,,-12147828.0,,-11451248.0,,false,false,false,0.0,127097.0,false,false,false,,,,false,false,true,"capex,net_income,ocf,pretax_income",,,false,,,false,,979920.0,-225888680.0,0.0,0.0,33158642.0,,6396924117.0,true,FAIL,false,PASS,,NOT_EVALUABLE,,NOT_EVALUABLE,,NOT_EVALUABLE,,,NOT_EVALUABLE,true,FAIL,,0,insufficient,false,,,,,-0.0058051179726498255,,,,,false,0,,,,1.0176753981317426,falling,,,,,false,false,,false,false,false,,,,41128991.0,37002201.0,,2405110327.0,2021-12-31,,,,,,0,,,,,,0,false,,,28307.0,,,-7500000.0,,,,,-12079773.0,2026-09-21,,EquityAttributableToOwnersOfParent,,,ProfitLoss,CashFlowsFromUsedInOperatingActivities,,AdjustmentsForSharebasedPayments,68055.0,,,,,,,,,,,,,,,,,,,,,,ineligible:gate0_status,,,,false
STN,1131383,STANTEC INC.,"",NYSE,8711,Services-Engineering Services,ifrs-full,40-F,CAD,1231,2025,2025-12-31,false,false,"",fail,"fcf,ni_vs_oi","",reported,reported,reported,"",,false,false,false,true,,-575900000.0,,fiscal_year,false,1.7999582811848143,,,0.004948306770462415,-1420200000.0,0.23904761904761904,,0.05574519289801331,0.08310208491932909,true,,,8144200000.0,479400000.0,,862900000.0,,false,false,false,0.0,149500000.0,false,false,false,,,,false,false,true,,,,false,,0.058863976817858106,false,,40300000.0,3240400000.0,3221800000.0,594500000.0,398100000.0,1818300000.0,114066995.0,true,FAIL,false,PASS,,NOT_EVALUABLE,,NOT_EVALUABLE,false,PASS,false,,NOT_EVALUABLE,false,PASS,true,4,insufficient,false,0.1278155512841268,0.11479656428215224,,,1.8911723006609522,-1.1501186186446097,2.339749062719833,,,false,0,,,,1.7037515610303455,rising,,,,,false,false,,false,false,false,,,,,,,,,,,,,,,,,,,,,true,454000000.0,,,101000000.0,676800000.0,-534100000.0,,,,,630000000.0,2026-09-21,,EquityAttributableToOwnersOfParent,Goodwill,IntangibleAssetsOtherThanGoodwill,ProfitLoss,CashFlowsFromUsedInOperatingActivities,,AdjustmentsForSharebasedPayments,150600000.0,,,,,,,,,,,,,,,,,,,,,,ineligible:gate0_status,,,,false
MCUJF,1133519,MEDICURE INC.,"",OTC,2834,Pharmaceutical Preparations,ifrs-full,20-F,CAD,1231,2024,2024-12-31,false,false,"",fail,"fcf,ni_vs_oi","",reported,reported,reported,"",,false,false,false,true,,7775000.0,7197000.0,latest_q,false,-1.325312800769971,,,0.008946911945953349,,0.3269476372924649,,,0.031359839320765054,false,,,21907000.0,-1039000.0,,1377000.0,,false,false,false,512000.0,370000.0,false,true,false,,,,false,false,true,,,,false,,-0.04742776281553841,false,,196000.0,20504000.0,3375000.0,9354000.0,7191000.0,,10436313.0,false,PASS,true,FAIL,,NOT_EVALUABLE,,NOT_EVALUABLE,false,PASS,false,,NOT_EVALUABLE,false,PASS,false,0,insufficient,false,0.002492555612618741,0.016628976287825115,,,,,,,,false,0,,,,-0.7469997852396663,falling,,,,,false,false,,false,false,false,,3934000.0,8964000.0,20095000.0,7216000.0,,10436313.0,2025-03-31,,,,,,0,,,,,,0,false,,,,,687000.0,-739000.0,,,,,-783000.0,2026-09-21,,Equity,Goodwill,IntangibleAssetsOtherThanGoodwill,ProfitLoss,CashFlowsFromUsedInOperatingActivities,,AdjustmentsForSharebasedPayments,-256000.0,,,,,,,,,,,,,,,,,,,,,,ineligible:gate0_status,,,,false
EQNR,1140625,EQUINOR ASA,"",NYSE,2911,Petroleum Refining,ifrs-full,6-K,USD,1231,2025,2025-12-31,false,false,"",unknown,"tangible_book,sbc","",unresolved,unresolved,unresolved,"",,true,true,false,false,,,,none,false,3.9483985765124556,4518000000.0,,,-18727000000.0,0.7983896683673469,0.19951088671505207,0.00024421859442805884,,false,,,106462000000.0,5058000000.0,25352000000.0,19971000000.0,13994000000.0,false,false,false,0.0,1459000000.0,false,false,false,true,1854000000.0,,false,false,false,"",2024-10-01,2025-09-30,true,1512000000.0,0.04750990963912006,false,0.3337563214958852,,40424000000.0,,,5036000000.0,23763000000.0,2593000000.0,,NOT_EVALUABLE,false,PASS,false,PASS,,NOT_EVALUABLE,,NOT_EVALUABLE,,false,PASS,false,PASS,,0,insufficient,false,-0.10958595874178811,0.18367288341666432,,,,,,,,false,0,0.2381319156130826,-0.07470862979614998,0.31284054540923256,2.870270104117276,rising,108769000000.0,5743000000.0,19887000000.0,13494000000.0,false,false,,true,false,false,6393000000.0,,,41206000000.0,20582000000.0,24062000000.0,2622000000.0,2022-06-30,1.29672497698277,1.0879051655022334,,,,0,4.197909862834749,0.3903186274509804,,,,0,false,26000000.0,,,4791000000.0,,-9596000000.0,2570000000.0,14020000000.0,,0.2381319156130826,25088000000.0,2026-09-21,PurchaseOfPropertyPlantAndEquipmentClassifiedAsInvestingActivities,EquityAttributableToOwnersOfParent,,,ProfitLoss,CashFlowsFromUsedInOperatingActivities,ProfitLossFromOperatingActivities,,20030000000.0,1269000000.0,,,5786000000.0,28601000000.0,27506000000.0,21762000000.0,,,,,,,,,,,,,,,ineligible:gate0_status,,,,true
TAC,1144800,TRANSALTA CORPORATION,"",NYSE,4911,Electric Services,ifrs-full,40-F,CAD,1231,2025,2025-12-31,false,false,tax_anomaly,fail,sbc,"",reported,reported,reported,"",,true,true,false,false,,640000000.0,,fiscal_year,false,-4.0886075949367084,383000000.0,,,-3388000000.0,-0.12056737588652482,-1.1285714285714286,0.0,-0.016216216216216217,true,,,2405000000.0,-158000000.0,140000000.0,646000000.0,249000000.0,false,false,false,0.0,14000000.0,false,false,false,,,0.43005181347150256,false,false,true,,,,false,,-0.0656964656964657,false,0.32459016393442625,,1399000000.0,516000000.0,243000000.0,205000000.0,3593000000.0,297000000.0,false,PASS,true,FAIL,false,PASS,,NOT_EVALUABLE,,NOT_EVALUABLE,,false,PASS,true,FAIL,false,0,insufficient,false,-0.06854748870615446,0.027395846526027112,,,,,,,,false,0,0.058212058212058215,-0.04712041884816754,0.10533247706022575,0.36037743933906086,falling,,,,,false,false,,false,false,false,,,,,,,,,,,,,,,,,,,,,true,0.0,,579000000.0,52000000.0,-39000000.0,-418000000.0,,,,0.058212058212058215,-141000000.0,2026-09-21,PurchaseOfPropertyPlantAndEquipmentClassifiedAsInvestingActivities,EquityAttributableToOwnersOfParent,Goodwill,IntangibleAssetsOtherThanGoodwill,ProfitLoss,CashFlowsFromUsedInOperatingActivities,ProfitLossFromOperatingActivities,,17000000.0,,,,,,,,,,,,,,,,,,,,,,ineligible:gate0_status,,,,false
CIG,1157557,ENERGY CO OF MINAS GERAIS,"",NYSE,4911,Electric Services,ifrs-full,20-F,BRL,1231,2024,2024-12-31,false,false,"",fail,ni_vs_oi,goodwill,structured_absence_asc350,structured_absence_asc350,reported,"",,false,false,false,true,,10571000000.0,,fiscal_year,false,0.7720185419300464,4753000000.0,4581000000.0,0.004319437468608739,-10382000000.0,0.2392605257533661,,,,false,,,39820000000.0,7119000000.0,,5496000000.0,671000000.0,false,false,false,0.0,72000000.0,false,false,false,,,0.4876453488372093,false,false,true,,,,false,,0.17877950778503265,false,,172000000.0,27377000000.0,0.0,16806000000.0,1898000000.0,12280000000.0,,false,PASS,true,FAIL,false,PASS,false,PASS,false,PASS,false,,NOT_EVALUABLE,false,PASS,,0,insufficient,false,0.057765192390758946,0.09335177763000702,,,,,,,,false,0,,,,1.1742914046465132,falling,,,,,false,false,,false,false,false,,,,,,,,,,,,,,,,,,,,,false,,,1376000000.0,,,-2376000000.0,,,,,9358000000.0,2026-09-21,PurchaseOfPropertyPlantAndEquipmentClassifiedAsInvestingActivities,EquityAttributableToOwnersOfParent,,IntangibleAssetsOtherThanGoodwill,ProfitLoss,CashFlowsFromUsedInOperatingActivities,,ExpenseFromSharebasedPaymentTransactionsWithEmployees,2239000000.0,,,,,,,,,,,,,,,,,,,,,,ineligible:gate0_status,,,,false
KIQSF,1161814,KELSO TECHNOLOGIES INC.,"",OTC,3743,Railroad Equipment,ifrs-full,20-F,USD,1231,2025,2025-12-31,false,false,"tax_anomaly,ni_vs_oi",fail,fcf,goodwill,never_acquired,never_acquired,reported,"",,false,false,false,true,,4676424.0,,fiscal_year,false,0.24435791925292302,,,0.0012953341450228995,,-0.13849204532686363,1.008352659846605,,,false,,,10784090.0,447397.0,443691.0,109325.0,0.0,true,true,false,99760.0,,true,false,false,true,114269.0,0.0,false,false,true,,,,false,,0.04148676429814662,false,0.02053185995159297,13969.0,4676425.0,0.0,1.0,399375.0,,55183419.0,false,PASS,true,FAIL,,NOT_EVALUABLE,,NOT_EVALUABLE,false,PASS,false,true,FAIL,true,FAIL,,0,insufficient,false,-0.004505847446995337,-0.006635798824495054,,,,-0.08040742177150154,0.059885941272186785,,,false,0,0.04114310989615257,-0.08752234479282239,0.12866545468897497,0.24435791925292302,,,,,,false,false,,false,false,false,,,,,,,,,,,,,,,,,,,,,false,,,98523.0,,,114269.0,0.0,0.0,,0.04114310989615257,480598.0,2026-09-21,PurchaseOfPropertyPlantAndEquipmentClassifiedAsInvestingActivities,Equity,,IntangibleAssetsOtherThanGoodwill,ProfitLoss,CashFlowsFromUsedInOperatingActivities,ProfitLossFromOperatingActivities,AdjustmentsForSharebasedPayments,-66559.0,,,,,,,,,,,,,,,,,,,,,,ineligible:gate0_status,,,,false
NAK,1164771,NORTHERN DYNASTY MINERALS LTD,"",NYSE,1040,Gold and Silver Ores,ifrs-full,40-F,CAD,1231,2025,2025-12-31,false,false,tax_anomaly,fail,"fcf,sbc","goodwill,intangibles",never_acquired,never_acquired,never_acquired,"",,false,false,false,true,,17728000.0,,fiscal_year,false,0.22235210700802943,,,,,-0.0035288800853854364,4.493885635549431,,,false,,,,-104366000.0,-23224000.0,-23206000.0,,false,false,false,0.0,,true,false,false,,,,false,false,true,,,,false,,,false,,1452000.0,17728000.0,0.0,0.0,54734000.0,,545437.0,false,PASS,true,FAIL,,NOT_EVALUABLE,,NOT_EVALUABLE,,NOT_EVALUABLE,,false,PASS,true,FAIL,,0,insufficient,false,,,,,,,,,,false,0,,,,-0.11880621312668699,rising,,,,,false,false,,false,false,false,,,,,,,,,,,,,,,,,,,,,false,,,172000.0,,,50543000.0,,,,,-103999000.0,2026-09-21,,Equity,,,ProfitLoss,CashFlowsFromUsedInOperatingActivities,ProfitLossFromOperatingActivities,ExpenseFromSharebasedPaymentTransactionsWithEmployees,367000.0,,,,,,,,,,,,,,,,,,,,,,ineligible:gate0_status,,,,false
LVRLF,1168981,CORDOVACANN CORP.,"",OTC,7900,Services-Amusement & Recreation Services,ifrs-full,20-F,CAD,630,2025,2025-06-30,false,false,"",fail,"sbc,ni_vs_oi,tax_anomaly",goodwill,never_acquired,never_acquired,reported,"",,true,true,false,false,,-8904227.0,,fiscal_year,false,-0.46451276473092523,1123519.0,,,,,,,,false,,,14249111.0,-2454615.0,,1140200.0,16681.0,false,true,false,,,true,false,false,,,0.05316772007662322,false,false,true,,,,false,,-0.17226443109328013,false,,,-5805888.0,0.0,3098339.0,598203.0,,,true,FAIL,true,FAIL,false,PASS,,NOT_EVALUABLE,,NOT_EVALUABLE,,,NOT_EVALUABLE,,NOT_EVALUABLE,,0,insufficient,false,0.01750971188192274,1.4340663121374946,,,,,,,,false,0,,,,-0.5234971433678206,falling,,,,,false,false,,false,false,false,,,,,,,,,,,,,,,,,,,,,false,,,313743.0,855000.0,,1548933.0,,,,,-2165525.0,2026-09-21,PurchaseOfPropertyPlantAndEquipmentClassifiedAsInvestingActivities,EquityAttributableToOwnersOfParent,,IntangibleAssetsOtherThanGoodwill,ProfitLoss,CashFlowsFromUsedInOperatingActivities,,,,,,,,,,,,,,,,,,,,,,,,,ineligible:gate0_status,,,,false
SBS,1170858,COMPANHIA DE SANEAMENTO BASICO DO ESTADO DE SAO PAULO-SABESP,"",NYSE,4941,Water Supply,ifrs-full,20-F,BRL,1231,2024,2024-12-31,false,false,tax_anomaly,fail,"income_quality,sbc,ni_vs_oi",goodwill,never_acquired,never_acquired,reported,"",,true,true,false,false,,-7843070000.0,-13778451000.0,fiscal_year,false,,6734115000.0,,,-23575691000.0,-0.09548239629261072,,,,false,,,36145477000.0,9579563000.0,,7404568000.0,100728000.0,false,true,true,5365893000.0,569725000.0,false,false,false,,,0.03763222724592979,false,false,true,,,,false,,,false,,,36928054000.0,0.0,44771124000.0,1682606000.0,25258297000.0,,true,FAIL,,NOT_EVALUABLE,false,PASS,,NOT_EVALUABLE,,NOT_EVALUABLE,,,NOT_EVALUABLE,true,FAIL,,0,insufficient,false,0.22858769102826137,0.14983415370044884,,,,,,,,false,0,,,,,,,,,,false,false,,false,false,false,,,44459122000.0,30680671000.0,2019391000.0,22024307000.0,,2024-03-31,,,,,,0,,,,,,0,false,,,2676642000.0,928851000.0,,-9975642000.0,,,,,13642808000.0,2026-09-21,PurchaseOfPropertyPlantAndEquipmentClassifiedAsInvestingActivities,Equity,,IntangibleAssetsOtherThanGoodwill,ProfitLoss,CashFlowsFromUsedInOperatingActivities,,,-1302648000.0,,,,,,,,,,,,,,,,,,,,,,ineligible:gate0_status,,,,false
AXREF,1175596,AMARC RESOURCES LTD.,"",OTC,1040,Gold and Silver Ores,ifrs-full,20-F,CAD,331,2025,2025-12-31,false,false,tax_anomaly,fail,"fcf,sbc,ni_vs_oi","goodwill,intangibles",never_acquired,never_acquired,never_acquired,"",,true,true,false,false,,-809715.0,-607110.0,fiscal_year,false,2.2320388418988735,,,,211297.0,-0.0,,,,false,,,,-3912888.0,,-8733718.0,,false,false,false,0.0,,true,false,false,,,,false,false,false,"",2024-01-01,2024-12-31,true,,,false,,,-809715.0,0.0,0.0,1211297.0,1000000.0,216724808.0,true,FAIL,false,PASS,,NOT_EVALUABLE,,NOT_EVALUABLE,,NOT_EVALUABLE,,,NOT_EVALUABLE,true,FAIL,,0,insufficient,false,,,,,,,,,,false,0,,,,-56.919085124002294,rising,,3578058.0,-4178549.0,,false,true,,false,false,false,,,,-607110.0,1449437.0,898405.0,213920665.0,2024-12-31,,,,,,0,,,,,,0,false,,,,,,0.0,,,,,-3912888.0,2026-09-21,,Equity,,,ProfitLoss,CashFlowsFromUsedInOperatingActivities,,,0.0,,,,,,,,,,,,,,,,,,,,,,ineligible:gate0_status,,,,false
TS,1190723,Tenaris SA,"",NYSE,3312,"Steel Works, Blast Furnaces & Rolling Mills (Coke Ovens)",ifrs-full,20-F,USD,1231,2025,2025-12-31,false,false,"",unknown,"tangible_book,sbc","",unresolved,unresolved,unresolved,"",,true,true,false,false,,,,none,false,1.317391002488751,1915479000.0,,,266925000.0,0.2023594372436987,0.8642541923322191,0.0014744819719831733,,false,,,11981157000.0,1973279000.0,2283216000.0,2599580000.0,617183000.0,false,false,false,0.0,66918000.0,false,false,false,true,-235111000.0,1.0016440268107827,false,false,true,dividends,,,false,,0.16469853454052893,false,0.29029851649689353,,16599191000.0,,,572647000.0,305722000.0,1055929000.0,,NOT_EVALUABLE,false,PASS,false,PASS,,NOT_EVALUABLE,,NOT_EVALUABLE,,false,PASS,false,PASS,,0,insufficient,false,0.006157697928532491,0.18411370370056757,,,,,,,,false,0,0.19056723820579263,-0.1288333533460249,0.31940059155181755,1.2693320713871559,rising,,,,,false,false,,false,false,false,,,,,,,,,,,,,,,,,,,,,false,17666000.0,1360065000.0,616170000.0,900361000.0,,-192603000.0,60174000.0,17666000.0,,0.19056723820579263,2473895000.0,2026-09-21,PurchaseOfPropertyPlantAndEquipmentIntangibleAssetsOtherThanGoodwillInvestmentPropertyAndOtherNoncurrentAssets,EquityAttributableToOwnersOfParent,,,ProfitLoss,CashFlowsFromUsedInOperatingActivities,ProfitLossFromOperatingActivities,,500616000.0,,,,,,,,,,,,,,,,,,,,,,ineligible:gate0_status,,,,false
SA,1231346,Seabridge Gold Inc.,"",NYSE,1040,Gold and Silver Ores,ifrs-full,40-F,CAD,1231,2025,2025-12-31,false,false,"",fail,"sbc,ni_vs_oi","goodwill,intangibles",never_acquired,never_acquired,never_acquired,"",,false,false,false,true,,1124971000.0,768757000.0,fiscal_year,false,0.2907357255698488,-152908000.0,-157626000.0,,,0.18299990780861067,,,,false,,-1.5623214987772192,,-53172000.0,,-15459000.0,136972000.0,false,false,false,0.0,477000.0,false,false,false,,,,false,false,true,"capex,lease_payments,net_income,ocf,pretax_income,sbc,tax_expense",,,false,,,false,,4718000.0,1124971000.0,0.0,0.0,117528000.0,,100892166.0,false,PASS,true,FAIL,true,FAIL,true,FAIL,,NOT_EVALUABLE,,,NOT_EVALUABLE,false,PASS,,0,insufficient,false,,,,,-2.3542053639758875,,,-1.5623214987772192,,false,0,,,,0.49390818650233187,falling,,,,,false,false,,false,false,false,,,,768757000.0,202642000.0,,81998804.0,2023-06-30,,,,,,0,,,,,,0,false,,,,,,-187945000.0,,,,,-65082000.0,2026-09-21,PurchaseOfPropertyPlantAndEquipmentClassifiedAsInvestingActivities,Equity,,,ProfitLoss,CashFlowsFromUsedInOperatingActivities,,AdjustmentsForSharebasedPayments,-11910000.0,,,,,,,,,,,,,,,,,,,,,,ineligible:gate0_status,,,,false
MT,1243429,ArcelorMittal,"",NYSE,3312,"Steel Works, Blast Furnaces & Rolling Mills (Coke Ovens)",ifrs-full,20-F,USD,1231,2025,2025-12-31,false,false,"",unknown,"tangible_book,sbc","",unresolved,unresolved,reported,"",,true,true,false,false,,,,none,false,1.4825778600061672,237000000.0,,,-8018000000.0,0.09966685174902831,0.8938809261300992,-0.0007660711957230409,,false,,,61352000000.0,3243000000.0,3628000000.0,4808000000.0,4337000000.0,false,false,false,0.0,234000000.0,false,false,false,true,-4363000000.0,1.472665534804754,false,false,false,"",2024-07-01,2025-06-30,true,222000000.0,0.05285891250488982,false,0.03427316001464665,,54466000000.0,,986000000.0,5392000000.0,13410000000.0,763000000.0,,NOT_EVALUABLE,false,PASS,false,PASS,,NOT_EVALUABLE,,NOT_EVALUABLE,,false,PASS,false,PASS,,0,insufficient,false,-0.0840702903985664,0.02865373088804457,,,,1.2289473684210526,2.0977295162882528,,,false,0,0.05913417655496153,0.03960953632438521,0.019524640230576325,4.159650139122469,falling,60634000000.0,2545000000.0,4941000000.0,4037000000.0,false,false,,true,false,false,904000000.0,,,54378000000.0,5358000000.0,10559000000.0,765000000.0,2025-06-30,,,,,,0,,,,,,0,false,-47000000.0,262000000.0,2945000000.0,542000000.0,,-4551000000.0,-235000000.0,-47000000.0,,0.05913417655496153,3602000000.0,2026-09-21,PurchaseOfPropertyPlantAndEquipmentIntangibleAssetsOtherThanGoodwillInvestmentPropertyAndOtherNoncurrentAssets,EquityAttributableToOwnersOfParent,,IntangibleAssetsOtherThanGoodwill,ProfitLoss,CashFlowsFromUsedInOperatingActivities,ProfitLossFromOperatingActivities,,359000000.0,-174000000.0,662000000.0,2708000000.0,552000000.0,3949000000.0,4062000000.0,1517000000.0,,,,,,,,,,,,,,,ineligible:gate0_status,,,,true
EXK,1277866,ENDEAVOUR SILVER CORP.,"",NYSE,1040,Gold and Silver Ores,ifrs-full,40-F,USD,1231,2025,2025-12-31,false,false,tax_anomaly,fail,tangible_book,"",unresolved,unresolved,unresolved,"",,false,false,false,true,,,,none,false,-0.5659109991603695,-102800000.0,-106700000.0,0.008342245989304813,202700000.0,-0.13536701620591038,-3.3361344537815127,0.1542245989304813,,false,,-0.3769279138611973,467500000.0,-119100000.0,35700000.0,67400000.0,169200000.0,false,false,false,0.0,1000000.0,false,false,false,true,800000.0,2.292682926829268,false,false,true,,,,false,,-0.25475935828877005,false,0.04234339029411621,3900000.0,579100000.0,,,215400000.0,12700000.0,283078000.0,,NOT_EVALUABLE,true,FAIL,true,FAIL,true,FAIL,false,PASS,false,false,PASS,true,FAIL,,0,insufficient,false,0.3054007317615459,0.27553044864122445,,,-0.32139889866494736,0.06785216416329799,-0.2551505690868276,-0.3769279138611973,-0.12177734477436969,false,0,0.07636363636363637,-0.0057272444948397025,0.08209088085847607,0.2500544810095741,falling,,,,,false,false,,false,false,false,,,,,,,,,,,,,,,,,,,,,false,72100000.0,,73800000.0,,,-237400000.0,3100000.0,241300000.0,,0.07636363636363637,-104900000.0,2026-09-21,PurchaseOfPropertyPlantAndEquipmentClassifiedAsInvestingActivities,Equity,,,ProfitLoss,CashFlowsFromUsedInOperatingActivities,ProfitLossFromOperatingActivities,AdjustmentsForSharebasedPayments,14200000.0,,,,,,,,,,,,,,,,,,,,,,ineligible:gate0_status,,,,false
BTE,1279495,BAYTEX ENERGY CORP.,"",NYSE,1381,Drilling Oil & Gas Wells,ifrs-full,40-F,CAD,1231,2025,2025-12-31,false,false,tax_anomaly,unknown,"tangible_book,income_quality,fcf,sbc,ni_vs_oi","",unresolved,unresolved,unresolved,"",,true,true,false,false,,,,none,false,,,,,,-0.8081444712951473,,,,false,,,1480815000.0,-603779000.0,,1485962000.0,,false,false,true,326934000.0,13272000.0,false,false,false,,,,false,false,true,,,,false,,,false,,,2389049000.0,,,953113000.0,,769180000.0,,NOT_EVALUABLE,,NOT_EVALUABLE,,NOT_EVALUABLE,,NOT_EVALUABLE,,NOT_EVALUABLE,,,NOT_EVALUABLE,true,FAIL,,0,insufficient,false,-0.13974872752377887,0.1277596645549588,,,,,,,,false,0,,,,-5.552593462349372,,,,,,false,false,,false,false,false,,,,,,,,,,,,,,,,,,,,,false,,,484932000.0,69187000.0,,1781096000.0,,,,,-153110000.0,2026-09-21,,Equity,,,ProfitLoss,CashFlowsFromUsedInOperatingActivities,,,123735000.0,,,,,,,,,,,,,,,,,,,,,,ineligible:gate0_status,,,,false
ITMSF,1285170,Intermap Technologies Corporation,"",OTC,7374,Services-Computer Processing & Data Preparation,ifrs-full,6-K,USD,1231,2025,2025-12-31,false,false,"tax_anomaly,ni_vs_oi",fail,"",goodwill,never_acquired,never_acquired,reported,"",,false,false,false,true,,23435000.0,26172000.0,fiscal_year,false,0.6151668653158522,-5006000.0,-5279000.0,0.025827814569536423,22520433.0,-0.003288490284005979,0.9679838477069512,,,false,,-0.08542284063389281,10570000.0,-6712000.0,-6934000.0,-4129000.0,543000.0,false,false,false,0.0,334000.0,false,false,false,false,0.0,0.7594405594405594,false,false,false,"",2024-10-01,2025-09-30,true,282000.0,-0.6350047303689688,false,,273000.0,24558000.0,0.0,1123000.0,22521000.0,567.0,61798460.0,false,PASS,true,FAIL,true,FAIL,true,FAIL,false,PASS,false,true,FAIL,true,FAIL,,0,insufficient,true,,,,,,,,-0.08542284063389281,,false,0,-0.65600756859035,,,-0.055997566124047105,,16422000.0,-1905000.0,-1016000.0,827000.0,false,false,239000.0,false,false,false,-2364000.0,,750000.0,26922000.0,26306000.0,,58527949.0,2025-09-30,,,,,,0,,,,,,0,false,,,715000.0,,,-959000.0,,959000.0,,-0.65600756859035,-6690000.0,2026-09-21,PurchaseOfPropertyPlantAndEquipmentClassifiedAsInvestingActivities,Equity,,IntangibleAssetsOtherThanGoodwill,ProfitLoss,CashFlowsFromUsedInOperatingActivities,ProfitLossFromOperatingActivities,AdjustmentsForSharebasedPayments,22000.0,,,721000.0,,-1756000.0,,,,,,,,,,,,,,,,,ineligible:gate0_status,,,,false
USAS,1286973,AMERICAS GOLD AND SILVER CORPORATION,"",NYSE,1000,Metal Mining,ifrs-full,40-F,USD,1231,2025,2025-12-31,false,false,tax_anomaly,fail,ni_vs_oi,"goodwill,intangibles",never_acquired,never_acquired,never_acquired,"",,false,false,false,true,,221617000.0,,fiscal_year,false,0.04511355579443314,-74435000.0,-86498000.0,0.10228602438652128,,-0.055817828381005276,,,,false,,-0.32355422138908635,117934000.0,-87446000.0,,-3945000.0,69240000.0,false,false,false,0.0,1250000.0,false,false,false,false,0.0,3.26080813789206,false,false,true,,,,false,,-0.7414825241236623,false,,12063000.0,221617000.0,0.0,0.0,129783000.0,,267336954.0,false,PASS,true,FAIL,true,FAIL,true,FAIL,false,PASS,true,,NOT_EVALUABLE,true,FAIL,,0,insufficient,false,0.11526854557348698,0.33431972456924064,,,-0.14596886949645604,-0.36622634585343955,-0.019825880048553245,-0.32355422138908635,-0.3037283413405331,false,0,,,,0.04475259036298979,rising,,,,,false,false,,false,false,false,,,,,,,,,,,,,,,,,,,,,false,,,21234000.0,,,-68242000.0,998000.0,69240000.0,,,-82823000.0,2026-09-21,PurchaseOfPropertyPlantAndEquipmentClassifiedAsInvestingActivities,EquityAttributableToOwnersOfParent,,,ProfitLoss,CashFlowsFromUsedInOperatingActivities,,AdjustmentsForSharebasedPayments,4623000.0,,,,,,,,,,,,,,,,,,,,,,ineligible:gate0_status,,,,false
LPL,1290109,"LG Display Co., Ltd.","",NYSE,3679,"Electronic Components, NEC",ifrs-full,20-F,KRW,1231,2024,2024-12-31,false,false,tax_anomaly,fail,"sbc,ni_vs_oi","goodwill,intangibles",never_acquired,never_acquired,never_acquired,"",,true,true,false,false,,6542261000000.0,,fiscal_year,false,-1.0010214585149213,211018000000.0,,,-12528474000000.0,-0.09936391761044745,,,,false,,,26615347000000.0,-2409300000000.0,,2411761000000.0,2129735000000.0,false,false,false,0.0,71008000000.0,false,false,true,,,0.4155064043747148,false,false,true,,,,false,,-0.09052296030557107,false,,,6542261000000.0,0.0,0.0,2021640000000.0,14550114000000.0,471252355.0,false,PASS,true,FAIL,false,PASS,,NOT_EVALUABLE,,NOT_EVALUABLE,,,NOT_EVALUABLE,true,FAIL,,0,insufficient,false,-0.03781187006037445,0.025423363862804305,,,,,,,,false,0,,,,-0.8654403602960028,falling,,,,,false,false,,false,false,false,,,,,,,,,,,,,,,,,,,,,false,,,5125637000000.0,,,-1363248000000.0,,,,,-2191540000000.0,2026-09-21,PurchaseOfPropertyPlantAndEquipmentClassifiedAsInvestingActivities,EquityAttributableToOwnersOfParent,,,ProfitLoss,CashFlowsFromUsedInOperatingActivities,,,217760000000.0,,,,,,,,,,,,,,,,,,,,,,ineligible:gate0_status,,,,false
VET,1293135,VERMILION ENERGY INC.,"",NYSE,1311,Crude Petroleum & Natural Gas,ifrs-full,40-F,CAD,1231,2025,2025-12-31,false,false,tax_anomaly,unknown,"income_quality,fcf,ni_vs_oi","goodwill,intangibles",never_acquired,never_acquired,never_acquired,"",,false,false,false,true,,2221861000.0,,fiscal_year,false,,,,0.014257217978620404,-1224310000.0,-0.059856936085245616,,,,false,,,1765141000.0,-653601000.0,,,,false,false,false,54482000.0,,true,false,false,,,,false,false,true,,,,false,,-0.3702826006534322,false,,25166000.0,2221861000.0,0.0,0.0,19087000.0,1243397000.0,153863000.0,false,PASS,,NOT_EVALUABLE,,NOT_EVALUABLE,,NOT_EVALUABLE,false,PASS,false,,NOT_EVALUABLE,true,FAIL,,0,insufficient,false,-0.19748353026722876,0.09121575572917706,,,,,,,,false,0,,,,-4.3122224700846425,,,,,,false,false,,false,false,false,,,,,,,,,,,,,,,,,,,,,false,,,697461000.0,,,,,,,,-668093000.0,2026-09-21,,Equity,,,ProfitLoss,,,ExpenseFromSharebasedPaymentTransactionsWithEmployees,39990000.0,,,,,,,,,,,,,,,,,,,,,,ineligible:gate0_status,,,,false
SHEL,1306965,Shell plc,"",NYSE,1311,Crude Petroleum & Natural Gas,ifrs-full,6-K,USD,1231,2025,2025-12-31,false,false,"",unknown,"fcf,ni_vs_oi","",reported,reported,reported,"",,false,false,false,true,,147720000000.0,153467000000.0,fiscal_year,false,2.3656382802582923,,,0.00290011465569569,-45427000000.0,0.3910807904288211,,,0.004346425065383722,false,,,266886000000.0,18119000000.0,,42863000000.0,,false,false,false,0.0,,true,false,false,true,-2124000000.0,,false,false,false,"",2024-07-01,2025-06-30,true,,0.06789041013766177,false,,774000000.0,174392000000.0,15662000000.0,11010000000.0,30216000000.0,75643000000.0,5890800000.0,false,PASS,false,PASS,,NOT_EVALUABLE,,NOT_EVALUABLE,false,PASS,false,,NOT_EVALUABLE,false,PASS,false,0,insufficient,false,-0.11213347820720299,0.08130703269796591,,,,,,,,false,0,,,,2.811855652126104,falling,272010000000.0,13951000000.0,49067000000.0,,false,true,,false,true,false,,16332000000.0,11338000000.0,181137000000.0,32682000000.0,75675000000.0,5990500000.0,2025-06-30,0.6534578203751136,-0.2546597507470592,-0.00154200970795677,-0.12163087707989202,-0.20721483513259145,0,,,,,,0,false,,14070000000.0,25299000000.0,8619000000.0,1160000000.0,-16811000000.0,4342000000.0,19029000000.0,,,29756000000.0,2026-09-21,,EquityAttributableToOwnersOfParent,Goodwill,IntangibleAssetsOtherThanGoodwill,ProfitLoss,CashFlowsFromUsedInOperatingActivities,,ExpenseFromSharebasedPaymentTransactionsWithEmployees,11637000000.0,,14075000000.0,26169000000.0,8854000000.0,,26409000000.0,12458000000.0,,,,,,,,,,,,,,,ineligible:gate0_status,,,,false
PBMLF,1319150,Pacific Booker Minerals Inc.,"",OTC,1000,Metal Mining,ifrs-full,20-F,CAD,131,2025,2025-01-31,false,false,"",fail,"fcf,sbc,ni_vs_oi,tax_anomaly","goodwill,intangibles",never_acquired,never_acquired,never_acquired,"",,false,false,false,true,,-68995.0,,fiscal_year,false,-0.01859839254042734,,,,,,,,,false,,,,-633173.0,,11776.0,,false,false,false,,,true,false,false,,,,false,false,true,,,,false,,,false,,223384.0,-68995.0,0.0,0.0,53436.0,,,true,FAIL,true,FAIL,,NOT_EVALUABLE,,NOT_EVALUABLE,,NOT_EVALUABLE,,,NOT_EVALUABLE,,NOT_EVALUABLE,,0,insufficient,false,,,,,,,,,,false,0,,,,0.2663661763351411,falling,,,,,false,false,,false,false,false,,,,,,,,,,,,,,,,,,,,,false,,,5475.0,,,-49003.0,,,,,,2026-09-21,,Equity,,,ProfitLoss,CashFlowsFromUsedInOperatingActivities,,AdjustmentsForSharebasedPayments,,,,,,,,,,,,,,,,,,,,,,,ineligible:gate0_status,,,,false
WPM,1323404,WHEATON PRECIOUS METALS CORP.,"",NYSE,1040,Gold and Silver Ores,ifrs-full,6-K,USD,1231,2025,2025-12-31,false,false,"",unknown,fcf,goodwill,never_acquired,never_acquired,reported,"",,false,false,false,true,,8689388000.0,7724394000.0,fiscal_year,false,1.2943909167504688,,,0.011245571589043463,,0.13329737089445182,0.9305019280607926,,,false,,,2314600000.0,1471720000.0,1581641000.0,1904981000.0,,false,false,false,0.0,505000.0,false,false,false,true,-1239639000.0,,false,false,false,"",2024-07-01,2025-06-30,true,510000.0,0.635842046141882,false,0.4972909664434154,26029000.0,8690508000.0,0.0,1120000.0,1153593000.0,,453893000.0,false,PASS,false,PASS,,NOT_EVALUABLE,,NOT_EVALUABLE,false,PASS,false,false,PASS,false,PASS,,0,insufficient,false,0.2952936692748307,0.1612221961750544,,,,,,,,false,0,0.6833323252397823,0.4742406661412266,0.20909165909855565,1.5442846538674306,falling,1662398000.0,789036000.0,1349560000.0,,false,true,31205000.0,false,false,false,,,1312000.0,7725706000.0,1005885000.0,0.0,453791000.0,2025-06-30,-0.08314643470049304,-0.125279774991582,0.12866265114804584,0.6826431800551053,0.2551311270406423,2,,,,,,0,false,,,1277000.0,296367000.0,,-1279143000.0,369000.0,39873000.0,,0.6833323252397823,1698068000.0,2026-09-21,,Equity,,IntangibleAssetsOtherThanGoodwill,ProfitLoss,CashFlowsFromUsedInOperatingActivities,ProfitLossFromOperatingActivities,AdjustmentsForSharebasedPayments,226348000.0,,,1295000.0,287865000.0,913944000.0,942268000.0,153232000.0,,,,,,,,,,,,,,,ineligible:gate0_status,,,,false
DHT,1331284,"DHT HOLDINGS, INC.","",NYSE,4412,Deep Sea Foreign Transportation of  Freight,ifrs-full,20-F,USD,1231,2025,2025-12-31,false,false,tax_anomaly,unknown,"tangible_book,fcf,sbc","",unresolved,reported,unresolved,"",,true,true,false,false,,,,none,false,1.3113736123093258,,,,-349710000.0,0.001953864204072364,0.9377255836281848,,,false,,,498400000.0,210962000.0,224972000.0,276650000.0,,false,false,false,1000.0,1407000.0,false,false,false,true,-309942000.0,,false,false,false,"acquisitions,buybacks,capex",2024-10-01,2025-09-30,true,1426000.0,0.4232784911717496,false,0.3444972491597628,,1133186000.0,1356000.0,,79034000.0,428744000.0,160690206.0,,NOT_EVALUABLE,false,PASS,,NOT_EVALUABLE,,NOT_EVALUABLE,,NOT_EVALUABLE,,false,PASS,true,FAIL,,0,insufficient,false,0.03148008352231013,-0.06326856397199299,,,,,,,,false,0,0.4513884430176565,0.45379638486395124,-0.0024079418462947255,1.5049769470337475,falling,485628000.0,199599000.0,269469000.0,,false,true,,false,false,false,,,,,,,160653406.0,,,,,,,,,,,,,,false,,,106370000.0,118913000.0,,-166421000.0,143521000.0,,,0.4513884430176565,211376000.0,2026-09-21,,EquityAttributableToOwnersOfParent,Goodwill,,ProfitLoss,CashFlowsFromUsedInOperatingActivities,ProfitLossFromOperatingActivities,,413000.0,,,106999000.0,125492000.0,217507000.0,200000000.0,400000.0,,,,,,,,,,,,,,,ineligible:gate0_status,,,,false
FMS,1333141,FRESENIUS MEDICAL CARE AG,"",NYSE,8090,"Services-Misc Health & Allied Services, NEC",ifrs-full,6-K,EUR,1231,2025,2025-12-31,false,false,"",fail,"fcf,sbc","",reported,reported,reported,"",,true,false,true,true,,-1979930000.0,-1886356000.0,fiscal_year,false,2.2505441685197356,,,,-9196492000.0,0.21224899784293214,0.6520216350416741,0.0007796163790156332,-0.01566518416258899,true,,,19627602000.0,1191267000.0,1827036000.0,2680999000.0,,false,false,false,0.0,649038000.0,false,false,false,,,,false,false,false,"capex,lease_payments",2024-10-01,2025-09-30,true,,0.06069345608291833,false,0.07039503245077766,,13309832000.0,14035273000.0,1254489000.0,1599113000.0,10795605000.0,291190575.0,true,FAIL,false,PASS,,NOT_EVALUABLE,,NOT_EVALUABLE,,NOT_EVALUABLE,,false,PASS,false,PASS,false,5,insufficient,false,0.003929699941064069,0.019064598331989924,,,,,2.5397649474656196,,,false,0,0.0930850340250429,0.12903302933642152,-0.03594799531137863,3.0200963876821008,falling,19642804000.0,907365000.0,2511015000.0,,false,true,,false,false,false,,13585362000.0,1249794000.0,12948800000.0,1255948000.0,6322900000.0,292971355.0,2025-09-30,-0.0356698837596331,0.033216482006010344,0.0053027019338130485,0.026194066504459303,0.015767807072007988,1,,,,,,0,true,15302000.0,586094000.0,,,-307470000.0,-722530000.0,,,,0.0930850340250429,1512238000.0,2026-09-21,,EquityAttributableToOwnersOfParent,Goodwill,IntangibleAssetsOtherThanGoodwill,ProfitLoss,CashFlowsFromUsedInOperatingActivities,ProfitLossFromOperatingActivities,,320971000.0,,,,,1492075000.0,1182891000.0,275526000.0,,,,,,,,,,,,,,,ineligible:gate0_status,,,,false
OBE,1334388,OBSIDIAN ENERGY LTD.,"",NYSE,1311,Crude Petroleum & Natural Gas,ifrs-full,40-F,CAD,1231,2025,2025-12-31,false,false,"",fail,"tangible_book,ni_vs_oi,tax_anomaly","",unresolved,unresolved,unresolved,"",,false,false,false,true,,,,none,false,6.8125,-61200000.0,-69500000.0,0.01452826886049361,,,,,,false,-0.7899280575539568,-1.0014409221902016,571300000.0,35200000.0,,239800000.0,298900000.0,false,false,false,,2100000.0,false,false,false,,,,false,false,true,,,,false,,0.06161386311920182,true,,8300000.0,1391600000.0,,,,184000000.0,69400000.0,,NOT_EVALUABLE,false,PASS,true,FAIL,true,FAIL,false,PASS,false,,NOT_EVALUABLE,,NOT_EVALUABLE,,0,insufficient,false,-0.09509438717678631,0.130276254382236,,,1.6219512195121952,0.1882673942701228,-0.8340192043895748,-1.0014409221902016,-0.16742171780062687,false,0,,,,2.7639874532314477,rising,,,,,false,false,,false,false,false,,,,,,,,,,,,,,,,,,,,,false,,54900000.0,,,,-17200000.0,,,,,47000000.0,2026-09-21,PurchaseOfPropertyPlantAndEquipmentClassifiedAsInvestingActivities,Equity,,,ProfitLoss,CashFlowsFromUsedInOperatingActivities,,AdjustmentsForSharebasedPayments,,,,,,,,,,,,,,,,,,,,,,,ineligible:gate0_status,,,,false
FSM,1341335,FORTUNA MINING CORP.,"",NYSE,1040,Gold and Silver Ores,ifrs-full,40-F,USD,1231,2025,2025-12-31,false,false,"",unknown,"tangible_book,income_quality,fcf","",unresolved,unresolved,unresolved,"",,false,false,false,true,,,,none,false,,,,0.03307080129115504,,0.27837321171987256,0.7616818196287382,,,false,,,947059000.0,311064000.0,408391000.0,,,false,false,false,22287000.0,24374000.0,false,false,false,,,,false,false,true,,,,false,,0.3284526096051038,false,-0.00048312734144639066,31320000.0,1677034000.0,,,553985000.0,,306862000.0,,NOT_EVALUABLE,,NOT_EVALUABLE,,NOT_EVALUABLE,,NOT_EVALUABLE,false,PASS,false,false,PASS,false,PASS,,0,insufficient,false,0.11593518329581642,0.2769243010206459,,,,,,,,false,0,0.4312202302074105,0.2051791257715994,0.2260411044358111,-6.805157002062801,,,,,,false,false,,false,false,false,,,,,,,,,,,,,,,,,,,,,false,,,191019000.0,,,,14768000.0,,,0.4312202302074105,400175000.0,2026-09-21,,EquityAttributableToOwnersOfParent,,,ProfitLoss,,ProfitLossFromOperatingActivities,ExpenseFromSharebasedPaymentTransactionsWithEmployees,111398000.0,,,,,,,,,,,,,,,,,,,,,,ineligible:gate0_status,,,,false
TX,1342874,TERNIUM S.A.,"",NYSE,3312,"Steel Works, Blast Furnaces & Rolling Mills (Coke Ovens)",ifrs-full,20-F,USD,1231,2025,2025-12-31,false,false,"",fail,sbc,"goodwill,intangibles",never_acquired,never_acquired,never_acquired,"",,true,true,false,false,,11944300000.0,,fiscal_year,false,7.633332783450733,-410020000.0,,,-887783000.0,0.5324332537844838,0.4296647963913799,,,false,,,15609094000.0,303095000.0,705422000.0,2313625000.0,2659101000.0,false,false,false,0.0,64544000.0,false,false,false,true,604592000.0,3.373175205630287,false,false,true,,,,false,,0.019417847057619102,true,0.12481558869766268,,11944300000.0,0.0,0.0,1531204000.0,2418987000.0,1963076776.0,false,PASS,false,PASS,true,FAIL,,NOT_EVALUABLE,,NOT_EVALUABLE,,false,PASS,false,PASS,,0,insufficient,false,-0.0166299454066392,0.12310052924706483,,,,,,,,false,0,0.045193013764924475,0.12357404067456286,-0.07838102690963838,7.045912883771698,rising,,,,,false,false,,false,false,false,,,,,,,,,,,,,,,,,,,,,false,,,788308000.0,,,-1984533000.0,69976000.0,2659101000.0,,0.045193013764924475,648239000.0,2026-09-21,PurchaseOfPropertyPlantAndEquipmentClassifiedAsInvestingActivities,EquityAttributableToOwnersOfParent,,,ProfitLoss,CashFlowsFromUsedInOperatingActivities,ProfitLossFromOperatingActivities,,345144000.0,,,,,,,,,,,,,,,,,,,,,,ineligible:gate0_status,,,,false
MESO,1345099,MESOBLAST LIMITED,"",Nasdaq,2836,"Biological Products, (No Diagnostic Substances)",ifrs-full,6-K,USD,630,2025,2025-06-30,false,false,"tax_anomaly,sbc",fail,ni_vs_oi,"goodwill,intangibles",never_acquired,never_acquired,never_acquired,"",,false,false,false,true,,597442000.0,500804000.0,fiscal_year,false,0.489064243895753,-52575000.0,-74663000.0,1.2843353878357948,39657000.0,-0.0032412682198562056,,,,false,,-0.061817705384998,17198000.0,-102142000.0,,-49954000.0,680000.0,false,true,false,0.0,1941000.0,false,false,false,true,850000.0,0.10625,false,false,false,"",2025-01-01,2025-12-31,false,2110000.0,-5.939178974299337,false,,22088000.0,597442000.0,0.0,0.0,161551000.0,121894000.0,1207793132.0,false,PASS,true,FAIL,true,FAIL,true,FAIL,true,FAIL,true,,NOT_EVALUABLE,true,FAIL,,0,insufficient,false,0.18978883580215733,-0.11764533747602324,,,,,,-0.061817705384998,,false,0,,,,0.6042059450551015,falling,65384000.0,-94370000.0,-59643000.0,996000.0,false,false,16018000.0,false,false,false,-78767000.0,,,500804000.0,81348000.0,84924000.0,1292048450.0,2019-12-31,,,,0.17967914438502675,,0,,,,,,0,false,,,6400000.0,,,120000.0,,730000.0,,,-101812000.0,2026-09-21,PurchaseOfPropertyPlantAndEquipmentClassifiedAsInvestingActivities,Equity,,,ProfitLoss,CashFlowsFromUsedInOperatingActivities,,AdjustmentsForSharebasedPayments,330000.0,,,8628000.0,,,-93807000.0,563000.0,,,,,,,,,,,,,,,ineligible:gate0_status,,,,false
SGBAF,1347408,SES S.A.,"",OTC,4899,"Communications Services, NEC",ifrs-full,20-F,EUR,1231,2025,2025-12-31,false,false,"",fail,"tangible_book,sbc","",unresolved,reported,unresolved,"",,true,true,false,false,,,,none,false,-9.659574468085106,326000000.0,,,-4432000000.0,0.1826086956521739,-1.46875,0.553483060525314,,false,,,2627000000.0,-94000000.0,64000000.0,908000000.0,522000000.0,false,false,false,0.0,60000000.0,false,false,false,,,0.4656556645851918,false,false,true,,,,false,,-0.03578226113437381,false,-0.33793103448275863,,2623000000.0,1808000000.0,,1075000000.0,5507000000.0,,,NOT_EVALUABLE,true,FAIL,false,PASS,,NOT_EVALUABLE,,NOT_EVALUABLE,,false,PASS,false,PASS,,0,insufficient,true,,,,,,,,,,false,0,0.02436239055957366,,,7.917077821246842,falling,,,,,false,false,,false,false,false,,,,,,,,,,,,,,,,,,,,,false,1454000000.0,,1121000000.0,,,-1665000000.0,,,,0.02436239055957366,-115000000.0,2026-09-21,PurchaseOfPropertyPlantAndEquipmentClassifiedAsInvestingActivities,EquityAttributableToOwnersOfParent,Goodwill,,ProfitLoss,CashFlowsFromUsedInOperatingActivities,ProfitLossFromOperatingActivities,,-21000000.0,,,,,,,,,,,,,,,,,,,,,,ineligible:gate0_status,,,,false
PAC,1347557,Pacific Airport Group,"",NYSE,4581,"Airports, Flying Fields & Airport Terminal Services",ifrs-full,20-F,MXN,1231,2024,2024-12-31,false,false,"",unknown,"fcf,sbc","goodwill,intangibles",never_acquired,never_acquired,never_acquired,"",,true,true,false,false,,22345799000.0,,fiscal_year,false,1.8787059434468538,,,,-34523852000.0,0.26744563126597043,0.5897049322274848,,,false,,,33614374000.0,8875439000.0,15050644000.0,16674340000.0,,false,false,false,0.0,33292000.0,false,false,false,,,,false,false,true,,,,false,,0.2640370158313821,false,0.5045290466427488,,22345799000.0,0.0,0.0,13466027000.0,47989879000.0,505277464000.0,false,PASS,false,PASS,,NOT_EVALUABLE,,NOT_EVALUABLE,,NOT_EVALUABLE,,false,PASS,false,PASS,,0,insufficient,false,0.20914100192603868,0.15681150392557086,,,,,,,,false,0,0.4477442893923891,0.49409759792619523,-0.04635330853380615,1.5599401292911546,rising,,,,,false,false,,false,false,false,,,,,,,,,,,,,,,,,,,,,false,,,3061039000.0,,,-8784984000.0,,,,0.4477442893923891,12115741000.0,2026-09-21,,EquityAttributableToOwnersOfParent,,,ProfitLoss,CashFlowsFromUsedInOperatingActivities,ProfitLossFromOperatingActivities,,3240302000.0,,,,,,,,,,,,,,,,,,,,,,ineligible:gate0_status,,,,false
EMBJ,1355444,EMBRAER S.A.,"",NYSE,3721,Aircraft,ifrs-full,20-F,USD,1231,2025,2025-12-31,false,false,tax_anomaly,unknown,"tangible_book,sbc","",unresolved,unresolved,unresolved,"",,true,false,true,true,,,,none,false,2.4233983286908076,659000000.0,,,,-0.3415545590433483,0.5908492429229757,,,false,,,7577500000.0,359000000.0,607600000.0,870000000.0,187200000.0,false,false,false,0.0,23800000.0,false,false,false,true,-105800000.0,0.7213872832369942,false,false,true,,,,false,,0.04737710326624876,false,0.059694410173673725,,3444700000.0,,,1949800000.0,,732412025.0,,NOT_EVALUABLE,false,PASS,false,PASS,,NOT_EVALUABLE,,NOT_EVALUABLE,,false,PASS,true,FAIL,,0,insufficient,false,0.18616182663556513,0.14977160553944313,,,0.817142925141843,,,,,false,0,0.08018475750577367,-0.08575747129484766,0.16594222880062132,2.878525581475925,falling,,,,,false,false,,false,false,false,,,,,,,,,,,,,,,,,,,,,false,,,259500000.0,,,-611700000.0,401600000.0,907500000.0,,0.08018475750577367,267600000.0,2026-09-21,PurchaseOfPropertyPlantAndEquipmentClassifiedAsInvestingActivities,EquityAttributableToOwnersOfParent,,,ProfitLoss,CashFlowsFromUsedInOperatingActivities,ProfitLossFromOperatingActivities,,-91400000.0,,,,,,,,,,,,,,,,,,,,,,ineligible:gate0_status,,,,false
AVCRF,1355736,AVRICORE HEALTH INC.,"",OTC,2834,Pharmaceutical Preparations,ifrs-full,20-F,CAD,1231,2024,2024-12-31,false,false,"",fail,"tangible_book,ni_vs_oi,tax_anomaly",goodwill,unresolved,never_acquired,unresolved,"",,false,false,false,true,,,1774179.0,none,false,-1.5017182952478187,823521.0,282357.0,0.11616962494593094,,,,,,false,,0.0028147544985335877,4658395.0,-668977.0,,1004615.0,181094.0,false,false,false,,,true,false,false,,,,false,false,true,"capex,net_income,ocf,revenue,sbc",,,false,,-0.14360675726296288,false,,541164.0,1967727.0,0.0,,1132392.0,,100313189.0,,NOT_EVALUABLE,true,FAIL,false,PASS,false,PASS,false,PASS,true,,NOT_EVALUABLE,,NOT_EVALUABLE,,0,insufficient,false,2.3599789049739606,,,,-0.019817382786791765,,,0.0028147544985335877,,false,1,,,,-0.6361395543866513,falling,,,,,false,false,,false,false,false,,,32459.0,1806638.0,389531.0,40000.0,99523785.0,2023-09-30,,,,,,0,,,,,,0,false,,,,,,-205347.0,,,,,129001.0,2026-09-21,PurchaseOfPropertyPlantAndEquipmentClassifiedAsInvestingActivities,Equity,,,ProfitLoss,CashFlowsFromUsedInOperatingActivities,,AdjustmentsForSharebasedPayments,,,,,,,,,,,,,,,,,,,,,,,ineligible:gate0_status,,,,false
WRN,1364125,WESTERN COPPER AND GOLD CORPORATION,"",NYSE,1000,Metal Mining,ifrs-full,40-F,CAD,1231,2025,2025-12-31,false,false,"",fail,"sbc,ni_vs_oi,tax_anomaly","goodwill,intangibles",never_acquired,never_acquired,never_acquired,"",,false,false,false,true,,193218187.0,,fiscal_year,false,1.0794012491978555,-3527246.0,-5802230.0,,,,,,,false,,-0.028911305385078738,,-3119762.0,,-3367475.0,50075.0,false,false,false,,109696.0,false,false,false,,,0.5132686216828446,false,false,true,,,,false,,,false,,2274984.0,193218187.0,0.0,0.0,22259937.0,,200690696.0,false,PASS,false,PASS,true,FAIL,true,FAIL,,NOT_EVALUABLE,,,NOT_EVALUABLE,,NOT_EVALUABLE,,0,insufficient,false,,,,,,,,-0.028911305385078738,,false,0,,,,0.8407238153415529,rising,,,,,false,false,,false,false,false,,,,,,,,,,,,,,,,,,,,,false,,,97561.0,,,7584755.0,,,,,,2026-09-21,PurchaseOfPropertyPlantAndEquipmentClassifiedAsInvestingActivities,Equity,,,ProfitLoss,CashFlowsFromUsedInOperatingActivities,,AdjustmentsForSharebasedPayments,0.0,,,,,,,,,,,,,,,,,,,,,,ineligible:gate0_status,,,,false
NEWP,1369085,New Pacific Metals Corp.,"",NYSE,1040,Gold and Silver Ores,ifrs-full,40-F,USD,630,2025,2025-06-30,false,false,tax_anomaly,fail,"sbc,ni_vs_oi","goodwill,intangibles",never_acquired,never_acquired,never_acquired,"",,false,false,false,true,,134287901.0,,fiscal_year,false,0.8626755254056507,-3346225.0,-4958070.0,,,-0.0,,,,false,,-0.02888714110622695,,-3780222.0,,-3261105.0,85120.0,false,false,false,0.0,,true,false,false,true,-2660976.0,0.43309470385012644,false,false,true,,,,false,,,false,,1611845.0,134287901.0,0.0,0.0,16839959.0,,171635884.0,false,PASS,false,PASS,true,FAIL,true,FAIL,,NOT_EVALUABLE,,,NOT_EVALUABLE,true,FAIL,,0,insufficient,false,,,,,-0.03896536576428863,,,-0.02888714110622695,,false,0,,,,0.7362064290902336,rising,,,,,false,false,,false,false,false,,,,,,,,,,,,,,,,,,,,,false,,,196539.0,,,-2746096.0,,85120.0,,,-3780222.0,2026-09-21,PurchaseOfPropertyPlantAndEquipmentClassifiedAsInvestingActivities,EquityAttributableToOwnersOfParent,,,ProfitLoss,CashFlowsFromUsedInOperatingActivities,,AdjustmentsForSharebasedPayments,0.0,,,,,,,,,,,,,,,,,,,,,,ineligible:gate0_status,,,,false
GAU,1377757,GALIANO GOLD INC.,"",NYSE,1400,Mining & Quarrying of  Nonmetallic Minerals (No Fuels),ifrs-full,40-F,USD,1231,2025,2025-12-31,false,false,"",fail,"","goodwill,intangibles",never_acquired,never_acquired,never_acquired,"",,false,false,false,true,,218856000.0,,fiscal_year,false,-5.129508782182397,23806000.0,13500000.0,0.0230164348868943,,2.0104651925726658,-0.8428700435103851,,,false,,0.05224961753957271,447767000.0,-30801000.0,36543000.0,157994000.0,114923000.0,false,false,false,0.0,19265000.0,false,false,false,true,-25000000.0,1.8276558524173028,false,false,true,,,,false,,-0.06878800804882897,false,,10306000.0,218856000.0,0.0,0.0,108327000.0,,258375097.0,false,PASS,true,FAIL,false,PASS,false,PASS,false,PASS,false,false,PASS,false,PASS,,0,3y,false,,,13.322939605319235,,0.00001778224681204658,-0.03918966941535362,-0.04699664872498579,0.05224961753957271,0.0992462662645585,true,1,0.08161164176904506,,,0.41934927527823945,falling,,,,,false,false,,false,false,false,,,,,,,,,,,,,,,,,,,,,false,,,62880000.0,,,-136971000.0,3412000.0,115383000.0,,0.08161164176904506,30482000.0,2026-09-21,PurchaseOfPropertyPlantAndEquipmentClassifiedAsInvestingActivities,EquityAttributableToOwnersOfParent,,,ProfitLoss,CashFlowsFromUsedInOperatingActivities,ProfitLossFromOperatingActivities,AdjustmentsForSharebasedPayments,61283000.0,,,,,,,,,,,,,,,,,,,,,,ineligible:gate0_status,,,,false
OMAB,1378239,Central North Airport Group,"",Nasdaq,4581,"Airports, Flying Fields & Airport Terminal Services",ifrs-full,20-F,MXN,1231,2024,2024-12-31,false,false,"",fail,"income_quality,sbc,ni_vs_oi",goodwill,never_acquired,never_acquired,reported,"",,true,true,false,false,,-8331034000.0,,fiscal_year,false,,5812297000.0,,,-9025515000.0,0.3017318132449353,,,,false,,,15072956000.0,237476000.0,8083212000.0,6196669000.0,321338000.0,false,false,true,4698748000.0,63034000.0,false,false,false,,,0.4244983044533365,false,false,true,,,,false,,,false,0.5081360609607157,,10384774000.0,0.0,18715808000.0,1656365000.0,10681880000.0,386169425.0,true,FAIL,,NOT_EVALUABLE,false,PASS,,NOT_EVALUABLE,,NOT_EVALUABLE,,,NOT_EVALUABLE,false,PASS,,0,insufficient,false,0.20012684254574298,0.12067428020765836,,,,,,,,false,0,0.536272513500338,0.5693970318869215,-0.03312451838658348,,,,,,,false,false,,false,false,false,,,,,,,,,,,,,,,,,,,,,false,,,756983000.0,4220653000.0,,-2509854000.0,11803000.0,16824000.0,,0.536272513500338,7069238000.0,2026-09-21,PurchaseOfPropertyPlantAndEquipmentClassifiedAsInvestingActivities,EquityAttributableToOwnersOfParent,,IntangibleAssetsOtherThanGoodwill,ProfitLoss,CashFlowsFromUsedInOperatingActivities,ProfitLossFromOperatingActivities,,2133014000.0,,,,,,,,,,,,,,,,,,,,,,ineligible:gate0_status,,,,false
SQNS,1383395,SEQUANS COMMUNICATIONS S.A.,"",NYSE,3674,Semiconductors & Related Devices,ifrs-full,20-F,USD,1231,2024,2024-12-31,false,false,"",fail,"fcf,sbc",goodwill,never_acquired,never_acquired,reported,"",,false,false,false,true,,49718000.0,-51504000.0,fiscal_year,true,-0.33892681571038963,,,,,0.057884917517674786,0.8279090503789568,,,false,,,,57567000.0,69533000.0,-19511000.0,,false,false,false,0.0,1508000.0,false,false,false,true,92837000.0,,false,false,true,"lease_payments,net_income,ocf,operating_income,pretax_income,sbc,tax_expense",,,false,,,false,,4090000.0,55359000.0,0.0,5641000.0,9093000.0,,248290190.0,false,PASS,true,FAIL,,NOT_EVALUABLE,,NOT_EVALUABLE,,NOT_EVALUABLE,,false,PASS,false,PASS,,0,insufficient,true,,,,,,,,,,false,0,,,,-0.06738747535075432,falling,,,,,false,false,,false,false,false,,,31535000.0,-19969000.0,3783000.0,,35894642.0,2021-06-30,,,,,,0,,,,,,0,false,,,,,,93687000.0,850000.0,,,,61104000.0,2026-09-21,,Equity,,IntangibleAssetsOtherThanGoodwill,ProfitLoss,CashFlowsFromUsedInOperatingActivities,ProfitLossFromOperatingActivities,AdjustmentsForSharebasedPayments,3537000.0,,,,,,,,,,,,,,,,,,,,,,ineligible:gate0_status,,,,false
ATS,1394832,ATS Corp /ATS,"",NYSE,3569,"General Industrial Machinery & Equipment, NEC",ifrs-full,40-F,CAD,331,2025,2025-03-31,false,false,"",fail,"","",reported,reported,reported,"",,false,false,false,true,,-447330000.0,,fiscal_year,false,-0.9211165916076918,-38700000.0,-49264000.0,0.00417007462238798,-1317731000.0,0.6626636764812269,-3.022687986171132,,0.09669646719993936,false,,-0.5028185406334875,2533288000.0,-27978000.0,9256000.0,25771000.0,33952000.0,false,false,false,0.0,30519000.0,false,true,false,,,,false,false,true,,,,false,,-0.011044145000489482,false,0.08632357460122357,10564000.0,1705777000.0,1394576000.0,758531000.0,225947000.0,1543678000.0,97975703.0,true,FAIL,true,FAIL,true,FAIL,true,FAIL,false,PASS,false,false,PASS,false,PASS,true,3,insufficient,true,,,,,,,,-0.5028185406334875,,false,0,0.003653749593413777,,,0.06222407211275127,falling,,,,,false,false,,false,false,false,,,,,,,,,,,,,,,,,,,,,false,,,,,244960000.0,-268442000.0,,,,0.003653749593413777,-82938000.0,2026-09-21,PurchaseOfPropertyPlantAndEquipmentClassifiedAsInvestingActivities,EquityAttributableToOwnersOfParent,Goodwill,IntangibleAssetsOtherThanGoodwill,ProfitLoss,CashFlowsFromUsedInOperatingActivities,ProfitLossFromOperatingActivities,AdjustmentsForSharebasedPayments,-54960000.0,,,,,,,,,,,,,,,,,,,,,,ineligible:gate0_status,,,,false
TAK,1395064,Takeda Pharmaceutical Company Limited,"",NYSE,2834,Pharmaceutical Preparations,ifrs-full,20-F,JPY,331,2025,2025-03-31,false,false,"",fail,sbc,"",reported,reported,reported,"",,true,true,false,false,,-2020906000000.0,,fiscal_year,false,9.77577836753188,811213000000.0,,,-4130152000000.0,0.38233647849032465,0.31566672310018506,,-0.1590638192175532,true,,,4581551000000.0,108143000000.0,342586000000.0,1057182000000.0,200795000000.0,false,false,false,0.0,45174000000.0,false,false,false,,,,false,false,true,,,,false,,0.023604015321449002,true,0.1217896162312991,,6935084000000.0,5324430000000.0,3631560000000.0,385113000000.0,4515265000000.0,1578873000.0,true,FAIL,false,PASS,false,PASS,,NOT_EVALUABLE,,NOT_EVALUABLE,,false,PASS,false,PASS,true,5,insufficient,false,0.08681364512289491,0.06839529520302334,,,,,,,,false,0,0.07477511436629211,0.03050813262566587,0.04426698174062624,5.941911601617757,rising,,,,,false,false,,false,false,false,,,,,,,,,,,,,,,,,,,,,false,,51925000000.0,,302498000000.0,-728759000000.0,-367060000000.0,,,,0.07477511436629211,175084000000.0,2026-09-21,PurchaseOfPropertyPlantAndEquipmentClassifiedAsInvestingActivities,EquityAttributableToOwnersOfParent,Goodwill,IntangibleAssetsOtherThanGoodwill,ProfitLoss,CashFlowsFromUsedInOperatingActivities,ProfitLossFromOperatingActivities,,66941000000.0,,,,,,,,,,,,,,,,,,,,,,ineligible:gate0_status,,,,false
EDN,1395213,EDENOR,"",NYSE,4911,Electric Services,ifrs-full,20-F,ARS,1231,2024,2024-12-31,false,false,"tax_anomaly,ni_vs_oi",fail,sbc,"goodwill,intangibles",never_acquired,never_acquired,never_acquired,"",,true,true,false,false,,1507065000000.0,,fiscal_year,false,0.9036813558325494,-126181000000.0,,,-443557000000.0,-0.40796158900650875,6.467996102013168,,,false,,,2043127000000.0,272128000000.0,42073000000.0,245917000000.0,359966000000.0,false,false,false,0.0,12132000000.0,false,false,false,,,,false,false,true,,,,false,,0.13319191611681505,false,-0.15181193994778816,,1507065000000.0,0.0,0.0,23918000000.0,467475000000.0,,false,PASS,false,PASS,true,FAIL,,NOT_EVALUABLE,,NOT_EVALUABLE,,true,FAIL,true,FAIL,,0,insufficient,false,0.43702189623868337,0.6171390146979665,,,,,,,,false,0,0.02059245460512244,0.05280963954552098,-0.03221718494039854,-1.2471242717911573,rising,,,,,false,false,,false,false,false,,,,,,,,,,,,,,,,,,,,,false,,,,,,-567245000000.0,,,,0.02059245460512244,193278000000.0,2026-09-21,PurchaseOfPropertyPlantAndEquipmentClassifiedAsInvestingActivities,Equity,,,ProfitLoss,CashFlowsFromUsedInOperatingActivities,ProfitLossFromOperatingActivities,,-78850000000.0,,,,,,,,,,,,,,,,,,,,,,ineligible:gate0_status,,,,false
LGO,1400438,Largo Inc.,"",Nasdaq,1400,Mining & Quarrying of  Nonmetallic Minerals (No Fuels),ifrs-full,40-F,USD,1231,2025,2025-12-31,false,false,tax_anomaly,fail,ni_vs_oi,goodwill,never_acquired,never_acquired,reported,"",,false,false,false,true,,128941000.0,,fiscal_year,false,0.1487095929471326,-37662000.0,-39951000.0,0.02083048950285293,-97350000.0,-0.33019835510401546,,,,false,,-0.5889611251160939,109887000.0,-68738000.0,,-10222000.0,27440000.0,false,false,false,0.0,0.0,false,false,false,true,1000000.0,,false,false,true,,,,false,,-0.6255335025981236,false,,2289000.0,130355000.0,0.0,1414000.0,9716000.0,107066000.0,67833000.0,false,PASS,true,FAIL,true,FAIL,true,FAIL,false,PASS,false,,NOT_EVALUABLE,true,FAIL,,0,insufficient,false,-0.21739066104827187,,,,-0.6466499084504856,,,-0.5889611251160939,,false,0,,,,-0.24235140738954972,rising,,,,,false,false,,false,false,false,,,,,,,,,,,,,,,,,,,,,false,,,,,,-26440000.0,,27440000.0,,,-51675000.0,2026-09-21,PurchaseOfPropertyPlantAndEquipmentClassifiedAsInvestingActivities,EquityAttributableToOwnersOfParent,,IntangibleAssetsOtherThanGoodwill,ProfitLoss,CashFlowsFromUsedInOperatingActivities,,AdjustmentsForSharebasedPayments,17063000.0,,,,,,,,,,,,,,,,,,,,,,ineligible:gate0_status,,,,false
WFG,1402388,WEST FRASER TIMBER CO. LTD.,"",NYSE,2421,"Sawmills & Planting Mills, General",ifrs-full,40-F,USD,1231,2025,2025-12-31,false,false,ni_vs_oi,fail,tangible_book,"",unresolved,reported,unresolved,"",,false,false,false,true,,,,none,false,-0.10245464247598719,-315000000.0,-306000000.0,-0.0016477480776272428,-169000000.0,0.19897523484201537,0.7893850042123,,,false,,-3.874545753827064,5462000000.0,-937000000.0,-1187000000.0,96000000.0,411000000.0,false,false,false,1000000.0,,true,false,false,false,0.0,,false,false,true,,,,false,,-0.1715488831929696,false,-0.04400371862410908,-9000000.0,5849000000.0,1471000000.0,,202000000.0,371000000.0,78977000.0,,NOT_EVALUABLE,true,FAIL,true,FAIL,true,FAIL,false,PASS,false,true,FAIL,false,PASS,,0,insufficient,false,-0.17425669014267464,0.04547690540848337,,,18.408703071672356,11.227283317800559,,-3.874545753827064,,false,0,-0.2173196631270597,0.19002972787560027,-0.40734939100266,-45.14872240577542,rising,,,,,false,false,,false,false,false,,,,,,,,,,,,,,,,,,,,,false,,,,101000000.0,,-380000000.0,31000000.0,411000000.0,,-0.2173196631270597,-1171000000.0,2026-09-21,PurchaseOfPropertyPlantAndEquipmentClassifiedAsInvestingActivities,Equity,Goodwill,,ProfitLoss,CashFlowsFromUsedInOperatingActivities,ProfitLossFromOperatingActivities,ExpenseFromSharebasedPaymentTransactionsWithEmployees,-233000000.0,,,,,,,,,,,,,,,,,,,,,,ineligible:gate0_status,,,,false
BIPH,1406234,BROOKFIELD INFRASTRUCTURE PARTNERS L.P.,"",NYSE,4400,Water Transportation,ifrs-full,6-K,USD,1231,2025,2025-12-31,false,false,"",fail,sbc,"",reported,reported,reported,"",,true,true,false,false,,565000000.0,-1400000000.0,fiscal_year,true,2.358214849921011,-53000000.0,,,,0.1887215636014098,0.43670231114177305,0.4342857142857143,0.275021645021645,true,,,23100000000.0,2532000000.0,5798000000.0,5971000000.0,6024000000.0,false,false,false,0.0,,true,false,false,,,1.497017892644135,false,false,false,lease_payments,2024-07-01,2025-06-30,true,,0.10961038961038962,false,0.22575428029669287,,35540000000.0,19210000000.0,15765000000.0,3201000000.0,,,false,PASS,false,PASS,true,FAIL,,NOT_EVALUABLE,,NOT_EVALUABLE,,false,PASS,false,PASS,true,0,insufficient,false,0.16989077395144503,0.21057279413934893,,,,,,,,false,0,0.250995670995671,0.22791221159257175,0.02308345940309925,2.6464063582717965,falling,21535000000.0,1463000000.0,4812000000.0,4303000000.0,false,false,,true,false,false,509000000.0,14540000000.0,16509000000.0,29649000000.0,2342000000.0,,,2025-06-30,0.38227562898986106,0.15620755229557184,0.20723684210526316,0.05663682366679642,-0.09258871261595025,0,-1.0066666666666666,399.0,-0.8341708542713567,1.5606060606060606,-39.213235267245324,1,true,10032000000.0,,4024000000.0,1681000000.0,6353000000.0,-12661000000.0,535000000.0,16283000000.0,1449000000.0,0.250995670995671,3121000000.0,2026-09-21,PurchaseOfPropertyPlantAndEquipmentClassifiedAsInvestingActivities,Equity,Goodwill,IntangibleAssetsOtherThanGoodwill,ProfitLoss,CashFlowsFromUsedInOperatingActivities,ProfitLossFromOperatingActivities,,589000000.0,1984000000.0,,3727000000.0,1629000000.0,5267000000.0,1949000000.0,,,,,,,,,,,,,,,,ineligible:gate0_status,,,,true
EVO,1412558,Evotec SE,"",Nasdaq,2834,Pharmaceutical Preparations,ifrs-full,20-F,EUR,1231,2024,2024-12-31,false,false,tax_anomaly,fail,"","",reported,reported,reported,"",,false,false,false,true,,643231000.0,,fiscal_year,false,-0.09292220442884974,-123372000.0,-128407000.0,0.006317701987660719,18831000.0,-0.010836336266670792,1.375773564782981,,0.022844107723406365,true,,-0.7242552273006955,796967000.0,-196078000.0,-142522000.0,18220000.0,117468000.0,false,false,false,1000.0,24124000.0,false,true,false,,,1.155976303410813,false,false,true,,,,false,,-0.2460302622316859,false,0.02774643089076024,5035000.0,952525000.0,282854000.0,26440000.0,306387000.0,287556000.0,177295234.0,false,PASS,true,FAIL,true,FAIL,true,FAIL,false,PASS,false,false,PASS,true,FAIL,false,0,insufficient,false,0.08845210540655257,0.1228869422635992,,,-0.12507968015514062,-0.03779580603069454,-0.03779580603069454,-0.7242552273006955,-0.6864594212700009,false,0,-0.17883049109938054,0.14046102809578956,-0.31929151919517007,-0.5662823385231319,rising,,,,,false,false,,false,false,false,,,,,,,,,,,,,,,,,,,,,false,,,101618000.0,,18206000.0,-71187000.0,,,,-0.17883049109938054,-193977000.0,2026-09-21,PurchaseOfPropertyPlantAndEquipmentClassifiedAsInvestingActivities,EquityAttributableToOwnersOfParent,Goodwill,IntangibleAssetsOtherThanGoodwill,ProfitLoss,CashFlowsFromUsedInOperatingActivities,ProfitLossFromOperatingActivities,AdjustmentsForSharebasedPayments,2102000.0,,,,,,,,,,,,,,,,,,,,,,ineligible:gate0_status,,,,false
MSLE,1421642,Satellos Bioscience Inc.,"",Nasdaq,2834,Pharmaceutical Preparations,ifrs-full,40-F,USD,1231,2025,2025-12-31,false,false,"tax_anomaly,ni_vs_oi",fail,sbc,"goodwill,intangibles",never_acquired,never_acquired,never_acquired,"",,false,false,false,true,,27784000.0,,fiscal_year,false,0.9486591886784868,-23602000.0,-26837000.0,,,-0.006963280838832436,0.9400582032578707,,,false,,-1.8386832733947387,,-24873000.0,-26459000.0,-23596000.0,6000.0,false,false,false,0.0,,true,false,false,,,,false,false,true,,,,false,,,false,,3235000.0,27784000.0,0.0,0.0,9804000.0,,14595771.0,false,PASS,false,PASS,true,FAIL,true,FAIL,,NOT_EVALUABLE,,true,FAIL,true,FAIL,,0,insufficient,true,,,,,,,,-1.8386832733947387,,false,0,,,,0.9166093268196156,,,,,,false,false,,false,false,false,,,,,,,,,,,,,,,,,,,,,false,,,,,,-9417000.0,,6000.0,13958000.0,,-24701000.0,2026-09-21,PurchaseOfPropertyPlantAndEquipmentClassifiedAsInvestingActivities,Equity,,,ProfitLoss,CashFlowsFromUsedInOperatingActivities,ProfitLossFromOperatingActivities,AdjustmentsForSharebasedPayments,172000.0,,,,,,,,,,,,,,,,,,,,,,ineligible:gate0_status,,,,false
LKFT,1421876,GALAPAGOS NV,"",Nasdaq,2834,Pharmaceutical Preparations,ifrs-full,20-F,EUR,1231,2025,2025-12-31,false,false,"tax_anomaly,ni_vs_oi",fail_stale,"","",carried_forward,carried_forward,reported,goodwill,365,false,false,false,true,,3165010000.0,2530391000.0,fiscal_year,false,-0.8023335535582952,-274433000.0,-298432000.0,0.021577022390689846,,-0.06189031179475589,1.08759858866116,,,true,,-4.528764587158748,1112248000.0,320884000.0,295039000.0,-257456000.0,13704000.0,false,false,false,1392000.0,3273000.0,false,false,false,,,,false,false,true,"capex,dep_amort,lease_payments,net_income,ocf,operating_income,pretax_income,revenue,sbc,tax_expense",,,false,,0.2885004063841877,false,-0.368185913800871,23999000.0,3235868000.0,70010000.0,848000.0,87868000.0,,65897000.0,false,PASS,true,FAIL,true,FAIL,true,FAIL,false,PASS,false,true,FAIL,true,FAIL,true,0,insufficient,false,0.6643527217333702,0.1839820469576603,,,-9.507313657742127,-8.544971187091818,54.55000520706773,-4.528764587158748,-59.078769794226474,false,0,0.26526368220037255,-0.3736656814202609,0.6389293636206335,-0.8023335535582952,,,,,,false,false,,false,false,false,,,63072000.0,2663473000.0,2642639000.0,,,2021-06-30,,,,0.40351652324098525,,0,,,,,,0,false,,,,,,288814000.0,,,,0.26526368220037255,300871000.0,2026-09-21,PurchaseOfPropertyPlantAndEquipmentClassifiedAsInvestingActivities,Equity,,IntangibleAssetsOtherThanGoodwill,ProfitLoss,CashFlowsFromUsedInOperatingActivities,ProfitLossFromOperatingActivities,AdjustmentsForSharebasedPayments,-18621000.0,,,,,,,,,,,,,,,,,,,,,,ineligible:gate0_status,,,,false
BTG,1429937,B2GOLD CORP,"",NYSE,1040,Gold and Silver Ores,ifrs-full,40-F,USD,1231,2025,2025-12-31,false,false,"",unknown,"tangible_book,fcf,sbc","",unresolved,unresolved,unresolved,"",,false,false,false,true,,,,none,false,2.0994565255601723,,,,-217886000.0,0.5631660147072223,0.3086968505902295,,,false,,,,426699000.0,1382259000.0,895836000.0,,false,false,false,0.0,22078000.0,false,false,false,,,,false,false,true,,,,false,,,false,,22935000.0,3593565000.0,,,380424000.0,598310000.0,1325322000.0,,NOT_EVALUABLE,false,PASS,,NOT_EVALUABLE,,NOT_EVALUABLE,,NOT_EVALUABLE,,false,PASS,false,PASS,,0,insufficient,false,,,,,,,,,,false,0,,,,5.959433533132061,falling,,,,,false,false,,false,false,false,,,,,,,,,,,,,,,,,,,,,false,,,440831000.0,103444000.0,,-892740000.0,1746000.0,,0.0,,976799000.0,2026-09-21,,EquityAttributableToOwnersOfParent,,,ProfitLoss,CashFlowsFromUsedInOperatingActivities,ProfitLossFromOperatingActivities,AdjustmentsForSharebasedPayments,550100000.0,,,,,,,,,,,,,,,,,,,,,,ineligible:gate0_status,,,,false
CSAN,1430162,COSAN S.A.,"",NYSE,5500,Retail-Auto Dealers & Gasoline Stations,ifrs-full,20-F,BRL,1231,2024,2024-12-31,false,false,tax_anomaly,unknown,"tangible_book,income_quality,fcf","",unresolved,unresolved,reported,"",,false,false,false,true,,,,none,false,,,,0.0014994286103292636,-49551884000.0,-0.6082840065211104,-1.0616319605907587,0.021896740673911716,,false,,,43950742000.0,-8161766000.0,7687943000.0,,7834521000.0,false,false,false,273875000.0,694340000.0,false,false,false,,,2.0251655451104447,false,false,true,,,,false,,-0.18570257585184796,false,0.19031822923228278,65901000.0,10903764000.0,,24745764000.0,16903542000.0,66455426000.0,,,NOT_EVALUABLE,,NOT_EVALUABLE,,NOT_EVALUABLE,,NOT_EVALUABLE,false,PASS,false,false,PASS,true,FAIL,,0,insufficient,false,0.18981620059499238,0.1635142484413472,,,,,,,,false,0,0.1749218022303241,0.21817693297920585,-0.04325513074888174,,,,,,,false,false,,false,false,false,,,,,,,,,,,,,,,,,,,,,false,962378000.0,,3868583000.0,2779081000.0,,,,,,0.1749218022303241,-5245119000.0,2026-09-21,PurchaseOfPropertyPlantAndEquipmentIntangibleAssetsOtherThanGoodwillInvestmentPropertyAndOtherNoncurrentAssets,EquityAttributableToOwnersOfParent,,IntangibleAssetsOtherThanGoodwill,ProfitLoss,,ProfitLossFromOperatingActivities,AdjustmentsForSharebasedPayments,3190522000.0,,,,,,,,,,,,,,,,,,,,,,ineligible:gate0_status,,,,false
OGG,1431852,Osisko Development Corp.,"",NYSE,1040,Gold and Silver Ores,ifrs-full,40-F,CAD,1231,2025,2025-12-31,false,false,"",fail,tax_anomaly,"goodwill,intangibles",never_acquired,never_acquired,never_acquired,"",,false,false,false,true,,682689000.0,,fiscal_year,false,0.14791257425508247,-120873000.0,-124869000.0,0.1126331811263318,277726000.0,,2.068057509941878,,,false,,-0.7007082754467178,35478000.0,-169012000.0,-81725000.0,-24999000.0,95874000.0,false,false,false,,,true,false,false,,,,false,false,true,,,,false,,-4.763853655786685,false,-6.622513833992095,3996000.0,682689000.0,0.0,0.0,422283000.0,144557000.0,178203975.0,false,PASS,true,FAIL,true,FAIL,true,FAIL,false,PASS,true,false,PASS,,NOT_EVALUABLE,,0,insufficient,false,-0.1787241744476088,,,,-1.4741799302994676,,,-0.7007082754467178,,false,0,-2.3035402221094765,,,0.33147969389520054,falling,,,,,false,false,,false,false,false,,,,,,,,,,,,,,,,,,,,,false,,,,,,-102789000.0,,,,-2.3035402221094765,,2026-09-21,PurchaseOfPropertyPlantAndEquipmentClassifiedAsInvestingActivities,Equity,,,ProfitLoss,CashFlowsFromUsedInOperatingActivities,ProfitLossFromOperatingActivities,AdjustmentsForSharebasedPayments,-66000.0,,,,,,,,,,,,,,,,,,,,,,ineligible:gate0_status,,,,false
AZUL,1432364,AZUL SA,"",NYSE,4512,"Air Transportation, Scheduled",ifrs-full,20-F,BRL,1231,2025,2025-12-31,false,false,tax_anomaly,fail,tangible_book,"",unresolved,unresolved,unresolved,"",,false,false,false,true,,,,none,false,-9.871389898925178,-4485207000.0,-4555986000.0,0.0032706892153021435,-22067960000.0,0.00009609994394169937,0.028892483344787768,0.00027374733906172593,,false,-8.779658234243916e-7,,21640393000.0,124858000.0,4321470000.0,-1232522000.0,198415000.0,false,true,false,0.0,3054270000.0,false,false,false,,,0.06584477537644667,false,false,true,,,,false,,0.0057696734065781526,false,0.08952549055009788,70779000.0,-29038062000.0,,,991644000.0,23059604000.0,,,NOT_EVALUABLE,true,FAIL,true,FAIL,true,FAIL,false,PASS,false,false,PASS,true,FAIL,,0,insufficient,false,0.10709705966173755,0.30379177556341186,,,,,,,,false,0,0.19969461737594138,-0.24356725461802195,0.44326187199396333,-3.8736361737715175,falling,,,,,false,false,,false,false,false,,,,,,,,,,,,,,,,,,,,,false,5924000.0,4000.0,3013375000.0,,,-573380000.0,,,,0.19969461737594138,124870000.0,2026-09-21,PurchaseOfPropertyPlantAndEquipmentClassifiedAsInvestingActivities,Equity,,,ProfitLoss,CashFlowsFromUsedInOperatingActivities,ProfitLossFromOperatingActivities,AdjustmentsForSharebasedPayments,12000.0,,,,,,,,,,,,,,,,,,,,,,ineligible:gate0_status,,,,false
POET,1437424,POET TECHNOLOGIES INC.,"",Nasdaq,3674,Semiconductors & Related Devices,ifrs-full,20-F,USD,1231,2025,2025-12-31,false,false,sbc,fail,"ni_vs_oi,tax_anomaly","goodwill,intangibles",never_acquired,never_acquired,never_acquired,"",,false,false,false,true,,183789272.0,,fiscal_year,false,0.4937268687352407,-33565140.0,-39672192.0,5.681692119475469,,,,,,false,,-0.4258675086991541,1074865.0,-62963213.0,,-31086630.0,2255107.0,false,false,false,,223403.0,false,false,false,true,-256766291.0,,false,false,true,,,,false,,-58.57778697789955,false,,6107052.0,183789272.0,0.0,0.0,39959201.0,,93156184.0,false,PASS,true,FAIL,true,FAIL,true,FAIL,true,FAIL,true,,NOT_EVALUABLE,,NOT_EVALUABLE,,0,insufficient,false,0.24817528974080805,,,,-0.5437852956259465,-0.5045256794792863,-0.44227888782726366,-0.4258675086991541,0.016411379128109582,false,0,,,,0.5549163496009539,falling,,,,,false,false,,false,false,false,,,,,,,,,,,,,,,,,,,,,false,,,,,,-259161477.0,,2395186.0,,,-62963213.0,2026-09-21,PurchaseOfPropertyPlantAndEquipmentClassifiedAsInvestingActivities,Equity,,,ProfitLoss,CashFlowsFromUsedInOperatingActivities,,AdjustmentsForSharebasedPayments,,,,,,,,,,,,,,,,,,,,,,,ineligible:gate0_status,,,,false
GRFS,1438569,Grifols SA,"",Nasdaq,2834,Pharmaceutical Preparations,ifrs-full,20-F,EUR,1231,2024,2024-12-31,false,false,"",fail,sbc,"",reported,reported,reported,"",,true,true,false,false,,-4445461000.0,,fiscal_year,false,4.239391746473314,558142000.0,,,-1358352000.0,0.5207028892152181,0.17852627693443454,0.039636281051114594,0.09634334398815814,true,,,7212382000.0,212806000.0,1192015000.0,902168000.0,232538000.0,false,false,false,0.0,111488000.0,false,false,false,,,0.5310335535525478,false,false,true,,,,false,,0.0295056473714232,false,0.1290303855545388,,5883727000.0,7403056000.0,2926132000.0,979780000.0,2338132000.0,679668551.0,true,FAIL,false,PASS,false,PASS,,NOT_EVALUABLE,,NOT_EVALUABLE,,false,PASS,false,PASS,true,5,insufficient,false,0.13497354569589048,0.07182530350377037,,,,,,,,false,0,0.16527341452518737,0.2218932271047608,-0.056619812579573436,1.8565944483709362,rising,,,,,false,false,,false,false,false,,,,,,,,,,,,,,,,,,,,,true,285872000.0,,437897000.0,962000.0,694865000.0,886667000.0,,,,0.16527341452518737,443996000.0,2026-09-21,PurchaseOfPropertyPlantAndEquipmentClassifiedAsInvestingActivities,EquityAttributableToOwnersOfParent,Goodwill,IntangibleAssetsOtherThanGoodwill,ProfitLoss,CashFlowsFromUsedInOperatingActivities,ProfitLossFromOperatingActivities,,231190000.0,,,,,,,,,,,,,,,,,,,,,,ineligible:gate0_status,,,,false
AXICY,1439124,AXIA Energia S.A.,"",OTC,4911,Electric Services,ifrs-full,20-F,BRL,1231,2024,2024-12-31,false,false,tax_anomaly,unknown,"tangible_book,sbc","",unresolved,unresolved,reported,"",,true,true,false,false,,,,none,false,1.1931294200787341,8528913000.0,,,-49048052000.0,0.022600026514050187,0.529382927641109,0.004396121882001969,,false,,,40181552000.0,10380754000.0,19609159000.0,12385583000.0,3099474000.0,false,false,false,0.0,757196000.0,false,false,false,,,0.7772439518277736,false,false,true,,,,false,,0.25834626795898774,false,0.1515545192169109,,121863225000.0,,78173273000.0,26572522000.0,75620574000.0,,,NOT_EVALUABLE,false,PASS,false,PASS,,NOT_EVALUABLE,,NOT_EVALUABLE,,false,PASS,true,FAIL,,0,insufficient,false,0.05084333508744843,0.06708656351984499,,,,,,,,false,0,0.4880139771604641,0.29614860535878756,0.1918653718016765,1.4983175361080152,falling,,,,,false,false,,false,false,false,,,4801212000.0,78816099000.0,149244000.0,41638798000.0,,2022-03-31,,,,,,0,,,,,,0,false,176643000.0,115099000.0,3987775000.0,1307858000.0,,-8660321000.0,,,,0.4880139771604641,10620784000.0,2026-09-21,PurchaseOfPropertyPlantAndEquipmentClassifiedAsInvestingActivities,EquityAttributableToOwnersOfParent,,IntangibleAssetsOtherThanGoodwill,ProfitLoss,CashFlowsFromUsedInOperatingActivities,ProfitLossFromOperatingActivities,,240030000.0,,,,,,,,,,,,,,,,,,,,,,ineligible:gate0_status,,,,false
LAR,1440972,LITHIUM ARGENTINA AG,"",NYSE,1000,Metal Mining,ifrs-full,20-F,USD,1231,2025,2025-12-31,false,false,tax_anomaly,fail,"sbc,ni_vs_oi","goodwill,intangibles",never_acquired,never_acquired,never_acquired,"",,false,false,false,true,,767880000.0,,fiscal_year,false,0.3896462018730489,-29956000.0,-45011000.0,,,-0.0061246924566821966,,,,false,,-0.2775509952396221,,-76880000.0,,-29956000.0,0.0,false,false,false,0.0,,true,false,false,true,6281000.0,,false,false,true,,,,false,,,false,,15055000.0,767880000.0,0.0,0.0,61134000.0,,162172000.0,false,PASS,true,FAIL,true,FAIL,true,FAIL,,NOT_EVALUABLE,,,NOT_EVALUABLE,true,FAIL,,0,insufficient,false,,,,,-0.4978423292373737,-1.0794720737006023,-0.5758935583028563,-0.2775509952396221,0.29834256306323415,false,0,,,,0.9103742820388866,,,,,,false,false,,false,false,false,,,,,,,,,,,,,,,,,,,,,false,,,,,,6281000.0,,0.0,,,-76412000.0,2026-09-21,PurchaseOfPropertyPlantAndEquipmentClassifiedAsInvestingActivities,EquityAttributableToOwnersOfParent,,,ProfitLoss,CashFlowsFromUsedInOperatingActivities,,AdjustmentsForSharebasedPayments,468000.0,,,,,,,,,,,,,,,,,,,,,,ineligible:gate0_status,,,,false
AVPMF,1445467,Avrupa Minerals Ltd.,"",OTC,1090,Miscellaneous Metal Ores,ifrs-full,20-F,CAD,1231,2024,2024-12-31,false,false,"",fail,"sbc,ni_vs_oi,tax_anomaly","goodwill,intangibles",never_acquired,never_acquired,never_acquired,"",,false,false,false,true,,1123562.0,,fiscal_year,false,1.9829294445635857,-93068.0,-93068.0,,,,,,,false,,-0.0016081843429772613,,-46630.0,,-92464.0,604.0,false,false,false,,,true,false,false,,,0.412568306010929,false,false,true,,,,false,,,false,,0.0,1123562.0,0.0,0.0,141011.0,,57871475.0,false,PASS,false,PASS,true,FAIL,true,FAIL,,NOT_EVALUABLE,,,NOT_EVALUABLE,,NOT_EVALUABLE,,0,insufficient,false,,,,,-0.001518781473089738,-0.01636854511157029,-0.01636854511157029,-0.0016081843429772613,0.014760360768593028,false,0,,,,2.2791942822150855,rising,,,,,false,false,,false,false,false,,,,,,,,,,,,,,,,,,,,,false,,,1464.0,,,-210142.0,,,,,,2026-09-21,PurchaseOfPropertyPlantAndEquipmentIntangibleAssetsOtherThanGoodwillInvestmentPropertyAndOtherNoncurrentAssets,Equity,,,ProfitLoss,CashFlowsFromUsedInOperatingActivities,,AdjustmentsForSharebasedPayments,,,,,,,,,,,,,,,,,,,,,,,ineligible:gate0_status,,,,false
BLDP,1453015,Ballard Power Systems Inc.,"",Nasdaq,3620,Electrical Industrial Apparatus,ifrs-full,40-F,USD,1231,2025,2025-12-31,false,false,"tax_anomaly,ni_vs_oi",fail_stale,"","",carried_forward,carried_forward,reported,goodwill,365,false,false,false,true,,589682000.0,,fiscal_year,false,0.6178036386035154,-69054000.0,-75393000.0,0.06379188890007044,,-0.0005612845712776377,0.8787527305766591,,,false,,-0.2511793674718298,99370000.0,-90914000.0,-103458000.0,-56167000.0,9844000.0,false,false,false,0.0,3043000.0,false,false,false,true,-10920000.0,2.3852677489701963,false,false,true,,,,false,,-0.9149038945355741,false,-1.7753237234302468,6339000.0,589930000.0,0.0,248000.0,527052000.0,,300156023.0,false,PASS,true,FAIL,true,FAIL,true,FAIL,false,PASS,false,true,FAIL,true,FAIL,false,0,insufficient,false,-0.01665463877371054,-0.012317947055985656,,,-0.35930700227751083,-0.1450816169998648,-0.1450816169998648,-0.2511793674718298,-0.10609775047196499,false,0,-1.0411391768139278,-0.2406855651088221,-0.8004536117051056,0.4755952147280557,falling,,,,,false,false,,false,false,false,,,,,,,,,,,,,,,,,,,,,false,,,4127000.0,,,-20941000.0,160000.0,10181000.0,,-1.0411391768139278,-90863000.0,2026-09-21,PurchaseOfPropertyPlantAndEquipmentClassifiedAsInvestingActivities,Equity,,IntangibleAssetsOtherThanGoodwill,ProfitLoss,CashFlowsFromUsedInOperatingActivities,ProfitLossFromOperatingActivities,AdjustmentsForSharebasedPayments,51000.0,,,,,,,,,,,,,,,,,,,,,,ineligible:gate0_status,,,,false
BETRF,1464165,BETTERLIFE PHARMA INC.,"",OTC,2834,Pharmaceutical Preparations,ifrs-full,20-F,CAD,131,2025,2025-01-31,false,false,ni_vs_oi,fail,"tangible_book,fcf,sbc,tax_anomaly",goodwill,unresolved,never_acquired,unresolved,"",,false,false,false,true,,,-3091507.0,none,false,0.5582045145565125,,,,,,0.7243604294542944,,,false,,,,-3621884.0,-5000113.0,-2021752.0,,false,false,false,,,true,false,false,,,,false,false,true,,,,false,,,false,,2049925.0,-7362149.0,0.0,,,,123865739.0,,NOT_EVALUABLE,true,FAIL,,NOT_EVALUABLE,,NOT_EVALUABLE,,NOT_EVALUABLE,,true,FAIL,,NOT_EVALUABLE,,0,insufficient,false,,,,,,,,,,false,0,,,,0.5238702283563367,rising,,,,,false,false,,false,false,false,,,6520449.0,3428942.0,406901.0,,99535678.0,2018-10-31,,,,,,0,,,,,,0,false,,,18435.0,,,,,,,,,2026-09-21,,Equity,,,ProfitLoss,CashFlowsFromUsedInOperatingActivities,ProfitLossFromOperatingActivities,AdjustmentsForSharebasedPayments,,,,,,,,,,,,,,,,,,,,,,,ineligible:gate0_status,,,,false
GPRK,1464591,GeoPark LTD,"",NYSE,1311,Crude Petroleum & Natural Gas,ifrs-full,20-F,USD,1231,2025,2025-12-31,false,false,tax_anomaly,fail,tangible_book,"",unresolved,unresolved,unresolved,"",,false,false,false,true,,,,none,false,0.2960718384440373,-89386000.0,-93853000.0,0.009069719279295375,-453229000.0,-0.020883435078415655,0.4493002722922302,0.2345457424906298,,false,,-1.8214296409072608,492518000.0,49667000.0,110543000.0,14705000.0,98358000.0,false,false,false,0.0,5733000.0,false,true,false,true,38000000.0,0.8393036948545097,false,false,true,,,,false,,0.10084301487458326,false,0.358046588468528,4467000.0,245797000.0,,,100318000.0,553547000.0,51527107.0,,NOT_EVALUABLE,true,FAIL,true,FAIL,true,FAIL,false,PASS,false,false,PASS,true,FAIL,,0,insufficient,false,-0.22291416689583887,0.04581075435251436,,,4.715523592863095,1.2457435474623149,1.6862367454071467,-1.8214296409072608,-3.5076663863144075,false,0,0.22444458882721038,-0.2810902939353606,0.505534882762571,2.6309478236186448,falling,,,,,false,false,,false,false,false,,,,,,,,,,,,,,,,,,,,,false,115518000.0,,117190000.0,24203000.0,,-155495000.0,20381000.0,213876000.0,,0.22444458882721038,48651000.0,2026-09-21,PurchaseOfPropertyPlantAndEquipmentClassifiedAsInvestingActivities,Equity,,,ProfitLoss,CashFlowsFromUsedInOperatingActivities,ProfitLossFromOperatingActivities,AdjustmentsForSharebasedPayments,-1016000.0,,,,,,,,,,,,,,,,,,,,,,ineligible:gate0_status,,,,false
VEON,1468091,VEON Ltd.,"",Nasdaq,4812,Radiotelephone Communications,ifrs-full,6-K,USD,1231,2025,2025-12-31,false,false,"",unknown,"tangible_book,income_quality,fcf","",unresolved,reported,unresolved,"",,false,false,false,true,,,-805000000.0,none,false,,,,0.007047056149124801,-1411000000.0,0.24713375796178344,0.4107018763029882,0.03568992952943851,,false,,,4399000000.0,591000000.0,1439000000.0,,733000000.0,false,false,false,0.0,250000000.0,false,false,false,,,1.268166089965398,false,false,true,"dividends,ocf",2024-07-01,2025-06-30,true,,0.13434871561718573,false,0.25121687398593834,31000000.0,1340000000.0,399000000.0,,1732000000.0,3143000000.0,1746000000.0,,NOT_EVALUABLE,,NOT_EVALUABLE,,NOT_EVALUABLE,,NOT_EVALUABLE,false,PASS,false,false,PASS,false,PASS,,0,insufficient,false,0.05417975984722201,0.04786428681992394,,,,,,,,false,0,0.3271197999545351,0.236358414704193,0.09076138525034211,,,4148000000.0,1046000000.0,,643000000.0,false,false,38000000.0,false,false,false,,382000000.0,1729000000.0,1306000000.0,1282000000.0,,,2025-06-30,-0.4968454258675079,-0.042842215256008356,0.12117903930131005,0.05842259006815969,0.18298253023643213,0,,,,,,0,false,157000000.0,,578000000.0,67000000.0,,,451000000.0,1220000000.0,,0.3271197999545351,785000000.0,2026-09-21,PurchaseOfPropertyPlantAndEquipmentClassifiedAsInvestingActivities,EquityAttributableToOwnersOfParent,Goodwill,,ProfitLoss,,ProfitLossFromOperatingActivities,ExpenseFromSharebasedPaymentTransactionsWithEmployees,194000000.0,143000000.0,,545000000.0,,1690000000.0,1255000000.0,209000000.0,,,,,,,,,,,,,,,ineligible:gate0_status,,,,false
FER,1468522,Ferrovial SE,"",Nasdaq,1600,Heavy Construction Other Than Bldg Const - Contractors,ifrs-full,20-F,EUR,1231,2025,2025-12-31,false,false,tax_anomaly,unknown,"fcf,sbc,ni_vs_oi",intangibles,never_acquired,reported,never_acquired,"",,true,true,false,false,,5496000000.0,,fiscal_year,false,1.674782608695652,,,,-6156000000.0,-0.056074766355140186,,,,false,,,9627000000.0,1150000000.0,,1926000000.0,,false,false,false,20000000.0,121000000.0,false,false,false,,,,false,false,true,,,,false,,0.11945569751739898,false,0.07339988256018791,,5908000000.0,412000000.0,0.0,4271000000.0,10427000000.0,718716000.0,false,PASS,false,PASS,,NOT_EVALUABLE,,NOT_EVALUABLE,,NOT_EVALUABLE,,,NOT_EVALUABLE,true,FAIL,,0,insufficient,true,0.084331731956794,,,,,,,,,false,0,,,,1.5056313269525525,falling,,,,,false,false,,false,false,false,,,,,,,,,,,,,,,,,,,,,false,,11006460.0,490000000.0,,,-891000000.0,,,,,1070000000.0,2026-09-21,,EquityAttributableToOwnersOfParent,Goodwill,,ProfitLoss,CashFlowsFromUsedInOperatingActivities,,,-60000000.0,,,,,,,,,,,,,,,,,,,,,,ineligible:gate0_status,,,,false
PAM,1469395,Pampa Energy Inc.,"",NYSE,4911,Electric Services,ifrs-full,20-F,USD,1231,2024,2024-12-31,false,false,ni_vs_oi,fail,"tangible_book,sbc,tax_anomaly","",unresolved,unresolved,unresolved,"",,true,true,false,false,,,,none,false,0.7027463651050081,-16000000.0,,,-1341000000.0,,1.4068181818181817,,,false,,,1876000000.0,619000000.0,440000000.0,435000000.0,447000000.0,false,false,false,,4000000.0,false,false,true,true,94000000.0,1.3070175438596492,false,false,true,,,,false,,0.3299573560767591,false,0.34499726626571897,,3286000000.0,,,738000000.0,2079000000.0,1360.0,,NOT_EVALUABLE,true,FAIL,true,FAIL,,NOT_EVALUABLE,,NOT_EVALUABLE,,true,FAIL,,NOT_EVALUABLE,,0,insufficient,false,0.07550020499796473,0.06961037572506878,,,,,,,,false,0,0.2345415778251599,0.3447761194029851,-0.11023454157782517,1.314159347849868,falling,,,,,false,false,,false,false,false,,,,,,,,,,,,,,,,,,,,,false,,,342000000.0,,,-344000000.0,9000000.0,447000000.0,,0.2345415778251599,498000000.0,2026-09-21,PurchaseOfPropertyPlantAndEquipmentClassifiedAsInvestingActivities,EquityAttributableToOwnersOfParent,,,ProfitLoss,CashFlowsFromUsedInOperatingActivities,ProfitLossFromOperatingActivities,,,,,,,,,,,,,,,,,,,,,,,,ineligible:gate0_status,,,,false
AEHL,1470683,Antelope Enterprise Holdings Ltd,"",Nasdaq,4899,"Communications Services, NEC",ifrs-full,20-F,CNY,930,2025,2025-09-30,false,false,"",unknown,"tangible_book,income_quality,fcf,sbc,ni_vs_oi,tax_anomaly","",unresolved,unresolved,carried_forward,intangibles,639,true,false,true,true,,,,none,false,,,,,-892000.0,,,,,false,,,,,,,,false,false,false,,,true,false,false,,,,false,false,true,"",2024-10-01,2025-09-30,false,,,false,,,26893000.0,,1000.0,1927000.0,2819000.0,,,NOT_EVALUABLE,,NOT_EVALUABLE,,NOT_EVALUABLE,,NOT_EVALUABLE,,NOT_EVALUABLE,,,NOT_EVALUABLE,,NOT_EVALUABLE,,0,insufficient,false,,,,,-0.31975899062267327,-0.7478917716600374,,,,false,0,,,,2.8179067022396493,,,,,,false,false,,false,false,false,,,1000.0,18034000.0,2322000.0,,1614471.0,2024-06-30,,,,,,0,,,,,,0,false,,,,,,,,,,,,2026-09-21,,Equity,,,,,,,,,,307000.0,,,,16000.0,,,,,,,,,,,,,,,ineligible:gate0_status,,,,false
GRO,1472326,Brazil Potash Corp.,"",NYSE,1400,Mining & Quarrying of  Nonmetallic Minerals (No Fuels),ifrs-full,20-F,USD,1231,2025,2025-12-31,false,false,"tax_anomaly,ni_vs_oi",fail,sbc,"goodwill,intangibles",never_acquired,never_acquired,never_acquired,"",,false,false,false,true,,157837729.0,,fiscal_year,false,0.25267186256209845,-13431580.0,-55660074.0,,,-0.006783764002198207,0.9506559153493697,,,false,,-1.3099085317458123,,-52159120.0,-54866455.0,-13179142.0,22532.0,false,false,false,0.0,229906.0,false,false,false,true,-10838471.0,,false,false,true,,,,false,,,false,,42228494.0,157837729.0,0.0,0.0,27779666.0,,42491573.0,false,PASS,true,FAIL,true,FAIL,true,FAIL,,NOT_EVALUABLE,,true,FAIL,true,FAIL,,0,insufficient,true,,,,,,,,-1.3099085317458123,,false,0,,,,0.37209009911733254,falling,,,,,false,false,,false,false,false,,,,,,,,,,,,,,,,,,,,,false,,,,,,-10290557.0,570446.0,22532.0,,,-51807669.0,2026-09-21,PurchaseOfPropertyPlantAndEquipmentClassifiedAsInvestingActivities,Equity,,,ProfitLoss,CashFlowsFromUsedInOperatingActivities,ProfitLossFromOperatingActivities,ExpenseFromSharebasedPaymentTransactionsWithEmployees,351451.0,,,,,,,,,,,,,,,,,,,,,,ineligible:gate0_status,,,,false
CVE,1475260,CENOVUS ENERGY INC.,"",NYSE,1311,Crude Petroleum & Natural Gas,ifrs-full,6-K,CAD,1231,2025,2025-12-31,false,false,"",unknown,"fcf,ni_vs_oi","",reported,reported,reported,"",,false,false,false,true,,28687000000.0,25440000000.0,fiscal_year,false,2.0936386768447837,,,0.0038433676754668386,-8260000000.0,0.12218003127094036,,0.07376851255634256,0.00002012234385061172,true,,,49696000000.0,3930000000.0,,8228000000.0,,false,false,false,0.0,350000000.0,false,false,false,,,,false,false,false,capex,2024-10-01,2025-09-30,true,346000000.0,0.07908081133290405,false,,191000000.0,31622000000.0,2912000000.0,23000000.0,2740000000.0,11000000000.0,1809902000.0,false,PASS,false,PASS,,NOT_EVALUABLE,,NOT_EVALUABLE,false,PASS,false,,NOT_EVALUABLE,false,PASS,false,0,insufficient,false,-0.09432663181034928,0.29694425915243383,,,,-0.6379689152900968,1.5934244791666667,,,false,0,,,,2.276951250432754,rising,51626000000.0,3142000000.0,7849000000.0,,false,true,120000000.0,false,false,false,,2923000000.0,11000000.0,28374000000.0,1901000000.0,7156000000.0,1806851000.0,2025-09-30,,,-0.05199972559511559,-0.045155221072436504,,1,,,,,,0,true,3666000000.0,,,1437000000.0,1000000.0,-7677000000.0,,,,,4477000000.0,2026-09-21,,Equity,Goodwill,IntangibleAssetsOtherThanGoodwill,ProfitLoss,CashFlowsFromUsedInOperatingActivities,,ExpenseFromSharebasedPaymentTransactionsWithEmployees,547000000.0,239000000.0,,,1405000000.0,,3627000000.0,485000000.0,,,,,,,,,,,,,,,ineligible:gate0_status,,,,false
KGEI,1477081,Kolibri Global Energy Inc.,"",Nasdaq,1311,Crude Petroleum & Natural Gas,ifrs-full,40-F,USD,1231,2025,2025-12-31,false,false,"",fail,ni_vs_oi,"goodwill,intangibles",never_acquired,never_acquired,never_acquired,"",,false,false,false,true,,203876000.0,,fiscal_year,false,2.6836596239581314,-22460000.0,-24204000.0,0.03037216349419202,-46703000.0,0.23927254853772426,,,,false,,-682.3025314314709,57421000.0,15477000.0,,41535000.0,62639000.0,false,false,false,0.0,1356000.0,false,false,false,true,7458000.0,,false,false,true,,,,false,,0.2695355357795928,false,,1744000.0,203876000.0,0.0,0.0,2797000.0,49500000.0,35474.0,false,PASS,false,PASS,true,FAIL,true,FAIL,false,PASS,false,,NOT_EVALUABLE,false,PASS,,0,insufficient,true,0.15151925213044493,,,,-432.06964335860715,,,-682.3025314314709,,false,0,,,,2.2783188349604724,rising,,,,,false,false,,false,false,false,,,,,,,,,,,,,,,,,,,,,false,,,,,,-55181000.0,,62639000.0,,,20345000.0,2026-09-21,PurchaseOfPropertyPlantAndEquipmentClassifiedAsInvestingActivities,Equity,,,ProfitLoss,CashFlowsFromUsedInOperatingActivities,,AdjustmentsForSharebasedPayments,4868000.0,,,,,,,,,,,,,,,,,,,,,,ineligible:gate0_status,,,,false
STNG,1483934,Scorpio Tankers Inc.,"",NYSE,4412,Deep Sea Foreign Transportation of  Freight,ifrs-full,20-F,USD,1231,2025,2025-12-31,false,false,"",fail,tax_anomaly,intangibles,never_acquired,reported,never_acquired,"",,false,false,false,true,,3190801000.0,2984115000.0,fiscal_year,false,1.426771461433899,-81374000.0,-153028000.0,0.0763721166205866,132751000.0,,0.9693342042434344,,,false,-0.0020192383093290116,-3.287093323481018,938222000.0,344292000.0,355184000.0,491226000.0,572600000.0,false,false,false,,0.0,false,false,false,true,725936000.0,3.175201707932459,false,false,false,lease_payments,2024-07-01,2025-06-30,true,,0.3669621901852653,false,0.525751888949033,71654000.0,3198998000.0,8197000.0,0.0,751955000.0,619204000.0,46554200.0,false,PASS,false,PASS,true,FAIL,true,FAIL,false,PASS,false,false,PASS,,NOT_EVALUABLE,,0,insufficient,false,-0.15641799301199333,0.004829251625933839,,,,,2.8547475973664245,-3.287093323481018,-6.141840920847443,false,0,0.37857138289232184,0.26786345988391647,0.11070792300840537,1.4143961948761727,falling,916164000.0,358984000.0,522804000.0,,false,true,68762000.0,false,false,false,,8197000.0,,2992312000.0,471062000.0,808189000.0,46228938.0,2025-06-30,,,,,,0,,,,,,0,false,,309000.0,180335000.0,82520000.0,,272249000.0,164763000.0,618450000.0,,0.37857138289232184,,2026-09-21,PurchaseOfPropertyPlantAndEquipmentClassifiedAsInvestingActivities,Equity,Goodwill,,ProfitLoss,CashFlowsFromUsedInOperatingActivities,ProfitLossFromOperatingActivities,AdjustmentsForSharebasedPayments,,,282176000.0,180739000.0,81010000.0,405382000.0,,,,,,,,,,,,,,,,,ineligible:gate0_status,,,,false
MMYT,1495153,MakeMyTrip Ltd,"",Nasdaq,4700,Transportation Services,ifrs-full,20-F,USD,331,2025,2025-03-31,false,false,"",unknown,tangible_book,"",unresolved,unresolved,unresolved,"",,false,false,false,true,,,,none,false,1.94476982177719,177050000.0,141032000.0,0.03681557256402708,495003000.0,0.17789282940719647,0.7946850837024247,0.0106241618421483,,false,0.154021782290544,1.2525848239603725,978336000.0,95274000.0,119889000.0,185286000.0,4473000.0,false,true,false,0.0,3763000.0,false,false,false,true,23935000.0,0.4909989023051592,false,false,true,,,,false,,0.09738372093023256,false,0.039801968177311325,36018000.0,1202630000.0,,,508898000.0,13895000.0,112592774.0,,NOT_EVALUABLE,false,PASS,false,PASS,false,PASS,false,PASS,false,false,PASS,false,PASS,,0,insufficient,false,0.47652894616656827,0.13847514839406405,,,-0.3255612236577304,-1.5341973777158426,-1.1771966688803854,1.2525848239603725,2.4297814928407577,true,2,0.12254378863703268,-0.8394636472223471,0.9620074358593798,-0.11983265494867339,rising,,,,,false,false,,false,false,false,,,,,,,,,,-0.12673806135949475,-0.24512606483334287,0.11822622789411899,,1,,,,,,0,false,10394000.0,21722000.0,9110000.0,,,26444000.0,25184000.0,22675000.0,,0.12254378863703268,115890000.0,2026-09-21,PurchaseOfPropertyPlantAndEquipmentClassifiedAsInvestingActivities,EquityAttributableToOwnersOfParent,,,ProfitLoss,CashFlowsFromUsedInOperatingActivities,ProfitLossFromOperatingActivities,AdjustmentsForSharebasedPayments,20616000.0,,,,,,,,,,,,,,,,,,,,,,ineligible:gate0_status,,,,false
BLRX,1498403,BioLineRx Ltd.,"",Nasdaq,2834,Pharmaceutical Preparations,ifrs-full,6-K,USD,1231,2025,2025-12-31,false,false,"sbc,ni_vs_oi",fail,tax_anomaly,goodwill,never_acquired,never_acquired,reported,"",,false,false,false,true,,1828000.0,9664000.0,fiscal_year,false,3.9851924975320827,-8611000.0,-9007000.0,0.33559322033898303,,,0.19694760377175075,,,false,,-0.003653551329530777,1180000.0,-2026000.0,-10287000.0,-8074000.0,25000.0,false,true,false,,512000.0,false,false,false,true,-8518000.0,0.04780114722753346,false,false,false,"",2024-07-01,2025-06-30,true,517000.0,-1.7169491525423728,false,-10.352916666666667,396000.0,18196000.0,0.0,16368000.0,3250000.0,,2465272604.0,false,PASS,false,PASS,true,FAIL,true,FAIL,true,FAIL,true,true,FAIL,,NOT_EVALUABLE,,0,insufficient,false,,,,,-0.037257885135689575,-0.09769645120152437,-0.16875552889169174,-0.003653551329530777,0.16510197756216097,false,0,-8.717796610169492,,,3.0387064868737066,rising,17251000.0,-7822000.0,-21203000.0,-17000.0,true,false,412000.0,false,false,false,,,10408000.0,20072000.0,7189000.0,,2294127662.0,2025-06-30,,,,-0.9436306323011311,,0,,,,,,0,false,,,523000.0,,,-8545000.0,,27000.0,,-8.717796610169492,,2026-09-21,PurchaseOfPropertyPlantAndEquipmentClassifiedAsInvestingActivities,EquityAttributableToOwnersOfParent,,IntangibleAssetsOtherThanGoodwill,ProfitLoss,CashFlowsFromUsedInOperatingActivities,ProfitLossFromOperatingActivities,AdjustmentsForSharebasedPayments,0.0,,,3033000.0,,-14507000.0,,,,,,,,,,,,,,,,,ineligible:gate0_status,,,,false
AGRO,1499505,Adecoagro S.A.,"",NYSE,0100,Agricultural Production-Crops,ifrs-full,20-F,USD,1231,2024,2024-12-31,false,false,tax_anomaly,fail,"","goodwill,intangibles",never_acquired,never_acquired,never_acquired,"",,false,false,false,true,,1369150000.0,,fiscal_year,false,3.564901575444349,-30358000.0,-37038000.0,0.004397899278889359,-568312000.0,-1.625007125349142,0.5052222185652064,,,false,-1.8059020465467899,-0.3609800787493665,1518907000.0,92101000.0,182298000.0,328331000.0,260211000.0,false,false,false,0.0,98478000.0,false,true,false,true,-3602000.0,,false,false,true,,,,false,,0.0606363654917648,false,0.18534952260255066,6680000.0,1369150000.0,0.0,0.0,211244000.0,779556000.0,102604000.0,false,PASS,false,PASS,true,FAIL,true,FAIL,false,PASS,false,false,PASS,true,FAIL,,0,insufficient,false,0.10545982081632688,0.11354558469193932,,,0.7007329697432869,0.13513628765394195,0.13513628765394195,-0.3609800787493665,-0.4961163664033085,false,0,0.12001919801541504,0.13682538680566045,-0.01680618879024541,2.9633994824859493,rising,,,,,false,false,,false,false,false,,,,,,,,,,,,,,,,,,,,,false,,66887000.0,,35000000.0,,-231565000.0,33438000.0,261401000.0,,0.12001919801541504,35086000.0,2026-09-21,PurchaseOfPropertyPlantAndEquipmentClassifiedAsInvestingActivities,EquityAttributableToOwnersOfParent,,,ProfitLoss,CashFlowsFromUsedInOperatingActivities,ProfitLossFromOperatingActivities,AdjustmentsForSharebasedPayments,-57015000.0,,,,,,,,,,,,,,,,,,,,,,ineligible:gate0_status,,,,false
GLBS,1499780,GLOBUS MARITIME LTD,"",Nasdaq,4412,Deep Sea Foreign Transportation of  Freight,ifrs-full,6-K,USD,1231,2025,2025-12-31,false,false,"",fail,"tangible_book,fcf,sbc,tax_anomaly","",unresolved,unresolved,unresolved,"",,true,false,true,true,,,,none,false,-6.507155123068117,,,,-25481000.0,,-0.38693244739756366,,,false,,,44206000.0,-1747000.0,4515000.0,11368000.0,0.0,true,true,false,,339000.0,false,false,false,true,-19317000.0,0.0,false,false,false,"acquisitions,sbc",2024-07-01,2025-06-30,true,294000.0,-0.039519522236800435,false,0.20115366127223203,,175994000.0,,,26254000.0,51735000.0,20680931000.0,,NOT_EVALUABLE,true,FAIL,,NOT_EVALUABLE,,NOT_EVALUABLE,,NOT_EVALUABLE,,false,PASS,,NOT_EVALUABLE,,0,insufficient,false,-0.1054532728762888,0.30336632702971333,,,,-0.006772613868219697,0.0021382922492912404,,,false,0,0.1021354567253314,-0.9719220624521399,1.0740575191774713,6.27703639716377,falling,35798000.0,-5899000.0,4727000.0,85456000.0,false,false,,true,false,true,-80729000.0,,,173051000.0,48327000.0,54931000.0,20582301.0,2025-06-30,,-0.5906906279385644,0.21455009572431397,0.0023118957545187053,,0,,,,,,0,false,,,10012000.0,,,-16958000.0,9891000.0,7532000.0,,0.1021354567253314,,2026-09-21,PurchaseOfPropertyPlantAndEquipmentClassifiedAsInvestingActivities,Equity,,,ProfitLoss,CashFlowsFromUsedInOperatingActivities,ProfitLossFromOperatingActivities,,,,,8591000.0,,-124000.0,,,,,,,,,,,,,,,,,ineligible:gate0_status,,,,false
LND,1499849,BrasilAgro – Brazilian Agricultural Real Estate Company,"",NYSE,0100,Agricultural Production-Crops,ifrs-full,20-F,BRL,630,2025,2025-06-30,false,false,"",fail,"tangible_book,tax_anomaly","",unresolved,unresolved,reported,"",,false,false,false,true,,,,none,false,0.5182982053195575,-8438000.0,-9830000.0,0.001586427836338087,141692000.0,,0.66847647093012,-0.0000136761020373973,,false,,-98.67991768307986,877443000.0,138019000.0,206468000.0,71535000.0,79973000.0,false,false,false,,,true,false,true,,,1.0669753045241686,false,false,true,,,,false,,0.15729682725829483,false,0.30540353254251845,1392000.0,2177728000.0,,5095000.0,142908000.0,1216000.0,99615.0,,NOT_EVALUABLE,true,FAIL,true,FAIL,true,FAIL,false,PASS,false,false,PASS,,NOT_EVALUABLE,,0,insufficient,false,-0.0909766385970725,,,,1529.379628505524,,,-98.67991768307986,,false,0,0.23530645295477884,,,0.4827711293455857,falling,,,,,false,false,,false,false,false,,,,,,,,,,,,,,,,,,,,,false,-12000.0,,74953000.0,155983000.0,,-38911000.0,,,,0.23530645295477884,,2026-09-21,PurchaseOfPropertyPlantAndEquipmentIntangibleAssetsOtherThanGoodwillInvestmentPropertyAndOtherNoncurrentAssets,Equity,,IntangibleAssetsOtherThanGoodwill,ProfitLoss,CashFlowsFromUsedInOperatingActivities,ProfitLossFromOperatingActivities,AdjustmentsForSharebasedPayments,,,,,,,,,,,,,,,,,,,,,,,ineligible:gate0_status,,,,false
BWAY,1505065,Brainsway Ltd.,"",Nasdaq,3841,Surgical & Medical Instruments & Apparatus,ifrs-full,20-F,USD,1231,2024,2024-12-31,false,false,ni_vs_oi,unknown,fcf,"goodwill,intangibles",never_acquired,never_acquired,never_acquired,"",,false,false,false,true,,42980000.0,68132000.0,latest_q,false,3.525504964053406,,,0.03513263116832455,,0.1555362821624747,2.0999281092739035,,,false,,,41016000.0,2921000.0,1391000.0,10298000.0,,false,false,false,0.0,,true,false,false,true,30311000.0,,false,false,false,capex,2024-07-01,2025-06-30,false,,0.07121611078603472,false,-0.4666813849946646,1441000.0,42980000.0,0.0,0.0,47864000.0,,33969077.0,false,PASS,false,PASS,,NOT_EVALUABLE,,NOT_EVALUABLE,false,PASS,false,true,FAIL,false,PASS,,0,insufficient,false,0.11414580417832698,0.12166845139778282,,,-0.10422331355155369,-0.5763134489750954,-0.5763134489750954,,,false,0,0.03391359469475327,-0.36691052335396734,0.4008241180487206,1.3169043547784773,rising,46084000.0,5344000.0,23165000.0,,false,true,1324000.0,false,false,false,,,,68132000.0,67912000.0,,37705678.0,2025-06-30,,,,,,0,,,,,,0,false,,,660000.0,,,30311000.0,,,,0.03391359469475327,3459000.0,2026-09-21,,Equity,,,ProfitLoss,CashFlowsFromUsedInOperatingActivities,ProfitLossFromOperatingActivities,AdjustmentsForSharebasedPayments,538000.0,,,911000.0,,1866000.0,5834000.0,490000.0,,,,,,,,,,,,,,,ineligible:gate0_status,,,,false
IMMP,1506184,Immutep Limited,"",Nasdaq,2834,Pharmaceutical Preparations,ifrs-full,20-F,AUD,630,2025,2025-06-30,false,false,tax_anomaly,fail,ni_vs_oi,"goodwill,intangibles",never_acquired,never_acquired,never_acquired,"",,false,false,false,true,,143635363.0,,fiscal_year,false,1.010019522524641,-62366141.0,-63529684.0,0.11262230102426851,,-0.0,,,,false,,-0.04363846628616894,10331373.0,-61434165.0,,-62049706.0,45769.0,false,true,false,0.0,270666.0,false,false,false,,,0.15101143911073864,false,false,true,,,,false,,-5.946369858101145,false,,1163543.0,143635363.0,0.0,0.0,67408215.0,,1455818442.0,false,PASS,false,PASS,true,FAIL,true,FAIL,false,PASS,true,,NOT_EVALUABLE,true,FAIL,,0,insufficient,false,0.15198030522122163,-0.08938460580553109,,,-0.03764810975199129,-0.03066568294020587,-0.0487587518066522,-0.04363846628616894,0.005120285520483256,false,0,,,,0.9037931624093746,rising,,,,,false,false,,false,false,false,,,,,,,,,,,,,,,,,,,,,false,,,303083.0,,,-38533210.0,,,,,-61434165.0,2026-09-21,PurchaseOfPropertyPlantAndEquipmentClassifiedAsInvestingActivities,EquityAttributableToOwnersOfParent,,,ProfitLoss,CashFlowsFromUsedInOperatingActivities,,AdjustmentsForSharebasedPayments,0.0,,,,,,,,,,,,,,,,,,,,,,ineligible:gate0_status,,,,false
FURY,1514597,FURY GOLD MINES LTD,"",NYSE,1040,Gold and Silver Ores,ifrs-full,40-F,CAD,1231,2025,2025-12-31,false,false,tax_anomaly,fail,"sbc,ni_vs_oi","goodwill,intangibles",never_acquired,never_acquired,never_acquired,"",,false,false,false,true,,101011000.0,209405000.0,fiscal_year,false,2.5793466480879395,-16897000.0,-17609000.0,,21197000.0,0.024762192359957722,,,,false,,-0.10498252463363161,,-6459000.0,,-16660000.0,175000.0,false,false,false,0.0,62000.0,false,false,false,,,,false,false,true,"lease_payments,pretax_income,sbc",,,false,,,false,,712000.0,101011000.0,0.0,0.0,21197000.0,0.0,167732678.0,false,PASS,false,PASS,true,FAIL,true,FAIL,,NOT_EVALUABLE,,,NOT_EVALUABLE,true,FAIL,,0,insufficient,false,,,,,-0.11411695410406253,,-0.1398771490414861,-0.10498252463363161,0.034894624407854485,false,0,,,,1.1375767079350294,rising,,,,,false,false,,false,false,false,,,,209405000.0,12361000.0,,,2022-06-30,,,,,,0,,,,,,0,false,,,,0.0,,7739000.0,,,,,-6623000.0,2026-09-21,PurchaseOfPropertyPlantAndEquipmentClassifiedAsInvestingActivities,Equity,,,ProfitLoss,CashFlowsFromUsedInOperatingActivities,,AdjustmentsForSharebasedPayments,-164000.0,,,,,,,,,,,,,,,,,,,,,,ineligible:gate0_status,,,,false
YTRA,1516899,MAGNA HOLDINGS LTD.,"",Nasdaq,4700,Transportation Services,ifrs-full,20-F,INR,331,2025,2025-03-31,false,false,tax_anomaly,fail,"income_quality,ni_vs_oi",intangibles,never_acquired,reported,never_acquired,"",,false,false,false,true,,4151973000.0,,fiscal_year,false,,-413218000.0,-538220000.0,0.015714583478429,2804000.0,-1.2062523469770936,,,,false,,,7954522000.0,274000.0,-90295000.0,-291088000.0,62586000.0,false,true,true,23227000.0,59544000.0,false,false,false,,,0.20260991456754474,false,false,true,,,,false,,,false,0.02081538644436693,125002000.0,5403693000.0,1251720000.0,0.0,548668000.0,545864000.0,,false,PASS,,NOT_EVALUABLE,true,FAIL,true,FAIL,false,PASS,false,,NOT_EVALUABLE,true,FAIL,,0,insufficient,false,0.5872027393082424,0.018458202972477578,,,-19.6812175628452,-13.305499213174171,-88.53515517215682,,,false,0,-0.011351404898999587,-0.08610324195469157,0.07475183705569198,,,,,,,false,false,,false,false,false,,,,,,,,,,,,,,,,,,,,,false,,,308899000.0,,,49029000.0,2358000.0,3457000.0,,-0.011351404898999587,10652000.0,2026-09-21,PurchaseOfPropertyPlantAndEquipmentClassifiedAsInvestingActivities,EquityAttributableToOwnersOfParent,Goodwill,,ProfitLoss,CashFlowsFromUsedInOperatingActivities,ProfitLossFromOperatingActivities,AdjustmentsForSharebasedPayments,-12849000.0,,,,,,,,,,,,,,,,,,,,,,ineligible:gate0_status,,,,false
AEC,1519469,Anfield Energy Inc.,"",Nasdaq,1000,Metal Mining,ifrs-full,40-F,CAD,1231,2025,2025-12-31,false,false,"",fail,"sbc,tax_anomaly","goodwill,intangibles",never_acquired,never_acquired,never_acquired,"",,false,false,false,true,,46793294.0,,fiscal_year,false,0.7285398464202456,-14968706.0,-18265791.0,,-8801412.0,,1.1272646806105668,,,false,,-1.1826045593404169,,-19722261.0,-17495679.0,-14368453.0,600253.0,false,false,false,,,true,false,false,,,65.75232774674116,false,false,true,,,,false,,,false,,3297085.0,46793294.0,0.0,0.0,3349977.0,12151389.0,15445392.0,false,PASS,true,FAIL,true,FAIL,true,FAIL,,NOT_EVALUABLE,,false,PASS,,NOT_EVALUABLE,,0,insufficient,true,,,,,,,,-1.1826045593404169,,false,0,,,,0.7184306123521655,,,,,,false,false,,false,false,false,,,,,,,,,,,,,,,,,,,,,false,,,9129.0,,,-4219826.0,,,,,-19722261.0,2026-09-21,PurchaseOfPropertyPlantAndEquipmentClassifiedAsInvestingActivities,Equity,,,ProfitLoss,CashFlowsFromUsedInOperatingActivities,ProfitLossFromOperatingActivities,AdjustmentsForSharebasedPayments,,,,,,,,,,,,,,,,,,,,,,,ineligible:gate0_status,,,,false
VLRS,1520504,"Controladora Vuela Compania de Aviacion, S.A.B. de C.V.","",NYSE,4512,"Air Transportation, Scheduled",ifrs-full,20-F,USD,1231,2024,2024-12-31,false,false,"",fail,"tangible_book,sbc","",unresolved,unresolved,reported,"",,false,false,false,true,,,,none,false,8.622979228486647,-76741000.0,-81919000.0,,,0.3082506335904187,0.30582834408622966,,,false,,-0.07118791945725501,,126375000.0,413222000.0,1089729000.0,583075000.0,false,false,false,0.0,583395000.0,false,true,false,true,-31840000.0,0.983180170306045,false,false,true,,,,false,,,true,,5178000.0,364813000.0,,25957000.0,907981000.0,,1150743000.0,,NOT_EVALUABLE,false,PASS,true,FAIL,true,FAIL,,NOT_EVALUABLE,,false,PASS,false,PASS,,0,insufficient,false,,,,,0.12283728615863142,-0.49984731345805866,-0.49984731345805866,-0.07118791945725501,0.42865939400080366,false,0,,,,31.43810383411345,rising,,,,,false,false,,false,false,false,,,,,,,,,,,,,,,,,,,,,false,,,593050000.0,,,-472520000.0,159993000.0,600673000.0,,,182689000.0,2026-09-21,PurchaseOfPropertyPlantAndEquipmentClassifiedAsInvestingActivities,Equity,,IntangibleAssetsOtherThanGoodwill,ProfitLoss,CashFlowsFromUsedInOperatingActivities,ProfitLossFromOperatingActivities,AdjustmentsForSharebasedPayments,56314000.0,,,,,,,,,,,,,,,,,,,,,,ineligible:gate0_status,,,,false
BEP,1533232,BROOKFIELD RENEWABLE PARTNERS L.P.,"",NYSE,4911,Electric Services,ifrs-full,6-K,USD,1231,2025,2025-12-31,false,false,"",fail_stale,"sbc,ni_vs_oi,tax_anomaly","",carried_forward,reported,carried_forward,intangibles,365,true,true,false,false,,-2059000000.0,-2813000000.0,fiscal_year,false,1.6109550561797752,-5440000000.0,,,-1399000000.0,,,0.6922116435149056,,true,,,6407000000.0,712000000.0,,1147000000.0,6587000000.0,false,false,false,,,true,false,false,true,101000000.0,2.7162886597938143,false,false,false,"dividends,lease_payments",2024-07-01,2025-06-30,true,,0.11112845325425316,false,,,3970000000.0,6019000000.0,10000000.0,2093000000.0,3492000000.0,,true,FAIL,false,PASS,true,FAIL,,NOT_EVALUABLE,,NOT_EVALUABLE,,,NOT_EVALUABLE,,NOT_EVALUABLE,true,1,insufficient,false,0.10793395702960407,0.10954762887621516,,,,,,,,false,0,,,,-45.639001032259465,falling,6174000000.0,141000000.0,1485000000.0,5097000000.0,false,false,,true,false,false,-3612000000.0,6133000000.0,8000000.0,3328000000.0,1907000000.0,3697000000.0,,2025-06-30,0.25024533856722275,-0.05416012558869702,0.22987551867219916,0.1417004048582996,-0.004159915686587329,0,0.9549180327868853,-8.272727272727273,-4.7745098039215685,-0.865874363327674,-0.1964159719537973,2,false,4435000000.0,,2425000000.0,,,-8647000000.0,2449000000.0,11197000000.0,,,,2026-09-21,PurchaseOfPropertyPlantAndEquipmentClassifiedAsInvestingActivities,EquityAttributableToOwnersOfParent,Goodwill,,ProfitLoss,CashFlowsFromUsedInOperatingActivities,,,-614000000.0,7358000000.0,,2183000000.0,,,,-507000000.0,,,,,,,,,,,,,,,ineligible:gate0_status,,,,true
SLI,1537137,Standard Lithium Ltd.,"",NYSE,2800,Chemicals & Allied Products,ifrs-full,6-K,CAD,1231,2025,2025-12-31,false,false,"",unknown,"income_quality,fcf,sbc",goodwill,never_acquired,never_acquired,reported,"",,false,false,false,true,,352991000.0,252153000.0,fiscal_year,false,,,,,,0.060013983840894965,1.7670597685202087,,,false,,,,-48398000.0,-27389000.0,,,false,false,false,0.0,317000.0,false,false,false,,,,false,false,true,dep_amort,,,false,,,false,,6589000.0,353958000.0,0.0,967000.0,152314000.0,,206372978.0,false,PASS,,NOT_EVALUABLE,,NOT_EVALUABLE,,NOT_EVALUABLE,,NOT_EVALUABLE,,false,PASS,false,PASS,,0,insufficient,false,,,,,,,,,,false,0,,,,,,,,,,false,false,,false,false,false,,,969000.0,253122000.0,32062000.0,,204019502.0,2025-09-30,,,,,,0,,,,,,0,false,,,,,,-29763000.0,,,,,-51488000.0,2026-09-21,,Equity,,IntangibleAssetsOtherThanGoodwill,ProfitLoss,,ProfitLossFromOperatingActivities,AdjustmentsForSharebasedPayments,-3090000.0,,,,,,,,,,,,,,,,,,,,,,ineligible:gate0_status,,,,false
GLDG,1538847,GoldMining Inc.,"",NYSE,1040,Gold and Silver Ores,ifrs-full,40-F,CAD,1130,2025,2025-11-30,false,false,ni_vs_oi,unknown,"income_quality,fcf,sbc","goodwill,intangibles",never_acquired,never_acquired,never_acquired,"",,false,false,false,true,,226793000.0,,fiscal_year,false,,,,,,0.3967342120794806,0.583320651346827,,,false,,,,-15332000.0,-26284000.0,,0.0,false,true,false,0.0,119000.0,false,false,false,,,0.0,false,false,true,,,,false,,,false,,2966000.0,226793000.0,0.0,0.0,24937000.0,,199055992.0,false,PASS,,NOT_EVALUABLE,,NOT_EVALUABLE,,NOT_EVALUABLE,,NOT_EVALUABLE,,true,FAIL,false,PASS,,0,insufficient,false,,,,,,,,,,false,0,,,,,,,,,,false,false,,false,false,false,,,,,,,,,,,,,,,,,,,,,false,,,346000.0,,,2036000.0,,,,,-25415000.0,2026-09-21,PurchaseOfPropertyPlantAndEquipmentClassifiedAsInvestingActivities,EquityAttributableToOwnersOfParent,,,ProfitLoss,,ProfitLossFromOperatingActivities,AdjustmentsForSharebasedPayments,-10083000.0,,,,,,,,,,,,,,,,,,,,,,ineligible:gate0_status,,,,false
MANU,1549107,Manchester United plc,"",NYSE,7900,Services-Amusement & Recreation Services,ifrs-full,6-K,GBP,630,2025,2025-06-30,false,false,"",fail,"","goodwill,intangibles",never_acquired,never_acquired,never_acquired,"",,false,false,false,true,,193733000.0,190740000.0,latest_q,false,-2.2015564909305634,27578000.0,26920000.0,0.0009872260747711226,-550869000.0,0.1674314239612747,1.7918068366793272,,,false,,0.1574904493626083,666514000.0,-33023000.0,-18430000.0,72702000.0,44721000.0,false,false,false,0.0,403000.0,false,false,false,,,,false,false,false,"",2025-01-01,2025-12-31,false,1740000.0,-0.04954584599873371,false,-0.01724241634420675,658000.0,193733000.0,0.0,0.0,86105000.0,636974000.0,170931000.0,false,PASS,true,FAIL,false,PASS,false,PASS,false,PASS,false,false,PASS,false,PASS,,0,3y,false,0.04551517018234841,0.055385936107192446,-0.33282737224003234,,0.530321899865645,-0.16921456533518414,1.4000705055735871,0.1574904493626083,-1.2425800562109788,false,5,-0.027651332155063508,0.010256541221630477,-0.03790787337669398,-2.0993668242971264,rising,655401000.0,-9064000.0,109884000.0,46216000.0,false,false,339000.0,false,false,false,61589000.0,,,190740000.0,44406000.0,777010000.0,172432000.0,2025-12-31,-0.09745470232959448,0.3488599971320683,-0.11984620563794539,-0.04223955712128837,-0.030306076714509533,1,-0.9245062486888243,0.23159697889901112,-0.4220051476399895,0.8121882393181883,0.4556481337482037,1,false,,,,0.0,,-274675000.0,,,,-0.027651332155063508,-39664000.0,2026-09-21,PurchaseOfPropertyPlantAndEquipmentClassifiedAsInvestingActivities,Equity,,,ProfitLoss,CashFlowsFromUsedInOperatingActivities,ProfitLossFromOperatingActivities,AdjustmentsForSharebasedPayments,-6641000.0,,,,0.0,18046000.0,-9602000.0,-538000.0,,,,,,,,,,,,,,,ineligible:gate0_status,,,,false
RDHL,1553846,REDHILL BIOPHARMA LTD.,"",Nasdaq,2834,Pharmaceutical Preparations,ifrs-full,6-K,USD,1231,2024,2024-12-31,false,false,ni_vs_oi,fail,tax_anomaly,goodwill,never_acquired,never_acquired,reported,"",,false,false,false,true,,-10230000.0,-9943000.0,latest_q,false,1.1331640058055152,-10014000.0,-10679000.0,0.08268059181897303,,,0.5657975774994868,,,false,,-0.0008666105481086523,8043000.0,-8268000.0,-14613000.0,-9369000.0,9000.0,false,true,false,,636000.0,false,false,false,false,0.0,0.015306122448979591,false,false,false,"",2024-07-01,2025-06-30,false,411000.0,-1.0279746363297277,false,-0.6932686084142394,665000.0,-4683000.0,0.0,5547000.0,4617000.0,,12322721000.0,true,FAIL,false,PASS,true,FAIL,true,FAIL,false,PASS,false,true,FAIL,,NOT_EVALUABLE,,0,insufficient,false,-0.5456580584199358,0.050363633113921225,,,-0.16561674543762478,-0.15067930298192792,-0.15067930298192792,-0.0008666105481086523,0.14981269243381926,false,0,-1.8168593808280493,-6.867111746940073,5.050252366112024,0.014213736100524047,rising,9550000.0,-9313000.0,-8199000.0,12000.0,false,false,733000.0,false,false,false,-9355000.0,,5531000.0,-4412000.0,2866000.0,83159000.0,18030006000.0,2025-06-30,-0.14677704399590735,,,,,0,0.11412094598169409,,,,,0,false,,,588000.0,,,-9000.0,,9000.0,,-1.8168593808280493,,2026-09-21,PurchaseOfPropertyPlantAndEquipmentClassifiedAsInvestingActivities,Equity,,IntangibleAssetsOtherThanGoodwill,ProfitLoss,CashFlowsFromUsedInOperatingActivities,ProfitLossFromOperatingActivities,AdjustmentsForSharebasedPayments,,,,338000.0,,-10543000.0,,,,,,,,,,,,,,,,,ineligible:gate0_status,,,,false
ADXN,1574232,Addex Therapeutics Ltd,"",Nasdaq,2834,Pharmaceutical Preparations,ifrs-full,20-F,CHF,1231,2025,2025-03-31,false,false,"",unknown,"income_quality,fcf,sbc,ni_vs_oi,tax_anomaly","goodwill,intangibles",never_acquired,never_acquired,never_acquired,"",,true,false,true,true,,8295678.0,7212726.0,latest_q,false,,,,,,,,,,false,,,,,,,,false,false,false,,,true,false,false,,,,false,false,false,"",2024-07-01,2025-06-30,false,7557.0,,false,-1.3905966261881157,,8295678.0,0.0,0.0,,,,false,PASS,,NOT_EVALUABLE,,NOT_EVALUABLE,,NOT_EVALUABLE,,NOT_EVALUABLE,,,NOT_EVALUABLE,,NOT_EVALUABLE,,0,insufficient,false,,,,,-0.45165377831714226,-0.5165813187683848,-0.43564415815504226,,,false,0,,-3.3888423416728046,,,,,-6049734.0,-1440687.0,1273.0,false,false,113808.0,false,false,false,-1563325.0,,,7212726.0,2300994.0,,99440314.0,2025-06-30,,,,,,0,,,,,,0,false,,,,,,,,,,,,2026-09-21,,Equity,,,,,,,,,,81614.0,,-2406985.0,-6149178.0,,,,,,,,,,,,,,,,ineligible:gate0_status,,,,false
EVGN,1574565,EVOGENE LTD.,"",Nasdaq,2870,Agricultural Chemicals,ifrs-full,20-F,USD,1231,2025,2025-12-31,false,false,"tax_anomaly,sbc",fail,"income_quality,ni_vs_oi",goodwill,never_acquired,never_acquired,reported,"",,false,false,false,true,,-82000.0,-3550000.0,fiscal_year,false,,-14163000.0,-14817000.0,0.16973786659745652,,-0.00007408504963698325,,,,false,,-1.8817534431820824,3853000.0,-7827000.0,-14034000.0,-13502000.0,135000.0,false,true,true,5672000.0,526000.0,false,false,false,,,0.11800699300699301,false,false,false,"",2024-07-01,2025-06-30,true,699000.0,,false,-7.455063715627096,654000.0,-82000.0,0.0,0.0,12956000.0,,7874039.0,true,FAIL,,NOT_EVALUABLE,true,FAIL,true,FAIL,true,FAIL,true,,NOT_EVALUABLE,true,FAIL,,0,insufficient,false,0.32006322536588305,0.29943073251681684,,,-6.47972568726668,-0.8854077089066965,-0.8053413377969509,-1.8817534431820824,-1.0764121053851314,false,0,-3.642356605242668,-23.859615384615385,20.217258779372717,0.961263203360388,,6510000.0,-15895000.0,-17618000.0,583000.0,false,false,1098000.0,false,false,false,-19998000.0,,0.0,-3550000.0,8329000.0,,7012031.0,2025-06-30,,,,,,0,,,,,,0,false,,,1144000.0,,,17738000.0,78000.0,135000.0,0.0,-3.642356605242668,-13498000.0,2026-09-21,PurchaseOfPropertyPlantAndEquipmentClassifiedAsInvestingActivities,EquityAttributableToOwnersOfParent,,IntangibleAssetsOtherThanGoodwill,ProfitLoss,CashFlowsFromUsedInOperatingActivities,ProfitLossFromOperatingActivities,AdjustmentsForSharebasedPayments,1000.0,,,1250000.0,,-15498000.0,-11189000.0,9000.0,,,,,,,,,,,,,,,ineligible:gate0_status,,,,false
GP,1584547,GREENPOWER MOTOR COMPANY INC.,"",Nasdaq,3713,Truck & Bus Bodies,ifrs-full,20-F,USD,331,2024,2024-03-31,false,false,"",fail_stale,tax_anomaly,intangibles,carried_forward,carried_forward,never_acquired,goodwill,366,false,false,false,true,,11315987.0,,fiscal_year,false,0.06172712164492262,-2544392.0,-4046504.0,0.038249087342204675,1150891.0,,1.023620431095036,,,false,,-0.1621782824316867,39271839.0,-18342796.0,-17919529.0,-1132248.0,361533.0,false,true,false,,1050611.0,false,false,false,true,-400000.0,0.19453385548664537,false,false,true,,,,false,,-0.46707249945692636,false,-0.8355590109587218,1502112.0,11566819.0,250832.0,0.0,1150891.0,0.0,24950961.0,false,PASS,true,FAIL,true,FAIL,true,FAIL,false,PASS,false,false,PASS,,NOT_EVALUABLE,,0,insufficient,false,0.43513798245166546,,,,-1.0551995958960108,,,-0.1621782824316867,,false,0,-0.45629462373789015,,,0.799358338837053,falling,,,,,false,false,,false,false,false,,,,,,,,,,,,,,,,,,,,,false,,,1858458.0,,,-761533.0,0.0,361533.0,,-0.45629462373789015,,2026-09-21,PurchaseOfPropertyPlantAndEquipmentClassifiedAsInvestingActivities,Equity,,,ProfitLoss,CashFlowsFromUsedInOperatingActivities,ProfitLossFromOperatingActivities,AdjustmentsForSharebasedPayments,0.0,,,,,,,,,,,,,,,,,,,,,,ineligible:gate0_status,,,,false
MDWD,1593984,MEDIWOUND LTD.,"",Nasdaq,2833,Medicinal Chemicals & Botanical Products,ifrs-full,6-K,USD,1231,2025,2025-12-31,false,false,"tax_anomaly,sbc,ni_vs_oi",fail,"",goodwill,never_acquired,never_acquired,reported,"",,false,false,false,true,,43599000.0,20053000.0,fiscal_year,false,0.675112023116546,-22838000.0,-25946000.0,0.18326552273129312,,-0.007127794179671025,0.9451040924562654,,,false,,-2.280652052362702,16959000.0,-23879000.0,-25266000.0,-16121000.0,5505000.0,false,false,false,0.0,1212000.0,false,false,false,true,-14036000.0,2.9596774193548385,false,false,false,"",2024-07-01,2025-06-30,true,1007000.0,-1.4080429270593784,false,-0.8182596596382319,3108000.0,43632000.0,0.0,33000.0,4799000.0,,11376571.0,false,PASS,true,FAIL,true,FAIL,true,FAIL,true,FAIL,true,true,FAIL,true,FAIL,,0,insufficient,false,-0.13819969849645586,-0.048658821122138596,,,-3.025223833879178,,,-2.280652052362702,,false,0,-1.4898284096939678,-0.40619399898910996,-1.0836344107048579,0.8946996010348359,falling,19858000.0,-28234000.0,-15259000.0,4006000.0,false,false,3574000.0,false,false,false,-23846000.0,,66000.0,20119000.0,1059000.0,,10816990.0,2025-06-30,0.5040973429351875,-0.229321446260525,0.08461868037703513,,,0,0.6531732418524872,-4.333333333333333,-0.2312685459940653,,,0,false,,,1860000.0,,,-17950000.0,1591000.0,5505000.0,,-1.4898284096939678,-23710000.0,2026-09-21,PurchaseOfPropertyPlantAndEquipmentClassifiedAsInvestingActivities,Equity,,IntangibleAssetsOtherThanGoodwill,ProfitLoss,CashFlowsFromUsedInOperatingActivities,ProfitLossFromOperatingActivities,AdjustmentsForSharebasedPayments,169000.0,,,1510000.0,,-22123000.0,-28152000.0,82000.0,,,,,,,,,,,,,,,ineligible:gate0_status,,,,false
IPHA,1598599,Innate Pharma SA,"",Nasdaq,2836,"Biological Products, (No Diagnostic Substances)",ifrs-full,20-F,EUR,1231,2025,2025-12-31,false,false,"tax_anomaly,sbc,ni_vs_oi",fail,"",goodwill,never_acquired,never_acquired,reported,"",,false,false,false,true,,-21704000.0,5144000.0,fiscal_year,true,1.072757589930252,-52895000.0,-55462000.0,0.2850638534147696,,-0.0,0.9105502888460969,,,false,,-0.6190577109413031,9005000.0,-49177000.0,-54008000.0,-52755000.0,140000.0,false,true,false,0.0,,true,false,false,,,0.10115606936416185,false,false,false,"",2024-07-01,2025-06-30,true,,-5.461077179344809,false,-0.20552878765756558,2567000.0,-21704000.0,0.0,0.0,28092000.0,,89591001.0,true,FAIL,false,PASS,true,FAIL,true,FAIL,true,FAIL,true,true,FAIL,true,FAIL,,0,insufficient,false,-0.4615221031027038,-0.33601347764141865,,,-0.30059081244100155,-0.6986638113201046,0.445788643932228,-0.6190577109413031,-1.0648463548735312,false,0,-5.997556912826208,0.015464434666704887,-6.013021347492913,1.837736396684137,falling,12636000.0,-46051000.0,-41096000.0,166000.0,false,false,3793000.0,false,false,false,-45055000.0,,0.0,5144000.0,53704000.0,,86936945.0,2025-06-30,,,,,,0,,,,,,0,false,,,1384000.0,,,7289000.0,,,,-5.997556912826208,-49177000.0,2026-09-21,PurchaseOfPropertyPlantAndEquipmentClassifiedAsInvestingActivities,Equity,,IntangibleAssetsOtherThanGoodwill,ProfitLoss,CashFlowsFromUsedInOperatingActivities,ProfitLossFromOperatingActivities,AdjustmentsForSharebasedPayments,0.0,,,1559000.0,,-50689000.0,-46051000.0,0.0,,,,,,,,,,,,,,,ineligible:gate0_status,,,,false
GLOP-PA,1598655,GasLog Partners LP,"",NYSE,4400,Water Transportation,ifrs-full,20-F,USD,1231,2025,2025-12-31,false,false,"",fail,"sbc,tax_anomaly","goodwill,intangibles",never_acquired,never_acquired,never_acquired,"",,true,false,true,true,,1094831000.0,921927000.0,fiscal_year,false,-9.512306470821756,132818000.0,,,,,1.3262257321487332,,,false,,,278217000.0,-20152000.0,-15195000.0,191692000.0,16095000.0,false,true,false,,42779000.0,false,false,false,true,51395000.0,0.15308160547840974,false,false,true,"capex,dep_amort,dividends,lease_payments,net_income,ocf,operating_income,revenue,sbc",,,false,,-0.07243266946304504,false,0.49428410559071784,,1094831000.0,0.0,0.0,5221000.0,,,false,PASS,true,FAIL,false,PASS,,NOT_EVALUABLE,,NOT_EVALUABLE,,false,PASS,,NOT_EVALUABLE,,0,insufficient,false,-0.09150337490040894,-0.03569285884349882,,,,,,,,false,0,-0.05461564174726922,0.3670780610318226,-0.42169370277909185,-1.9442026482761614,falling,,,,,false,false,,false,false,false,,,,921927000.0,147272000.0,1036144000.0,,2022-06-30,,-0.08013724742661076,-0.16691928760894278,0.20710143279508755,,1,,,,,,0,false,,,105140000.0,130220000.0,,35300000.0,,16095000.0,,-0.05461564174726922,,2026-09-21,PurchaseOfPropertyPlantAndEquipmentClassifiedAsInvestingActivities,Equity,,,ProfitLoss,CashFlowsFromUsedInOperatingActivities,ProfitLossFromOperatingActivities,,,,,,,,,,,,,,,,,,,,,,,,ineligible:gate0_status,,,,false
CYTOF,1601936,Altamira Therapeutics Ltd.,"",OTC,2834,Pharmaceutical Preparations,ifrs-full,6-K,CHF,1231,2024,2025-04-03,false,false,"",fail,"sbc,tax_anomaly",goodwill,never_acquired,never_acquired,reported,"",,false,false,false,true,,1938034.0,-553260.0,latest_q,true,0.7228339033038109,-6316634.0,-6848715.0,,698624.0,,1.2345430113412605,,,false,,-2.418076269489909,,-8457748.0,-6850914.0,-6113547.0,103087.0,false,false,false,,100000.0,false,false,false,,,0.8113636721394053,false,false,false,"pretax_income,revenue,tax_expense",2023-07-01,2024-06-30,true,110408.0,,false,-61.720404036437884,532081.0,6565106.0,0.0,4627072.0,998624.0,300000.0,2832299.0,true,FAIL,true,FAIL,true,FAIL,true,FAIL,,NOT_EVALUABLE,,false,PASS,,NOT_EVALUABLE,,0,insufficient,false,,,,,,,,-2.418076269489909,,false,0,,,,1.848952191047576,,,-5652928.0,-4293911.0,,false,true,539266.0,false,false,false,,,4627072.0,4073812.0,3755.0,,5017091.0,2025-06-30,,,,,,0,,,,,,0,false,,,127054.0,,,-115341.0,3326.0,103087.0,,,-8457748.0,2026-09-21,PurchaseOfPropertyPlantAndEquipmentClassifiedAsInvestingActivities,EquityAttributableToOwnersOfParent,,IntangibleAssetsOtherThanGoodwill,ProfitLoss,CashFlowsFromUsedInOperatingActivities,ProfitLossFromOperatingActivities,AdjustmentsForSharebasedPayments,,,,,,-5562496.0,,,,,,,,,,,,,,,,,ineligible:gate0_status,,,,false
CMBT,1604481,CMB.TECH NV,"",NYSE,4412,Deep Sea Foreign Transportation of  Freight,ifrs-full,20-F,USD,1231,2024,2024-12-31,false,false,tax_anomaly,fail,fcf,"",reported,reported,reported,"",,false,false,false,true,,1176137000.0,1138306000.0,latest_q,false,0.527157372173277,,,0.0,-2583386000.0,0.002169075604831779,0.8686990878366246,1.2258706763974534,,false,,,940246000.0,870829138.0,1002452000.0,459064000.0,,false,false,false,138.0,33879000.0,false,false,false,true,518109000.0,,false,false,false,"",2023-07-01,2024-06-30,true,11274000.0,0.9261715955186196,false,0.34431341256088616,0.0,1192324000.0,0.0,16187000.0,38869000.0,2622255000.0,194216835.0,false,PASS,true,FAIL,,NOT_EVALUABLE,,NOT_EVALUABLE,false,PASS,false,false,PASS,true,FAIL,,0,insufficient,false,0.3084085268163663,0.005521864555692257,,,,0.9312492339286901,0.9312492339286901,,,false,0,1.0661592817198904,0.21384131162738831,0.8523179700925021,0.920139698582653,falling,1070721000.0,223998138.0,281797000.0,,false,true,4796000.0,false,false,false,,172350000.0,16675000.0,1327331000.0,155048000.0,5641722000.0,194216835.0,2025-06-30,,,,,,0,,,,,,0,false,1152620000.0,126913000.0,163148000.0,1126683000.0,,-680230000.0,822000.0,1199161000.0,,1.0661592817198904,872722000.0,2026-09-21,,EquityAttributableToOwnersOfParent,Goodwill,IntangibleAssetsOtherThanGoodwill,ProfitLoss,CashFlowsFromUsedInOperatingActivities,ProfitLossFromOperatingActivities,ExpenseFromSharebasedPaymentTransactionsWithEmployees,1893000.0,1101631000.0,,245386000.0,228747000.0,491556000.0,224367000.0,369000.0,,,,,,,,,,,,,,,ineligible:gate0_status,,,,false
STLA,1605484,Stellantis N.V.,"",NYSE,3711,Motor Vehicles & Passenger Car Bodies,ifrs-full,20-F,EUR,1231,2025,2025-12-31,false,false,ni_vs_oi,fail,"tangible_book,sbc","",unresolved,unresolved,unresolved,"",,true,true,false,false,,,,none,false,0.20822138635142395,-13504000000.0,,,-15801000000.0,0.1606089080999812,0.8506132398872552,0.00276858535060062,,false,,,153508000000.0,-22332000000.0,-26254000000.0,-4650000000.0,7987000000.0,false,false,false,0.0,867000000.0,false,false,false,,,1.1441054290216301,false,false,true,,,,false,,-0.14547776011673658,false,0.11805174524121048,,53551000000.0,,,30146000000.0,45947000000.0,2886684000.0,,NOT_EVALUABLE,true,FAIL,true,FAIL,,NOT_EVALUABLE,,NOT_EVALUABLE,,true,FAIL,false,PASS,,0,insufficient,false,-0.05096693860387458,0.26357983130500995,,,,,,,,false,0,-0.17102691716392632,0.06316098707403055,-0.23418790423795688,0.48342475028625587,falling,,,,,false,false,,false,false,false,,,,,,,,,,,,,,,,,,,,,false,425000000.0,,6981000000.0,,,-5897000000.0,,,,-0.17102691716392632,-26605000000.0,2026-09-21,PurchaseOfPropertyPlantAndEquipmentIntangibleAssetsOtherThanGoodwillInvestmentPropertyAndOtherNoncurrentAssets,EquityAttributableToOwnersOfParent,,,ProfitLoss,CashFlowsFromUsedInOperatingActivities,ProfitLossFromOperatingActivities,,-4273000000.0,,,,,,,,,,,,,,,,,,,,,,ineligible:gate0_status,,,,false
SPRC,1611746,SCISPARC LTD.,"",Nasdaq,2834,Pharmaceutical Preparations,ifrs-full,6-K,USD,1231,2024,2024-12-31,false,false,"tax_anomaly,sbc",fail,fcf,goodwill,never_acquired,never_acquired,reported,"",,false,false,false,true,,6675000.0,-2165000.0,latest_q,true,0.683083511777302,,,0.43568147013782543,,0.0018701576275714667,1.0213231273920176,,,false,,,1306000.0,-7472000.0,-7316000.0,-5104000.0,,false,false,false,0.0,54000.0,false,false,false,true,-1025000.0,,false,false,false,"",2024-07-01,2025-06-30,false,36000.0,-5.721286370597244,false,-6.1521900519673345,569000.0,8154000.0,0.0,1479000.0,1540000.0,,277380.0,true,FAIL,true,FAIL,,NOT_EVALUABLE,,NOT_EVALUABLE,true,FAIL,true,false,PASS,true,FAIL,,0,insufficient,false,,,,,-65.29113924050633,,,,,false,0,-5.601837672281777,,,1.579387195044559,falling,927000.0,-13205000.0,-4768000.0,,false,true,809000.0,false,false,false,,,1383000.0,-782000.0,1545000.0,,,2025-06-30,,,,,,0,,,,,,0,false,,,482000.0,,,-1625000.0,,600000.0,,-5.601837672281777,-7486000.0,2026-09-21,,EquityAttributableToOwnersOfParent,,IntangibleAssetsOtherThanGoodwill,ProfitLoss,CashFlowsFromUsedInOperatingActivities,ProfitLossFromOperatingActivities,AdjustmentsForSharebasedPayments,-14000.0,,,452000.0,,-6502000.0,-13214000.0,4000.0,,,,,,,,,,,,,,,ineligible:gate0_status,,,,false
ASND,1612042,Ascendis Pharma A/S,"",Nasdaq,2834,Pharmaceutical Preparations,ifrs-full,6-K,EUR,1231,2025,2025-12-31,false,false,"tax_anomaly,sbc",fail,"tangible_book,fcf",intangibles,unresolved,unresolved,never_acquired,"",,false,false,false,true,,,-177570000.0,none,false,-0.23635510494049133,,,0.16131903595451946,-104221000.0,-0.07233918486158071,1.6733861203043934,,,false,,,720132000.0,-228034000.0,-136271000.0,53897000.0,,false,false,false,0.0,,true,false,false,,,,false,true,false,"capex,lease_payments",2024-10-01,2025-09-30,true,,-0.31665583531908037,false,-1.707949969630846,116171000.0,-162821000.0,,0.0,616041000.0,720262000.0,60607131.0,,NOT_EVALUABLE,true,FAIL,,NOT_EVALUABLE,,NOT_EVALUABLE,true,FAIL,true,false,PASS,true,FAIL,,0,insufficient,false,1.4142796941541045,1.5295774209203619,,,-10.356793833933578,-6.901935273000155,-4.786798988931999,,,false,0,-0.18923058550376876,-47.55069754062994,47.36146695512617,0.5147507549484872,falling,646548000.0,-232941000.0,-106677000.0,,false,true,112437000.0,false,false,false,,3495000.0,,-174075000.0,539092000.0,935028000.0,60412419.0,2025-09-30,0.2040013323895574,0.05276659645024715,3.3903827990443913,2.6939809451351304,1.0807555040830863,0,,,,,,0,false,,17396000.0,,,,-8485000.0,,,,-0.18923058550376876,-212651000.0,2026-09-21,,Equity,,,ProfitLoss,CashFlowsFromUsedInOperatingActivities,ProfitLossFromOperatingActivities,AdjustmentsForSharebasedPayments,15383000.0,,,,,-145784000.0,-223330000.0,9611000.0,,,,,,,,,,,,,,,ineligible:gate0_status,,,,false
PRQR,1612940,ProQR Therapeutics N.V.,"",Nasdaq,2834,Pharmaceutical Preparations,ifrs-full,6-K,EUR,1231,2025,2025-12-31,false,false,"tax_anomaly,sbc,ni_vs_oi",fail,"","goodwill,intangibles",never_acquired,never_acquired,never_acquired,"",,false,false,false,true,,49374000.0,57071000.0,fiscal_year,false,1.2514460458941778,-55716000.0,-59730000.0,0.2523576009053187,87541000.0,-0.00045061069607494367,0.9709524467154629,,,false,,-0.5670514512183332,15906000.0,-42184000.0,-43446000.0,-52791000.0,1020000.0,false,false,false,0.0,1905000.0,false,false,false,,,0.37735849056603776,false,false,false,dep_amort,2024-10-01,2025-09-30,true,1557000.0,-2.652080975732428,false,-4.890850475898065,4014000.0,49374000.0,0.0,0.0,92413000.0,4872000.0,105334357.0,false,PASS,false,PASS,true,FAIL,true,FAIL,true,FAIL,true,true,FAIL,true,FAIL,,0,insufficient,false,0.6418279137802123,,,,-1.0295596932523772,-1.1271746533424063,-1.3382721315300803,-0.5670514512183332,0.7712206803117471,false,0,-2.731422104866088,,,0.5951223173189399,rising,15525000.0,-42569000.0,-48782000.0,627000.0,false,false,3352000.0,false,false,false,-54318000.0,,,57071000.0,106883000.0,4800000.0,105328752.0,2025-09-30,1.8051094890510948,0.015505617977528089,-0.3946074544012688,-0.25006505334374185,-0.6575636699563308,1,0.24264049955396966,-0.009959657085224408,-0.7632990955082017,-1.0871613663133097,-0.4742745036024815,0,false,,,2703000.0,,,-1020000.0,,,,-2.731422104866088,-42165000.0,2026-09-21,PurchaseOfPropertyPlantAndEquipmentClassifiedAsInvestingActivities,EquityAttributableToOwnersOfParent,,,ProfitLoss,CashFlowsFromUsedInOperatingActivities,ProfitLossFromOperatingActivities,AdjustmentsForSharebasedPayments,19000.0,,,,,-44430000.0,-42551000.0,18000.0,,,,,,,,,,,,,,,ineligible:gate0_status,,,,false
PPBT,1614744,PURPLE BIOTECH LTD.,"",Nasdaq,2834,Pharmaceutical Preparations,ifrs-full,20-F,USD,1231,2025,2025-12-31,false,false,"",fail,"sbc,ni_vs_oi,tax_anomaly",goodwill,never_acquired,never_acquired,reported,"",,false,false,false,true,,2354000.0,4816000.0,fiscal_year,false,0.21349841461573305,-5876000.0,-6185000.0,,,,,,,false,,-0.0064419920710503415,,-26492000.0,,-5656000.0,3000.0,false,false,false,,217000.0,false,false,false,true,-9000.0,,false,false,true,,,,false,,,false,,309000.0,9714000.0,0.0,7360000.0,8717000.0,,960106739.0,false,PASS,true,FAIL,true,FAIL,true,FAIL,,NOT_EVALUABLE,,,NOT_EVALUABLE,,NOT_EVALUABLE,,0,insufficient,false,,,,,-21.390315180287903,0.019391113809055616,-0.14493364238741593,-0.0064419920710503415,0.1384916503163656,false,0,,-12.612,,1.0615518510198407,falling,,,,,false,false,,false,false,false,,,6172000.0,10988000.0,2757000.0,,19183303.0,2019-06-30,,,,,,0,,,,,,0,false,,,,,,632000.0,644000.0,3000.0,,,,2026-09-21,PurchaseOfPropertyPlantAndEquipmentClassifiedAsInvestingActivities,EquityAttributableToOwnersOfParent,,IntangibleAssetsOtherThanGoodwill,ProfitLoss,CashFlowsFromUsedInOperatingActivities,,AdjustmentsForSharebasedPayments,,,,,,,,,,,,,,,,,,,,,,,ineligible:gate0_status,,,,false
OGI,1620737,ORGANIGRAM HOLDINGS INC.,"",Nasdaq,2834,Pharmaceutical Preparations,ifrs-full,40-F,CAD,930,2024,2024-09-30,false,false,tax_anomaly,fail_stale,"",goodwill,carried_forward,never_acquired,carried_forward,intangibles,366,false,false,false,true,,295365000.0,,fiscal_year,false,-0.0852112676056338,-2099000.0,-9281000.0,0.044932151325379595,,-0.0,1.2738639230747666,,,false,,-0.09739343334036527,159841000.0,-45440000.0,-35671000.0,3872000.0,4731000.0,false,false,false,0.0,1240000.0,false,true,false,,,0.39167149598476697,false,false,true,,,,false,,-0.2842825057400792,false,-0.2959419514570431,7182000.0,305989000.0,0.0,10624000.0,,25000.0,95293899.0,false,PASS,true,FAIL,true,FAIL,true,FAIL,false,PASS,false,false,PASS,true,FAIL,,0,insufficient,false,0.2639269707255276,0.14728782431251508,,,-0.17930662404913197,-1.126421060008491,-1.126421060008491,-0.09739343334036527,1.0290276266681257,false,0,-0.22316552073623164,0.06823523559623444,-0.2914007563324661,0.8686751072231736,falling,,,,,false,false,,false,false,false,,,,,,,,,,,,,,,,,,,,,false,,,12079000.0,,,-38770000.0,,,,-0.22316552073623164,-45440000.0,2026-09-21,PurchaseOfPropertyPlantAndEquipmentClassifiedAsInvestingActivities,Equity,,,ProfitLoss,CashFlowsFromUsedInOperatingActivities,ProfitLossFromOperatingActivities,AdjustmentsForSharebasedPayments,0.0,,,,,,,,,,,,,,,,,,,,,,ineligible:gate0_status,,,,false
OR,1627272,OR ROYALTIES INC.,"",NYSE,1040,Gold and Silver Ores,ifrs-full,40-F,CAD,1231,2025,2025-12-31,false,false,ni_vs_oi,unknown,fcf,intangibles,never_acquired,reported,never_acquired,"",,false,false,false,true,,1350907000.0,,fiscal_year,false,1.1917045145762974,,,0.030241194072899016,,0.14622698179257204,1.0473813940487384,,,false,,,277370000.0,206088000.0,196765000.0,245596000.0,,false,false,false,0.0,1024000.0,false,false,false,,,,false,false,true,,,,false,,0.7430075350614702,false,0.35181849935599363,8388000.0,1432041000.0,81134000.0,0.0,,0.0,187775000.0,false,PASS,false,PASS,,NOT_EVALUABLE,,NOT_EVALUABLE,false,PASS,false,true,FAIL,false,PASS,,0,insufficient,false,0.08391332463604395,0.053608945324403745,,,,,,,,false,0,0.7093953924360962,0.19521134672096616,0.51418404571513,2.4413351242334365,rising,,,,,false,false,,false,false,false,,,,,,,,,,,,,,,,,,,,,false,,36673000.0,36990000.0,34861000.0,,1352000.0,48779000.0,12599000.0,,0.7093953924360962,241385000.0,2026-09-21,,Equity,Goodwill,,ProfitLoss,CashFlowsFromUsedInOperatingActivities,ProfitLossFromOperatingActivities,AdjustmentsForSharebasedPayments,35297000.0,,,,,,,,,,,,,,,,,,,,,,ineligible:gate0_status,,,,false
CLLS,1627281,Cellectis S.A.,"",Nasdaq,2836,"Biological Products, (No Diagnostic Substances)",ifrs-full,20-F,USD,1231,2025,2025-12-31,false,false,tax_anomaly,fail,"",goodwill,never_acquired,never_acquired,reported,"",,false,false,false,true,,75366000.0,,fiscal_year,false,0.5829153906469605,-52575000.0,-58685000.0,0.08375714540295275,,0.006219124911785463,2.043566332083686,,,false,,-0.5852156331882572,72949000.0,-67593000.0,-33076000.0,-39401000.0,2360000.0,false,true,false,0.0,10814000.0,false,false,false,,,0.11763533047552586,false,false,true,,,,false,,-0.9265788427531563,false,-128.87682119205297,6110000.0,75901000.0,0.0,535000.0,61533000.0,,100279276.0,false,PASS,true,FAIL,true,FAIL,true,FAIL,false,PASS,false,false,PASS,true,FAIL,,0,insufficient,false,0.5611987392507256,0.07397163189795997,,,-2.347644349697641,-3.272722798223871,-2.64661514679657,-0.5852156331882572,2.061399513608313,false,0,-0.45341265815843945,-0.8287012554595844,0.37528859730114494,0.06191505573560874,rising,,,,,false,false,,false,false,false,,,,,,,,,,,,,,,,,,,,,false,,,20062000.0,,,-29484000.0,,163310000.0,133669000.0,-0.45341265815843945,-68016000.0,2026-09-21,PurchaseOfPropertyPlantAndEquipmentClassifiedAsInvestingActivities,EquityAttributableToOwnersOfParent,,IntangibleAssetsOtherThanGoodwill,ProfitLoss,CashFlowsFromUsedInOperatingActivities,ProfitLossFromOperatingActivities,AdjustmentsForSharebasedPayments,-423000.0,,,,,,,,,,,,,,,,,,,,,,ineligible:gate0_status,,,,false
GSM,1639877,Ferroglobe PLC,"",Nasdaq,1000,Metal Mining,ifrs-full,20-F,USD,1231,2025,2025-12-31,false,false,tax_anomaly,fail,"","",reported,reported,reported,"",,false,false,false,true,,450463000.0,,fiscal_year,false,-0.29057319662134695,-26424000.0,-28238000.0,0.0013586783519995566,-17200000.0,-0.014131604864753441,1.327109106303903,,0.020852042623852072,false,-0.16608824987605356,-0.1499145190470357,1335121000.0,-177112000.0,-133457000.0,51464000.0,61703000.0,false,false,false,0.0,16185000.0,false,true,false,true,-15119000.0,0.7263363586067262,false,false,true,,,,false,,-0.13265614127858075,false,0.11935511631881525,1814000.0,595617000.0,12472000.0,132682000.0,122812000.0,140012000.0,188360675.0,false,PASS,true,FAIL,true,FAIL,true,FAIL,false,PASS,false,false,PASS,true,FAIL,false,0,insufficient,false,-0.199001245546497,0.03130227321572776,,,1.7860330633111383,,,-0.1499145190470357,,false,0,-0.09995873033230696,-0.16108399435878346,0.0611252640264765,4.40527025251523,falling,,,,,false,false,,false,false,false,,,,,,,,,,,,,,,,,,,,,false,,4690000.0,84951000.0,10451000.0,27840000.0,-73132000.0,5246000.0,63259000.0,,-0.09995873033230696,-174644000.0,2026-09-21,PurchaseOfPropertyPlantAndEquipmentClassifiedAsInvestingActivities,EquityAttributableToOwnersOfParent,Goodwill,IntangibleAssetsOtherThanGoodwill,ProfitLoss,CashFlowsFromUsedInOperatingActivities,ProfitLossFromOperatingActivities,AdjustmentsForSharebasedPayments,2468000.0,,,,,,,,,,,,,,,,,,,,,,ineligible:gate0_status,,,,false
FFMGF,1641229,FIRST MINING GOLD CORP.,"",OTC,1040,Gold and Silver Ores,ifrs-full,40-F,CAD,1231,2025,2025-12-31,false,false,tax_anomaly,fail,"fcf,sbc","goodwill,intangibles",never_acquired,never_acquired,never_acquired,"",,false,false,false,true,,218053000.0,,fiscal_year,false,0.09488058111628743,,,,,-0.018170133944884766,4.964891041162228,,,false,,,,-77919000.0,-15694000.0,-7393000.0,-151000.0,true,true,false,2884000.0,-46000.0,false,false,false,,,,false,false,true,,,,false,,,false,,1595000.0,218053000.0,0.0,0.0,43346000.0,,1179315682.0,false,PASS,true,FAIL,,NOT_EVALUABLE,,NOT_EVALUABLE,,NOT_EVALUABLE,,false,PASS,true,FAIL,,0,insufficient,false,,,,,,,,,,false,0,,,,0.09488058111628743,,,,,,false,false,,false,false,false,,,,,,,,,,,,,,,,,,,,,false,,,,,,-14264000.0,,,,,-79361000.0,2026-09-21,PurchaseOfPropertyPlantAndEquipmentClassifiedAsInvestingActivities,Equity,,,ProfitLoss,CashFlowsFromUsedInOperatingActivities,ProfitLossFromOperatingActivities,AdjustmentsForSharebasedPayments,1442000.0,,,,,,,,,,,,,,,,,,,,,,ineligible:gate0_status,,,,false
BDRX,1643918,Biodexa Pharmaceuticals PLC,"",Nasdaq,2834,Pharmaceutical Preparations,ifrs-full,20-F,GBP,1231,2025,2025-12-31,false,false,"tax_anomaly,ni_vs_oi",fail,"tangible_book,sbc","",unresolved,unresolved,unresolved,"",,false,false,false,true,,,,none,false,0.8757832080200502,-5593000.0,-5763000.0,,8473000.0,0.016181229773462782,0.7384615384615385,,,false,,-0.00010504717448012304,,-6384000.0,-8645000.0,-5591000.0,2000.0,false,false,false,0.0,,true,false,false,,,,false,false,false,"",2024-07-01,2025-06-30,true,,,false,-21.034120734908136,170000.0,11405000.0,,,8534000.0,61000.0,54861066264.0,,NOT_EVALUABLE,false,PASS,true,FAIL,true,FAIL,,NOT_EVALUABLE,,true,FAIL,true,FAIL,,0,insufficient,false,,,,,-1.4996581200386176,-4.371615312791783,-0.3445061336821274,-0.00010504717448012304,0.3444010865076473,false,0,,-67.17201166180757,,1.3267359247633623,falling,,-5231000.0,-10758000.0,,false,true,230000.0,false,false,false,,,,8727000.0,5055000.0,174000.0,25267266823.0,2024-06-30,,,,,,0,,,,,,0,false,,,,,,-583000.0,,,,,-6489000.0,2026-09-21,PurchaseOfPropertyPlantAndEquipmentClassifiedAsInvestingActivities,Equity,,,ProfitLoss,CashFlowsFromUsedInOperatingActivities,ProfitLossFromOperatingActivities,AdjustmentsForSharebasedPayments,-105000.0,,,,,-8992000.0,-6517000.0,-290000.0,,,,,,,,,,,,,,,ineligible:gate0_status,,,,false
TRLEF,1648636,TRILLION ENERGY INTERNATIONAL INC.,"",OTC,1311,Crude Petroleum & Natural Gas,ifrs-full,10-Q,USD,1231,2024,2024-12-31,false,false,"tax_anomaly,sbc",fail,ni_vs_oi,"goodwill,intangibles",never_acquired,never_acquired,never_acquired,"",,false,false,false,true,,14149208.0,12701197.0,fiscal_year,false,0.623875599459372,-5733367.0,-6791589.0,0.1511565190214426,-4762770.0,-0.3022718193651861,,,,false,,-0.047720965710727384,7000836.0,-9128642.0,,-5695137.0,15309.0,false,true,false,1413949.0,22921.0,false,false,false,true,792444.0,0.17514415156507412,false,false,true,"capex,dep_amort,lease_payments,net_income,ocf,operating_income,pretax_income,revenue,sbc",,,false,,-1.3039359870735439,false,,1058222.0,14149208.0,0.0,0.0,599208.0,5361978.0,142318767.0,false,PASS,true,FAIL,true,FAIL,true,FAIL,true,FAIL,true,,NOT_EVALUABLE,true,FAIL,,0,insufficient,false,0.23676623050564638,0.12322277953194982,,,-0.0782203912076993,,,-0.047720965710727384,,false,0,,-0.4324626979066086,,-0.2624045374501484,rising,,,,,false,false,,false,false,false,,,,12701197.0,697780.0,121445.0,385226459.0,2023-06-30,,,5.06332618078678,,,0,,,11.44693467477904,,,0,false,,,87408.0,,,777135.0,,15309.0,,,-8095538.0,2026-09-21,PurchaseOfPropertyPlantAndEquipmentClassifiedAsInvestingActivities,Equity,,,ProfitLoss,CashFlowsFromUsedInOperatingActivities,,ExpenseFromSharebasedPaymentTransactionsWithEmployees,2447053.0,,,,,,,,,,,,,,,,,,,,,,ineligible:gate0_status,,,,false
CHAI,1649009,"CORE AI HOLDINGS, INC.","",Nasdaq,4812,Radiotelephone Communications,ifrs-full,6-K,USD,1231,2025,2025-12-31,false,false,tax_anomaly,fail_stale,"income_quality,fcf,sbc,ni_vs_oi","",carried_forward,reported,carried_forward,intangibles,365,true,false,true,true,,-19192877.0,-8638058.0,fiscal_year,false,,,,,,-0.0011712747582626009,,-0.00001059018292938906,,false,,,55239839.0,-31591331.0,-7117460.0,-6651267.0,,false,false,true,24406129.0,,true,false,false,true,3008812.0,,false,false,false,sbc,2024-10-01,2025-09-30,true,331459.0,,false,-1.278019472384163,,3101659.0,14009500.0,8285036.0,1931174.0,,,true,FAIL,,NOT_EVALUABLE,,NOT_EVALUABLE,,NOT_EVALUABLE,,NOT_EVALUABLE,,,NOT_EVALUABLE,true,FAIL,,1,insufficient,false,1.0425990981767361,0.5594391122857731,,,-102616.17469879518,-54.746576677299906,,,,false,0,-0.12884650152582813,,,0.3936155282789283,,32953506.0,3006861.0,129037.0,20500.0,false,false,,true,false,true,108537.0,,10067545.0,15438987.0,3510499.0,1642477.0,1674579.0,2025-09-30,,1.7959140942809284,,,,0,,,,,,0,false,-585.0,,,,,3009397.0,,-585.0,,-0.12884650152582813,-7176796.0,2026-09-21,,StockholdersEquity,Goodwill,,NetIncomeLoss,NetCashProvidedByUsedInOperatingActivities,OperatingIncomeLoss,,8406.0,,,1652248.0,,-1450416.0,-3749436.0,,,,,,,,,,,,,,,,ineligible:gate0_status,,,,false
BWLP,1649313,BW LPG Ltd,"",NYSE,4700,Transportation Services,ifrs-full,20-F,USD,1231,2025,2025-12-31,false,false,tax_anomaly,unknown,"tangible_book,sbc","",unresolved,unresolved,reported,"",,false,false,false,true,,,,none,false,1.958513829298853,283278000.0,281525000.0,,-611094000.0,0.04672106873745517,0.8323880614168161,,,false,0.009729153716366219,1.859404515012615,,289711000.0,348048000.0,567403000.0,182295000.0,false,false,false,0.0,101830000.0,false,false,false,true,7525000.0,0.7133130641999366,true,false,false,"",2024-07-01,2025-06-30,true,104777000.0,,false,,1753000.0,1830002000.0,,356000.0,242009000.0,853103000.0,151406000.0,,NOT_EVALUABLE,false,PASS,false,PASS,false,PASS,,NOT_EVALUABLE,,false,PASS,true,FAIL,,0,3y,true,,,-0.1468978264041072,,2.994820075546749,,,1.859404515012615,,false,4,,,,1.632340430367184,rising,,270209000.0,551676000.0,757797000.0,false,false,1882000.0,false,false,false,-312780000.0,,374000.0,1766092000.0,320952000.0,1025562000.0,,2025-06-30,,,,,,0,,,,,,0,false,,2739000.0,255561000.0,240975000.0,,-39427000.0,135431000.0,182383000.0,,,303910000.0,2026-09-21,PurchaseOfPropertyPlantAndEquipmentClassifiedAsInvestingActivities,EquityAttributableToOwnersOfParent,,IntangibleAssetsOtherThanGoodwill,ProfitLoss,CashFlowsFromUsedInOperatingActivities,ProfitLossFromOperatingActivities,AdjustmentsForSharebasedPayments,14199000.0,,,231531000.0,,324359000.0,294252000.0,24043000.0,,,,,,,,,,,,,,,ineligible:gate0_status,,,,false
NMG,1649752,Nouveau Monde Graphite Inc.,"",NYSE,1090,Miscellaneous Metal Ores,ifrs-full,40-F,CAD,1231,2025,2025-12-31,false,false,tax_anomaly,fail,"tangible_book,sbc",goodwill,unresolved,never_acquired,unresolved,"",,false,false,false,true,,,,none,false,0.40095267976839044,-56476000.0,-60766000.0,,73176000.0,-0.0038176317321549575,1.7621720336427302,,,false,,-0.39451229668716664,,-105177000.0,-59686000.0,-42171000.0,13678000.0,false,false,false,0.0,627000.0,false,false,false,,,1.8627264061010487,false,false,true,"net_income,ocf",,,false,,,false,,4290000.0,79848000.0,0.0,,73940000.0,764000.0,154028152.0,,NOT_EVALUABLE,true,FAIL,true,FAIL,true,FAIL,,NOT_EVALUABLE,,false,PASS,true,FAIL,,0,insufficient,false,,,,,-1.4505409614379232,-0.8306734107588717,,-0.39451229668716664,,false,0,,,,0.6052363977711691,falling,,,,,false,false,,false,false,false,,,,98571000.0,,2014000.0,39411021.0,2021-09-30,,,,,,0,,,,,,0,false,,,7343000.0,,,-13678000.0,,,,,-104777000.0,2026-09-21,PurchaseOfPropertyPlantAndEquipmentClassifiedAsInvestingActivities,Equity,,,ProfitLoss,CashFlowsFromUsedInOperatingActivities,ProfitLossFromOperatingActivities,AdjustmentsForSharebasedPayments,400000.0,,,,,,,,,,,,,,,,,,,,,,ineligible:gate0_status,,,,false
ACIU,1651625,AC IMMUNE SA,"",Nasdaq,2834,Pharmaceutical Preparations,ifrs-full,6-K,CHF,1231,2025,2025-12-31,false,false,"tax_anomaly,sbc",fail,"",goodwill,never_acquired,never_acquired,reported,"",,false,false,false,true,,-5532000.0,24327000.0,fiscal_year,true,0.9831788436697091,-71188000.0,-75584000.0,1.2303386509935628,,-0.0,1.0162872558354252,,,false,,-0.750200703799504,3573000.0,-70447000.0,-69318000.0,-69262000.0,900000.0,false,false,false,0.0,1026000.0,false,false,false,,,,false,false,false,tax_expense,2024-07-01,2025-06-30,true,851000.0,-19.716484746711448,false,-3.6229984460509423,4396000.0,44884000.0,0.0,50416000.0,26795000.0,,100751705.0,true,FAIL,false,PASS,true,FAIL,true,FAIL,true,FAIL,true,false,PASS,true,FAIL,,0,insufficient,false,-0.031656533888240856,-0.25367534479965037,,,-0.9419729983857704,-0.9143644805942992,0.7093263260996665,-0.750200703799504,-1.4595270298991705,false,0,-19.40050377833753,-3.9699306590629253,-15.430573119274605,0.26796330237715554,falling,28918000.0,-50512000.0,-42623000.0,994000.0,false,false,4872000.0,false,false,false,-49340000.0,,50416000.0,74743000.0,25722000.0,,100519884.0,2025-06-30,,,,0.901018922852984,,0,,,,,,0,false,,,,,,63542000.0,,,,-19.40050377833753,-70447000.0,2026-09-21,PurchaseOfPropertyPlantAndEquipmentClassifiedAsInvestingActivities,Equity,,IntangibleAssetsOtherThanGoodwill,ProfitLoss,CashFlowsFromUsedInOperatingActivities,ProfitLossFromOperatingActivities,AdjustmentsForSharebasedPayments,0.0,,,,,-50108000.0,-50509000.0,,,,,,,,,,,,,,,,ineligible:gate0_status,,,,false
BBUC,1654795,Brookfield Business Corporation,"",NYSE,1700,Construction - Special Trade Contractors,ifrs-full,6-K,USD,1231,2025,2025-12-31,false,false,"",fail,"sbc,ni_vs_oi","",reported,reported,reported,"",,true,false,true,true,,-16512000000.0,-17124000000.0,fiscal_year,false,8.34625322997416,915000000.0,,,2596000000.0,0.19375,,0.06129584441126124,0.046144881086790254,true,,,27457000000.0,387000000.0,,3230000000.0,2060000000.0,false,false,false,0.0,255000000.0,false,false,false,,,0.6798679867986799,false,false,false,"",2024-07-01,2025-06-30,true,265000000.0,0.014094766361947774,true,,,15311000000.0,13310000000.0,18513000000.0,3546000000.0,950000000.0,,true,FAIL,false,PASS,false,PASS,,NOT_EVALUABLE,,NOT_EVALUABLE,,,NOT_EVALUABLE,false,PASS,false,5,insufficient,false,-0.21785927563283913,-0.061115363159715774,,,,,,,,false,0,,,,4.192038217438106,rising,30103000000.0,1018000000.0,4156000000.0,2232000000.0,false,false,,true,false,false,1924000000.0,13287000000.0,19158000000.0,15321000000.0,3329000000.0,41133000000.0,80000000.0,2025-06-30,0.3001335113484646,-0.075374820291641,-0.11550422034651266,-0.4395613594508622,-0.2259214012452852,0,,,,,,0,true,1683000000.0,,3030000000.0,,1267000000.0,-3183000000.0,4098000000.0,4903000000.0,1000000.0,,480000000.0,2026-09-21,PurchaseOfPropertyPlantAndEquipmentIntangibleAssetsOtherThanGoodwillInvestmentPropertyAndOtherNoncurrentAssets,Equity,Goodwill,IntangibleAssetsOtherThanGoodwill,ProfitLoss,CashFlowsFromUsedInOperatingActivities,,,93000000.0,1650000000.0,,3084000000.0,,,917000000.0,,,,,,,,,,,,,,,,ineligible:gate0_status,,,,false
DAVA,1656081,ENDAVA PLC,"",NYSE,7371,Services-Computer Programming Services,ifrs-full,20-F,GBP,630,2025,2025-06-30,false,false,"",unknown,fcf,"",reported,reported,reported,"",,false,false,false,true,,8753000.0,,fiscal_year,false,2.487884216481237,,,0.041495360988274596,-121598000.0,0.12030854725666652,0.6732472149046244,0.008845523823089523,-0.08320826669947103,true,,,772255000.0,21212000.0,31507000.0,52773000.0,,false,false,false,0.0,14289000.0,false,true,false,,,,false,false,false,"",2025-01-01,2025-12-31,false,14713000.0,0.027467611087011415,false,0.14199108379795478,32045000.0,582939000.0,473296000.0,100890000.0,59345000.0,180943000.0,58461621.0,false,PASS,false,PASS,,NOT_EVALUABLE,,NOT_EVALUABLE,false,PASS,false,false,PASS,false,PASS,true,0,insufficient,false,0.05655844638974328,0.17085495021419028,,,,,,,,false,0,0.04079869991129873,0.05693118677874341,-0.01613248686744468,2.3289941471101563,rising,743899000.0,-2949000.0,56761000.0,,false,true,24256000.0,false,false,false,,,,,,,52957541.0,,,,,,,0,,,,,,0,true,6831000.0,,,0.0,-64258000.0,-9939000.0,,,,0.04079869991129873,24113000.0,2026-09-21,,Equity,Goodwill,IntangibleAssetsOtherThanGoodwill,ProfitLoss,CashFlowsFromUsedInOperatingActivities,ProfitLossFromOperatingActivities,AdjustmentsForSharebasedPayments,2901000.0,4517000.0,,,,19279000.0,1698000.0,4647000.0,,,,,,,,,,,,,,,ineligible:gate0_status,,,,false
IMRN,1660046,IMMURON LIMITED,"",Nasdaq,2834,Pharmaceutical Preparations,ifrs-full,20-F,AUD,630,2025,2025-06-30,false,false,ni_vs_oi,unknown,"fcf,tax_anomaly","goodwill,intangibles",never_acquired,never_acquired,never_acquired,"",,false,false,false,true,,8069055.0,,fiscal_year,false,1.1765652406725706,,,0.04175146377069747,,,0.9759453933241876,,,false,,,7287002.0,-5215987.0,-5344548.0,-6136949.0,,false,false,false,,65661.0,false,false,false,,,,false,false,true,,,,false,,-0.7157932713618028,false,-1.977518763454415,304243.0,8069055.0,0.0,0.0,2830526.0,,230936840.0,false,PASS,false,PASS,,NOT_EVALUABLE,,NOT_EVALUABLE,false,PASS,false,true,FAIL,,NOT_EVALUABLE,,0,insufficient,false,1.1196263027269246,0.23674200210851648,,,-0.014452058910495719,,,,,false,0,-0.7334357805857608,-1.1536624412463283,0.4202266606605676,0.9031996273353317,rising,,,,,false,false,,false,false,false,,,,,,,,,,,,,,,,,,,,,false,,,49688.0,,,-2900412.0,,,,-0.7334357805857608,-5215987.0,2026-09-21,,Equity,,,ProfitLoss,CashFlowsFromUsedInOperatingActivities,ProfitLossFromOperatingActivities,AdjustmentsForSharebasedPayments,,,,,,,,,,,,,,,,,,,,,,,ineligible:gate0_status,,,,false
IMTE,1668438,Integrated Media Technology Limited,"",Nasdaq,3651,Household Audio & Video Equipment,ifrs-full,20-F,USD,1231,2025,2025-12-31,false,false,"",fail,"tangible_book,fcf,sbc,ni_vs_oi,tax_anomaly","",unresolved,unresolved,unresolved,"",,true,true,false,false,,,,none,false,0.03723866054095545,,,,,,,,,false,,,71580.0,-268377.0,,-9994.0,,false,false,false,,,true,false,false,,,,false,false,false,"",2024-07-01,2025-06-30,true,,-3.7493294216261526,false,,,14521167.0,,,160.0,,3429677.0,,NOT_EVALUABLE,true,FAIL,,NOT_EVALUABLE,,NOT_EVALUABLE,,NOT_EVALUABLE,,,NOT_EVALUABLE,,NOT_EVALUABLE,,0,insufficient,false,-0.41869714548345627,-0.4720196964471839,,,,,,,,false,0,,-6.043495780478256,,0.3562383247815721,falling,67319.0,-1512741.0,-250709.0,,false,true,,false,false,false,,,,14275457.0,100072.0,,,2025-06-30,,,,,,0,,,,,,0,false,,,,,,,,,,,-268377.0,2026-09-21,,EquityAttributableToOwnersOfParent,,,ProfitLoss,CashFlowsFromUsedInOperatingActivities,,,,,,,,,-1512741.0,,,,,,,,,,,,,,,,ineligible:gate0_status,,,,false
BUD,1668717,Anheuser-Busch InBev SA/NV,"",NYSE,2082,Malt Beverages,ifrs-full,20-F,USD,1231,2025,2025-12-31,false,false,"",fail,"","",reported,reported,reported,"",,false,false,false,true,,-72606000000.0,-75207000000.0,fiscal_year,false,1.7556918721245725,10494000000.0,9869000000.0,0.010536075522589346,-61375000000.0,0.2515889830508475,0.5502758844530996,,0.1581254214430209,false,0.26345121086229606,,59320000000.0,8477000000.0,15405000000.0,14883000000.0,3656000000.0,false,false,false,1000000.0,733000000.0,false,false,false,true,116000000.0,0.6468506723283793,false,false,false,acquisitions,2024-07-01,2025-06-30,true,735000000.0,0.14290289952798382,false,0.23519703603907038,625000000.0,87287000000.0,117908000000.0,41985000000.0,11638000000.0,73013000000.0,,true,FAIL,false,PASS,false,PASS,false,PASS,false,PASS,false,false,PASS,false,PASS,true,5,insufficient,false,0.008771575260351216,0.04819203459930921,,,,,,,,false,0,0.2596931894807822,0.2052004010153367,0.054492788465445474,1.9035788651145307,falling,58520000000.0,8748000000.0,15191000000.0,3532000000.0,false,false,638000000.0,false,false,false,10286000000.0,114782000000.0,41096000000.0,80671000000.0,7167000000.0,,,2025-06-30,,,,,,0,,,,,,0,false,,2600000000.0,5652000000.0,4543000000.0,9380000000.0,-3436000000.0,104000000.0,3656000000.0,,0.2596931894807822,11328000000.0,2026-09-21,PurchaseOfPropertyPlantAndEquipmentClassifiedAsInvestingActivities,EquityAttributableToOwnersOfParent,Goodwill,IntangibleAssetsOtherThanGoodwill,ProfitLoss,CashFlowsFromUsedInOperatingActivities,ProfitLossFromOperatingActivities,AdjustmentsForSharebasedPayments,2850000000.0,,2300000000.0,5384000000.0,3677000000.0,15565000000.0,11758000000.0,3010000000.0,,,,,,,,,,,,,,,ineligible:gate0_status,,,,false
ALM,1670061,Almonty Industries Inc.,"",Nasdaq,1000,Metal Mining,ifrs-full,40-F,CAD,1231,2025,2025-12-31,false,false,"tax_anomaly,sbc",fail,fcf,"goodwill,intangibles",never_acquired,never_acquired,never_acquired,"",,false,false,false,true,,357811000.0,,fiscal_year,false,0.11818692754751008,,,0.3409300608968444,93780000.0,0.0029112442162249215,4.468167894693269,,,false,,,32514000.0,-161913000.0,-36237000.0,-19136000.0,,false,false,false,940000.0,,true,false,false,,,,false,false,true,,,,false,,-4.979793319800701,false,,11085000.0,357811000.0,0.0,0.0,268409000.0,174629000.0,208030788.0,false,PASS,true,FAIL,,NOT_EVALUABLE,,NOT_EVALUABLE,true,FAIL,true,false,PASS,true,FAIL,,0,insufficient,true,,,,,,,,,,false,0,-1.1145045211293596,,,0.2891216880957577,,,,,,false,false,,false,false,false,,,,,,,,,,,,,,,,,,,,,false,,,1043000.0,,,-62271000.0,,,,-1.1145045211293596,-161443000.0,2026-09-21,,EquityAttributableToOwnersOfParent,,,ProfitLoss,CashFlowsFromUsedInOperatingActivities,ProfitLossFromOperatingActivities,AdjustmentsForSharebasedPayments,-470000.0,,,,,,,,,,,,,,,,,,,,,,ineligible:gate0_status,,,,false
VIVO,1681348,VIVOPOWER INTERNATIONAL PLC,"",Nasdaq,4931,Electric & Other Services Combined,ifrs-full,20-F,USD,630,2025,2025-06-30,false,false,"tax_anomaly,sbc",fail,"","",reported,reported,reported,"",,false,false,false,true,,1622000.0,,fiscal_year,false,0.4494215134459037,-6777000.0,-10824000.0,66.34426229508196,-29129000.0,0.04566783424757121,1.466467958271237,,26.42622950819672,true,,-1.6264462809917355,61000.0,-12792000.0,-8723000.0,-5749000.0,985000.0,false,false,false,1648000.0,43000.0,false,false,false,true,-2249000.0,6.273885350318471,false,false,true,,,,false,,-209.70491803278688,false,-2.8951911220715165,4047000.0,20104000.0,1788000.0,16694000.0,60000.0,29189000.0,6655000.0,false,PASS,true,FAIL,true,FAIL,true,FAIL,true,FAIL,true,false,PASS,true,FAIL,true,4,insufficient,false,-0.818248204861751,-0.716192216693084,,,-4.00433944069431,-0.43365051265029136,-0.16353175481301171,-1.6264462809917355,-1.4629145261787238,false,0,-143.0,0.06873132301005162,-143.06873132301004,0.21363212329370618,rising,,,,,false,false,,false,false,false,,,,,,,13557000.0,,,,,,,0,,,,,,0,false,,,157000.0,300000.0,1612000.0,-3234000.0,,985000.0,,-143.0,-15131000.0,2026-09-21,PurchaseOfPropertyPlantAndEquipmentClassifiedAsInvestingActivities,EquityAttributableToOwnersOfParent,Goodwill,IntangibleAssetsOtherThanGoodwill,ProfitLoss,CashFlowsFromUsedInOperatingActivities,ProfitLossFromOperatingActivities,AdjustmentsForSharebasedPayments,-691000.0,,,,,,,,,,,,,,,,,,,,,,ineligible:gate0_status,,,,false
ACB,1683541,AURORA CANNABIS INC,"",Nasdaq,2833,Medicinal Chemicals & Botanical Products,ifrs-full,40-F,CAD,331,2025,2025-03-31,false,false,"",fail,"income_quality,ni_vs_oi","",reported,reported,reported,"",,false,false,false,true,,478137000.0,,fiscal_year,false,,-8094000.0,-19618000.0,0.033568992085478006,95428000.0,0.2266215287999215,,0.0,0.014576469662940987,true,,-0.35777859505025406,343293000.0,1591000.0,4948000.0,16005000.0,18859000.0,false,false,true,14172000.0,5240000.0,false,true,false,,,0.6882846715328467,false,false,true,,,,false,,,false,-1.0456765414138494,11524000.0,567171000.0,43871000.0,45163000.0,137921000.0,42493000.0,54832794.0,false,PASS,,NOT_EVALUABLE,true,FAIL,true,FAIL,false,PASS,false,,NOT_EVALUABLE,false,PASS,false,0,insufficient,false,0.11862399286798353,0.06932557582945753,,,-1.7107408803316302,-8.90609234767396,-8.90609234767396,-0.35777859505025406,8.548313752623706,false,0,0.014413343703483614,-1.2962579825361658,1.3106713262396494,0.9882006750714017,,,,,,false,false,,false,false,false,,,,,,,32273516.0,,,,,,,,,,,,,,true,0.0,,27400000.0,,5004000.0,-14327000.0,,,,0.014413343703483614,20382000.0,2026-09-21,PurchaseOfPropertyPlantAndEquipmentIntangibleAssetsOtherThanGoodwillInvestmentPropertyAndOtherNoncurrentAssets,EquityAttributableToOwnersOfParent,Goodwill,IntangibleAssetsOtherThanGoodwill,ProfitLoss,CashFlowsFromUsedInOperatingActivities,ProfitLossFromOperatingActivities,AdjustmentsForSharebasedPayments,4619000.0,,,,,,,,,,,,,,,,,,,,,,ineligible:gate0_status,,,,false
ARGX,1697862,ARGENX SE,"",Nasdaq,2836,"Biological Products, (No Diagnostic Substances)",ifrs-full,20-F,USD,1231,2025,2025-12-31,false,false,"tax_anomaly,ni_vs_oi",fail,sbc,goodwill,never_acquired,never_acquired,reported,"",,false,false,false,true,,7050989000.0,5876775000.0,fiscal_year,false,0.5303199990712326,674920000.0,426841000.0,,,-0.010502054188660003,1.2260653289125323,,,false,,6.963699525389848,,1292035000.0,1053806000.0,685192000.0,6165000.0,false,false,false,0.0,4107000.0,false,false,false,false,0.0,,false,false,false,revenue,2024-07-01,2025-06-30,true,5046000.0,,false,-11.96209157684406,248079000.0,7323092000.0,0.0,272103000.0,3491289000.0,,61295149.0,false,PASS,true,FAIL,false,PASS,false,PASS,,NOT_EVALUABLE,,true,FAIL,true,FAIL,,0,insufficient,false,,,,,-18.845332163471937,-10.988948312813163,2.6951157174188403,6.963699525389848,4.268583807971008,false,1,,-11.58055912518488,,0.6185233269443503,falling,,1280398000.0,403755000.0,6197000.0,false,false,243592000.0,false,false,false,148920000.0,,218977000.0,6095752000.0,366000000.0,10000000.0,61034202.0,2025-06-30,,,,,,0,,,,,,0,false,,,,,,984005000.0,2551115000.0,1567110000.0,,,1278607000.0,2026-09-21,PurchaseOfPropertyPlantAndEquipmentClassifiedAsInvestingActivities,Equity,,IntangibleAssetsOtherThanGoodwill,ProfitLoss,CashFlowsFromUsedInOperatingActivities,ProfitLossFromOperatingActivities,AdjustmentsForSharebasedPayments,-13428000.0,,,,,457229000.0,663793000.0,-616605000.0,,,,,,,,,,,,,,,ineligible:gate0_status,,,,false
NXE,1698535,NexGen Energy Ltd.,"",NYSE,1090,Miscellaneous Metal Ores,ifrs-full,40-F,CAD,1231,2025,2025-12-31,false,false,"",fail,"sbc,tax_anomaly","goodwill,intangibles",never_acquired,never_acquired,never_acquired,"",,false,false,false,true,,1832108000.0,,fiscal_year,false,0.15342486986398687,-49054000.0,-87276000.0,,,,1.0477318248254208,,,false,,-0.14832869299139534,,-309676000.0,-295568000.0,-47512000.0,505000.0,false,true,false,,1037000.0,false,false,false,,,0.22954545454545455,false,false,true,,,,false,,,false,,38222000.0,1832108000.0,0.0,0.0,,,588395935.0,false,PASS,true,FAIL,true,FAIL,true,FAIL,,NOT_EVALUABLE,,false,PASS,,NOT_EVALUABLE,,0,insufficient,false,,,,,-0.11797229054398087,-0.05807075422523369,-0.07074760657204471,-0.14832869299139534,-0.07758108641935063,false,0,,,,-0.09528968135684295,rising,,,,,false,false,,false,false,false,,,,,,,,,,,,,,,,,,,,,false,,,2200000.0,,,-523849000.0,,,,,,2026-09-21,PurchaseOfPropertyPlantAndEquipmentClassifiedAsInvestingActivities,Equity,,,ProfitLoss,CashFlowsFromUsedInOperatingActivities,ProfitLossFromOperatingActivities,AdjustmentsForSharebasedPayments,14108000.0,,,,,,,,,,,,,,,,,,,,,,ineligible:gate0_status,,,,false
CRDL,1702123,Cardiol Therapeutics Inc.,"",Nasdaq,2836,"Biological Products, (No Diagnostic Substances)",ifrs-full,20-F,CAD,1231,2025,2025-12-31,false,false,ni_vs_oi,fail,"tangible_book,sbc,tax_anomaly",goodwill,unresolved,never_acquired,unresolved,"",,false,false,false,true,,,,none,false,0.7053649982551163,-23934510.0,-34635423.0,,,,0.9855047875796386,,,false,,-0.3981571006074664,,-33818874.0,-34316296.0,-23854650.0,24484.0,false,true,false,,55376.0,false,false,false,,,0.24007922889108968,false,false,true,,,,false,,,false,,10700913.0,17877718.0,0.0,,21416684.0,,86989339.0,,NOT_EVALUABLE,true,FAIL,true,FAIL,true,FAIL,,NOT_EVALUABLE,,true,FAIL,,NOT_EVALUABLE,,0,insufficient,false,,,,,-0.5177452135701188,-0.40142946061537854,,-0.3981571006074664,,false,0,,,,0.7612816144435731,falling,,,,,false,false,,false,false,false,,,,,,,,,,,,,,,,,,,,,false,,,101983.0,,,-24484.0,,,,,,2026-09-21,PurchaseOfPropertyPlantAndEquipmentClassifiedAsInvestingActivities,Equity,,,ProfitLoss,CashFlowsFromUsedInOperatingActivities,ProfitLossFromOperatingActivities,AdjustmentsForSharebasedPayments,,,,,,,,,,,,,,,,,,,,,,,ineligible:gate0_status,,,,false
IFRX,1708688,InflaRx N.V.,"",Nasdaq,2834,Pharmaceutical Preparations,ifrs-full,20-F,EUR,1231,2025,2025-12-31,false,false,"tax_anomaly,sbc",fail,"tangible_book,ni_vs_oi",goodwill,unresolved,never_acquired,unresolved,"",,false,false,false,true,,,56591365.0,none,false,0.7738637474257009,-35787605.0,-40232244.0,151.53383791892537,,-0.00026921518447289914,,,,false,,-0.5979082759398916,29331.0,-45633780.0,,-35314328.0,115694.0,false,false,false,0.0,357583.0,false,false,false,,,,false,false,false,"pretax_income,tax_expense",2024-07-01,2025-06-30,true,,-1555.820803927585,false,-711.8213317694051,4444639.0,7171379.0,0.0,,16022171.0,,67288321.0,,NOT_EVALUABLE,true,FAIL,true,FAIL,true,FAIL,true,FAIL,true,,NOT_EVALUABLE,true,FAIL,,0,insufficient,false,,,,,-0.9114538941966287,-1.3943756751825667,,-0.5979082759398916,,false,0,,,,0.9047305506695058,falling,162827.0,-45291723.0,-43122823.0,44234.0,false,false,4580508.0,false,false,false,-47747565.0,,453000.0,57044365.0,13003450.0,2145135.0,65542269.0,2025-06-30,,,,5.202925908447381,,0,,,,,,0,false,,,,,,3233048.0,,,,,-45621498.0,2026-09-21,PurchaseOfPropertyPlantAndEquipmentIntangibleAssetsOtherThanGoodwillInvestmentPropertyAndOtherNoncurrentAssets,EquityAttributableToOwnersOfParent,,,ProfitLoss,CashFlowsFromUsedInOperatingActivities,,AdjustmentsForSharebasedPayments,12282.0,,,,,,,,,,,,,,,,,,,,,,ineligible:gate0_status,,,,false
NCNA,1709626,NUCANA PLC,"",Nasdaq,2834,Pharmaceutical Preparations,ifrs-full,6-K,GBP,1231,2025,2025-12-31,false,false,tax_anomaly,fail,sbc,goodwill,never_acquired,never_acquired,reported,"",,false,false,false,true,,22129000.0,5185000.0,fiscal_year,false,0.25438626375498247,-7521000.0,-17549000.0,,,0.038268733003505785,1.4596220785678766,,,false,,-0.001562477741214012,,-29353000.0,-20110000.0,-7467000.0,0.0,false,true,false,0.0,54000.0,false,false,false,,,0.0,false,false,false,"",2024-07-01,2025-06-30,true,137000.0,,false,,10028000.0,24327000.0,0.0,2198000.0,24251000.0,,11231520000.0,false,PASS,true,FAIL,true,FAIL,true,FAIL,,NOT_EVALUABLE,,false,PASS,true,FAIL,,0,insufficient,false,,,,,-0.5415334545802623,-0.7017052953909508,-0.8445571813035543,-0.001562477741214012,0.8429947035623403,false,0,,,,0.7391937034365671,falling,,-31751000.0,-19653000.0,1000.0,false,false,8601000.0,false,false,false,-28392000.0,,2199000.0,7384000.0,8443000.0,,2676461000.0,2025-06-30,,,,,,0,,,,,,0,false,,,274000.0,,,159000.0,,,,,-30521000.0,2026-09-21,PurchaseOfPropertyPlantAndEquipmentClassifiedAsInvestingActivities,Equity,,IntangibleAssetsOtherThanGoodwill,ProfitLoss,CashFlowsFromUsedInOperatingActivities,ProfitLossFromOperatingActivities,AdjustmentsForSharebasedPayments,-1168000.0,,,386000.0,,-20868000.0,-33309000.0,-1558000.0,,,,,,,,,,,,,,,ineligible:gate0_status,,,,false
NAAS,1712178,NaaS Technology Inc.,"",Nasdaq,5990,"Retail-Retail Stores, NEC",ifrs-full,20-F,CNY,1231,2024,2024-12-31,false,false,"tax_anomaly,sbc",fail_stale,"income_quality,fcf,ni_vs_oi","",carried_forward,carried_forward,reported,goodwill,366,false,false,false,true,,-762115000.0,-260055000.0,fiscal_year,false,,,,0.7982097364859486,-697431000.0,0.020538417565870406,,,,true,,,200976000.0,-125278000.0,-807028000.0,-179138000.0,,false,false,true,787971000.0,5499000.0,false,false,false,,,,false,false,false,capex,2023-07-01,2024-06-30,true,6348000.0,,false,-26.50983687805719,160421000.0,-754134000.0,5646000.0,2335000.0,126614000.0,824045000.0,2630750526.0,true,FAIL,,NOT_EVALUABLE,,NOT_EVALUABLE,,NOT_EVALUABLE,true,FAIL,true,,NOT_EVALUABLE,true,FAIL,true,2,insufficient,false,0.8178988262841063,-0.017649690049772904,,,-0.8680541712015888,-0.18846955938362792,-0.18846955938362792,,,false,0,-4.015544144574476,0.14566823401960025,-4.161212378594076,,,423232000.0,-172847000.0,-654560000.0,,false,true,273145000.0,false,false,false,,5555000.0,11997000.0,-242503000.0,179599000.0,727090000.0,2560665862.0,2024-06-30,,,,,,0,,,,,,0,false,,,,,,-201671000.0,943000.0,,,-4.015544144574476,-932399000.0,2026-09-21,,Equity,,IntangibleAssetsOtherThanGoodwill,ProfitLoss,CashFlowsFromUsedInOperatingActivities,ProfitLossFromOperatingActivities,AdjustmentsForSharebasedPayments,-19150000.0,,,,,-879591000.0,-1227117000.0,-1299000.0,,,,,,,,,,,,,,,ineligible:gate0_status,,,,false
PAGS,1712807,PAGSEGURO DIGITAL LTD.,"",NYSE,7374,Services-Computer Processing & Data Preparation,ifrs-full,20-F,BRL,1231,2024,2024-12-31,false,false,"",fail,"tangible_book,ni_vs_oi","",unresolved,unresolved,unresolved,"",,false,false,false,true,,,,none,false,-1.6142244637983565,-4566761000.0,-4745453000.0,0.009500026369468579,-3593835000.0,0.11074321965067026,,0.0,,false,-0.1653075059430575,-15.012686723821105,18809632000.0,2116368000.0,,-3416293000.0,1131878000.0,false,false,false,0.0,18590000.0,false,false,false,,,0.7070119155591867,false,false,true,,,,false,,0.11251511991303179,false,,178692000.0,14668372000.0,,,927668000.0,4521503000.0,316096185.0,,NOT_EVALUABLE,true,FAIL,true,FAIL,true,FAIL,false,PASS,false,,NOT_EVALUABLE,false,PASS,,0,insufficient,true,0.4027440198592296,,,,0.0015397386831830595,,0.00018903639550608113,-15.012686723821105,-15.01287576021661,false,0,,,,0.3721266939684639,falling,,,,,false,false,,false,false,false,,,,,,,,,,,,,,,,,,,,,false,0.0,784459000.0,1600932000.0,,,-1830089000.0,,,,,2379929000.0,2026-09-21,PurchaseOfPropertyPlantAndEquipmentClassifiedAsInvestingActivities,Equity,,,ProfitLoss,CashFlowsFromUsedInOperatingActivities,,AdjustmentsForSharebasedPayments,263561000.0,,,,,,,,,,,,,,,,,,,,,,ineligible:gate0_status,,,,false
SKE,1713748,Skeena Resources Limited,"",NYSE,1040,Gold and Silver Ores,ifrs-full,40-F,CAD,1231,2025,2025-12-31,false,false,tax_anomaly,fail,"tangible_book,sbc,ni_vs_oi","",unresolved,unresolved,unresolved,"",,false,false,false,true,,,,none,false,0.31332687963859307,-363811000.0,-388733000.0,,,-0.01929991805060793,,,,false,,-3.373876532434001,,-182841000.0,,-57289000.0,294411000.0,false,false,false,0.0,12111000.0,false,false,false,,,358.60048721071865,false,false,true,,,,false,,,false,,24922000.0,159124000.0,,,121889000.0,,115218502.0,,NOT_EVALUABLE,true,FAIL,true,FAIL,true,FAIL,,NOT_EVALUABLE,,,NOT_EVALUABLE,true,FAIL,,0,insufficient,false,,,,,-1.509214236863634,-1.8448619474106065,,-3.373876532434001,,false,0,,,,0.6621463062369647,falling,,,,,false,false,,false,false,false,,,,,,,,,,,,,,,,,,,,,false,,,821000.0,,,-333360000.0,,,,,-179379000.0,2026-09-21,PurchaseOfPropertyPlantAndEquipmentClassifiedAsInvestingActivities,Equity,,,ProfitLoss,CashFlowsFromUsedInOperatingActivities,,AdjustmentsForSharebasedPayments,3462000.0,,,,,,,,,,,,,,,,,,,,,,ineligible:gate0_status,,,,false
NEXA,1713930,NEXA RESOURCES S.A.,"",NYSE,1000,Metal Mining,ifrs-full,20-F,USD,1231,2025,2025-12-31,false,false,tax_anomaly,fail,"tangible_book,income_quality,sbc,ni_vs_oi",intangibles,unresolved,unresolved,never_acquired,"",,true,true,false,false,,,,none,false,,-30528000.0,,,-1190113000.0,-0.3273709943360794,,,,false,,,3002055000.0,223144000.0,497971000.0,364957000.0,351869000.0,false,false,true,217210000.0,43616000.0,false,false,false,true,53158000.0,1.2175566443826211,false,false,true,,,,false,,,false,-0.05928806291540642,,1002934000.0,,0.0,515871000.0,1705984000.0,132439000.0,,NOT_EVALUABLE,,NOT_EVALUABLE,true,FAIL,,NOT_EVALUABLE,,NOT_EVALUABLE,,,NOT_EVALUABLE,true,FAIL,,0,insufficient,false,-0.003520963745044403,0.09002243320969416,,,,,,,,false,0,0.16587670778849822,-0.20425294821082673,0.37012965599932496,-0.8779616873993352,,,,,,false,false,,false,false,false,,,,,,,,,,,,,,,,,,,,,false,,,288996000.0,34267000.0,,-297044000.0,1667000.0,351869000.0,,0.16587670778849822,331749000.0,2026-09-21,PurchaseOfPropertyPlantAndEquipmentClassifiedAsInvestingActivities,EquityAttributableToOwnersOfParent,,,ProfitLoss,CashFlowsFromUsedInOperatingActivities,ProfitLossFromOperatingActivities,,-108605000.0,,,,,,,,,,,,,,,,,,,,,,ineligible:gate0_status,,,,false
HYFT,1715925,MindWalk Holdings Corp.,"",Nasdaq,2834,Pharmaceutical Preparations,ifrs-full,6-K,CAD,430,2025,2025-04-30,false,false,"",fail,ni_vs_oi,"",reported,reported,reported,"",,false,false,false,true,,14329000.0,14860000.0,latest_q,false,0.21201296553548984,-8786000.0,-9231000.0,0.018148450244698206,,0.11769340765167655,,,-0.8950652528548124,false,,-0.27649729003601237,24520000.0,-30234000.0,,-6410000.0,799000.0,false,true,false,0.0,1577000.0,false,false,false,,,0.15608517288532917,false,false,false,"",2025-02-01,2026-01-31,false,961000.0,-1.2330342577487765,false,,445000.0,23626000.0,8230000.0,1067000.0,10791000.0,,33385499.0,false,PASS,true,FAIL,true,FAIL,true,FAIL,false,PASS,false,,NOT_EVALUABLE,false,PASS,false,0,insufficient,false,0.08187013090469697,,,,-0.7634918823371243,,,-0.27649729003601237,,false,0,,,,0.36021987667409033,falling,28084000.0,-12245000.0,-11195000.0,746000.0,false,false,518000.0,false,false,false,-13420000.0,0.0,0.0,14860000.0,14198000.0,,46274659.0,2026-01-31,0.2782046097856854,0.5393803658081374,-0.5614852917537373,0.5241935483870968,-0.036289884175764064,1,-1.154841802492809,,,,,0,false,,,5119000.0,,-21947000.0,-799000.0,,,,,-34267000.0,2026-09-21,PurchaseOfPropertyPlantAndEquipmentClassifiedAsInvestingActivities,Equity,Goodwill,IntangibleAssetsOtherThanGoodwill,ProfitLoss,CashFlowsFromUsedInOperatingActivities,,AdjustmentsForSharebasedPayments,-4033000.0,,,2279000.0,,,-11468000.0,292000.0,,,,,,,,,,,,,,,ineligible:gate0_status,,,,false
CAAP,1717393,CORPORACION AMERICA AIRPORTS S.A.,"",NYSE,4581,"Airports, Flying Fields & Airport Terminal Services",ifrs-full,20-F,USD,1231,2025,2025-12-31,false,false,"",unknown,tangible_book,"",unresolved,unresolved,unresolved,"",,false,false,false,true,,,,none,false,1.8051327220732658,443764000.0,442681000.0,0.0005519500706883424,-502459000.0,0.22532929343938055,0.527805539399202,,,false,,2.727665395303556,1962134000.0,257719000.0,488284000.0,465217000.0,16708000.0,false,true,false,0.0,4745000.0,false,false,false,true,-423000.0,0.07293553752199022,false,false,true,,,,false,,0.13134627910224275,false,0.3861588042610272,1083000.0,1586579000.0,,,592759000.0,1095218000.0,162293000.0,,NOT_EVALUABLE,false,PASS,false,PASS,false,PASS,false,PASS,false,false,PASS,false,PASS,,0,3y,false,0.12483852179157306,0.2643201730005058,0.14966456251678673,,1.7950545861715033,-0.08681306320380948,,2.727665395303556,,false,5,0.2488535441514188,-0.26952561594847174,0.5183791600998906,1.5650766149739705,rising,,,,,false,false,,false,false,false,,,,,,,,,,,,,,,,,,,,,false,,,229079000.0,,,-71909000.0,142753000.0,214239000.0,,0.2488535441514188,332682000.0,2026-09-21,PurchaseOfPropertyPlantAndEquipmentClassifiedAsInvestingActivities,EquityAttributableToOwnersOfParent,,,ProfitLoss,CashFlowsFromUsedInOperatingActivities,ProfitLossFromOperatingActivities,AdjustmentsForSharebasedPayments,74963000.0,,,,,,,,,,,,,,,,,,,,,,ineligible:gate0_status,,,,false
ITRG,1722387,INTEGRA RESOURCES CORP.,"",NYSE,1040,Gold and Silver Ores,ifrs-full,40-F,USD,1231,2025,2025-12-31,false,false,"",fail,"","goodwill,intangibles",never_acquired,never_acquired,never_acquired,"",,false,false,false,true,,185246000.0,,fiscal_year,false,-32.213107445385646,13162000.0,11192000.0,0.00807621983716373,63086000.0,1.1176624875413104,-0.03327893175074184,,,false,,0.06609617962664399,243926000.0,-2243000.0,67400000.0,72254000.0,47159000.0,false,false,false,0.0,11933000.0,false,false,false,true,-1040000.0,3.166733816814397,false,false,true,,,,false,,-0.009195411723227536,false,,1970000.0,185246000.0,0.0,0.0,63086000.0,0.0,169329000.0,false,PASS,true,FAIL,false,PASS,false,PASS,false,PASS,false,false,PASS,false,PASS,,0,insufficient,false,,,,,-0.7376638848920863,-0.3837243399406147,-0.6757804078014185,0.06609617962664399,0.7418765874280624,true,1,0.2763133081344342,,,-10.079582609660095,falling,,,,,false,false,,false,false,false,,,,,,,,,,,,,,,,,,,,,false,,,14892000.0,,,-46211000.0,1988000.0,47159000.0,,0.2763133081344342,19063000.0,2026-09-21,PurchaseOfPropertyPlantAndEquipmentClassifiedAsInvestingActivities,Equity,,,ProfitLoss,CashFlowsFromUsedInOperatingActivities,ProfitLossFromOperatingActivities,AdjustmentsForSharebasedPayments,21306000.0,,,,,,,,,,,,,,,,,,,,,,ineligible:gate0_status,,,,false
MTA,1722606,Metalla Royalty & Streaming Ltd.,"",NYSE,1040,Gold and Silver Ores,ifrs-full,40-F,USD,1231,2025,2025-12-31,false,false,"tax_anomaly,sbc",fail,fcf,"goodwill,intangibles",never_acquired,never_acquired,never_acquired,"",,false,false,false,true,,251753000.0,,fiscal_year,false,-1.0393775053053524,,,0.2490842490842491,-2382000.0,-0.18729003359462487,66.265625,,,false,,,11739000.0,-4241000.0,-64000.0,4408000.0,,false,false,false,0.0,,true,false,false,true,-2437000.0,,false,false,true,,,,false,,-0.3612743845301985,false,-1.5960826985854188,2924000.0,251753000.0,0.0,0.0,9794000.0,12176000.0,92510341.0,false,PASS,true,FAIL,,NOT_EVALUABLE,,NOT_EVALUABLE,true,FAIL,true,false,PASS,true,FAIL,,0,insufficient,false,0.6944337514616572,0.3349566108872517,,,,,,,,false,0,-0.005451912428656614,,,-0.21941773535323414,falling,,,,,false,false,,false,false,false,,,,,,,,,,,,,,,,,,,,,false,,,,,,-2121000.0,316000.0,,,-0.005451912428656614,-3572000.0,2026-09-21,,Equity,,,ProfitLoss,CashFlowsFromUsedInOperatingActivities,ProfitLossFromOperatingActivities,ExpenseFromSharebasedPaymentTransactionsWithEmployees,669000.0,,,,,,,,,,,,,,,,,,,,,,ineligible:gate0_status,,,,false
TLSA,1723069,Tiziana Life Sciences Ltd,"",Nasdaq,2834,Pharmaceutical Preparations,ifrs-full,20-F,USD,1231,2024,2024-12-31,false,false,ni_vs_oi,fail,"tangible_book,sbc",goodwill,unresolved,never_acquired,unresolved,"",,false,false,false,true,,,,none,false,0.1286352524656495,-1545000.0,-2455000.0,,,0.29159202197539713,0.7511080157021653,,,false,,-0.023014400490053925,,-11863000.0,-15794000.0,-1526000.0,19000.0,false,false,false,0.0,,true,false,false,true,-52000.0,1.5833333333333333,false,false,true,,,,false,,,false,,910000.0,3936000.0,0.0,,3724000.0,,106672342.0,,NOT_EVALUABLE,true,FAIL,true,FAIL,true,FAIL,,NOT_EVALUABLE,,true,FAIL,false,PASS,,0,insufficient,false,,,,,-0.2752622723989607,-0.08289301855389522,-0.08289301855389522,-0.023014400490053925,0.059878618063841295,false,0,,,,0.7633095234318917,falling,,,,,false,false,,false,false,false,,,,,,,,,,,,,,,,,,,,,false,,,12000.0,,,-71000.0,,19000.0,,,-16746000.0,2026-09-21,PurchaseOfPropertyPlantAndEquipmentClassifiedAsInvestingActivities,Equity,,,ProfitLoss,CashFlowsFromUsedInOperatingActivities,ProfitLossFromOperatingActivities,AdjustmentsForSharebasedPayments,-4883000.0,,,,,,,,,,,,,,,,,,,,,,ineligible:gate0_status,,,,false
ALAR,1725332,ALARUM TECHNOLOGIES LTD.,"",Nasdaq,7372,Services-Prepackaged Software,ifrs-full,6-K,USD,1231,2025,2025-12-31,false,false,ni_vs_oi,fail,"","",reported,reported,reported,"",,false,false,false,true,,25908000.0,24465000.0,fiscal_year,false,-2.091381100726895,-2259000.0,-5704000.0,0.08452950558213716,,0.34623217922606925,4.6521739130434785,-0.006477732793522267,0.03074469390258864,true,,-80.53425953379362,40755000.0,963000.0,207000.0,-2014000.0,143000.0,false,false,false,0.0,102000.0,false,false,false,true,460000.0,,false,false,false,"",2024-07-01,2025-06-30,true,155000.0,0.023629002576370996,false,-0.20734512273292863,3445000.0,32090000.0,4118000.0,2064000.0,12267000.0,,70827.0,false,PASS,true,FAIL,true,FAIL,true,FAIL,false,PASS,false,true,FAIL,false,PASS,false,1,insufficient,false,0.30000691129092294,0.5284297661115032,,,-0.3098689624612268,-0.6275961712118475,-20602.941176470587,-80.53425953379362,20522.406916936794,false,0,0.005079131394920868,-2.3190749079001227,2.3241540392950437,-0.4633562945107749,falling,30488000.0,5386000.0,2818000.0,76000.0,false,false,2713000.0,false,false,false,-126000.0,4118000.0,542000.0,29125000.0,14914000.0,264000.0,33468.0,2025-06-30,,,,,,0,,,,,,0,true,-264000.0,,,,1253000.0,314000.0,3000.0,149000.0,,0.005079131394920868,1473000.0,2026-09-21,PurchaseOfPropertyPlantAndEquipmentClassifiedAsInvestingActivities,Equity,Goodwill,IntangibleAssetsOtherThanGoodwill,ProfitLoss,CashFlowsFromUsedInOperatingActivities,ProfitLossFromOperatingActivities,AdjustmentsForSharebasedPayments,510000.0,,,,,1768000.0,6055000.0,669000.0,,,,,,,,,,,,,,,ineligible:gate0_status,,,,false
NTR,1725964,NUTRIEN LTD.,"",NYSE,2870,Agricultural Chemicals,ifrs-full,40-F,USD,1231,2025,2026-12-31,false,false,"",unknown,"tangible_book,income_quality,fcf,sbc,ni_vs_oi,tax_anomaly","",unresolved,carried_forward,carried_forward,"goodwill,intangibles",730,true,false,true,true,,,,none,false,,,,,,,,,,true,,,,,,,,false,false,false,,,true,false,false,,,,false,false,true,,,,false,,,false,0.0944727422907489,,,12043000000.0,1819000000.0,,,,,NOT_EVALUABLE,,NOT_EVALUABLE,,NOT_EVALUABLE,,NOT_EVALUABLE,,NOT_EVALUABLE,,,NOT_EVALUABLE,,NOT_EVALUABLE,false,0,insufficient,false,,,,,10.126746831329216,2.733223676703701,2.7461534101935703,,,false,0,,0.04314138128945858,,4.50081903276131,,,,,,false,false,,false,false,false,,,,,,,,,,,,,,,,,,,,,false,,73000000.0,,,,,,,,,,2026-09-21,,,,,,,,,,,,,,,,,,,,,,,,,,,,,,,ineligible:gate0_status,,,,false
ALYAF,1734520,ALITHYA GROUP INC.,"",OTC,7370,"Services-Computer Programming, Data Processing, Etc.",ifrs-full,40-F,CAD,331,2025,2025-03-31,false,false,"",fail,"","",reported,reported,reported,"",,false,false,false,true,,-71301000.0,,fiscal_year,false,37.4,42603000.0,38593000.0,0.008469188837566873,-93963000.0,0.6818181818181818,0.0999845583693638,,0.017088330893953507,false,,0.4007026401209154,473481000.0,1295000.0,12952000.0,48433000.0,1202000.0,false,true,false,0.0,4628000.0,false,false,false,,,0.05126018167086017,false,false,true,,,,false,,0.0027350622305858103,true,-0.05169111977975936,4010000.0,184556000.0,181407000.0,74450000.0,15956000.0,109919000.0,96313316.0,true,FAIL,false,PASS,false,PASS,false,PASS,false,PASS,false,false,PASS,false,PASS,false,3,insufficient,true,0.1927858696133089,,,,-0.00829794605090375,,-0.6148136459788827,0.4007026401209154,1.015516286099798,true,3,0.027354846340191055,,,18.229741896758703,rising,,,,,false,false,,false,false,false,,,,,,,,,,,,,,,,,,,,,false,,,23449000.0,,8091000.0,-7823000.0,,,,0.027354846340191055,4070000.0,2026-09-21,PurchaseOfPropertyPlantAndEquipmentClassifiedAsInvestingActivities,Equity,Goodwill,IntangibleAssetsOtherThanGoodwill,ProfitLoss,CashFlowsFromUsedInOperatingActivities,ProfitLossFromOperatingActivities,AdjustmentsForSharebasedPayments,2775000.0,,,,,,,,,,,,,,,,,,,,,,ineligible:gate0_status,,,,false
ELVR,1739016,Elevra Lithium Limited,"",Nasdaq,1400,Mining & Quarrying of  Nonmetallic Minerals (No Fuels),ifrs-full,20-F,AUD,630,2025,2025-06-30,false,false,"tax_anomaly,ni_vs_oi",fail,"","goodwill,intangibles",never_acquired,never_acquired,never_acquired,"",,false,false,false,true,,420219000.0,,fiscal_year,false,0.038746165593949826,-34457000.0,-37102000.0,0.011841604548608779,-5261000.0,0.0077690848127258075,0.9931550685273641,,,false,,-0.5162807525325616,223365000.0,-381741000.0,-384372000.0,-14791000.0,19666000.0,false,false,false,0.0,,true,false,false,,,,false,false,true,,,,false,,-1.7090457323215364,false,,2645000.0,420219000.0,0.0,0.0,72290000.0,77551000.0,71864000.0,false,PASS,true,FAIL,true,FAIL,true,FAIL,false,PASS,false,true,FAIL,true,FAIL,,0,insufficient,true,,,,,,,,-0.5162807525325616,,false,0,-1.7208246591901148,,,1.6724443762377865,falling,,,,,false,false,,false,false,false,,,,,,,,,,,,,,,,,,,,,false,,,,,,-49627000.0,,,,-1.7208246591901148,-384730000.0,2026-09-21,PurchaseOfPropertyPlantAndEquipmentClassifiedAsInvestingActivities,EquityAttributableToOwnersOfParent,,,ProfitLoss,CashFlowsFromUsedInOperatingActivities,ProfitLossFromOperatingActivities,AdjustmentsForSharebasedPayments,-2989000.0,,,,,,,,,,,,,,,,,,,,,,ineligible:gate0_status,,,,false
MOLN,1745114,MOLECULAR PARTNERS AG,"",Nasdaq,2836,"Biological Products, (No Diagnostic Substances)",ifrs-full,20-F,CHF,1231,2025,2025-12-31,false,false,tax_anomaly,fail,sbc,goodwill,never_acquired,never_acquired,reported,"",,false,false,false,true,,80332000.0,106652000.0,fiscal_year,false,0.8314058166128692,-53183000.0,-57602000.0,,,-0.00003244172654868692,1.0606806138600233,,,false,,-1.5454794805684302,0.0,-61651000.0,-58124000.0,-51257000.0,714000.0,false,false,false,0.0,1212000.0,false,false,false,,,0.33302238805970147,false,false,false,"",2024-07-01,2025-06-30,true,1212000.0,,false,-8.682580278488206,4419000.0,80334000.0,0.0,2000.0,82653000.0,,37271281.0,false,PASS,false,PASS,true,FAIL,true,FAIL,,NOT_EVALUABLE,,false,PASS,true,FAIL,,0,insufficient,false,,,,,3.4219940605403325,-1.3846438884873882,-0.2752952302007507,-1.5454794805684302,-1.2701842503676795,false,0,,-6.242080479452055,,0.9598857408585532,falling,681000.0,-64803000.0,-56657000.0,937000.0,false,false,4492000.0,false,false,false,-63298000.0,,10000.0,106662000.0,81975000.0,,37134928.0,2025-06-30,,,2.7373493975903616,-1.0,,0,,,,,,0,false,,,2144000.0,,,72549000.0,,,,,-61649000.0,2026-09-21,PurchaseOfPropertyPlantAndEquipmentClassifiedAsInvestingActivities,Equity,,IntangibleAssetsOtherThanGoodwill,ProfitLoss,CashFlowsFromUsedInOperatingActivities,ProfitLossFromOperatingActivities,AdjustmentsForSharebasedPayments,2000.0,,,2266000.0,,-62841000.0,-64803000.0,0.0,,,,,,,,,,,,,,,ineligible:gate0_status,,,,false
VIK,1745201,Viking Holdings Ltd,"",NYSE,4400,Water Transportation,ifrs-full,6-K,USD,1231,2025,2025-12-31,false,false,tax_anomaly,unknown,fcf,intangibles,never_acquired,reported,never_acquired,"",,false,false,false,true,,1085778000.0,795536000.0,fiscal_year,false,2.2300506491187577,,,0.013615181547289907,-1861603000.0,0.016829829723536242,0.7646147206789856,,,false,,,6501419000.0,1148095000.0,1501534000.0,2560310000.0,,false,false,false,0.0,39454000.0,false,false,false,true,-1033354000.0,,false,false,false,"",2024-10-01,2025-09-30,true,37541000.0,0.17659144872834684,false,0.17321966087201487,88518000.0,1093778000.0,8000000.0,0.0,3803944000.0,5665547000.0,443498000.0,false,PASS,false,PASS,,NOT_EVALUABLE,,NOT_EVALUABLE,false,PASS,false,false,PASS,true,FAIL,,0,insufficient,true,0.26972648334658067,,,,,,,,,false,0,0.23095481155729233,,,5.032925671057136,rising,6126790000.0,951969000.0,2093023000.0,,false,true,68045000.0,false,false,false,,,,803536000.0,3037345000.0,2349689000.0,443221000.0,2025-09-30,,,,,,0,,,,,,0,false,,,284790000.0,0.0,,-949480000.0,83874000.0,,,0.23095481155729233,1167748000.0,2026-09-21,,EquityAttributableToOwnersOfParent,Goodwill,,ProfitLoss,CashFlowsFromUsedInOperatingActivities,ProfitLossFromOperatingActivities,AdjustmentsForSharebasedPayments,19653000.0,,,275801000.0,0.0,1371925000.0,969531000.0,17562000.0,,,,,,,,,,,,,,,ineligible:gate0_status,,,,false
STNE,1745431,StoneCo Ltd.,"",Nasdaq,7374,Services-Computer Processing & Data Preparation,ifrs-full,20-F,BRL,1231,2024,2024-12-31,false,false,tax_anomaly,fail,"tangible_book,sbc,ni_vs_oi","",unresolved,unresolved,unresolved,"",,false,false,false,true,,,,none,false,2.402960751136326,-4454835000.0,-4687507000.0,,-202309000.0,-0.4809424652795862,,,,false,-0.33863032097872064,-15.537228720515948,,-1507050000.0,,-3621382000.0,764482000.0,false,false,false,0.0,68971000.0,false,false,false,,,0.8052315477030612,false,false,true,,,,false,,,false,,232672000.0,11775984000.0,,,5227654000.0,5429963000.0,301695179.0,,NOT_EVALUABLE,false,PASS,true,FAIL,true,FAIL,,NOT_EVALUABLE,,,NOT_EVALUABLE,true,FAIL,,0,insufficient,true,,,,,-1.3430685428023121,,-11.01311579020922,-15.537228720515948,-4.524112930306728,false,0,,,,-0.397776647661497,rising,,,,,false,false,,false,false,false,,,,,,,,,,,,,,,,,,,,,false,9054000.0,1587332000.0,949394000.0,10454000.0,,1587490000.0,,,,,-1017629000.0,2026-09-21,PurchaseOfPropertyPlantAndEquipmentClassifiedAsInvestingActivities,EquityAttributableToOwnersOfParent,,,ProfitLoss,CashFlowsFromUsedInOperatingActivities,,AdjustmentsForSharebasedPayments,489421000.0,,,,,,,,,,,,,,,,,,,,,,ineligible:gate0_status,,,,false
NGEN,1751912,NERVGEN PHARMA CORP.,"",Nasdaq,2834,Pharmaceutical Preparations,ifrs-full,40-F,CAD,1231,2025,2025-12-31,false,false,"",fail,"fcf,sbc,ni_vs_oi,tax_anomaly",goodwill,never_acquired,never_acquired,reported,"",,false,false,false,true,,3067763.0,,fiscal_year,false,0.4419855428612423,,,,,,,,,false,,,,-44117305.0,,-19499211.0,,false,false,false,,100926.0,false,false,false,,,,false,false,true,,,,false,,,false,,5394914.0,3476926.0,0.0,409163.0,22069635.0,,72330908.0,false,PASS,true,FAIL,,NOT_EVALUABLE,,NOT_EVALUABLE,,NOT_EVALUABLE,,,NOT_EVALUABLE,,NOT_EVALUABLE,,0,insufficient,true,,,,,,,,,,false,0,,,,0.5682298842298571,,,,,,false,false,,false,false,false,,,,,,,,,,,,,,,,,,,,,false,,,,,,100926.0,,,,,,2026-09-21,,Equity,,IntangibleAssetsOtherThanGoodwill,ProfitLoss,CashFlowsFromUsedInOperatingActivities,,AdjustmentsForSharebasedPayments,,,,,,,,,,,,,,,,,,,,,,,ineligible:gate0_status,,,,false
SANG,1753368,SANGOMA TECHNOLOGIES CORP,"",Nasdaq,7370,"Services-Computer Programming, Data Processing, Etc.",ifrs-full,40-F,USD,630,2025,2025-06-30,false,false,"",fail,ni_vs_oi,"",reported,reported,reported,"",,false,false,false,true,,-23769000.0,,fiscal_year,false,-8.340518962075848,36471000.0,33563000.0,0.012286008821590928,-13806000.0,0.2101529244836828,,,-0.14223547901914724,true,0.08518308852009654,1.0019636553155467,236692000.0,-5010000.0,,41786000.0,2391000.0,false,false,false,0.0,2924000.0,false,false,false,true,-6448000.0,,false,false,true,,,,false,,-0.02116674834806415,false,,2908000.0,254195000.0,186840000.0,91124000.0,13494000.0,27300000.0,33497223.0,true,FAIL,true,FAIL,false,PASS,false,PASS,false,PASS,false,,NOT_EVALUABLE,false,PASS,false,5,3y,false,0.018008047824909612,,0.7531304347914032,,0.18595560817396423,,,1.0019636553155467,,false,5,,,,-4.787624528992763,falling,,,,,false,false,,false,false,false,,,,,,,,,,,,,,,,,,,,,false,,2859000.0,,,-33666000.0,-8839000.0,,2391000.0,,,-6343000.0,2026-09-21,PurchaseOfPropertyPlantAndEquipmentClassifiedAsInvestingActivities,EquityAttributableToOwnersOfParent,Goodwill,IntangibleAssetsOtherThanGoodwill,ProfitLoss,CashFlowsFromUsedInOperatingActivities,,AdjustmentsForSharebasedPayments,-1333000.0,,,,,,,,,,,,,,,,,,,,,,ineligible:gate0_status,,,,false
IVA,1756594,Inventiva S.A.,"",Nasdaq,2834,Pharmaceutical Preparations,ifrs-full,20-F,EUR,1231,2024,2024-12-31,false,false,sbc,fail,"fcf,tax_anomaly",goodwill,never_acquired,never_acquired,reported,"",,false,false,false,true,,-106695000.0,-8994000.0,latest_q,false,0.4664625540138536,,,0.3892150467492933,,,1.8882305910330266,,,false,,,9198000.0,-184212000.0,-97558000.0,-85928000.0,,false,false,false,,2386000.0,false,false,false,,,,false,false,false,"",2024-07-01,2025-06-30,false,2530000.0,-20.027397260273972,false,-4.689219147713277,3580000.0,-106647000.0,0.0,48000.0,96564000.0,,59778701.0,true,FAIL,true,FAIL,,NOT_EVALUABLE,,NOT_EVALUABLE,true,FAIL,true,false,PASS,,NOT_EVALUABLE,,0,insufficient,false,0.29923683949513746,0.05619448004257466,,,,,,,,false,0,-10.606436181778648,-4.331523292369249,-6.274912889409399,0.6777818080113255,falling,13611000.0,-311065000.0,-91311000.0,,false,true,9351000.0,false,false,false,,,85000.0,-8909000.0,122076000.0,73404000.0,108839636.0,2025-06-30,,,,,,0,,,,,,0,false,,,,,,8745000.0,,,,-10.606436181778648,,2026-09-21,,Equity,,IntangibleAssetsOtherThanGoodwill,ProfitLoss,CashFlowsFromUsedInOperatingActivities,ProfitLossFromOperatingActivities,AdjustmentsForSharebasedPayments,313000.0,,,,,-108249000.0,,-309000.0,,,,,,,,,,,,,,,ineligible:gate0_status,,,,false
JMIA,1756708,Jumia Technologies AG,"",NYSE,5961,Retail-Catalog & Mail-Order Houses,ifrs-full,20-F,USD,1231,2025,2025-12-31,false,false,"tax_anomaly,ni_vs_oi",fail,tangible_book,goodwill,unresolved,never_acquired,unresolved,"",,false,false,false,true,,,,none,false,0.7786805329866753,-52585000.0,-57328000.0,0.025104536071560896,68741000.0,-0.023517280377873134,0.9736109353246425,,,false,,-0.23214292070367862,188930000.0,-61540000.0,-63208000.0,-47920000.0,4665000.0,false,false,false,0.0,,true,false,false,true,78083000.0,0.5935114503816794,false,false,true,"capex,dep_amort,net_income,ocf,operating_income,pretax_income,revenue,sbc,tax_expense",,,false,,-0.32572910601810195,false,-0.39327904207036407,4743000.0,26273000.0,0.0,,76670000.0,7929000.0,246951317.0,,NOT_EVALUABLE,true,FAIL,true,FAIL,true,FAIL,false,PASS,false,true,FAIL,true,FAIL,,0,insufficient,false,-0.02413925447730436,0.03462043136229753,,,-1.295560696747866,-0.8673310018816213,-1.7947086778859729,-0.23214292070367862,1.5625657571822942,false,0,-0.33455777272005505,-1.0687913356675829,0.7342335629475278,0.6854566075470302,rising,,,,,false,false,,false,false,false,,,,25550000.0,45057000.0,5524000.0,202988661.0,2024-06-30,,,,,,0,,,,,,0,false,,,7860000.0,,,75636000.0,2218000.0,4665000.0,,-0.33455777272005505,-60126000.0,2026-09-21,PurchaseOfPropertyPlantAndEquipmentClassifiedAsInvestingActivities,EquityAttributableToOwnersOfParent,,,ProfitLoss,CashFlowsFromUsedInOperatingActivities,ProfitLossFromOperatingActivities,AdjustmentsForSharebasedPayments,1414000.0,,,,,,,,,,,,,,,,,,,,,,ineligible:gate0_status,,,,false
PAIYY,1757143,Aesthetic Medical International Holdings Group Limited,"",OTC,8093,"Services-Specialty Outpatient Facilities, NEC",ifrs-full,20-F,CNY,1231,2024,2024-12-31,false,false,tax_anomaly,fail,"tangible_book,ni_vs_oi","",unresolved,unresolved,unresolved,"",,false,false,false,true,,,,none,false,-3.1774817532804214,10228000.0,10228000.0,0.0,-43102000.0,-17.61395694135115,,,,false,,0.07127308935735359,755671000.0,-25073000.0,,79669000.0,30599000.0,false,false,false,0.0,38842000.0,false,true,false,,,,false,false,true,,,,false,,-0.0331797832654687,false,,0.0,30457000.0,,,42836000.0,85938000.0,143504373.0,,NOT_EVALUABLE,true,FAIL,false,PASS,false,PASS,false,PASS,false,,NOT_EVALUABLE,true,FAIL,,0,insufficient,false,0.05388036782823291,-0.02757167980574704,,,-1.033713721608178,-1.731746801914002,-1.731746801914002,0.07127308935735359,1.8030198912713558,true,1,,,,-1.3503790161724585,falling,,,,,false,false,,false,false,false,,,,,,,,,,,,,,,,,,,,,false,,,,,,-30317000.0,,,,,-1347000.0,2026-09-21,PurchaseOfPropertyPlantAndEquipmentClassifiedAsInvestingActivities,EquityAttributableToOwnersOfParent,,,ProfitLoss,CashFlowsFromUsedInOperatingActivities,,ExpenseFromSharebasedPaymentTransactionsWithEmployees,23726000.0,,,,,,,,,,,,,,,,,,,,,,ineligible:gate0_status,,,,false
NBTX,1760854,Nanobiotix S.A.,"",Nasdaq,2834,Pharmaceutical Preparations,ifrs-full,20-F,EUR,1231,2025,2025-12-31,false,false,tax_anomaly,fail,"",goodwill,never_acquired,never_acquired,reported,"",,false,false,false,true,,-84493000.0,-68965000.0,fiscal_year,false,1.3948499645256875,-35155000.0,-38694000.0,0.1085815972754886,,-0.000125203455615375,2.2149195784803104,,,false,,-0.0008091656591131504,32593000.0,-23961000.0,-10818000.0,-33422000.0,538000.0,false,false,false,3000.0,1195000.0,false,false,false,,,0.35986622073578595,false,false,false,"",2024-07-01,2025-06-30,true,1127000.0,-0.7351578559813456,false,-0.7396083630237247,3539000.0,-84483000.0,0.0,10000.0,52750000.0,,47819627000.0,true,FAIL,false,PASS,true,FAIL,true,FAIL,false,PASS,true,false,PASS,true,FAIL,,0,insufficient,false,0.8967932967157899,0.6696326940531712,,,-0.001189663635820037,-0.0012911598200052842,-0.0022026659807538205,-0.0008091656591131504,0.00139350032164067,false,0,-0.33191176019390667,-14.501592356687897,14.169680596493992,0.6653548539607792,rising,10158000.0,-51643000.0,-31126000.0,507000.0,false,false,4519000.0,false,false,false,-37279000.0,,13000.0,-68952000.0,28818000.0,,47418155.0,2025-06-30,,,,,,0,,,,,,0,false,,,1495000.0,,,-578000.0,,,,-0.33191176019390667,-23961000.0,2026-09-21,PurchaseOfPropertyPlantAndEquipmentClassifiedAsInvestingActivities,Equity,,IntangibleAssetsOtherThanGoodwill,ProfitLoss,CashFlowsFromUsedInOperatingActivities,ProfitLossFromOperatingActivities,AdjustmentsForSharebasedPayments,3000.0,,,1635000.0,,-43932000.0,,-37000.0,,,,,,,,,,,,,,,ineligible:gate0_status,,,,false
VIST,1762506,"Vista Energy, S.A.B. de C.V.","",NYSE,1311,Crude Petroleum & Natural Gas,ifrs-full,20-F,USD,1231,2024,2024-12-31,false,false,"",fail,"","",reported,reported,reported,"",,false,false,false,true,,1583194000.0,,fiscal_year,false,2.008343088576209,-150145000.0,-185068000.0,0.021194124415573067,-684260000.0,0.1917752573934502,0.7635571403444251,,0.003287477363318137,true,,-1.9296721120390976,1647768000.0,477521000.0,625390000.0,959026000.0,1052530000.0,false,false,false,0.0,56641000.0,false,false,false,true,7447000.0,2.4376082707254487,false,false,true,,,,false,,0.2897986852518073,false,0.4455374433760504,34923000.0,1621213000.0,22576000.0,15443000.0,764307000.0,1448567000.0,95906449.0,false,PASS,false,PASS,true,FAIL,true,FAIL,false,PASS,false,false,PASS,false,PASS,false,0,insufficient,false,0.35297780144184143,0.316938693434764,,,0.6867883038061618,-1.5528120390536144,-1.5528120390536144,-1.9296721120390976,-0.3768600729854832,false,0,0.379537653358968,0.03513904648345097,0.34439860687551704,2.120398395234082,falling,,,,,false,false,,false,false,false,,,,,,,,,,,,,,,,,,,,,false,,,431788000.0,,5417000.0,-1051876000.0,4535000.0,1063858000.0,,0.379537653358968,590827000.0,2026-09-21,PurchaseOfPropertyPlantAndEquipmentClassifiedAsInvestingActivities,Equity,Goodwill,IntangibleAssetsOtherThanGoodwill,ProfitLoss,CashFlowsFromUsedInOperatingActivities,ProfitLossFromOperatingActivities,AdjustmentsForSharebasedPayments,113306000.0,,,,,,,,,,,,,,,,,,,,,,ineligible:gate0_status,,,,false
SNDL,1766600,SNDL Inc.,"",Nasdaq,2833,Medicinal Chemicals & Botanical Products,ifrs-full,40-F,CAD,1231,2025,2025-12-31,false,false,"",fail,tax_anomaly,"",reported,reported,reported,"",,false,false,false,true,,918428000.0,,fiscal_year,false,-4.49581589958159,18861000.0,4956000.0,0.014692503494818793,,,2.484485745786738,0.0031699036666275712,-0.002963859928296779,true,,19.205282615266572,946401000.0,-15774000.0,-6349000.0,70917000.0,12811000.0,false,true,false,,39245000.0,false,true,false,,,0.22766611576122692,false,false,true,,,,false,,-0.016667353479127768,false,-0.17950486575446148,13905000.0,1101196000.0,124248000.0,58520000.0,252243000.0,,258054.0,false,PASS,true,FAIL,false,PASS,false,PASS,false,PASS,false,false,PASS,,NOT_EVALUABLE,true,0,insufficient,false,0.09940662626176433,0.7308758193231841,,,-238.13791213332695,-3178.824605533958,-3055.3586005830903,19.205282615266572,3074.563883198357,true,1,-0.006708572793139483,-3.043501099839128,3.036792527045989,-1.657442688979553,falling,,,,,false,false,,false,false,false,,,,,,,,,,,,,,,,,,,,,true,3000000.0,,56271000.0,,-2805000.0,17454000.0,,,,-0.006708572793139483,-15774000.0,2026-09-21,PurchaseOfPropertyPlantAndEquipmentClassifiedAsInvestingActivities,EquityAttributableToOwnersOfParent,Goodwill,IntangibleAssetsOtherThanGoodwill,ProfitLoss,CashFlowsFromUsedInOperatingActivities,ProfitLossFromOperatingActivities,AdjustmentsForSharebasedPayments,,,,,,,,,,,,,,,,,,,,,,,ineligible:gate0_status,,,,false
FNUC,1769697,Frontier Nuclear and Minerals Inc.,"",Nasdaq,1090,Miscellaneous Metal Ores,ifrs-full,20-F,CAD,630,2025,2025-06-30,false,false,"",fail,"fcf,sbc,ni_vs_oi,tax_anomaly",goodwill,never_acquired,never_acquired,reported,"",,false,false,false,true,,65894683.0,50917165.0,fiscal_year,false,-0.5874356647291957,,,,,,,,,false,,,,-15985788.0,,9390622.0,,false,false,false,,,true,false,false,,,,false,false,true,"",2024-01-01,2024-12-31,true,,,false,,361977.0,66006596.0,0.0,111913.0,17829149.0,,4972546.0,false,PASS,true,FAIL,,NOT_EVALUABLE,,NOT_EVALUABLE,,NOT_EVALUABLE,,,NOT_EVALUABLE,,NOT_EVALUABLE,,0,insufficient,false,,,,,,,,,,false,0,,,,-0.5999059312798473,rising,,-6890332.0,,,false,false,492222.0,false,false,false,,,,51029078.0,28396150.0,,30612210.0,2024-12-31,,,,,,0,,,,,,0,false,,,,,,-21479352.0,,,,,-15985788.0,2026-09-21,,Equity,,IntangibleAssetsOtherThanGoodwill,ProfitLoss,CashFlowsFromUsedInOperatingActivities,,AdjustmentsForSharebasedPayments,,,,,,,,,,,,,,,,,,,,,,,ineligible:gate0_status,,,,false
QNTM,1771885,Quantum BioPharma Ltd.,"",Nasdaq,2834,Pharmaceutical Preparations,ifrs-full,20-F,USD,1231,2025,2025-12-31,false,false,"",unknown,"income_quality,fcf,sbc,ni_vs_oi,tax_anomaly",goodwill,never_acquired,never_acquired,reported,"",,false,false,false,true,,2411268.0,4032806.0,fiscal_year,false,,,,,604808.0,,,,,false,,,,,-15302374.0,-8237012.0,,false,false,false,,113862.0,false,false,false,,,,false,false,false,"",2024-10-01,2025-09-30,true,93891.0,,false,,2945502.0,6924475.0,0.0,4513207.0,1905357.0,1300549.0,,false,PASS,,NOT_EVALUABLE,,NOT_EVALUABLE,,NOT_EVALUABLE,,NOT_EVALUABLE,,,NOT_EVALUABLE,,NOT_EVALUABLE,,0,insufficient,false,,,,,-0.7776841810990137,-2.2602594777581895,,,,false,0,,,,,,,,-8767176.0,,false,true,2054573.0,false,false,false,,,4619237.0,8652043.0,445944.0,1975305.0,,2025-09-30,,,,,,0,,,,,,0,false,,,545780.0,,,-1952469.0,2500425.0,,1181499.0,,,2026-09-21,,EquityAttributableToOwnersOfParent,,IntangibleAssetsOtherThanGoodwill,,CashFlowsFromUsedInOperatingActivities,ProfitLossFromOperatingActivities,AdjustmentsForSharebasedPayments,,,,529212.0,,-19170217.0,,,,,,,,,,,,,,,,,ineligible:gate0_status,,,,false
BNTX,1776985,BioNTech SE,"",Nasdaq,2836,"Biological Products, (No Diagnostic Substances)",ifrs-full,20-F,EUR,1231,2025,2025-12-31,false,false,"tax_anomaly,ni_vs_oi",fail,tangible_book,"",unresolved,reported,unresolved,"",,false,false,false,true,,,,none,false,-0.4013731185635067,241300000.0,135100000.0,0.03700477368549427,,-0.08117624666920442,0.8086696562032885,-0.06491515383811283,,false,,0.5589573851882499,2869900000.0,-1136100000.0,-1404900000.0,456000000.0,175100000.0,false,false,false,0.0,39600000.0,false,false,false,,,0.45741901776384536,false,false,true,,,,false,,-0.3958674518275898,false,0.18078030898140873,106200000.0,19224200000.0,367900000.0,,7675400000.0,,241700000.0,,NOT_EVALUABLE,true,FAIL,false,PASS,false,PASS,false,PASS,false,true,FAIL,true,FAIL,,0,3y,false,-0.4506469403258242,0.42859754828805663,-0.78184437555021,,53.83682696259761,-0.5280373831775701,-1.2784869976359339,0.5589573851882499,1.8374443828241838,true,1,-0.48952925189030977,-0.17084801990462367,-0.3186812319856861,1.6867577629397632,falling,,,,,false,false,,false,false,false,,,,,,,,,,,,,,,,,,,,,false,-186300000.0,,382800000.0,,,-2468500000.0,,,,-0.48952925189030977,-1050800000.0,2026-09-21,PurchaseOfPropertyPlantAndEquipmentClassifiedAsInvestingActivities,Equity,Goodwill,,ProfitLoss,CashFlowsFromUsedInOperatingActivities,ProfitLossFromOperatingActivities,AdjustmentsForSharebasedPayments,85300000.0,,,,,,,,,,,,,,,,,,,,,,ineligible:gate0_status,,,,false
GFL,1780232,GFL Environmental Inc.,"",NYSE,4953,Refuse Systems,ifrs-full,40-F,CAD,1231,2025,2025-12-31,false,false,tax_anomaly,fail,"income_quality,ni_vs_oi","",reported,reported,reported,"",,false,false,false,true,,-1349100000.0,,fiscal_year,false,,59600000.0,-91900000.0,0.022899378769328436,-7337000000.0,-0.0625826355222565,,0.14861167792741728,-0.33965144575945827,true,,-0.24867366625942364,6615900000.0,3813400000.0,,1316000000.0,1141400000.0,false,false,true,3572300000.0,115000000.0,false,false,false,,,,false,false,true,,,,false,,,false,,151500000.0,7302800000.0,6894900000.0,1757000000.0,85600000.0,7422600000.0,369560643.0,true,FAIL,,NOT_EVALUABLE,false,PASS,true,FAIL,false,PASS,false,,NOT_EVALUABLE,true,FAIL,false,5,insufficient,false,-0.007220253326774451,0.09533395420323654,,,0.5615913293305526,-0.10183601991691674,-1.5458726178696993,-0.24867366625942364,1.2971989516102758,false,0,,,,30.4472049689441,,,,,,false,false,,false,false,false,,,,,,,,,,,,,,,,,,,,,true,983200000.0,,,31100000.0,-2247100000.0,3958500000.0,,,,,226900000.0,2026-09-21,PurchaseOfPropertyPlantAndEquipmentIntangibleAssetsOtherThanGoodwillInvestmentPropertyAndOtherNoncurrentAssets,EquityAttributableToOwnersOfParent,Goodwill,IntangibleAssetsOtherThanGoodwill,ProfitLoss,CashFlowsFromUsedInOperatingActivities,,AdjustmentsForSharebasedPayments,-14200000.0,,,,,,,,,,,,,,,,,,,,,,ineligible:gate0_status,,,,false
PTCHF,1782999,PURETECH HEALTH PLC,"",OTC,2834,Pharmaceutical Preparations,ifrs-full,20-F,USD,1231,2024,2024-12-31,false,false,"tax_anomaly,sbc,ni_vs_oi",fail,"",goodwill,never_acquired,never_acquired,reported,"",,false,false,false,true,,413801000.0,,fiscal_year,false,-4.836548844575624,-137774000.0,-160624000.0,4.732808616404308,,-0.16858753259863718,-0.20413681619456997,,,false,-0.029827423050104593,-0.6312439304904165,4828000.0,27782000.0,-136095000.0,-134369000.0,11000.0,false,true,false,0.0,3394000.0,false,false,false,true,-105970000.0,0.003080369644357323,false,false,false,"",2023-07-01,2024-06-30,true,3222000.0,5.754349627174814,false,-12.6653220642848,22850000.0,414707000.0,0.0,906000.0,280641000.0,,254456308.0,false,PASS,true,FAIL,true,FAIL,true,FAIL,true,FAIL,true,true,FAIL,true,FAIL,,0,insufficient,false,-0.34761213130553237,-0.1321469037831573,,,-0.632155269169791,,,-0.6312439304904165,,false,0,-28.188690969345483,-13.806362802080146,-14.382328167265337,0.5256234142750996,falling,468000.0,-89960000.0,-120798000.0,0.0,false,false,7807000.0,false,false,false,-131827000.0,,,,,,269656522.0,,,,,,,,,,,,,,false,,4791000.0,3571000.0,,,240888000.0,655811000.0,308953000.0,,-28.188690969345483,23774000.0,2026-09-21,PurchaseOfPropertyPlantAndEquipmentClassifiedAsInvestingActivities,EquityAttributableToOwnersOfParent,,IntangibleAssetsOtherThanGoodwill,ProfitLoss,CashFlowsFromUsedInOperatingActivities,ProfitLossFromOperatingActivities,AdjustmentsForSharebasedPayments,-4008000.0,,17193000.0,3686000.0,,-136434000.0,-77389000.0,12571000.0,,,,,,,,,,,,,,,ineligible:gate0_status,,,,false
DPRO,1786286,Draganfly Inc.,"",Nasdaq,3721,Aircraft,ifrs-full,6-K,CAD,1231,2025,2025-12-31,false,false,sbc,fail,"ni_vs_oi,tax_anomaly",goodwill,structured_absence_asc350,structured_absence_asc350,reported,"",,false,false,false,true,,96560683.0,64147596.0,fiscal_year,false,1.0389294166736036,-24989613.0,-26378569.0,0.17965679937158227,,,,,,false,,-1.6785146235952655,7731163.0,-22981079.0,,-23875719.0,923037.0,false,false,false,,190857.0,false,false,false,,,2.73499737770785,false,false,false,"",2024-10-01,2025-09-30,true,255154.0,-2.9725254790256006,false,,1388956.0,96596795.0,0.0,36112.0,90156821.0,,15715424.0,false,PASS,false,PASS,true,FAIL,true,FAIL,true,FAIL,true,,NOT_EVALUABLE,,NOT_EVALUABLE,,0,insufficient,false,0.005496926404710001,0.12119654536190283,,,-14.818113819854144,,,-1.6785146235952655,,false,0,,,,0.8955979284220311,rising,7432124.0,-18078705.0,-16367174.0,521000.0,false,false,1417052.0,false,false,false,-18560380.0,6246455.0,38370.0,70432421.0,69881348.0,,11379877.0,2025-09-30,,0.16406221208034713,0.2205811920438087,0.14356751790940753,,0,,-0.5467412037499977,,,,0,false,,,337491.0,,,-853391.0,,,,,,2026-09-21,PurchaseOfPropertyPlantAndEquipmentClassifiedAsInvestingActivities,EquityAttributableToOwnersOfParent,,IntangibleAssetsOtherThanGoodwill,ProfitLoss,CashFlowsFromUsedInOperatingActivities,,AdjustmentsForSharebasedPayments,,,,376170.0,,,,,,,,,,,,,,,,,,,ineligible:gate0_status,,,,false
SBSW,1786909,Sibanye Stillwater Limited,"",NYSE,1040,Gold and Silver Ores,ifrs-full,20-F,ZAR,1231,2024,2024-12-31,false,false,tax_anomaly,fail,ni_vs_oi,"",reported,reported,reported,"",,false,false,false,true,,41921000000.0,,fiscal_year,false,-1.7711033274956218,-11664000000.0,-11915000000.0,0.002238493164123465,-25638000000.0,-0.35500711912672045,,0.02399022554379331,0.01387687395767375,true,,-4.2094039816050985,112129000000.0,-5710000000.0,,10113000000.0,21569000000.0,false,false,false,0.0,208000000.0,false,false,false,,,2.4482406356413167,false,false,true,,,,false,,-0.050923489908944165,false,,251000000.0,43979000000.0,782000000.0,1276000000.0,16049000000.0,41687000000.0,2830567000.0,false,PASS,true,FAIL,true,FAIL,true,FAIL,false,PASS,false,,NOT_EVALUABLE,true,FAIL,false,0,insufficient,false,-0.13323777027834693,0.08985394918704648,,,6.561671641131998,0.5032734709080418,0.5032734709080418,-4.2094039816050985,-4.71267745251314,false,0,,,,-0.38058083810730653,falling,,,,,false,false,,false,false,false,,,,,,,,,,,,,,,,,,,,,true,2690000000.0,,8810000000.0,173000000.0,1556000000.0,-24338000000.0,,,,,-4214000000.0,2026-09-21,PurchaseOfPropertyPlantAndEquipmentClassifiedAsInvestingActivities,EquityAttributableToOwnersOfParent,Goodwill,IntangibleAssetsOtherThanGoodwill,ProfitLoss,CashFlowsFromUsedInOperatingActivities,,AdjustmentsForSharebasedPayments,1496000000.0,,,,,,,,,,,,,,,,,,,,,,ineligible:gate0_status,,,,false
BWMX,1788257,"BETTERWARE DE MEXICO, S.A.P.I. DE C.V","",NYSE,5961,Retail-Catalog & Mail-Order Houses,ifrs-full,20-F,MXN,1231,2024,2024-12-31,false,false,"",fail,"fcf,sbc,ni_vs_oi","",reported,reported,reported,"",,true,false,true,true,,-2005571000.0,,fiscal_year,false,2.5257546498913594,,,,-4528385000.0,0.39741459473467583,,,0.10768132337282861,false,,,14100758000.0,711522000.0,,1797130000.0,,false,false,false,0.0,155361000.0,false,false,true,,,,false,false,true,,,,false,,0.05045984052772198,false,,,1164370000.0,1599718000.0,1570223000.0,296558000.0,4824943000.0,37244.0,true,FAIL,false,PASS,,NOT_EVALUABLE,,NOT_EVALUABLE,,NOT_EVALUABLE,,,NOT_EVALUABLE,false,PASS,true,3,insufficient,false,0.11884770548771284,0.35521117807989366,,,27696.543517066046,,,,,false,0,,,,2.1431538380567723,rising,,,,,false,false,,false,false,false,,,,,,,,,,,,,,,,,,,,,false,,,392186000.0,998054000.0,1518388282.0,-466000.0,,,,,1180782000.0,2026-09-21,,EquityAttributableToOwnersOfParent,Goodwill,IntangibleAssetsOtherThanGoodwill,ProfitLoss,CashFlowsFromUsedInOperatingActivities,,,469260000.0,,,,,,,,,,,,,,,,,,,,,,ineligible:gate0_status,,,,false
BIPC,1788348,BROOKFIELD INFRASTRUCTURE CORPORATION,"",NYSE,4923,Natural Gas Transmisison & Distribution,ifrs-full,6-K,USD,1231,2025,2025-12-31,false,false,"",fail,sbc,"",reported,reported,reported,"",,true,true,false,false,,-6081000000.0,-6057000000.0,fiscal_year,false,2.297142857142857,2000000.0,,,,0.3548387096774194,0.3105590062111801,0.026717557251908396,0.07660850599781897,true,,,3668000000.0,700000000.0,2254000000.0,1608000000.0,1606000000.0,false,false,false,0.0,,true,false,false,,,2.404191616766467,false,false,false,"",2024-07-01,2025-06-30,true,,0.19083969465648856,false,0.662405113863364,,-1299000000.0,1680000000.0,3102000000.0,431000000.0,,,true,FAIL,false,PASS,false,PASS,,NOT_EVALUABLE,,NOT_EVALUABLE,,false,PASS,false,PASS,true,5,insufficient,false,0.2482336309675901,0.2073096109530641,,,,,,,,false,0,0.6145038167938931,0.6083916083916084,0.006112208402284658,9.417666980983812,rising,3651000000.0,-315000000.0,1675000000.0,1171000000.0,false,false,,true,false,false,504000000.0,1670000000.0,3149000000.0,-1238000000.0,1217000000.0,,,2025-06-30,0.15144230769230768,0.12317327766179541,0.6877323420074349,-0.046255506607929514,-0.0028534378555071975,0,,,-0.16923076923076924,1.4907407407407407,,1,true,98000000.0,,668000000.0,228000000.0,281000000.0,-612000000.0,270000000.0,1739000000.0,426000000.0,0.6145038167938931,1085000000.0,2026-09-21,PurchaseOfPropertyPlantAndEquipmentClassifiedAsInvestingActivities,EquityAttributableToOwnersOfParent,Goodwill,IntangibleAssetsOtherThanGoodwill,ProfitLoss,CashFlowsFromUsedInOperatingActivities,ProfitLossFromOperatingActivities,,385000000.0,,,737000000.0,221000000.0,2204000000.0,49000000.0,,,,,,,,,,,,,,,,ineligible:gate0_status,,,,true
TII,1791703,Titan Mining Corporation,"",NYSE,1040,Gold and Silver Ores,ifrs-full,40-F,USD,1231,2025,2025-12-31,false,false,"tax_anomaly,ni_vs_oi",fail,"","goodwill,intangibles",never_acquired,never_acquired,never_acquired,"",,false,false,false,true,,3784000.0,,fiscal_year,false,-449.10714285714283,-194000.0,-887000.0,0.00933509348564039,8375000.0,-1.7142857142857142,0.0015838895802692612,,,false,,-9.73430932496351,74236000.0,-28000.0,-17678000.0,12575000.0,12674000.0,false,false,false,48000.0,95000.0,false,false,false,false,0.0,2.475390625,false,false,true,,,,false,,-0.00037717549436930867,false,,693000.0,3784000.0,0.0,0.0,17484000.0,9109000.0,91121.0,false,PASS,true,FAIL,true,FAIL,true,FAIL,false,PASS,false,true,FAIL,true,FAIL,,0,insufficient,true,,,,,,,,-9.73430932496351,,false,0,-0.23813244248073712,,,-223.48985250643355,,,,,,false,false,,false,false,false,,,,,,,,,,,,,,,,,,,,,false,,,5120000.0,,,-12674000.0,,12674000.0,,-0.23813244248073712,-28000.0,2026-09-21,PurchaseOfPropertyPlantAndEquipmentClassifiedAsInvestingActivities,Equity,,,ProfitLoss,CashFlowsFromUsedInOperatingActivities,ProfitLossFromOperatingActivities,AdjustmentsForSharebasedPayments,48000.0,,,,,,,,,,,,,,,,,,,,,,ineligible:gate0_status,,,,false
BEPC,1791863,BROOKFIELD RENEWABLE CORPORATION,"",NYSE,4911,Electric Services,ifrs-full,6-K,USD,1231,2025,2025-12-31,false,false,"",fail_stale,"sbc,ni_vs_oi,tax_anomaly","",carried_forward,reported,carried_forward,intangibles,365,true,true,false,false,,-1220000000.0,-646000000.0,fiscal_year,false,-0.21425522833973537,-636000000.0,,,,,,0.0,,true,,,3728000000.0,-2343000000.0,,502000000.0,1138000000.0,false,false,false,,,true,false,false,true,-6000000.0,0.917741935483871,false,false,false,"acquisitions,lease_payments",2024-07-01,2025-06-30,true,,-0.6284871244635193,false,,,-406000000.0,809000000.0,5000000.0,682000000.0,,,true,FAIL,true,FAIL,true,FAIL,,NOT_EVALUABLE,,NOT_EVALUABLE,,,NOT_EVALUABLE,,NOT_EVALUABLE,false,0,insufficient,false,-0.004431110948571293,0.038455413921947734,,,,,,,,false,0,,,,2.086062869859181,falling,3887000000.0,-1171000000.0,401000000.0,1023000000.0,false,false,,true,false,false,-622000000.0,755000000.0,7000000.0,116000000.0,556000000.0,13770000000.0,,2025-06-30,0.22031823745410037,-0.09628886659979939,0.097669256381798,-0.03741152679474216,-0.05792311697649303,0,2.1918819188191883,-0.7058823529411765,-1.6210526315789473,-1.7627118644067796,-1.2778951628315673,0,false,0.0,,1240000000.0,,,-576000000.0,568000000.0,1138000000.0,,,,2026-09-21,PurchaseOfPropertyPlantAndEquipmentClassifiedAsInvestingActivities,EquityAttributableToOwnersOfParent,Goodwill,,ProfitLoss,CashFlowsFromUsedInOperatingActivities,,,-13000000.0,,,1231000000.0,,,,134000000.0,,,,,,,,,,,,,,,ineligible:gate0_status,,,,true
IMCC,1792030,IM Cannabis Corp.,"",Nasdaq,2833,Medicinal Chemicals & Botanical Products,ifrs-full,6-K,CAD,1231,2025,2025-12-31,false,false,tax_anomaly,fail,"","",reported,reported,reported,"",,false,false,false,true,,-6837000.0,-6164000.0,fiscal_year,false,-0.4013617021276596,4380000.0,4366000.0,0.00025579653212987155,-12542000.0,-0.00789157659975982,1.014067489427807,,-0.12616250388262593,true,,,54731000.0,-11750000.0,-11587000.0,4716000.0,13000.0,false,true,false,0.0,323000.0,false,false,false,,,,false,false,false,"acquisitions,lease_payments",2024-07-01,2025-06-30,true,,-0.2146863751804279,false,-0.2621096631423654,14000.0,-3730000.0,1885000.0,1222000.0,2727000.0,15269000.0,,true,FAIL,true,FAIL,false,PASS,false,PASS,false,PASS,false,false,PASS,true,FAIL,false,3,insufficient,false,0.0024234952581780878,0.28062476843737083,,,-2.9319036345912823,-0.36561649163749516,,,,false,0,-0.21170817269920156,-0.5188797986154814,0.30717162591627983,0.15987792028694872,falling,52414000.0,-2314000.0,2544000.0,108000.0,false,false,261000.0,false,false,false,2175000.0,6863000.0,2823000.0,3522000.0,794000.0,1297000.0,69427000.0,2025-06-30,,0.03967566716523656,0.11683198303929734,-0.1392542372881356,,0,,,,,,0,false,,,,,-6905000.0,-531000.0,,,,-0.21170817269920156,-11658000.0,2026-09-21,PurchaseOfPropertyPlantAndEquipmentClassifiedAsInvestingActivities,EquityAttributableToOwnersOfParent,Goodwill,IntangibleAssetsOtherThanGoodwill,ProfitLoss,CashFlowsFromUsedInOperatingActivities,ProfitLossFromOperatingActivities,AdjustmentsForSharebasedPayments,92000.0,,,,,-1927000.0,-2442000.0,-128000.0,,,,,,,,,,,,,,,ineligible:gate0_status,,,,false
VZLA,1796073,Vizsla Silver Corp.,"",NYSE,1040,Gold and Silver Ores,ifrs-full,40-F,CAD,430,2025,2025-04-30,false,false,tax_anomaly,unknown,"fcf,sbc,ni_vs_oi","goodwill,intangibles",never_acquired,never_acquired,never_acquired,"",,false,false,false,true,,408550428.0,,fiscal_year,false,0.8904061484165642,,,,,-0.0,,,,false,,,,-7850997.0,,-6990576.0,,false,false,false,1.0,,true,false,false,,,,false,false,true,,,,false,,,false,,9668464.0,408550428.0,0.0,0.0,132616939.0,,267326705.0,false,PASS,false,PASS,,NOT_EVALUABLE,,NOT_EVALUABLE,,NOT_EVALUABLE,,,NOT_EVALUABLE,true,FAIL,,0,insufficient,true,,,,,-0.19114280856227084,,,,,false,0,,,,0.9013926568817948,falling,,,,,false,false,,false,false,false,,,,,,,,,,,,,,,,,,,,,false,,,249333.0,6669084.0,,-40234665.0,,,,,-7850996.0,2026-09-21,,Equity,,,ProfitLoss,CashFlowsFromUsedInOperatingActivities,,AdjustmentsForSharebasedPayments,0.0,,,,,,,,,,,,,,,,,,,,,,ineligible:gate0_status,,,,false
LEGN,1801198,Legend Biotech Corp,"",Nasdaq,2834,Pharmaceutical Preparations,ifrs-full,6-K,USD,1231,2025,2025-12-31,false,false,tax_anomaly,fail,"",goodwill,never_acquired,never_acquired,reported,"",,false,false,false,true,,1000200000.0,1009123000.0,fiscal_year,false,0.3376010781671159,-132400000.0,-197000000.0,0.06278549907668383,582800000.0,-0.05024769992922859,2.174358974358974,,,false,,-0.5343950053109912,1028900000.0,-296800000.0,-136500000.0,-100200000.0,28600000.0,false,false,false,0.0,3600000.0,false,false,false,true,738200000.0,,false,false,false,"",2024-10-01,2025-09-30,true,3560000.0,-0.28846340752259697,false,-1.852053180334078,64600000.0,1002100000.0,0.0,1900000.0,901900000.0,319100000.0,368641170.0,false,PASS,true,FAIL,true,FAIL,true,FAIL,false,PASS,false,false,PASS,true,FAIL,,0,insufficient,false,1.0640628412229738,0.6883496057989664,,,-0.814696969601226,-1.0859725603877228,-0.640145,-0.5343950053109912,0.10574999468900881,false,0,-0.13266595393138303,,,0.6366624448030006,falling,909045000.0,-239675000.0,-170040000.0,18604000.0,false,false,63005000.0,false,false,false,-255209000.0,,2137000.0,1011260000.0,278893000.0,314803000.0,368363143.0,2025-09-30,,1.0752306071857944,0.36743457911356775,0.699884522954964,,1,,-12.402264150943397,,,,0,false,,,,,,709600000.0,,28600000.0,,-0.13266595393138303,-282600000.0,2026-09-21,PurchaseOfPropertyPlantAndEquipmentClassifiedAsInvestingActivities,Equity,,IntangibleAssetsOtherThanGoodwill,ProfitLoss,CashFlowsFromUsedInOperatingActivities,ProfitLossFromOperatingActivities,ExpenseFromSharebasedPaymentTransactionsWithEmployees,14200000.0,,,,,-196178000.0,-222457000.0,17218000.0,,,,,,,,,,,,,,,ineligible:gate0_status,,,,false
GFAI,1804469,"GUARDFORCE AI CO., LIMITED","",Nasdaq,7381,"Services-Detective, Guard & Armored Car Services",ifrs-full,6-K,USD,1231,2024,2024-12-31,false,false,"tax_anomaly,ni_vs_oi",fail,"","",reported,reported,reported,"",,false,false,false,true,,29337014.0,31738331.0,latest_q,false,0.5689939603401373,-5613709.0,-7463065.0,0.05088004571884741,21892190.0,0.02095486628823379,0.8694940683179224,0.0007754618194828,-0.0147273091785753,true,,-0.668670330657869,36347373.0,-5844700.0,-6721955.0,-3325599.0,244581.0,false,false,false,38719.0,2043529.0,false,false,false,false,0.0,,false,false,false,"",2024-07-01,2025-06-30,false,2043832.0,-0.16080116711598388,false,-0.49538990099644203,1849356.0,32049827.0,411862.0,2300951.0,21936422.0,44232.0,11161053.0,false,PASS,true,FAIL,true,FAIL,true,FAIL,false,PASS,false,true,FAIL,true,FAIL,true,0,insufficient,false,0.01588474488140057,-0.011805924882757668,,,,,,-0.668670330657869,,false,0,-0.184936473950951,-0.002877337113713176,-0.18205913683723782,0.5178061220615506,falling,36987715.0,-6233395.0,-2440911.0,692797.0,false,false,1826296.0,false,false,false,-7003836.0,411862.0,2125975.0,34276168.0,23452268.0,187288.0,19996747.0,2025-06-30,,,,,,0,,,,,,0,true,28186.0,,,,-535299.0,200386.0,535148.0,334762.0,,-0.184936473950951,-6009344.0,2026-09-21,PurchaseOfPropertyPlantAndEquipmentClassifiedAsInvestingActivities,EquityAttributableToOwnersOfParent,Goodwill,IntangibleAssetsOtherThanGoodwill,ProfitLoss,CashFlowsFromUsedInOperatingActivities,ProfitLossFromOperatingActivities,AdjustmentsForSharebasedPayments,-125925.0,,,3187567.0,,-7120854.0,-6288194.0,-54799.0,,,,,,,,,,,,,,,ineligible:gate0_status,,,,false
IMTX,1809196,Immatics N.V.,"",Nasdaq,2836,"Biological Products, (No Diagnostic Substances)",ifrs-full,6-K,EUR,1231,2025,2025-12-31,false,false,tax_anomaly,fail,sbc,goodwill,never_acquired,never_acquired,reported,"",,false,false,false,true,,482517000.0,462976000.0,fiscal_year,false,0.8991025569237504,-186143000.0,-201158000.0,,,0.010023382853917635,1.079284238748242,,,false,,-1.6441403737133244,,-196447000.0,-182016000.0,-176626000.0,6558000.0,false,false,false,0.0,2959000.0,false,false,false,,,0.5288709677419355,false,false,false,"",2024-07-01,2025-06-30,true,3088000.0,,false,,15015000.0,484099000.0,0.0,1582000.0,345918000.0,,122348434.0,false,PASS,false,PASS,true,FAIL,true,FAIL,,NOT_EVALUABLE,,false,PASS,true,FAIL,,0,insufficient,false,,,,,1.0261701046687557,-1.8803060621699095,2.002245856162105,-1.6441403737133244,-3.6463862298754295,false,0,,,,-3.225965291318053,rising,,-74753000.0,-165466000.0,8978000.0,false,false,17508000.0,false,false,false,-195040000.0,,1598000.0,464574000.0,256635000.0,,121551570.0,2025-06-30,,,,,,0,,,,,,0,false,,,12400000.0,,,204787000.0,,,,,-198436000.0,2026-09-21,PurchaseOfPropertyPlantAndEquipmentClassifiedAsInvestingActivities,Equity,,IntangibleAssetsOtherThanGoodwill,ProfitLoss,CashFlowsFromUsedInOperatingActivities,ProfitLossFromOperatingActivities,ExpenseFromSharebasedPaymentTransactionsWithEmployees,-1989000.0,,,12275000.0,,-87084000.0,-71281000.0,3472000.0,,,,,,,,,,,,,,,ineligible:gate0_status,,,,false
VMAR,1813783,VISION MARINE TECHNOLOGIES INC.,"",Nasdaq,3730,Ship & Boat Building & Repairing,ifrs-full,6-K,CAD,831,2025,2025-08-31,false,false,tax_anomaly,fail,ni_vs_oi,goodwill,structured_absence_asc350,structured_absence_asc350,reported,"",,false,false,false,true,,7969805.0,16006010.0,fiscal_year,false,0.41245260886607527,-9651968.0,-10273950.0,0.04496508092936692,5387784.0,-0.00036416372102323816,,,,false,,-11.641012276716163,13832556.0,-21651993.0,,-8930421.0,227347.0,false,false,false,0.0,494200.0,false,false,false,,,0.318621116863387,false,false,false,"",2024-06-01,2025-05-31,true,71630.0,-1.5652922713632968,false,,621982.0,8451002.0,0.0,481197.0,7418779.0,2030995.0,882565.0,false,PASS,true,FAIL,true,FAIL,true,FAIL,false,PASS,false,,NOT_EVALUABLE,true,FAIL,false,0,insufficient,false,0.23458141482539419,0.4174865297388479,,,-251.25449879763076,-0.33087087226493694,,-11.641012276716163,,false,0,,,,0.630514639937762,falling,547740.0,-12320111.0,-12586224.0,291384.0,false,false,454255.0,false,false,false,-13403493.0,,880678.0,16886688.0,10891002.0,283367.0,608905.0,2025-05-31,,,,,,0,,,,,,0,false,,,713534.0,,,1542805.0,,326754.0,,,-21644111.0,2026-09-21,PurchaseOfPropertyPlantAndEquipmentClassifiedAsInvestingActivities,Equity,,IntangibleAssetsOtherThanGoodwill,ProfitLoss,CashFlowsFromUsedInOperatingActivities,,AdjustmentsForSharebasedPayments,7882.0,,,347538.0,,,-12212462.0,107649.0,,,,,,,,,,,,,,,ineligible:gate0_status,,,,false
CKDXF,1815620,OPTHEA LIMITED,"",OTC,2836,"Biological Products, (No Diagnostic Substances)",ifrs-full,20-F,USD,630,2025,2025-06-30,false,false,"tax_anomaly,sbc",fail,"","goodwill,intangibles",never_acquired,never_acquired,never_acquired,"",,false,false,false,true,,-201069000.0,100273404.0,fiscal_year,true,0.9745256187381366,-158750000.0,-164878000.0,245.12,,0.04092778281822573,1.0451265392072522,,,false,,-0.13462754663110635,25000.0,-162791000.0,-155762000.0,-158644000.0,13000.0,false,false,false,0.0,93000.0,false,false,false,false,0.0,1.8571428571428572,false,false,true,"capex,lease_payments,net_income,ocf,pretax_income,revenue,sbc,tax_expense",,,false,,-6511.64,false,-1389.1203703703704,6128000.0,-201069000.0,0.0,0.0,48443000.0,,1224697353.0,true,FAIL,false,PASS,true,FAIL,true,FAIL,true,FAIL,true,false,PASS,true,FAIL,,0,insufficient,false,-0.34916428586728376,-0.15796946171255588,,,-0.21813906248852438,-0.02489158709241978,-0.076195217816423,-0.13462754663110635,-0.058432328814683354,false,0,-6230.48,,,0.8506183372306343,rising,,,,,false,false,,false,false,false,,,,100273404.0,88273668.0,,351075141.0,2021-12-31,,,,,,0,,,,,,0,false,,,7000.0,,,-13000.0,,13000.0,,-6230.48,-169738000.0,2026-09-21,PurchaseOfPropertyPlantAndEquipmentClassifiedAsInvestingActivities,Equity,,,ProfitLoss,CashFlowsFromUsedInOperatingActivities,ProfitLossFromOperatingActivities,AdjustmentsForSharebasedPayments,-6947000.0,,,,,,,,,,,,,,,,,,,,,,ineligible:gate0_status,,,,false
HAFN,1815779,Hafnia Limited,"",NYSE,4700,Transportation Services,ifrs-full,20-F,USD,1231,2025,2025-06-30,false,false,"",unknown,"income_quality,fcf,sbc,ni_vs_oi,tax_anomaly",goodwill,never_acquired,never_acquired,reported,"",,true,false,true,true,,2300149000.0,,fiscal_year,false,,,,,-758531000.0,,,,,false,,,,,,,,false,false,false,,,true,false,false,,,,false,false,false,"",2024-07-01,2025-06-30,false,155141000.0,,false,0.32112365656999686,,2300447000.0,0.0,298000.0,268156000.0,1026687000.0,,false,PASS,,NOT_EVALUABLE,,NOT_EVALUABLE,,NOT_EVALUABLE,,NOT_EVALUABLE,,,NOT_EVALUABLE,,NOT_EVALUABLE,,0,insufficient,true,,,,,0.190237987863016,,,,,false,0,,,,1.3342040954881222,,,433792000.0,806230000.0,89268000.0,false,false,2803000.0,false,false,false,559018000.0,,,,,,498369364.0,,,,,,,,,,,,,,false,,,,,,,,,,,,2026-09-21,,Equity,,IntangibleAssetsOtherThanGoodwill,,,,,,,,206850000.0,465875000.0,469220000.0,438974000.0,5182000.0,,,,,,,,,,,,,,,ineligible:gate0_status,,,,false
LYTHF,1816319,LYTUS TECHNOLOGIES HOLDINGS PTV. LTD.,"",OTC,7374,Services-Computer Processing & Data Preparation,ifrs-full,20-F,USD,331,2025,2025-03-31,false,false,"",fail,"sbc,ni_vs_oi",goodwill,never_acquired,never_acquired,reported,"",,true,false,true,true,,20943888.0,14816451.0,fiscal_year,false,2.6095896852227844,-685841.0,,,3484592.0,0.1374362238265496,,,,false,,,23186534.0,829412.0,,2164425.0,2814615.0,false,false,false,0.0,35651.0,false,false,false,true,-1813185.0,2.2805362221375964,false,false,false,"",2023-10-01,2024-09-30,true,,0.035771280002435894,false,,,22027050.0,0.0,1083162.0,4674586.0,1189994.0,5688206.0,false,PASS,false,PASS,true,FAIL,,NOT_EVALUABLE,,NOT_EVALUABLE,,,NOT_EVALUABLE,false,PASS,,0,insufficient,false,0.12335787612050075,,,,-0.06755676674710025,,,,,false,0,,,,1.0870174188745119,rising,25343110.0,2584086.0,695844.0,871906.0,false,false,,true,false,false,-176062.0,,1023289.0,15839740.0,313466.0,1263806.0,5217838.0,2024-09-30,,,,,,0,,,,,,0,false,,,1234190.0,,,-4627800.0,,2814615.0,,,961566.0,2026-09-21,PurchaseOfPropertyPlantAndEquipmentClassifiedAsInvestingActivities,EquityAttributableToOwnersOfParent,,IntangibleAssetsOtherThanGoodwill,ProfitLoss,CashFlowsFromUsedInOperatingActivities,,,132154.0,,,1076968.0,,,2834627.0,250541.0,,,,,,,,,,,,,,,ineligible:gate0_status,,,,false
AUST,1817740,Austin Gold Corp.,"",NYSE,1040,Gold and Silver Ores,ifrs-full,6-K,USD,1231,2025,2025-12-31,false,false,"tax_anomaly,ni_vs_oi",fail,sbc,"goodwill,intangibles",never_acquired,never_acquired,never_acquired,"",,false,false,false,true,,8270338.0,8689977.0,fiscal_year,false,0.9129148085299152,-1475148.0,-1709439.0,,,-0.00009283809778451163,0.9101773134136677,,,false,,-0.1272531951778586,,-1615866.0,-1775331.0,-1475148.0,0.0,false,true,false,0.0,,true,false,false,true,1114196.0,0.0,false,false,false,"",2024-07-01,2025-06-30,true,,,false,,234291.0,8270338.0,0.0,0.0,573159.0,,13433368.0,false,PASS,false,PASS,true,FAIL,true,FAIL,,NOT_EVALUABLE,,true,FAIL,true,FAIL,,0,insufficient,false,,,,,-0.16306191027990694,,,-0.1272531951778586,,false,0,,,,0.7105380624376195,rising,,-2482946.0,-2116640.0,0.0,false,false,526266.0,false,false,false,-2642906.0,,,8689977.0,448765.0,,13271750.0,2025-06-30,,,,,,0,,,,,,0,false,,,2779.0,,,1323514.0,209318.0,0.0,,,-1615716.0,2026-09-21,PurchaseOfPropertyPlantAndEquipmentClassifiedAsInvestingActivities,Equity,,,ProfitLoss,CashFlowsFromUsedInOperatingActivities,ProfitLossFromOperatingActivities,AdjustmentsForSharebasedPayments,150.0,,,2613.0,,-2707985.0,-2482796.0,150.0,,,,,,,,,,,,,,,ineligible:gate0_status,,,,false
HTOO,1819794,Fusion Fuel Green PLC,"",Nasdaq,3590,Misc Industrial & Commercial Machinery & Equipment,ifrs-full,20-F,EUR,1231,2024,2024-12-31,false,false,"tax_anomaly,sbc,ni_vs_oi",fail_stale,"","",carried_forward,reported,carried_forward,intangibles,366,false,false,false,true,,-13367000.0,-16914000.0,latest_q,false,0.6029422474692302,-9042000.0,-11231000.0,1.3638629283489097,-249786000.0,-0.020064205457463884,0.7991967871485943,,,false,,-0.6620261761766542,1605000.0,-13731000.0,-17181000.0,-8279000.0,11000.0,false,true,false,250000.0,752000.0,false,false,false,,,0.004179331306990881,false,false,false,tax_expense,2024-07-01,2025-06-30,false,89000.0,-8.555140186915889,false,,2189000.0,10699000.0,18990000.0,5076000.0,214000.0,250000000.0,16964586.0,true,FAIL,true,FAIL,true,FAIL,true,FAIL,true,FAIL,true,true,FAIL,true,FAIL,,0,insufficient,false,,,,,,,,-0.6620261761766542,,false,0,-10.70467289719626,,,0.6635156582464651,falling,,-8622000.0,-1957000.0,20000.0,false,false,1582000.0,false,false,false,-3648000.0,18990000.0,6041000.0,8117000.0,343000.0,414000.0,24300313.0,2025-06-30,,,,,,0,,,,,,0,false,,,2632000.0,,,800000.0,,,,-10.70467289719626,-13706000.0,2026-09-21,PurchaseOfPropertyPlantAndEquipmentClassifiedAsInvestingActivities,Equity,Goodwill,,ProfitLoss,CashFlowsFromUsedInOperatingActivities,ProfitLossFromOperatingActivities,AdjustmentsForSharebasedPayments,275000.0,,,1183000.0,,-12174000.0,-8553000.0,,,,,,,,,,,,,,,,ineligible:gate0_status,,,,false
LSPD,1823306,LIGHTSPEED COMMERCE INC.,"",NYSE,7372,Services-Prepackaged Software,ifrs-full,40-F,USD,331,2025,2025-03-31,false,false,"tax_anomaly,ni_vs_oi",fail,"","",reported,reported,reported,"",,false,false,false,true,,706463000.0,,fiscal_year,false,0.04910401141493654,-44953000.0,-100558000.0,0.051637869070769095,,-0.011655640787312986,0.9586053013834631,0.006976986068315587,-0.5746165118598549,true,,-0.6543485232883406,1076826000.0,-667196000.0,-696007000.0,-32762000.0,3781000.0,false,false,false,0.0,8410000.0,false,false,false,false,0.0,,false,false,true,,,,false,,-0.6195949949202564,false,-1.504491407325881,55605000.0,1663967000.0,797962000.0,159542000.0,558469000.0,,153676514.0,false,PASS,true,FAIL,true,FAIL,true,FAIL,false,PASS,false,true,FAIL,true,FAIL,false,0,insufficient,false,0.2522472516007541,0.5492910102247974,,,-1.5096596669168345,-0.5172876652890104,,-0.6543485232883406,,false,0,-0.6463504781645317,-0.48415494417135707,-0.16219553399317466,0.2539507065837487,falling,,,,,false,false,,false,false,false,,,,,,,,,,,,,,,,,,,,,true,7513000.0,,,,-618762000.0,8042000.0,38678000.0,30636000.0,,-0.6463504781645317,-659509000.0,2026-09-21,PurchaseOfPropertyPlantAndEquipmentClassifiedAsInvestingActivities,Equity,Goodwill,IntangibleAssetsOtherThanGoodwill,ProfitLoss,CashFlowsFromUsedInOperatingActivities,ProfitLossFromOperatingActivities,AdjustmentsForSharebasedPayments,7687000.0,,,,,,,,,,,,,,,,,,,,,,ineligible:gate0_status,,,,false
DRUG,1827401,BRIGHT MINDS BIOSCIENCES INC.,"",Nasdaq,2834,Pharmaceutical Preparations,ifrs-full,20-F,CAD,930,2024,2024-09-30,false,false,"",fail,"fcf,sbc,ni_vs_oi,tax_anomaly","goodwill,intangibles",never_acquired,never_acquired,never_acquired,"",,false,false,false,true,,5536343.0,,fiscal_year,false,0.6603217906412187,,,,,,,,,false,,,,-2801946.0,,-1850186.0,,false,false,false,,89730.0,false,false,false,,,,false,false,true,,,,false,,,false,,839771.0,5536343.0,0.0,0.0,5720092.0,,4310168.0,false,PASS,true,FAIL,,NOT_EVALUABLE,,NOT_EVALUABLE,,NOT_EVALUABLE,,,NOT_EVALUABLE,,NOT_EVALUABLE,,0,insufficient,false,,,,,,,,,,false,0,,,,0.8403509405200996,falling,,,,,false,false,,false,false,false,,,,,,,,,,,,,,,,,,,,,false,,,73357.0,,,,,,,,,2026-09-21,,Equity,,,ProfitLoss,CashFlowsFromUsedInOperatingActivities,,AdjustmentsForSharebasedPayments,0.0,,,,,,,,,,,,,,,,,,,,,,ineligible:gate0_status,,,,false
EVAX,1828253,Evaxion A/S,"",Nasdaq,2836,"Biological Products, (No Diagnostic Substances)",ifrs-full,6-K,USD,1231,2025,2025-12-31,false,false,ni_vs_oi,fail,"",goodwill,never_acquired,never_acquired,reported,"",,false,false,false,true,,78640556.0,6141000.0,fiscal_year,false,0.8596081484364864,-6988000.0,-7295000.0,0.04078108395324123,17697000.0,0.10539756239117817,0.8346328784925277,,,false,,-0.022767960330728858,7528000.0,-7707000.0,-9234000.0,-6625000.0,11000.0,false,false,false,0.0,352000.0,false,false,false,true,-3000.0,,false,false,false,"capex,sbc",2024-07-01,2025-06-30,true,336000.0,-1.0237778958554729,false,-304.06849315068496,307000.0,78640556.0,0.0,0.0,23234000.0,5537000.0,320406391.0,false,PASS,false,PASS,true,FAIL,true,FAIL,false,PASS,false,true,FAIL,false,PASS,,0,insufficient,false,,,,,-1.155436522801501,-1.0410918007266456,-0.6849110954445746,-0.022767960330728858,0.6621431351138458,false,0,-1.2266206163655686,,,0.9612561390445218,rising,3176000.0,-11974000.0,-11679000.0,,false,true,,false,true,false,,,85000.0,6226000.0,14746000.0,9215000.0,,2025-06-30,,,,-0.7597402597402597,,0,,,,,,0,false,,,,,,-14000.0,,11000.0,,-1.2266206163655686,-8615000.0,2026-09-21,PurchaseOfPropertyPlantAndEquipmentClassifiedAsInvestingActivities,Equity,,IntangibleAssetsOtherThanGoodwill,ProfitLoss,CashFlowsFromUsedInOperatingActivities,ProfitLossFromOperatingActivities,AdjustmentsForSharebasedPayments,-908000.0,,,,,-13963000.0,-12732000.0,-758000.0,,,,,,,,,,,,,,,ineligible:gate0_status,,,,false
PHVS,1830487,Pharvaris N.V.,"",Nasdaq,2834,Pharmaceutical Preparations,ifrs-full,20-F,EUR,1231,2025,2025-12-31,false,false,tax_anomaly,fail,sbc,"goodwill,intangibles",never_acquired,never_acquired,never_acquired,"",,false,false,false,true,,271274334.0,184335892.0,fiscal_year,false,0.7801599569519296,-137457266.0,-156507660.0,,,-0.011443692822724871,1.0114436928227248,,,false,,,,-175699397.0,-173711496.0,-137073634.0,164619.0,false,false,false,0.0,219013.0,false,false,false,,,0.39349305490817565,false,false,false,"",2024-07-01,2025-06-30,true,180223.0,,false,,19050394.0,271274334.0,0.0,0.0,291678888.0,,,false,PASS,true,FAIL,true,FAIL,true,FAIL,,NOT_EVALUABLE,,false,PASS,true,FAIL,,0,insufficient,false,,,,,,,,,,false,0,,,,0.865864476426689,falling,,-168293207.0,-136667177.0,611609.0,false,false,19545260.0,false,false,false,-157004269.0,,,184335892.0,199571685.0,,,2025-06-30,,,,,,0,,,,,,0,false,,,418353.0,,,-164619.0,,,,,-173711496.0,2026-09-21,PurchaseOfPropertyPlantAndEquipmentClassifiedAsInvestingActivities,Equity,,,ProfitLoss,CashFlowsFromUsedInOperatingActivities,ProfitLossFromOperatingActivities,AdjustmentsForSharebasedPayments,1987901.0,,,342863.0,,-166318474.0,-166318474.0,1974733.0,,,,,,,,,,,,,,,ineligible:gate0_status,,,,false
LUXE,1831907,LuxExperience B.V.,"",NYSE,5961,Retail-Catalog & Mail-Order Houses,ifrs-full,20-F,EUR,630,2025,2025-06-30,false,false,tax_anomaly,fail,"",intangibles,never_acquired,reported,never_acquired,"",,false,false,false,true,,1225872000.0,1132145000.0,latest_q,false,-0.05357051998477083,-44586000.0,-58873000.0,0.011318434860177282,,0.0062246090004010254,0.9850622707837167,,,false,,-0.6081921487603306,1262277000.0,569959000.0,578602000.0,-30533000.0,3996000.0,false,false,false,1000.0,10057000.0,false,false,false,,,,false,false,false,"",2025-01-01,2025-12-31,false,25329000.0,0.4515324290944064,false,-0.011334159265694782,14287000.0,1364764000.0,138892000.0,0.0,603593000.0,,96800000.0,false,PASS,true,FAIL,true,FAIL,true,FAIL,false,PASS,false,false,PASS,true,FAIL,,0,insufficient,false,0.2243384772047874,0.22938385856604548,,,-0.1720973348783314,0.05438746438746439,-0.06696045018052038,-0.6081921487603306,-0.5412316985798102,false,0,0.4583795791256594,0.04651969912366765,0.41185988000199175,0.9263394597582214,falling,2058013000.0,492235000.0,-27181000.0,7904000.0,false,false,11649000.0,false,false,false,-72063000.0,,,1271037000.0,418601000.0,,87200000.0,2025-12-31,,,,1.9011816938359083,,0,,,,,,0,false,,,,,,617496000.0,,,,0.4583795791256594,573530000.0,2026-09-21,PurchaseOfPropertyPlantAndEquipmentIntangibleAssetsOtherThanGoodwillInvestmentPropertyAndOtherNoncurrentAssets,Equity,Goodwill,,ProfitLoss,CashFlowsFromUsedInOperatingActivities,ProfitLossFromOperatingActivities,AdjustmentsForSharebasedPayments,3570000.0,,,19024000.0,,517844000.0,512972000.0,14039000.0,,,,,,,,,,,,,,,ineligible:gate0_status,,,,false
HELP,1833141,CYBIN INC.,"",Nasdaq,2834,Pharmaceutical Preparations,ifrs-full,40-F,CAD,331,2025,2025-03-31,false,false,"",unknown,"fcf,sbc,ni_vs_oi,tax_anomaly","",reported,reported,reported,"",,false,false,false,true,,144695000.0,,fiscal_year,false,0.8953746342929368,,,,,,,,,false,,,,-113137000.0,,-101300000.0,,false,false,false,,290000.0,false,false,false,,,,false,false,true,,,,false,,,false,,42869000.0,237200000.0,51487000.0,41018000.0,135022000.0,,20222493.0,false,PASS,false,PASS,,NOT_EVALUABLE,,NOT_EVALUABLE,,NOT_EVALUABLE,,,NOT_EVALUABLE,,NOT_EVALUABLE,,0,insufficient,true,,,,,-0.37864214867792667,,,,,false,0,,,,0.9255543350612628,falling,,,,,false,false,,false,false,false,,,,,,,,,,,,,,,,,,,,,false,,,475000.0,,9565000.0,-1966000.0,,,,,,2026-09-21,,Equity,Goodwill,IntangibleAssetsOtherThanGoodwill,ProfitLoss,CashFlowsFromUsedInOperatingActivities,,AdjustmentsForSharebasedPayments,0.0,,,,,,,,,,,,,,,,,,,,,,ineligible:gate0_status,,,,false
GROY,1834026,Gold Royalty Corp.,"",NYSE,1040,Gold and Silver Ores,ifrs-full,20-F,USD,1231,2025,2025-12-31,false,false,"tax_anomaly,sbc",fail,"tangible_book,fcf","",unresolved,unresolved,unresolved,"",,false,false,false,true,,,,none,false,-1.4939467312348669,,,0.17642536835361947,,0.04728950403690888,-2.680077871512005,,,false,,,15610000.0,-4130000.0,1541000.0,6170000.0,,false,false,false,0.0,94000.0,false,false,false,,,,false,false,true,,,,false,,-0.2645739910313901,false,-10.160761154855644,2754000.0,699195000.0,,,12407000.0,,174986972.0,,NOT_EVALUABLE,true,FAIL,,NOT_EVALUABLE,,NOT_EVALUABLE,true,FAIL,true,false,PASS,true,FAIL,,0,insufficient,false,0.5818136986990399,,,,-0.17543153146580062,,,,,false,0,0.09871877001921844,,,-0.6608289383353747,falling,,,,,false,false,,false,false,false,,,,,,,,,,,,,,,,,,,,,false,,,2658000.0,,,-68660000.0,58000.0,,20000.0,0.09871877001921844,-4335000.0,2026-09-21,,Equity,,,ProfitLoss,CashFlowsFromUsedInOperatingActivities,ProfitLossFromOperatingActivities,ExpenseFromSharebasedPaymentTransactionsWithEmployees,-205000.0,,,,,,,,,,,,,,,,,,,,,,ineligible:gate0_status,,,,false
SRAD,1836470,Sportradar Group AG,"",Nasdaq,7370,"Services-Computer Programming, Data Processing, Etc.",ifrs-full,20-F,EUR,1231,2025,2025-12-31,false,false,"",unknown,"tangible_book,ni_vs_oi","",unresolved,unresolved,unresolved,"",,false,false,false,true,,,,none,false,4.017134484270962,390558000.0,335681000.0,0.04254146430329505,302443000.0,0.15526590549324712,,,,false,0.31344043898820606,,1289965000.0,100324000.0,,403015000.0,4902000.0,false,true,false,0.0,7555000.0,false,false,false,,,,false,false,true,,,,false,,0.07777265274639235,false,,54877000.0,978335000.0,,,365295000.0,62852000.0,,,NOT_EVALUABLE,false,PASS,false,PASS,false,PASS,false,PASS,false,,NOT_EVALUABLE,false,PASS,,0,insufficient,false,0.20887411542899792,0.2607845601917469,,,,,,,,false,0,,,,7.3835533265282445,falling,,,,,false,false,,false,false,false,,,,,,,,,,,,,,,,,,,,,false,,105216000.0,,,,-231951000.0,,,,,118764000.0,2026-09-21,PurchaseOfPropertyPlantAndEquipmentClassifiedAsInvestingActivities,EquityAttributableToOwnersOfParent,,,ProfitLoss,CashFlowsFromUsedInOperatingActivities,,AdjustmentsForSharebasedPayments,18440000.0,,,,,,,,,,,,,,,,,,,,,,ineligible:gate0_status,,,,false
VALN,1836564,Valneva SE,"",Nasdaq,2836,"Biological Products, (No Diagnostic Substances)",ifrs-full,6-K,EUR,1231,2025,2025-12-31,false,false,tax_anomaly,fail,tangible_book,"",unresolved,unresolved,reported,"",,false,false,false,true,,,,none,false,0.4591811931384124,-60022000.0,-69555000.0,0.05458063998992322,-69517000.0,-0.00940246584705439,1.4037533512064344,0.0,,false,,-0.4135765537276733,174659000.0,-115192000.0,-82060000.0,-52894000.0,4420000.0,false,true,false,0.0,2708000.0,false,false,false,,,0.2032183908045977,false,false,false,"",2024-07-01,2025-06-30,true,1971000.0,-0.6595251318283054,false,-0.534027700975194,9533000.0,106168000.0,,22349000.0,109650000.0,179167000.0,168179263.0,,NOT_EVALUABLE,true,FAIL,true,FAIL,true,FAIL,false,PASS,false,false,PASS,true,FAIL,,0,insufficient,false,-0.2151744485143947,0.09624229997911571,,,-2.329365920687507,1.216025095889666,,-0.4135765537276733,,false,0,-0.46982978260496167,-0.49963288947707146,0.029803106872109797,2.648861685650892,falling,179913000.0,-102160000.0,-18860000.0,7194000.0,false,false,8705000.0,false,false,false,-36730000.0,,23073000.0,150477000.0,143462000.0,108889000.0,,2025-09-30,,0.5031294843220468,,,,0,,0.7099908897661706,,,,0,false,0.0,,21750000.0,,,-1709000.0,,,,-0.46982978260496167,-114119000.0,2026-09-21,PurchaseOfPropertyPlantAndEquipmentClassifiedAsInvestingActivities,Equity,,IntangibleAssetsOtherThanGoodwill,ProfitLoss,CashFlowsFromUsedInOperatingActivities,ProfitLossFromOperatingActivities,AdjustmentsForSharebasedPayments,1073000.0,,,20901000.0,,-74829000.0,-95388000.0,6772000.0,,,,,,,,,,,,,,,ineligible:gate0_status,,,,false
GRSD,1839799,Grandstand Limited,"",Nasdaq,7990,Services-Miscellaneous Amusement & Recreation,ifrs-full,20-F,USD,1231,2025,2025-12-31,false,false,tax_anomaly,fail_stale,sbc,"",carried_forward,carried_forward,carried_forward,"goodwill,intangibles",365,true,true,false,false,,85630000.0,,fiscal_year,false,-0.5801396902520498,17181000.0,,,-102822000.0,-0.016107134040977536,1.035925506480433,0.41399964943456213,,true,,,165447000.0,-32930000.0,-31788000.0,19104000.0,863000.0,false,true,false,0.0,1060000.0,false,false,false,true,-29676000.0,0.05985158471461267,false,false,false,"",2024-07-01,2025-06-30,true,897000.0,-0.19903654946901425,false,0.20043809593932924,,107955000.0,10800000.0,11525000.0,15814000.0,118636000.0,35478331.0,false,PASS,true,FAIL,false,PASS,,NOT_EVALUABLE,,NOT_EVALUABLE,,false,PASS,true,FAIL,false,0,insufficient,false,0.29316092927451054,0.4267971635491379,,,,,,,,false,0,-0.19213403688190175,0.3978198713366691,-0.5899539082185709,0.5425084723978689,falling,147655000.0,14269000.0,46779000.0,949000.0,false,false,,true,false,false,45830000.0,,,,,,35627074.0,,,,,,,,,,,,,,false,68495000.0,5578000.0,14419000.0,,,-98935000.0,99000.0,69358000.0,,-0.19213403688190175,-32408000.0,2026-09-21,PurchaseOfPropertyPlantAndEquipmentClassifiedAsInvestingActivities,Equity,,,ProfitLoss,CashFlowsFromUsedInOperatingActivities,ProfitLossFromOperatingActivities,,522000.0,63632000.0,47080000.0,10706000.0,,14651000.0,16808000.0,2539000.0,,,,,,,,,,,,,,,ineligible:gate0_status,,,,true
NFGC,1840616,New Found Gold Corp.,"",NYSE,1040,Gold and Silver Ores,ifrs-full,40-F,CAD,1231,2025,2025-12-31,false,false,"tax_anomaly,sbc,ni_vs_oi",fail,"",intangibles,never_acquired,reported,never_acquired,"",,false,false,false,true,,298022958.0,,fiscal_year,false,1.1592228260709627,-56923509.0,-63208330.0,1.0822886553803506,58335282.0,0.008225831031586382,0.7434215969066613,,,false,,-0.2693884756264646,5806973.0,-47572620.0,-63991442.0,-55147267.0,1776242.0,false,false,false,0.0,,true,false,false,,,,false,false,true,,,,false,,-8.19232670790789,false,,6284821.0,419097255.0,121074297.0,0.0,58838699.0,503417.0,234636355.0,false,PASS,false,PASS,true,FAIL,true,FAIL,true,FAIL,true,true,FAIL,true,FAIL,,0,insufficient,false,,,,,-0.5295076890946451,-0.36530650105607376,,-0.2693884756264646,,false,0,-11.019758831322275,,,1.1698548281407686,falling,,,,,false,false,,false,false,false,,,,,,,,,,,,,,,,,,,,,false,,,,,,9262045.0,,,,-11.019758831322275,-47967190.0,2026-09-21,PurchaseOfPropertyPlantAndEquipmentClassifiedAsInvestingActivities,Equity,Goodwill,,ProfitLoss,CashFlowsFromUsedInOperatingActivities,ProfitLossFromOperatingActivities,AdjustmentsForSharebasedPayments,-394570.0,,,,,,,,,,,,,,,,,,,,,,ineligible:gate0_status,,,,false
SOPH,1840706,SOPHiA GENETICS SA,"",Nasdaq,7374,Services-Computer Processing & Data Preparation,ifrs-full,20-F,USD,1231,2025,2025-12-31,false,false,"tax_anomaly,sbc",fail,"",goodwill,never_acquired,never_acquired,reported,"",,false,false,false,true,,11254000.0,,fiscal_year,false,0.45434752338637197,-38339000.0,-54544000.0,0.2097164524854085,22556000.0,-0.019512950559448683,1.11413702648577,,,false,,-0.8075826658445345,77271000.0,-78999000.0,-70906000.0,-35893000.0,574000.0,false,true,false,0.0,1872000.0,false,false,false,true,-9823000.0,0.1443661971830986,false,false,false,"",2024-07-01,2025-06-30,true,2162000.0,-1.02236285281671,false,-1.1996921646277918,16205000.0,47145000.0,0.0,35891000.0,70289000.0,47733000.0,67539835.0,false,PASS,true,FAIL,true,FAIL,true,FAIL,true,FAIL,true,false,PASS,true,FAIL,,0,insufficient,false,0.17559634976160376,0.22162985717685424,,,-1.4059298980784678,-0.8150739784887434,,-0.8075826658445345,,false,0,-0.9176275704986346,-1.316443661971831,0.3988160914731963,0.6135169651526923,falling,69688000.0,-73395000.0,-38417000.0,263000.0,false,false,16882000.0,false,false,false,-57724000.0,,,,,,67080368.0,,,,,,,,,,,,,,false,,,3976000.0,,,-8670000.0,1835000.0,682000.0,,-0.9176275704986346,-77487000.0,2026-09-21,PurchaseOfPropertyPlantAndEquipmentClassifiedAsInvestingActivities,Equity,,IntangibleAssetsOtherThanGoodwill,ProfitLoss,CashFlowsFromUsedInOperatingActivities,ProfitLossFromOperatingActivities,AdjustmentsForSharebasedPayments,1512000.0,,,,,-67335000.0,-71384000.0,2011000.0,,,,,,,,,,,,,,,ineligible:gate0_status,,,,false
OTLY,1843586,Oatly Group AB,"",Nasdaq,2000,Food and Kindred Products,ifrs-full,20-F,USD,1231,2025,2025-12-31,false,false,tax_anomaly,fail,tangible_book,"",unresolved,unresolved,unresolved,"",,false,false,false,true,,,,none,false,0.15493583254416615,-48064000.0,-61325000.0,0.015375803371522589,-458704000.0,-0.05656302184683752,2.2606673556769525,,,false,,-0.10094219901213528,862459000.0,-153115000.0,-67730000.0,-23723000.0,12396000.0,false,false,false,0.0,11945000.0,false,false,false,false,0.0,0.25521927115503396,false,false,true,,,,false,,-0.17753307693467169,false,-0.5834086510720651,13261000.0,18555000.0,,,64345000.0,523049000.0,607525897.0,,NOT_EVALUABLE,true,FAIL,true,FAIL,true,FAIL,false,PASS,false,false,PASS,true,FAIL,,0,insufficient,false,0.06092831708321489,0.15403474874982837,,,-0.8732062739149367,,,-0.10094219901213528,,false,0,-0.07853126931251225,-0.11176667434039554,0.03323540502788329,0.37259227962446473,falling,,,,,false,false,,false,false,false,,,,,,,,,,,,,,,,,,,,,false,,,48570000.0,,,-15544000.0,1024000.0,16568000.0,,-0.07853126931251225,-144918000.0,2026-09-21,PurchaseOfPropertyPlantAndEquipmentClassifiedAsInvestingActivities,EquityAttributableToOwnersOfParent,,,ProfitLoss,CashFlowsFromUsedInOperatingActivities,ProfitLossFromOperatingActivities,AdjustmentsForSharebasedPayments,8197000.0,,,,,,,,,,,,,,,,,,,,,,ineligible:gate0_status,,,,false
ELVA,1844450,ELECTROVAYA INC.,"",Nasdaq,3690,"Miscellaneous Electrical Machinery, Equipment & Supplies",ifrs-full,6-K,USD,930,2024,2024-09-30,false,false,"",unknown,"income_quality,fcf,sbc,ni_vs_oi,tax_anomaly","goodwill,intangibles",never_acquired,never_acquired,never_acquired,"",,true,false,true,true,,7620000.0,22334000.0,latest_q,false,,,,,781000.0,,,,,false,,,,,,,,false,false,false,,,true,false,false,,,,false,false,true,,,,false,,,false,,,7620000.0,0.0,0.0,781000.0,0.0,,false,PASS,,NOT_EVALUABLE,,NOT_EVALUABLE,,NOT_EVALUABLE,,NOT_EVALUABLE,,,NOT_EVALUABLE,,NOT_EVALUABLE,,0,insufficient,true,,,,,,,,,,false,0,,,,0.0021206965552328923,,,,,,false,false,,false,false,false,,,,22334000.0,1290000.0,18834000.0,37509735.0,2025-06-30,,,,,,0,,,,,,0,false,,,,,,,,,,,,2026-09-21,,Equity,,,,,,,,,,,,,,,,,,,,,,,,,,,,,ineligible:gate0_status,,,,false
AMBP,1845097,ARDAGH METAL PACKAGING S.A.,"",NYSE,3411,Metal Cans,ifrs-full,6-K,USD,1231,2025,2025-12-31,false,false,tax_anomaly,unknown,"tangible_book,sbc","",unresolved,reported,unresolved,"",,true,true,false,false,,,,none,false,40.81818181818182,165000000.0,,,,-1.75,0.045081967213114756,,,false,,,5497000000.0,11000000.0,244000000.0,449000000.0,173000000.0,false,false,false,0.0,111000000.0,false,false,false,,,0.37365010799136067,false,false,false,net_income,2024-07-01,2025-06-30,true,104000000.0,0.0020010915044569766,true,0.015793848711554447,,-683000000.0,1035000000.0,,,4419000000.0,597700000.0,,NOT_EVALUABLE,false,PASS,false,PASS,,NOT_EVALUABLE,,NOT_EVALUABLE,,false,PASS,true,FAIL,,0,insufficient,false,0.054423722324211665,0.09757992613660749,,,,,,,,false,0,0.04438784791704566,0.060851926977687626,-0.016464079060641963,-40.50060606060606,rising,5231000000.0,,454000000.0,149000000.0,false,false,,true,false,false,305000000.0,1033000000.0,,-326000000.0,436000000.0,4061000000.0,597700000.0,2025-06-30,,-0.03683806600153492,0.0031872509960159364,0.1556791104050834,,2,,2.1140350877192984,0.5590551181102362,-0.15151515151515152,,0,false,,,463000000.0,262000000.0,,,,184000000.0,,0.04438784791704566,4000000.0,2026-09-21,PurchaseOfPropertyPlantAndEquipmentClassifiedAsInvestingActivities,EquityAttributableToOwnersOfParent,Goodwill,,ProfitLoss,CashFlowsFromUsedInOperatingActivities,ProfitLossFromOperatingActivities,,-7000000.0,,,452000000.0,264000000.0,256000000.0,33000000.0,26000000.0,,,,,,,,,,,,,,,ineligible:gate0_status,,,,true
TSAT,1845840,TELESAT CORPORATION,"",Nasdaq,4899,"Communications Services, NEC",ifrs-full,20-F,CAD,1231,2025,2025-12-31,false,false,"",fail,"","",reported,reported,reported,"",,false,false,false,true,,-2126033000.0,-2339736000.0,fiscal_year,false,-0.125805094895109,-76531000.0,-80676000.0,0.009917311870149012,-2983809000.0,0.11274860064090228,1.744846582158512,,-1.0852458153489841,false,,-5.5104201145497465,417956000.0,-530217000.0,-303876000.0,66704000.0,140526000.0,false,false,false,0.0,2709000.0,false,false,false,,,1.3419982046335734,false,false,false,"",2024-10-01,2025-09-30,true,2789000.0,-1.2685952588310732,false,0.8078351399750909,4145000.0,530820000.0,2214575000.0,442278000.0,509798000.0,3493607000.0,14640626.0,true,FAIL,true,FAIL,true,FAIL,true,FAIL,false,PASS,false,false,PASS,false,PASS,false,5,insufficient,false,-0.18040865010245832,-0.1261964930857734,,,11.12184743987295,6.8855085166300265,7.06759656260181,-5.5104201145497465,-12.578016677151556,false,0,-0.7270526084085406,0.4930612772222683,-1.220113885630809,-0.013586499682908287,falling,451910000.0,-544241000.0,95218000.0,117144000.0,false,false,11663000.0,false,false,false,-36378000.0,2545357000.0,461403000.0,667024000.0,482605000.0,3309132000.0,14592627.0,2025-09-30,,,,,,0,,,,,,0,false,,,104714000.0,,-453585000.0,-761227000.0,,,,-0.7270526084085406,-597595000.0,2026-09-21,PurchaseOfPropertyPlantAndEquipmentClassifiedAsInvestingActivities,EquityAttributableToOwnersOfParent,Goodwill,IntangibleAssetsOtherThanGoodwill,ProfitLoss,CashFlowsFromUsedInOperatingActivities,ProfitLossFromOperatingActivities,AdjustmentsForSharebasedPayments,-67378000.0,,,104993000.0,,-172836000.0,-609575000.0,-65334000.0,,,,,,,,,,,,,,,ineligible:gate0_status,,,,false
WAVE,1846715,ECO WAVE POWER GLOBAL AB (PUBL),"",Nasdaq,4911,Electric Services,ifrs-full,20-F,USD,1231,2025,2025-12-31,false,false,sbc,unknown,"income_quality,fcf,tax_anomaly","goodwill,intangibles",never_acquired,never_acquired,never_acquired,"",,false,false,false,true,,5487000.0,6909000.0,fiscal_year,false,,,,0.9736842105263158,5998000.0,,1.1890166028097062,,,false,,,38000.0,-3724000.0,-3132000.0,,525000.0,false,false,false,,144000.0,false,false,false,true,1080000.0,2.0669291338582676,false,false,true,"revenue,tax_expense",2024-07-01,2025-06-30,true,127000.0,-98.0,false,-7.88562091503268,37000.0,5487000.0,0.0,0.0,6022000.0,24000.0,46723046.0,false,PASS,,NOT_EVALUABLE,,NOT_EVALUABLE,,NOT_EVALUABLE,true,FAIL,true,false,PASS,,NOT_EVALUABLE,,0,insufficient,false,0.1348455252486973,,,,,,,,,false,0,-82.42105263157895,,,,,,-2982000.0,,62000.0,false,false,,false,false,false,,,,6909000.0,6458000.0,25000.0,46732428.0,2025-06-30,,,,,,0,,,,,,0,false,,,254000.0,,,915000.0,360000.0,525000.0,,-82.42105263157895,-3724000.0,2026-09-21,PurchaseOfPropertyPlantAndEquipmentClassifiedAsInvestingActivities,Equity,,,ProfitLoss,,ProfitLossFromOperatingActivities,AdjustmentsForSharebasedPayments,,,,161000.0,,-2577000.0,,,,,,,,,,,,,,,,,ineligible:gate0_status,,,,false
HITI,1847409,HIGH TIDE INC.,"",Nasdaq,5990,"Retail-Retail Stores, NEC",ifrs-full,40-F,CAD,1031,2025,2025-10-31,false,false,tax_anomaly,fail,tangible_book,"",unresolved,unresolved,unresolved,"",,false,false,false,true,,,,none,false,-0.46428293518014163,3775000.0,-142000.0,0.00659443151858798,34444000.0,0.0004861070602189426,3.5578626799557034,0.020689039809019066,,false,,-0.0017279433507157945,593986000.0,-51404000.0,-14448000.0,23866000.0,10084000.0,false,false,false,0.0,10007000.0,false,true,false,,,0.4148087206910736,false,false,true,,,,false,,-0.08654076021993784,false,-0.08494491140507188,3917000.0,87609000.0,,,47883000.0,13439000.0,82178620.0,,NOT_EVALUABLE,true,FAIL,false,PASS,true,FAIL,false,PASS,false,false,PASS,true,FAIL,,0,insufficient,false,0.18512099321616926,0.4813672686110837,,,-0.33731341391027314,0.21189449265580892,,-0.0017279433507157945,,false,0,-0.02432380561158007,0.001092896174863388,-0.02541670178644346,-3.4320037083050656,rising,,,,,false,false,,false,false,false,,,,,,,,,,,,,,,,,,,,,false,12289000.0,,24310000.0,1402000.0,,-22288000.0,,,,-0.02432380561158007,-51429000.0,2026-09-21,PurchaseOfPropertyPlantAndEquipmentClassifiedAsInvestingActivities,EquityAttributableToOwnersOfParent,,,ProfitLoss,CashFlowsFromUsedInOperatingActivities,ProfitLossFromOperatingActivities,AdjustmentsForSharebasedPayments,-25000.0,,,,,,,,,,,,,,,,,,,,,,ineligible:gate0_status,,,,false
GNS,1847806,Genius Group Ltd,"",NYSE,7372,Services-Prepackaged Software,ifrs-full,20-F,USD,1231,2025,2025-12-31,false,false,"tax_anomaly,sbc",fail,"","",reported,reported,reported,"",,false,false,false,true,,34698923.0,,fiscal_year,false,0.19197741686963804,-12568438.0,-20142733.0,0.903075535618349,-6154786.0,-0.011795575050570354,2.122648496490686,,4.090029332715886,false,,-0.1985440808003801,8387222.0,-55457325.0,-26126476.0,-10646554.0,1921884.0,false,false,false,532172.0,,true,false,false,true,-289107.0,0.8240697783109924,false,false,true,,,,false,,-6.612120795181051,false,-0.9170037782288967,7574295.0,89254550.0,44792535.0,9763092.0,2422988.0,8577774.0,101452196.0,false,PASS,true,FAIL,true,FAIL,true,FAIL,true,FAIL,true,false,PASS,true,FAIL,true,2,insufficient,false,-0.22749783583801375,0.019003663211351496,,,-3.9527315992146455,-0.19685274871977962,,-0.1985440808003801,,false,0,-3.11503332092557,-0.35118256024279465,-2.7638507606827756,1.4077179205322103,falling,,,,,false,false,,false,false,false,,,,,,,,,,,,,,,,,,,,,false,,,2332186.0,,34303984.0,-2210991.0,,1921884.0,,-3.11503332092557,-55336768.0,2026-09-21,PurchaseOfPropertyPlantAndEquipmentClassifiedAsInvestingActivities,EquityAttributableToOwnersOfParent,Goodwill,IntangibleAssetsOtherThanGoodwill,ProfitLoss,CashFlowsFromUsedInOperatingActivities,ProfitLossFromOperatingActivities,AdjustmentsForSharebasedPayments,652729.0,,,,,,,,,,,,,,,,,,,,,,ineligible:gate0_status,,,,false
SGML,1848309,SIGMA LITHIUM CORPORATION,"",Nasdaq,1000,Metal Mining,ifrs-full,40-F,CAD,1231,2025,2025-12-31,false,false,"",fail,"income_quality,ni_vs_oi","goodwill,intangibles",never_acquired,never_acquired,never_acquired,"",,false,false,false,true,,56630000.0,,fiscal_year,false,,-9763000.0,-11777000.0,0.018307093771588553,-134319000.0,0.45963003897388166,,,,false,,-0.1058005860815246,110012000.0,-50185000.0,-42484000.0,2445000.0,9890000.0,false,false,true,31606000.0,2318000.0,false,true,false,,,0.8151994724695022,false,false,true,,,,false,,,false,,2014000.0,56630000.0,0.0,0.0,6214000.0,140533000.0,111313183.0,false,PASS,,NOT_EVALUABLE,true,FAIL,true,FAIL,false,PASS,false,,NOT_EVALUABLE,false,PASS,,0,insufficient,false,,,,,-2.289381473010137,-0.03878021392700021,,-0.1058005860815246,,false,0,-0.386176053521434,,,0.8051038017047535,,,,,,false,false,,false,false,false,,,,,,,,,,,,,,,,,,,,,false,,,12132000.0,,,-11965000.0,,9890000.0,,-0.386176053521434,-34382000.0,2026-09-21,PurchaseOfPropertyPlantAndEquipmentClassifiedAsInvestingActivities,Equity,,,ProfitLoss,CashFlowsFromUsedInOperatingActivities,ProfitLossFromOperatingActivities,AdjustmentsForSharebasedPayments,-15803000.0,,,,,,,,,,,,,,,,,,,,,,ineligible:gate0_status,,,,false
RNW,1848763,RENEW ENERGY GLOBAL PLC,"",Nasdaq,4911,Electric Services,ifrs-full,20-F,INR,331,2025,2025-03-31,false,false,"",fail,"tangible_book,income_quality,ni_vs_oi","",unresolved,unresolved,unresolved,"",,false,false,false,true,,,,none,false,,-26757000000.0,-28034000000.0,0.013156403572937165,-541888000000.0,0.542455650787323,,,,false,,,97063000000.0,54000000.0,10056000000.0,67565000000.0,93659000000.0,false,false,true,4537000000.0,663000000.0,false,false,false,,,4.531156265118529,false,false,true,,,,false,,,false,-0.03276529920867264,1277000000.0,112602000000.0,,,40419000000.0,582307000000.0,,,NOT_EVALUABLE,,NOT_EVALUABLE,true,FAIL,true,FAIL,false,PASS,false,,NOT_EVALUABLE,false,PASS,,0,insufficient,false,0.17818485244546012,0.12735426323938714,,,-394.58657591839034,-12.163984029597984,-12.163984029597984,,,false,0,0.10360281466676283,-0.010693581974748139,0.11429639664151096,,,,,,,false,false,,false,false,false,,,,,,,,,,,,,,,,,,,,,false,,,20670000000.0,,,-74164000000.0,104000000.0,14000000.0,,0.10360281466676283,10034000000.0,2026-09-21,PurchaseOfPropertyPlantAndEquipmentIntangibleAssetsOtherThanGoodwillInvestmentPropertyAndOtherNoncurrentAssets,EquityAttributableToOwnersOfParent,,,ProfitLoss,CashFlowsFromUsedInOperatingActivities,ProfitLossFromOperatingActivities,AdjustmentsForSharebasedPayments,5443000000.0,,,,,,,,,,,,,,,,,,,,,,ineligible:gate0_status,,,,false
OKYO,1849296,OKYO Pharma Limited,"",Nasdaq,2836,"Biological Products, (No Diagnostic Substances)",ifrs-full,20-F,USD,331,2025,2025-03-31,false,false,tax_anomaly,fail,"income_quality,sbc,ni_vs_oi","goodwill,intangibles",never_acquired,never_acquired,never_acquired,"",,false,false,false,true,,-5549555.0,,fiscal_year,false,,-1812139.0,-2547128.0,,,-0.4095043820814143,,,,false,,,,-4706292.0,,-1810931.0,1208.0,false,false,true,6527558.0,,true,false,false,false,0.0,,false,false,true,,,,false,,,false,,734989.0,-5549555.0,0.0,0.0,1560902.0,,,true,FAIL,,NOT_EVALUABLE,true,FAIL,true,FAIL,,NOT_EVALUABLE,,,NOT_EVALUABLE,true,FAIL,,0,insufficient,false,,,,,-0.007360615948102186,,,,,false,0,,,,0.5719410527219411,,,,,,false,false,,false,false,false,,,,,,,,,,,,,,,,,,,,,false,,,,,,-1208.0,,1208.0,,,-7970071.0,2026-09-21,PurchaseOfPropertyPlantAndEquipmentClassifiedAsInvestingActivities,Equity,,,ProfitLoss,CashFlowsFromUsedInOperatingActivities,,AdjustmentsForSharebasedPayments,3263779.0,,,,,,,,,,,,,,,,,,,,,,ineligible:gate0_status,,,,false
HEPS,1850235,D-MARKET Electronic Services & Trading,"",Nasdaq,5961,Retail-Catalog & Mail-Order Houses,ifrs-full,20-F,TRY,1231,2024,2024-12-31,false,false,tax_anomaly,fail,tangible_book,"",unresolved,unresolved,unresolved,"",,false,false,false,true,,,,none,false,-3.5501608504418014,3215784000.0,3035839000.0,0.0031543531607453076,5067493000.0,-0.0,-94.6345303378737,,,false,,9.245346627523114,57046561000.0,-1604907000.0,16959000.0,5697678000.0,2010546000.0,false,false,false,0.0,471348000.0,false,false,false,,,0.9816457680097728,false,false,true,,,,false,,-0.028133282214856038,false,-0.19309423744888124,179945000.0,3321480000.0,,,6750179000.0,1682686000.0,328364000.0,,NOT_EVALUABLE,true,FAIL,false,PASS,false,PASS,false,PASS,false,false,PASS,true,FAIL,,0,insufficient,false,0.3201964842223306,0.85407175328807,,,-4.022358283786799,,,9.245346627523114,,false,2,0.00029728347691283265,0.03883459722283566,-0.03853731374592283,20.91734182798101,falling,,,,,false,false,,false,false,false,,,,,,,,,,,,,,,,,,,,,false,,,2048138000.0,,,894707000.0,,,,0.00029728347691283265,-1604907000.0,2026-09-21,PurchaseOfPropertyPlantAndEquipmentIntangibleAssetsOtherThanGoodwillInvestmentPropertyAndOtherNoncurrentAssets,EquityAttributableToOwnersOfParent,,,ProfitLoss,CashFlowsFromUsedInOperatingActivities,ProfitLossFromOperatingActivities,AdjustmentsForSharebasedPayments,0.0,,,,,,,,,,,,,,,,,,,,,,ineligible:gate0_status,,,,false
NVA,1852551,Nova Minerals Corp,"",NYSE,1040,Gold and Silver Ores,ifrs-full,20-F,AUD,630,2025,2025-06-30,false,false,"",fail,"sbc,ni_vs_oi,tax_anomaly","goodwill,intangibles",never_acquired,never_acquired,never_acquired,"",,false,false,false,true,,102162911.0,,fiscal_year,false,0.6883738434158732,-7858536.0,-6597047.0,,,,,,,false,,-0.02294369039775906,,-11099171.0,,-7640379.0,218157.0,false,false,false,,,true,false,false,,,0.41983061056788373,false,false,true,,,,false,,,false,,-1261489.0,102162911.0,0.0,0.0,9083315.0,,287532079.0,false,PASS,true,FAIL,true,FAIL,true,FAIL,,NOT_EVALUABLE,,,NOT_EVALUABLE,,NOT_EVALUABLE,,0,insufficient,true,,,,,-0.028904594124313406,,,-0.02294369039775906,,false,0,,,,0.3928660949526024,rising,,,,,false,false,,false,false,false,,,,,,,,,,,,,,,,,,,,,false,,,519631.0,,,4121973.0,,,,,-11099171.0,2026-09-21,PurchaseOfPropertyPlantAndEquipmentClassifiedAsInvestingActivities,EquityAttributableToOwnersOfParent,,,ProfitLoss,CashFlowsFromUsedInOperatingActivities,,AdjustmentsForSharebasedPayments,,,,,,,,,,,,,,,,,,,,,,,ineligible:gate0_status,,,,false
GHRS,1855129,GH Research PLC,"",Nasdaq,2834,Pharmaceutical Preparations,ifrs-full,20-F,USD,1231,2025,2025-12-31,false,false,"tax_anomaly,ni_vs_oi",fail,sbc,"goodwill,intangibles",never_acquired,never_acquired,never_acquired,"",,false,false,false,true,,279703000.0,,fiscal_year,false,0.9024824899498529,-43870000.0,-52374000.0,,246251000.0,-0.0,0.7947890246714319,,,false,,-0.8579906816255481,,-48258000.0,-60718000.0,-43552000.0,121000.0,false,false,false,0.0,197000.0,false,false,false,true,26708000.0,0.3611940298507463,false,false,false,"",2024-10-01,2025-09-30,true,188000.0,,false,,8504000.0,279703000.0,0.0,0.0,246251000.0,0.0,61042621.0,false,PASS,false,PASS,true,FAIL,true,FAIL,,NOT_EVALUABLE,,true,FAIL,true,FAIL,,0,insufficient,false,,,,,-0.5370346800760595,-0.011636366508590741,-0.010321428571428572,-0.8579906816255481,-0.8476692530541196,false,0,,,,0.9748483800075771,falling,,-42923000.0,-41668000.0,127000.0,false,false,6607000.0,false,false,false,-48590000.0,,,,,,60710082.0,,,,,,,,,,,,,,false,,,335000.0,,,46172000.0,19585000.0,121000.0,,,-48258000.0,2026-09-21,PurchaseOfPropertyPlantAndEquipmentClassifiedAsInvestingActivities,Equity,,,ProfitLoss,CashFlowsFromUsedInOperatingActivities,ProfitLossFromOperatingActivities,AdjustmentsForSharebasedPayments,0.0,,,325000.0,,-56945000.0,-42923000.0,0.0,,,,,,,,,,,,,,,ineligible:gate0_status,,,,false
GRAB,1855612,GRAB HOLDINGS LIMITED,"",Nasdaq,7389,"Services-Business Services, NEC",ifrs-full,20-F,USD,1231,2025,2025-12-31,false,false,ni_vs_oi,fail,tangible_book,"",unresolved,unresolved,unresolved,"",,false,false,false,true,,,,none,false,0.395,-70000000.0,-311000000.0,0.071513353115727,1380000000.0,0.25650557620817843,3.076923076923077,0.02967359050445104,,false,,-0.07599915056897949,3370000000.0,200000000.0,65000000.0,79000000.0,97000000.0,false,false,false,0.0,52000000.0,false,true,false,true,-754000000.0,,false,false,false,"",2024-07-01,2025-06-30,true,47000000.0,0.05934718100890208,false,-0.22000847816871555,241000000.0,6728000000.0,,,3433000000.0,2053000000.0,4092151000.0,,NOT_EVALUABLE,true,FAIL,true,FAIL,true,FAIL,false,PASS,false,true,FAIL,false,PASS,,0,insufficient,false,0.3298252356588238,0.4835131887167383,,,-0.3415920127765375,,,-0.07599915056897949,,false,0,0.019287833827893175,-2.767590618336887,2.78687845216478,-1.7249082169733352,rising,3072000000.0,56000000.0,727000000.0,76000000.0,false,false,244000000.0,false,false,false,360000000.0,,,,,,4099960000.0,,,,,,,,,,,,,,false,100000000.0,,,,,-782000000.0,195000000.0,223000000.0,,0.019287833827893175,269000000.0,2026-09-21,PurchaseOfPropertyPlantAndEquipmentClassifiedAsInvestingActivities,EquityAttributableToOwnersOfParent,,,ProfitLoss,CashFlowsFromUsedInOperatingActivities,ProfitLossFromOperatingActivities,AdjustmentsForSharebasedPayments,69000000.0,113000000.0,,,,-51000000.0,125000000.0,69000000.0,,,,,,,,,,,,,,,ineligible:gate0_status,,,,false
INCR,1857030,INTERCURE LTD.,"",Nasdaq,2834,Pharmaceutical Preparations,ifrs-full,20-F,ILS,1231,2024,2024-12-31,false,false,"",fail,tangible_book,"",unresolved,reported,unresolved,"",,false,false,false,true,,,,none,false,0.9194015908123033,-76762000.0,-79043000.0,0.009550126651175448,-104682000.0,0.16639373360970192,1.083100226163552,,,false,,-1.723226906818058,238845000.0,-72793000.0,-67208000.0,-66926000.0,4376000.0,false,false,false,0.0,5460000.0,false,false,false,,,0.2846919523778544,false,false,true,,,,false,,-0.3047708765098704,false,0.13025233866071154,2281000.0,396969000.0,224594000.0,,78318000.0,183000000.0,45869177.0,,NOT_EVALUABLE,false,PASS,true,FAIL,true,FAIL,false,PASS,false,false,PASS,false,PASS,,0,insufficient,false,0.02827794680680573,0.9297091420404577,,,0.18395743597470682,-4.632650092768455,-4.632650092768455,-1.723226906818058,2.909423185950397,false,0,-0.28138751072871526,-0.38259018597356037,0.10120267524484511,0.9784631689457144,falling,,,,,false,false,,false,false,false,,,,,,,,,,,,,,,,,,,,,false,,,15371000.0,,,17689000.0,,,,-0.28138751072871526,-87323000.0,2026-09-21,PurchaseOfPropertyPlantAndEquipmentClassifiedAsInvestingActivities,EquityAttributableToOwnersOfParent,Goodwill,,ProfitLoss,CashFlowsFromUsedInOperatingActivities,ProfitLossFromOperatingActivities,AdjustmentsForSharebasedPayments,-14530000.0,,,,,,,,,,,,,,,,,,,,,,ineligible:gate0_status,,,,false
NYXH,1857190,NYXOAH SA,"",Nasdaq,3841,Surgical & Medical Instruments & Apparatus,ifrs-full,6-K,EUR,1231,2025,2025-12-31,false,false,tax_anomaly,fail,sbc,goodwill,never_acquired,never_acquired,reported,"",,false,false,false,true,,-979000.0,21990000.0,fiscal_year,true,0.7657101626241882,-70917000.0,-75803000.0,,,-0.011327405810768333,1.0790561178654847,,,false,,-1.9891397269171438,,-90085000.0,-83485000.0,-68979000.0,805000.0,false,false,false,0.0,1133000.0,false,false,false,,,,false,false,false,"",2024-07-01,2025-06-30,true,1271000.0,,false,,4886000.0,49129000.0,0.0,50108000.0,30001000.0,,38108434.0,true,FAIL,true,FAIL,true,FAIL,true,FAIL,,NOT_EVALUABLE,,false,PASS,true,FAIL,,0,insufficient,false,,,,,-1.28245820498068,-0.5776332706154961,,-1.9891397269171438,,false,0,,,,0.8776550064444842,falling,,-77197000.0,-60886000.0,1478000.0,false,false,5329000.0,false,false,false,-68964000.0,,51407000.0,73397000.0,22729000.0,,37429260.0,2025-06-30,,,,,,0,,,,,,0,false,,,,,,28332000.0,,,,,-89076000.0,2026-09-21,PurchaseOfPropertyPlantAndEquipmentClassifiedAsInvestingActivities,EquityAttributableToOwnersOfParent,,IntangibleAssetsOtherThanGoodwill,ProfitLoss,CashFlowsFromUsedInOperatingActivities,ProfitLossFromOperatingActivities,AdjustmentsForSharebasedPayments,1009000.0,,,,,-73777000.0,-74540000.0,2657000.0,,,,,,,,,,,,,,,ineligible:gate0_status,,,,false
ONON,1858985,On Holding AG,"",NYSE,3021,Rubber & Plastics Footwear,ifrs-full,20-F,CHF,1231,2025,2025-12-31,false,false,tax_anomaly,unknown,tangible_book,"",unresolved,unresolved,unresolved,"",,false,false,false,true,,,,none,false,1.7648502700049091,216700000.0,150100000.0,0.02209688122096881,,0.007309941520467836,0.5403183023872679,,,false,0.0013324450366422385,,3014000000.0,203700000.0,377000000.0,359500000.0,72900000.0,false,false,false,0.0,69900000.0,false,false,false,,,0.5722135007849294,false,false,false,"",2024-07-01,2025-06-30,true,62300000.0,0.06758460517584605,false,0.10055242452988114,66600000.0,1632400000.0,,,1019900000.0,,,,NOT_EVALUABLE,false,PASS,false,PASS,false,PASS,false,PASS,false,false,PASS,true,FAIL,,0,insufficient,false,0.3510730608167971,0.4794134851086673,,,,,,,,false,0,0.12508294625082947,-0.04020691276745827,0.16528985901828774,2.2626614698476266,falling,2718200000.0,135900000.0,416200000.0,64100000.0,false,false,59800000.0,false,false,false,230000000.0,,,1397000000.0,846600000.0,,,2025-06-30,,,0.27774026558631554,0.31971111502554167,,1,,,,,,0,false,,200000.0,127400000.0,,,-78600000.0,,,,0.12508294625082947,205200000.0,2026-09-21,PurchaseOfPropertyPlantAndEquipmentClassifiedAsInvestingActivities,Equity,,,ProfitLossAttributableToOwnersOfParent,CashFlowsFromUsedInOperatingActivities,ProfitLossFromOperatingActivities,AdjustmentsForSharebasedPayments,1500000.0,,400000.0,116800000.0,,295600000.0,137700000.0,1900000.0,,,,,,,,,,,,,,,ineligible:gate0_status,,,,false
ARQQ,1859690,Arqit Quantum Inc.,"",Nasdaq,7372,Services-Prepackaged Software,ifrs-full,20-F,USD,930,2024,2024-09-30,false,false,"",fail,tax_anomaly,goodwill,never_acquired,never_acquired,reported,"",,false,false,false,true,,9879000.0,14043000.0,latest_q,false,0.625235887946355,-37183000.0,-34275000.0,-9.924914675767917,,,2.2106520858647225,,,false,,-6.773775656107613,293000.0,-54581000.0,-24690000.0,-34126000.0,6000.0,false,false,false,,3051000.0,false,false,false,false,0.0,,false,false,false,"",2024-04-01,2025-03-31,false,2918000.0,-186.28327645051195,false,-8.841514143094843,-2908000.0,11818000.0,0.0,1939000.0,18705000.0,,5059955.0,false,PASS,true,FAIL,true,FAIL,true,FAIL,false,PASS,false,false,PASS,,NOT_EVALUABLE,,0,insufficient,false,0.8275760622448034,,,,-0.3574608425312835,,,-6.773775656107613,,false,0,-84.26621160409556,,,0.10732405230971226,rising,241000.0,-24075000.0,-23947000.0,30000.0,false,false,-3994000.0,false,false,false,-22901000.0,,1935000.0,15978000.0,24781000.0,,59260796.0,2025-03-31,,,,,,0,,,,,,0,false,,,,,,-2398000.0,930000.0,3328000.0,,-84.26621160409556,-23977000.0,2026-09-21,PurchaseOfPropertyPlantAndEquipmentClassifiedAsInvestingActivities,Equity,,IntangibleAssetsOtherThanGoodwill,ProfitLoss,CashFlowsFromUsedInOperatingActivities,ProfitLossFromOperatingActivities,AdjustmentsForSharebasedPayments,,,,,,-25847000.0,-25129000.0,,,,,,,,,,,,,,,,ineligible:gate0_status,,,,false
NVX,1859795,NOVONIX Ltd,"",Nasdaq,3690,"Miscellaneous Electrical Machinery, Equipment & Supplies",ifrs-full,20-F,USD,1231,2025,2025-12-31,false,false,tax_anomaly,fail,"",intangibles,structured_absence_asc350,reported,structured_absence_asc350,"",,false,false,false,true,,149696048.0,,fiscal_year,false,0.45510610833278775,-102893245.0,-101761437.0,-0.20149261569854582,-13982699.0,-0.0002755350357598457,-0.33579617770455056,,,false,,-0.14928091141750918,5617119.0,-92725187.0,276135326.0,-42199799.0,60171149.0,false,false,false,0.0,522297.0,false,false,false,true,-1721423.0,13.164087645727628,false,false,true,"capex,lease_payments,net_income,ocf,pretax_income,revenue,sbc,tax_expense",,,false,,-16.507605945325352,false,,-1131808.0,161671072.0,11975024.0,0.0,79865999.0,93848698.0,681677490.0,false,PASS,true,FAIL,true,FAIL,true,FAIL,false,PASS,false,false,PASS,true,FAIL,false,0,insufficient,false,-0.027176942808751825,0.1452550491524971,,,-0.2754020287951346,-0.091893849748262,,-0.14928091141750918,,false,0,49.15960049982918,,,0.5928791418273226,falling,,,,,false,false,,false,false,false,,,,,,,488886096.0,,,,,,,,,,,,,,false,,,4570856.0,,,-32858516.0,29034056.0,60171149.0,,49.15960049982918,-92699645.0,2026-09-21,PurchaseOfPropertyPlantAndEquipmentClassifiedAsInvestingActivities,Equity,Goodwill,,ProfitLoss,CashFlowsFromUsedInOperatingActivities,ProfitLossFromOperatingActivities,AdjustmentsForSharebasedPayments,25542.0,,,,,,,,,,,,,,,,,,,,,,ineligible:gate0_status,,,,false
ASTL,1860805,ALGOMA STEEL GROUP INC.,"",Nasdaq,3312,"Steel Works, Blast Furnaces & Rolling Mills (Coke Ovens)",ifrs-full,40-F,CAD,331,2025,2025-12-31,false,false,ni_vs_oi,fail,sbc,goodwill,never_acquired,never_acquired,reported,"",,true,true,false,false,,490800000.0,,fiscal_year,false,0.06711341252919079,-394600000.0,,,-406300000.0,0.24279234258476204,0.7426481676971799,,,false,,,2085700000.0,-984900000.0,-1326200000.0,-66100000.0,328500000.0,false,false,false,0.0,,true,false,true,,,,false,false,true,,,,false,,-0.47221556312029533,false,0.10455281626777038,,491100000.0,0.0,300000.0,77500000.0,483800000.0,108.7,false,PASS,true,FAIL,true,FAIL,,NOT_EVALUABLE,,NOT_EVALUABLE,,true,FAIL,false,PASS,,0,insufficient,false,-0.1816714828956696,0.012830198053172426,,,,,,,,false,0,-0.635853670230618,-0.07000868720936175,-0.5658449830212563,1.1547717336463066,falling,,,,,false,false,,false,false,false,,,,,,,108.5,,,,,,,,,,,,,,false,,,,14800000.0,,-312300000.0,,,,-0.635853670230618,-1300700000.0,2026-09-21,PurchaseOfPropertyPlantAndEquipmentClassifiedAsInvestingActivities,Equity,,IntangibleAssetsOtherThanGoodwill,ProfitLoss,CashFlowsFromUsedInOperatingActivities,ProfitLossFromOperatingActivities,,-315800000.0,,,,,,,,,,,,,,,,,,,,,,ineligible:gate0_status,,,,false
ADUR,1863934,ADURO CLEAN TECHNOLOGIES INC.,"",Nasdaq,2800,Chemicals & Allied Products,ifrs-full,40-F,CAD,531,2025,2025-05-31,false,false,sbc,fail,tax_anomaly,"goodwill,intangibles",never_acquired,never_acquired,never_acquired,"",,false,false,false,true,,11792377.0,,fiscal_year,false,0.7396679013880529,-10483159.0,-13718747.0,13.994031451654758,,,1.0174120697347262,,,false,,-0.5038927433184955,231212.0,-12145790.0,-11937926.0,-8983851.0,1440659.0,false,false,false,,58649.0,false,false,false,,,2.6862831016852446,false,false,true,,,,false,,-52.530967250834735,false,,3235588.0,11792377.0,0.0,0.0,6957846.0,,27225530.0,false,PASS,true,FAIL,true,FAIL,true,FAIL,true,FAIL,true,false,PASS,,NOT_EVALUABLE,,0,insufficient,true,,,,,,,,-0.5038927433184955,,false,0,-51.63194816878017,,,0.7200503255866055,,,,,,false,false,,false,false,false,,,,,,,,,,,,,,,,,,,,,false,,,536302.0,,,-1440659.0,,,,-51.63194816878017,,2026-09-21,PurchaseOfPropertyPlantAndEquipmentClassifiedAsInvestingActivities,Equity,,,ProfitLoss,CashFlowsFromUsedInOperatingActivities,ProfitLossFromOperatingActivities,AdjustmentsForSharebasedPayments,0.0,,,,,,,,,,,,,,,,,,,,,,ineligible:gate0_status,,,,false
AZ,1866030,A2Z CUST2MATE SOLUTIONS CORP.,"",Nasdaq,3569,"General Industrial Machinery & Equipment, NEC",ifrs-full,6-K,USD,1231,2025,2025-12-31,false,false,sbc,fail,tax_anomaly,goodwill,structured_absence_asc350,structured_absence_asc350,reported,"",,false,false,false,true,,77331000.0,71927000.0,fiscal_year,false,0.5952343831202578,-24104000.0,-44461000.0,2.5765093026199217,13487000.0,,1.055628703094141,,,false,,-1.2029945068815637,7901000.0,-38484000.0,-36456000.0,-22907000.0,452000.0,false,false,false,,745000.0,false,false,false,true,-55883000.0,0.554601226993865,false,false,false,"",2024-10-01,2025-09-30,true,594000.0,-4.870775851158081,false,-1.9888189318280505,20357000.0,77968000.0,0.0,637000.0,13525000.0,38000.0,36958606.0,false,PASS,true,FAIL,true,FAIL,true,FAIL,true,FAIL,true,false,PASS,,NOT_EVALUABLE,,0,insufficient,false,-0.05461653611266193,0.4921832540066631,,,-1.3874650932368775,-0.1118250316574039,,-1.2029945068815637,,false,0,-4.614099481078345,-2.50561797752809,-2.1084815035502547,0.6112672066750525,falling,5673000.0,-32904000.0,-17118000.0,689000.0,false,false,8881000.0,false,false,false,-27282000.0,,,72564000.0,43184000.0,30000.0,35063498000.0,2025-09-30,,,0.013986013986013986,-0.015903307888040712,,0,,,,,,0,false,,,815000.0,,,-57019000.0,,1136000.0,,-4.614099481078345,-38484000.0,2026-09-21,PurchaseOfPropertyPlantAndEquipmentClassifiedAsInvestingActivities,EquityAttributableToOwnersOfParent,,IntangibleAssetsOtherThanGoodwill,ProfitLoss,CashFlowsFromUsedInOperatingActivities,ProfitLossFromOperatingActivities,AdjustmentsForSharebasedPayments,,,,649000.0,,-21284000.0,-31619000.0,,,,,,,,,,,,,,,,ineligible:gate0_status,,,,false
WBX,1866501,Wallbox N.V.,"",NYSE,3690,"Miscellaneous Electrical Machinery, Equipment & Supplies",ifrs-full,20-F,EUR,1231,2024,2024-12-31,false,false,tax_anomaly,fail,"","",reported,reported,reported,"",,false,false,false,true,,-22479000.0,-47287000.0,latest_q,false,0.3394908822599346,-65622000.0,-69448000.0,0.0233373794550545,-194298000.0,0.04241238999463773,1.1343252352092783,,-0.12293907028662401,false,,,163943000.0,-151792000.0,-133817000.0,-51532000.0,8244000.0,false,false,false,0.0,5846000.0,false,false,false,,,,false,false,false,"",2024-07-01,2025-06-30,false,6514000.0,-0.9258827763307979,false,-0.9628948919790546,3826000.0,64800000.0,11178000.0,76101000.0,20036000.0,214334000.0,,true,FAIL,true,FAIL,true,FAIL,true,FAIL,false,PASS,false,false,PASS,true,FAIL,true,2,insufficient,false,0.31816289875858494,0.8285254326446858,,,,,,,,false,0,-0.8162410105951459,-0.6693218627002727,-0.14691914789487315,1.027234835615435,falling,147981000.0,-128033000.0,-21820000.0,8204000.0,false,false,2418000.0,false,false,false,-38956000.0,10803000.0,71755000.0,35271000.0,27304000.0,193320000.0,,2025-06-30,,,,,,0,,,,,,0,false,,,,,-20155000.0,-39461000.0,,,,-0.8162410105951459,-158515000.0,2026-09-21,PurchaseOfPropertyPlantAndEquipmentClassifiedAsInvestingActivities,EquityAttributableToOwnersOfParent,Goodwill,IntangibleAssetsOtherThanGoodwill,ProfitLoss,CashFlowsFromUsedInOperatingActivities,ProfitLossFromOperatingActivities,AdjustmentsForSharebasedPayments,-6723000.0,,,,,-123173000.0,-132514000.0,-4481000.0,,,,,,,,,,,,,,,ineligible:gate0_status,,,,false
CDRO,1866782,"Codere Online Luxembourg, S.A.","",Nasdaq,7990,Services-Miscellaneous Amusement & Recreation,ifrs-full,20-F,EUR,1231,2024,2024-12-31,false,false,"",unknown,"income_quality,fcf,sbc",goodwill,carried_forward,never_acquired,carried_forward,intangibles,366,true,true,false,false,,24061000.0,18778000.0,fiscal_year,false,,,,,,0.2721518987341772,0.9027938120526438,,,false,,,200704000.0,3910000.0,4331000.0,,256000.0,false,false,false,0.0,,true,false,false,,,1.7534246575342465,false,false,true,"",2023-07-01,2024-06-30,true,,0.019481425382653062,false,-0.48273389375102593,,24071000.0,0.0,10000.0,40307000.0,,,false,PASS,,NOT_EVALUABLE,,NOT_EVALUABLE,,NOT_EVALUABLE,,NOT_EVALUABLE,,false,PASS,false,PASS,,0,insufficient,false,0.3573700133274562,0.26654037036236167,,,,,,,,false,0,0.021579041772959183,-0.25781465664225517,0.27939369841521433,,,189120000.0,-2341000.0,,370000.0,false,false,,false,false,false,,,4000.0,18782000.0,40433000.0,,,2024-06-30,,,,,,0,,,,,,0,false,,,146000.0,,,-256000.0,,,,0.021579041772959183,5372000.0,2026-09-21,PurchaseOfPropertyPlantAndEquipmentClassifiedAsInvestingActivities,EquityAttributableToOwnersOfParent,,,ProfitLoss,,ProfitLossFromOperatingActivities,,1462000.0,,,,,-1818000.0,-5515000.0,-9852000.0,,,,,,,,,,,,,,,ineligible:gate0_status,,,,false
EVTL,1867102,Vertical Aerospace Ltd.,"",NYSE,3721,Aircraft,ifrs-full,20-F,GBP,1231,2025,2025-12-31,false,false,"tax_anomaly,ni_vs_oi",fail_stale,"tangible_book,sbc","",unresolved,unresolved,carried_forward,intangibles,365,false,false,false,true,,,,none,false,-0.3553200989146861,-84091000.0,-93758000.0,,,-0.14976775410070736,-1.8277033654261121,,,false,,-1.0575078040518504,,232928000.0,-127443000.0,-82764000.0,290000.0,false,false,false,0.0,1037000.0,false,false,false,,,0.2645985401459854,false,false,false,"",2024-07-01,2025-06-30,true,896000.0,,false,,9667000.0,-121445000.0,,132000.0,69082000.0,,88659393.0,,NOT_EVALUABLE,true,FAIL,true,FAIL,true,FAIL,,NOT_EVALUABLE,,true,FAIL,true,FAIL,,0,insufficient,false,,,,,-7.177953264488547,-0.12494941790717642,,-1.0575078040518504,,false,0,,-132.35632183908046,,0.3166857363059857,falling,,-513157000.0,-70946000.0,240000.0,false,false,5908000.0,false,false,false,-77990000.0,,26000.0,-176105000.0,61984000.0,,80090993.0,2025-06-30,,,,,,0,,,,,,0,false,,,1096000.0,,,2609000.0,,,,,202587000.0,2026-09-21,PurchaseOfPropertyPlantAndEquipmentClassifiedAsInvestingActivities,Equity,,,ProfitLoss,CashFlowsFromUsedInOperatingActivities,ProfitLossFromOperatingActivities,AdjustmentsForSharebasedPayments,-30341000.0,,,1452000.0,,-91165000.0,-526256000.0,-13099000.0,,,,,,,,,,,,,,,ineligible:gate0_status,,,,false
WRD,1867729,WeRide Inc.,"",Nasdaq,7373,Services-Computer Integrated Systems Design,ifrs-full,20-F,CNY,1231,2024,2024-12-31,false,false,"tax_anomaly,sbc",fail,"","",reported,reported,reported,"",,false,false,false,true,,-3737396000.0,6399454000.0,latest_q,true,0.23585231769765513,-724851000.0,-1912718000.0,3.289269357080751,1748884000.0,-0.0023369734043824225,1.151760744981084,,-0.008113331893424601,false,,,361134000.0,-2516808000.0,-2185183000.0,-593595000.0,84004000.0,false,false,false,0.0,47252000.0,false,false,false,,,,false,false,false,"",2024-07-01,2025-06-30,false,,-6.969180415026002,false,-1.47709286257234,1187867000.0,-3670974000.0,44758000.0,21664000.0,1828943000.0,80059000.0,,false,PASS,true,FAIL,true,FAIL,true,FAIL,true,FAIL,true,false,PASS,true,FAIL,false,2,insufficient,true,,,,,,,,,,false,0,-6.050892466508277,,,0.3319243202256507,falling,410451000.0,-2426625000.0,-929811000.0,185086000.0,false,false,1115489000.0,false,false,false,-2230386000.0,44758000.0,19544000.0,6463756000.0,3836137000.0,149809000.0,,2025-06-30,,,,,,0,,,,,,0,false,,,,,-2930000.0,325505000.0,,,,-6.050892466508277,-2510940000.0,2026-09-21,PurchaseOfPropertyPlantAndEquipmentClassifiedAsInvestingActivities,Equity,Goodwill,IntangibleAssetsOtherThanGoodwill,ProfitLoss,CashFlowsFromUsedInOperatingActivities,ProfitLossFromOperatingActivities,ExpenseFromSharebasedPaymentTransactionsWithEmployees,5868000.0,,,,,-2376277000.0,-2420471000.0,6154000.0,,,,,,,,,,,,,,,ineligible:gate0_status,,,,false
ANGH,1871983,ANGHAMI INC.,"",Nasdaq,4899,"Communications Services, NEC",ifrs-full,20-F,USD,1231,2024,2024-12-31,false,false,tax_anomaly,fail_stale,sbc,"",carried_forward,carried_forward,reported,goodwill,366,true,false,true,true,,-32503177.0,1120470.0,fiscal_year,true,0.7519527288008652,-48021585.0,,,,-0.028665023100846076,1.023383447234024,,,false,,,78093405.0,-63592548.0,-62139512.0,-47818590.0,45756.0,false,true,false,0.0,157239.0,false,false,false,false,0.0,0.09182973086880607,false,false,false,"",2023-07-01,2024-06-30,true,198149.0,-0.8143139359847352,false,-0.358466680891873,,59854205.0,600000.0,91757382.0,14140792.0,,57612330.0,true,FAIL,true,FAIL,true,FAIL,,NOT_EVALUABLE,,NOT_EVALUABLE,,false,PASS,true,FAIL,false,2,insufficient,false,0.3005012074714184,,,,-11164.248711340206,,,,,false,0,-0.7957075504647287,,,0.3312442832543621,rising,52274011.0,-31173238.0,-24964412.0,106197.0,false,false,,true,false,false,-25070609.0,600000.0,94046804.0,95767274.0,26880623.0,,48258290.0,2024-06-30,,,,,,0,,,,,,0,false,,,498270.0,,,-1037369.0,256712.0,1294081.0,,-0.7957075504647287,-61820463.0,2026-09-21,PurchaseOfPropertyPlantAndEquipmentClassifiedAsInvestingActivities,EquityAttributableToOwnersOfParent,,IntangibleAssetsOtherThanGoodwill,ProfitLoss,CashFlowsFromUsedInOperatingActivities,ProfitLossFromOperatingActivities,,1772085.0,,,494529.0,,-30971458.0,-30362214.0,811024.0,,,,,,,,,,,,,,,ineligible:gate0_status,,,,false
MDXH,1872529,MDXHEALTH SA,"",Nasdaq,8071,Services-Medical Laboratories,ifrs-full,20-F,USD,1231,2025,2025-12-31,false,false,"",fail,"","",reported,reported,reported,"",,false,false,false,true,,-54518000.0,,fiscal_year,false,0.06530624421969629,-5668000.0,-7879000.0,0.020495944380069527,-47165000.0,0.05249321573948439,2.3264158800666297,,-0.3160509849362688,false,,-0.1576971626839877,107875000.0,-33519000.0,-14408000.0,-2189000.0,1157000.0,false,false,false,0.0,2322000.0,false,false,false,true,-19658000.0,,false,false,true,,,,false,,-0.310720741599073,false,-0.38931232459077114,2211000.0,-12094000.0,3000000.0,39424000.0,29032000.0,76197000.0,49962852.0,true,FAIL,true,FAIL,true,FAIL,true,FAIL,false,PASS,false,false,PASS,false,PASS,false,4,insufficient,false,0.4278915948881683,0.4234355970924246,,,-2.46643459961753,-0.2753271169685916,-10.32145922746781,-0.1576971626839877,10.163762064783823,false,0,-0.13356199304750868,-1.469284940411701,1.3357229473641923,0.3502747644516415,falling,,,,,false,false,,false,false,false,,,,,,,,,,,,,,,,,,,,,false,,,,,-34094000.0,-18558000.0,2257000.0,1157000.0,,-0.13356199304750868,-35376000.0,2026-09-21,PurchaseOfPropertyPlantAndEquipmentClassifiedAsInvestingActivities,Equity,Goodwill,IntangibleAssetsOtherThanGoodwill,ProfitLoss,CashFlowsFromUsedInOperatingActivities,ProfitLossFromOperatingActivities,AdjustmentsForSharebasedPayments,-1857000.0,,,,,,,,,,,,,,,,,,,,,,ineligible:gate0_status,,,,false
GDTC,1873093,CytoMed Therapeutics Limited,"",Nasdaq,2834,Pharmaceutical Preparations,ifrs-full,20-F,SGD,1231,2025,2025-12-31,false,false,sbc,fail,"ni_vs_oi,tax_anomaly","",reported,reported,reported,"",,false,false,false,true,,6419197.0,,fiscal_year,false,1.1897318756733033,-4350359.0,-5044559.0,2.1400364379583645,1685986.0,,,,0.09816669595267381,false,,-0.4331125225107268,324387.0,-3107812.0,,-3697463.0,637850.0,false,false,false,,15046.0,false,false,false,,,1.719077624635486,false,false,true,,,,false,,-9.580568888395652,false,,694200.0,6544446.0,355.0,124894.0,2095489.0,409503.0,11647225.0,false,PASS,false,PASS,true,FAIL,true,FAIL,true,FAIL,true,,NOT_EVALUABLE,,NOT_EVALUABLE,true,0,insufficient,false,,,,,,,,-0.4331125225107268,,false,0,,,,1.328908358474023,,,,,,false,false,,false,false,false,,,,,,,,,,,,,,,,,,,,,false,,,371042.0,,31844.0,929283.0,126123.0,546803.0,,,-3996336.0,2026-09-21,PurchaseOfPropertyPlantAndEquipmentClassifiedAsInvestingActivities,EquityAttributableToOwnersOfParent,Goodwill,IntangibleAssetsOtherThanGoodwill,ProfitLoss,CashFlowsFromUsedInOperatingActivities,,AdjustmentsForSharebasedPayments,,,,,,,,,,,,,,,,,,,,,,,ineligible:gate0_status,,,,false
QUCY,1874252,Quantum Cyber N.V.,"",Nasdaq,2834,Pharmaceutical Preparations,ifrs-full,6-K,USD,1231,2025,2025-12-31,false,false,sbc,fail,tax_anomaly,goodwill,never_acquired,never_acquired,reported,"",,false,false,false,true,,1265860.0,13825102.0,latest_q,false,0.6773041761629559,-11680803.0,-13153082.0,2.741265733224101,,,1.0044376705563098,,,false,,-2.193318299977972,537080.0,-16210718.0,-16139098.0,-10979587.0,701216.0,false,false,false,,,true,false,false,true,-350000.0,1.1388553238485026,false,false,false,"",2024-07-01,2025-06-30,true,353674.0,-30.183060251731586,false,-29.754669847087424,1472279.0,2379284.0,0.0,1113424.0,1693054.0,,5996887.0,false,PASS,true,FAIL,true,FAIL,true,FAIL,true,FAIL,true,false,PASS,,NOT_EVALUABLE,,0,insufficient,false,0.004510861799312815,0.01704208665217477,,,-71.90594371314668,,,-2.193318299977972,,false,0,-30.04970954047814,-1.3649975180573988,-28.68471202242074,0.7713140785193827,falling,659935.0,-23826456.0,-14252458.0,1137457.0,false,false,103415.0,false,false,false,-15847004.0,,6538237.0,20363339.0,13400000.0,200000.0,14842125.0,2026-06-30,,,,,,0,,,,,,0,false,,,615720.0,,,-1033401.0,17815.0,701216.0,,-30.04970954047814,-16210718.0,2026-09-21,PaymentsToAcquirePropertyPlantAndEquipment+PaymentsToAcquireIntangibleAssets,StockholdersEquity,,IntangibleAssetsNetExcludingGoodwill,NetIncomeLoss,NetCashProvidedByUsedInOperatingActivities,OperatingIncomeLoss,ShareBasedCompensation,,,,343562.0,,-24115474.0,-24319191.0,,,,,,,,,,,,,,,,ineligible:gate0_status,,,,false
LCFY,1875547,Locafy Ltd,"",Nasdaq,7370,"Services-Computer Programming, Data Processing, Etc.",ifrs-full,20-F,AUD,630,2025,2025-06-30,false,false,sbc,fail,"fcf,ni_vs_oi,tax_anomaly",goodwill,never_acquired,never_acquired,reported,"",,false,false,false,true,,190883.0,,fiscal_year,false,0.1596268257309356,,,0.4741489347086763,,,,,,false,,,3202692.0,-4314231.0,,-688667.0,,false,false,false,,128668.0,false,false,false,,,,false,false,true,,,,false,,-1.347063969935292,false,,1518553.0,3825677.0,0.0,3634794.0,594671.0,,1640038.0,false,PASS,true,FAIL,,NOT_EVALUABLE,,NOT_EVALUABLE,true,FAIL,true,,NOT_EVALUABLE,,NOT_EVALUABLE,,0,insufficient,false,-0.08804090411719878,0.10036075835408242,,,,,,,,false,0,,,,0.43799065170024615,falling,,,,,false,false,,false,false,false,,,,,,,,,,,,,,,,,,,,,false,,,,,,-1875775.0,,,,,-4314231.0,2026-09-21,,Equity,,IntangibleAssetsOtherThanGoodwill,ProfitLoss,CashFlowsFromUsedInOperatingActivities,,AdjustmentsForSharebasedPayments,,,,,,,,,,,,,,,,,,,,,,,ineligible:gate0_status,,,,false
SWVL,1875609,Swvl Holdings Corp,"",Nasdaq,7389,"Services-Business Services, NEC",ifrs-full,20-F,USD,1231,2024,2024-12-31,false,false,"",fail,"tangible_book,fcf,tax_anomaly","",unresolved,unresolved,reported,"",,false,false,false,true,,,,none,false,0.347168800469498,,,0.0032805725828282104,4800780.0,,1.2097869863081474,,,false,,,17207362.0,-10269693.0,-8488844.0,-3565317.0,,false,false,false,,411162.0,false,false,false,true,583371.0,,false,false,false,"",2024-07-01,2025-06-30,false,308466.0,-0.5968197216981894,false,-1.8625060873307029,56450.0,2282328.0,,106262.0,4958983.0,158203.0,8656553.0,,NOT_EVALUABLE,true,FAIL,,NOT_EVALUABLE,,NOT_EVALUABLE,false,PASS,false,false,PASS,,NOT_EVALUABLE,,1,insufficient,false,-0.12361391450427339,0.06855921773748319,,,-14.228131364487083,-940.6681195659654,-940.6681195659654,,,false,0,-0.4933262867370373,3.3132837784031244,-3.8066100651401618,0.347168800469498,,19329423.0,-4144646.0,-3302540.0,,false,true,83338.0,false,false,false,,,92900.0,3677154.0,4876983.0,17226.0,9964344.0,2025-06-30,,,,,,0,,,,,,0,false,,,177107.0,,,583371.0,,,,-0.4933262867370373,-11065062.0,2026-09-21,,EquityAttributableToOwnersOfParent,,IntangibleAssetsOtherThanGoodwill,ProfitLoss,CashFlowsFromUsedInOperatingActivities,ProfitLossFromOperatingActivities,AdjustmentsForSharebasedPayments,,,,,,-4832412.0,-4940015.0,,,,,,,,,,,,,,,,ineligible:gate0_status,,,,false
PRE,1876431,Prenetics Global Limited,"",Nasdaq,2834,Pharmaceutical Preparations,ifrs-full,20-F,USD,1231,2024,2024-12-31,false,false,sbc,fail,"","",reported,reported,reported,"",,false,false,false,true,,121451000.0,,fiscal_year,false,0.5797293498775248,-32646000.0,-40492000.0,0.2562293850625388,,0.13645974143010642,1.0345214356929213,0.2725580483981581,0.20714542307566702,true,,-3.2407475584746366,30621000.0,-49806000.0,-48144000.0,-28874000.0,1006000.0,false,false,false,22000.0,2766000.0,false,false,false,,,,false,false,true,,,,false,,-1.6265308121877142,false,-5.01540545802703,7846000.0,170389000.0,37364000.0,11574000.0,52251000.0,,12494648.0,false,PASS,true,FAIL,true,FAIL,true,FAIL,true,FAIL,true,false,PASS,false,PASS,true,1,insufficient,false,0.3468660324525681,,,,-19.65845608107414,,,-3.2407475584746366,,false,0,-1.5722543352601157,,,0.23867166145957694,rising,,,,,false,false,,false,false,false,,,,,,,,,,,,,,,,,,,,,true,8346000.0,,,,6343000.0,38541000.0,2081000.0,9540000.0,30000000.0,-1.5722543352601157,-57702000.0,2026-09-21,PurchaseOfPropertyPlantAndEquipmentClassifiedAsInvestingActivities,EquityAttributableToOwnersOfParent,Goodwill,IntangibleAssetsOtherThanGoodwill,ProfitLoss,CashFlowsFromUsedInOperatingActivities,ProfitLossFromOperatingActivities,AdjustmentsForSharebasedPayments,-7874000.0,,,,,,,,,,,,,,,,,,,,,,ineligible:gate0_status,,,,false
ZGN,1877787,Ermenegildo Zegna N.V.,"",NYSE,2300,Apparel & Other Finishd Prods of  Fabrics & Similar Matl,ifrs-full,20-F,EUR,1231,2025,2025-12-31,false,false,"",unknown,"tangible_book,sbc","",unresolved,reported,unresolved,"",,true,false,true,true,,,,none,false,3.0648296144747778,107384000.0,,,-26068000.0,0.21818454463660902,0.7849655864640092,0.0,,false,,,1916947000.0,109487000.0,139480000.0,335559000.0,80504000.0,false,false,false,0.0,147671000.0,false,true,false,,,,false,false,false,"",2024-07-01,2025-06-30,true,149664000.0,0.05711529844069763,false,0.10928991588034753,,1031011000.0,554086000.0,,220121000.0,246189000.0,259598645.0,,NOT_EVALUABLE,false,PASS,false,PASS,,NOT_EVALUABLE,,NOT_EVALUABLE,,false,PASS,false,PASS,,0,insufficient,false,0.08692342204836478,0.1356687205353868,,,-0.15966609478521643,-0.23536260770433737,,,,false,0,0.0727615317481391,-0.022227521919559134,0.09498905366769823,2.7222670885935436,rising,1914215000.0,107431000.0,264395000.0,94229000.0,false,false,,true,false,false,170166000.0,,,,,,253023790.0,,,,,,,,,,,,,,false,0.0,,,30491000.0,,-109915000.0,,,,0.0727615317481391,140042000.0,2026-09-21,PurchaseOfPropertyPlantAndEquipmentClassifiedAsInvestingActivities,EquityAttributableToOwnersOfParent,Goodwill,,ProfitLoss,CashFlowsFromUsedInOperatingActivities,ProfitLossFromOperatingActivities,,30555000.0,4699000.0,,,30989000.0,155117000.0,150076000.0,42645000.0,,,,,,,,,,,,,,,ineligible:gate0_status,,,,false
ADSE,1879248,ADS-Tec Energy Public Limited Company,"",Nasdaq,3690,"Miscellaneous Electrical Machinery, Equipment & Supplies",ifrs-full,20-F,EUR,1231,2024,2024-12-31,false,false,tax_anomaly,fail,"",goodwill,never_acquired,never_acquired,reported,"",,false,false,false,true,,-75876000.0,-14935514.0,latest_q,false,0.16624471712366523,-18239000.0,-22105000.0,0.03514130148255206,11720000.0,-0.005037602470579786,11.378557323730979,,,false,,-0.4315359987505857,110013000.0,-97958000.0,-8609000.0,-16285000.0,958000.0,false,false,false,0.0,996000.0,false,false,false,,,,false,false,false,dep_amort,2024-07-01,2025-06-30,false,1589000.0,-0.8904220410315145,false,-1.3780930760499432,3866000.0,-42809000.0,0.0,33067000.0,23691000.0,11971000.0,51224000.0,true,FAIL,true,FAIL,true,FAIL,true,FAIL,false,PASS,false,false,PASS,true,FAIL,,0,insufficient,false,0.4933326672418432,0.4195191863544061,,,-3.116003787878788,,,-0.4315359987505857,,false,0,-0.0782543881177679,-0.5069418976266569,0.42868750950888895,1.1996018348104558,falling,45364000.0,-67565000.0,-42244000.0,1254000.0,false,false,3147000.0,false,false,false,-48234000.0,,23514.0,-14912000.0,37869000.0,33625000.0,,2025-06-30,,,,,,0,,,,,,0,false,,,,,,-1296000.0,,,,-0.0782543881177679,-97467000.0,2026-09-21,PurchaseOfPropertyPlantAndEquipmentClassifiedAsInvestingActivities,EquityAttributableToOwnersOfParent,,IntangibleAssetsOtherThanGoodwill,ProfitLoss,CashFlowsFromUsedInOperatingActivities,ProfitLossFromOperatingActivities,AdjustmentsForSharebasedPayments,491000.0,,,,,-33664000.0,-67979000.0,-415000.0,,,,,,,,,,,,,,,ineligible:gate0_status,,,,false
PSNY,1884082,Polestar Automotive Holding UK PLC,"",Nasdaq,3711,Motor Vehicles & Passenger Car Bodies,ifrs-full,20-F,USD,1231,2025,2025-06-30,false,false,"",fail,"income_quality,fcf,sbc,ni_vs_oi,tax_anomaly",goodwill,never_acquired,never_acquired,reported,"",,true,false,true,true,,-5050351000.0,,fiscal_year,false,,,,,-3342209000.0,,,,,false,,,,,,,,false,false,false,,,true,false,false,,,,false,false,false,"",2024-07-01,2025-06-30,false,,,false,-0.6205495157479567,,-4266003000.0,0.0,784348000.0,718625000.0,4060834000.0,,true,FAIL,,NOT_EVALUABLE,,NOT_EVALUABLE,,NOT_EVALUABLE,,NOT_EVALUABLE,,,NOT_EVALUABLE,,NOT_EVALUABLE,,0,insufficient,false,,,,,-0.5611455077816713,-0.0647947534728149,,,,false,0,,,,1.0429723439279628,,2547619000.0,-2699098000.0,-1221190000.0,152042000.0,false,false,,true,false,false,-1373232000.0,,,,,,2114848000.0,,,,,,,,,,,,,,false,,,,,,,,,,,,2026-09-21,,Equity,,IntangibleAssetsOtherThanGoodwill,,,,,,,,65283000.0,,-2432755000.0,-2766064000.0,-66966000.0,,,,,,,,,,,,,,,ineligible:gate0_status,,,,false
VRAX,1885827,Virax Biolabs Group Ltd,"",Nasdaq,2835,In Vitro & In Vivo Diagnostic Substances,ifrs-full,20-F,USD,331,2025,2025-03-31,false,false,"tax_anomaly,sbc,ni_vs_oi",fail,tangible_book,goodwill,unresolved,never_acquired,unresolved,"",,false,false,false,true,,,,none,false,0.7521677100859173,-5275222.0,-5640531.0,57.701626915179276,,0.022028265155443524,0.9844772677524872,,,false,,-1.5120660356797906,6331.0,-6067232.0,-6162897.0,-4563576.0,603890.0,false,false,false,0.0,107756.0,false,false,false,false,0.0,2.265145292028162,false,false,true,,,,false,,-958.3370715526773,false,-669.63684149048,365309.0,5696120.0,0.0,,4228944.0,,3730347.0,,NOT_EVALUABLE,true,FAIL,true,FAIL,true,FAIL,true,FAIL,true,true,FAIL,true,FAIL,,0,insufficient,false,,,,,,,,-1.5120660356797906,,false,0,-973.4476386036961,,,0.8149948580783749,falling,,,,,false,false,,false,false,false,,,,,,,,,,,,,,,,,,,,,false,,,266601.0,,,-603890.0,,603890.0,,-973.4476386036961,-6203893.0,2026-09-21,PurchaseOfPropertyPlantAndEquipmentClassifiedAsInvestingActivities,EquityAttributableToOwnersOfParent,,,ProfitLoss,CashFlowsFromUsedInOperatingActivities,ProfitLossFromOperatingActivities,AdjustmentsForSharebasedPayments,-136661.0,,,,,,,,,,,,,,,,,,,,,,ineligible:gate0_status,,,,false
GGR,1886190,GOGORO INC.,"",Nasdaq,3711,Motor Vehicles & Passenger Car Bodies,ifrs-full,20-F,USD,1231,2025,2025-12-31,false,false,tax_anomaly,fail,tangible_book,goodwill,unresolved,never_acquired,unresolved,"",,false,false,false,true,,,,none,false,-0.448886443496855,-42425000.0,-44735000.0,0.008206622140116526,-290383000.0,-0.0,1.0915332432469322,,,false,,-3.03185360894612,281480000.0,-79969000.0,-73263000.0,35897000.0,64997000.0,false,false,false,0.0,13325000.0,false,true,false,true,5122000.0,0.7168206983258707,false,false,true,,,,false,,-0.2841018900099474,false,-0.25260543210441166,2310000.0,108240000.0,0.0,,70574000.0,360957000.0,14755000.0,,NOT_EVALUABLE,true,FAIL,true,FAIL,true,FAIL,false,PASS,false,false,PASS,true,FAIL,,0,insufficient,false,-0.09742762093998414,-0.05018415793440756,,,-1.0751576576576576,-0.7987369009072383,-0.8274281812821335,-3.03185360894612,-2.2044254276639865,false,0,-0.26027781725166976,-0.10023755578441469,-0.16004026146725508,-0.4354351429172914,rising,,,,,false,false,,false,false,false,,,,,,,,,,,,,,,,,,,,,false,,,90674000.0,,,-59960000.0,360000.0,65442000.0,,-0.26027781725166976,-79969000.0,2026-09-21,PurchaseOfPropertyPlantAndEquipmentClassifiedAsInvestingActivities,Equity,,,ProfitLoss,CashFlowsFromUsedInOperatingActivities,ProfitLossFromOperatingActivities,ExpenseFromSharebasedPaymentTransactionsWithEmployees,0.0,,,,,,,,,,,,,,,,,,,,,,ineligible:gate0_status,,,,false
AKAN,1888014,AKANDA CORP.,"",Nasdaq,2833,Medicinal Chemicals & Botanical Products,ifrs-full,20-F,USD,1231,2025,2025-01-24,false,false,"",unknown,"tangible_book,income_quality,fcf,sbc,ni_vs_oi,tax_anomaly","",unresolved,unresolved,carried_forward,intangibles,24,true,false,true,true,,,,none,false,,,,,,,,,,false,,,,,,,,false,false,false,,,true,false,false,,,,false,false,false,"",2023-07-01,2024-06-30,true,300000.0,,false,-8.635696971556564,,,,15827.0,,30000.0,,,NOT_EVALUABLE,,NOT_EVALUABLE,,NOT_EVALUABLE,,NOT_EVALUABLE,,NOT_EVALUABLE,,,NOT_EVALUABLE,,NOT_EVALUABLE,,0,insufficient,false,,,,,-4.33863112339455,,,,,false,0,,-807.8103782735209,,0.5091276014066122,,771948.0,-2228140.0,-1763989.0,1343460.0,false,false,,true,false,false,-3107449.0,,15965.0,3301201.0,2529535.0,,693889.0,2025-06-30,,,,,,0,,,,,,0,false,,,,,,,,,,,,2026-09-21,,,,,,,,,,,,120916.0,,-3713470.0,,,,,,,,,,,,,,,,,ineligible:gate0_status,,,,false
FMTOF,1888151,FEMTO TECHNOLOGIES INC.,"",OTC,7372,Services-Prepackaged Software,ifrs-full,6-K,CAD,1231,2024,2024-12-31,false,false,"tax_anomaly,sbc",unknown,"income_quality,fcf,ni_vs_oi",goodwill,never_acquired,never_acquired,reported,"",,false,false,false,true,,-20870968.0,16404101.0,latest_q,true,,,,3.713589477383242,4576265.0,-0.000027044081853421075,,,,false,,,998839.0,-47590257.0,,,,false,false,false,0.0,,true,false,false,,,,false,false,true,"",2024-10-01,2025-09-30,false,,-47.64557351084609,false,,3709278.0,4391799.0,0.0,25262767.0,4617034.0,40769.0,469733.0,false,PASS,,NOT_EVALUABLE,,NOT_EVALUABLE,,NOT_EVALUABLE,true,FAIL,true,,NOT_EVALUABLE,true,FAIL,,0,insufficient,true,-0.06384653546581776,,,,,,,,,false,0,,,,,,801300.0,3010177.0,,,false,false,2201432.0,false,false,false,,,20262767.0,36666868.0,17337450.0,99279.0,527914.0,2025-09-30,-0.4970800463233329,-0.3439708966624375,-0.49444261059352723,1.077101723102963,0.45720735943477975,1,,,,,,0,false,,,4187.0,,,,,,,,-47588970.0,2026-09-21,,EquityAttributableToOwnersOfParent,,IntangibleAssetsOtherThanGoodwill,ProfitLoss,,,AdjustmentsForSharebasedPayments,1287.0,,,2109.0,,,3006901.0,-3276.0,,,,,,,,,,,,,,,ineligible:gate0_status,,,,false
DFSC,1889823,DEFSEC Technologies Inc.,"",Nasdaq,7372,Services-Prepackaged Software,ifrs-full,20-F,CAD,930,2024,2024-09-30,false,false,"tax_anomaly,sbc,ni_vs_oi",fail,"",goodwill,never_acquired,never_acquired,reported,"",,false,false,false,true,,-1806545.0,,fiscal_year,false,1.2182088717851707,-9359725.0,-9651486.0,0.19394772948452732,256828.0,-0.0,0.7590035607380187,,,false,,-11.668574053812256,1504328.0,-7437759.0,-9799373.0,-9060744.0,101330.0,false,true,false,0.0,197651.0,false,false,false,,,0.07929347192410113,false,false,true,,,,false,,-4.944240218888434,false,-13.986249842346494,291761.0,1368287.0,0.0,3174832.0,256828.0,0.0,827135.0,true,FAIL,false,PASS,true,FAIL,true,FAIL,true,FAIL,true,true,FAIL,true,FAIL,,0,insufficient,false,0.05645951728972065,0.2419373818731465,,,-15.127539626470435,-4.783567134268537,-4.783567134268537,-11.668574053812256,-6.885006919543718,false,0,-6.514119925973591,-1.992208552326632,-4.521911373646959,1.045204542473767,rising,,,,,false,false,,false,false,false,,,,,,,440631.0,,,,,,,,,,,,,,false,,,1277911.0,,,-111153.0,,,,-6.514119925973591,-7437759.0,2026-09-21,PurchaseOfPropertyPlantAndEquipmentClassifiedAsInvestingActivities,Equity,,IntangibleAssetsOtherThanGoodwill,ProfitLoss,CashFlowsFromUsedInOperatingActivities,ProfitLossFromOperatingActivities,AdjustmentsForSharebasedPayments,0.0,,,,,,,,,,,,,,,,,,,,,,ineligible:gate0_status,,,,false
CMND,1892500,Clearmind Medicine Inc.,"",Nasdaq,2834,Pharmaceutical Preparations,ifrs-full,6-K,USD,1031,2025,2025-10-31,false,false,tax_anomaly,unknown,"fcf,sbc,ni_vs_oi",goodwill,never_acquired,never_acquired,reported,"",,false,false,false,true,,1095224.0,8143797.0,latest_q,false,1.2275133180519593,,,,,-0.018604065243766205,,,,false,,,,-3856983.0,,-4734498.0,,false,false,false,0.0,42543.0,false,false,false,true,-728089.0,,false,false,false,operating_income,2025-02-01,2026-01-31,false,43972.0,,false,,805890.0,1192596.0,0.0,97372.0,3923058.0,,127093.0,false,PASS,false,PASS,,NOT_EVALUABLE,,NOT_EVALUABLE,,NOT_EVALUABLE,,,NOT_EVALUABLE,true,FAIL,,0,insufficient,false,,,,,-115.57577016268606,,,,,false,0,,,,0.9610355132912242,rising,,-6639945.0,-5554012.0,,false,true,1839492.0,false,false,false,,,94611.0,8238408.0,9257766.0,,1162097.0,2026-01-31,,,,,,0,,,,,,0,false,,,38415.0,,,-542017.0,186072.0,,,,-3786538.0,2026-09-21,,Equity,,IntangibleAssetsOtherThanGoodwill,ProfitLoss,CashFlowsFromUsedInOperatingActivities,,AdjustmentsForSharebasedPayments,70445.0,,,,,,-6604875.0,35070.0,,,,,,,,,,,,,,,ineligible:gate0_status,,,,false
SVRE,1894693,SaverOne 2014 Ltd.,"",Nasdaq,7371,Services-Computer Programming Services,ifrs-full,20-F,ILS,1231,2025,2025-12-31,false,false,ni_vs_oi,fail,tax_anomaly,"goodwill,intangibles",never_acquired,never_acquired,never_acquired,"",,false,false,false,true,,12243000.0,16812000.0,fiscal_year,false,0.9919845124477804,-29683000.0,-29807000.0,0.1220472440944882,,,0.9580567486658857,,,false,,-0.007439587397981996,1016000.0,-29443000.0,-30732000.0,-29207000.0,7000.0,false,false,false,,469000.0,false,false,false,,,,false,false,false,"",2024-07-01,2025-06-30,true,470000.0,-28.97933070866142,false,-12.581985294117647,124000.0,12243000.0,0.0,0.0,14144000.0,,4006539396.0,false,PASS,false,PASS,true,FAIL,true,FAIL,false,PASS,true,true,FAIL,,NOT_EVALUABLE,,0,insufficient,false,-0.052124958317630865,0.263110440969865,,,-1.7163570549823832,-2.5608734498509262,,-0.007439587397981996,,false,0,-30.248031496062993,-54.924050632911396,24.676019136848403,1.0039268147424918,falling,1956000.0,-34773000.0,-33459000.0,76000.0,false,false,,false,true,false,,,,16812000.0,15993000.0,,1217701006.0,2025-06-30,,,,,,0,,,,,,0,false,,,,,,-7000.0,,,,-30.248031496062993,,2026-09-21,PurchaseOfPropertyPlantAndEquipmentClassifiedAsInvestingActivities,Equity,,,ProfitLoss,CashFlowsFromUsedInOperatingActivities,ProfitLossFromOperatingActivities,AdjustmentsForSharebasedPayments,,,,,,-34357000.0,,,,,,,,,,,,,,,,,ineligible:gate0_status,,,,false
IONR,1896084,IONEER LTD,"",Nasdaq,1400,Mining & Quarrying of  Nonmetallic Minerals (No Fuels),ifrs-full,20-F,USD,1231,2025,2025-12-31,false,false,"tax_anomaly,ni_vs_oi",fail,sbc,"goodwill,intangibles",never_acquired,never_acquired,never_acquired,"",,false,false,false,true,,230298000.0,,fiscal_year,false,0.7122671132509943,-6945000.0,-10109000.0,,-970941000.0,-0.0,0.9370341310317771,,,false,,-0.004346807734413417,0.0,-9554000.0,-10196000.0,-6805000.0,0.0,false,true,false,0.0,140000.0,false,false,false,true,-14510000.0,0.0,false,false,false,"",2025-01-01,2025-12-31,false,165000.0,,false,,3164000.0,230298000.0,0.0,0.0,25059000.0,996000000.0,2325614708.0,false,PASS,true,FAIL,true,FAIL,true,FAIL,,NOT_EVALUABLE,,true,FAIL,true,FAIL,,0,insufficient,false,,,,,-0.005780111532416315,-0.005138362533380704,,-0.004346807734413417,,false,0,,,,0.9648986793706279,falling,,-8905000.0,-5836000.0,9000.0,false,false,2430000.0,false,false,false,-8440000.0,,,,,,2357575511.0,,,,,,,,,,,,,,false,,,277000.0,,,-13830000.0,680000.0,0.0,,,-9554000.0,2026-09-21,PurchaseOfPropertyPlantAndEquipmentClassifiedAsInvestingActivities,Equity,,,ProfitLoss,CashFlowsFromUsedInOperatingActivities,ProfitLossFromOperatingActivities,AdjustmentsForSharebasedPayments,0.0,,,,,,-8905000.0,0.0,,,,,,,,,,,,,,,ineligible:gate0_status,,,,false
ALVO,1898416,ALVOTECH,"",Nasdaq,2836,"Biological Products, (No Diagnostic Substances)",ifrs-full,20-F,USD,1231,2025,2025-12-31,false,false,"",fail,"","",reported,reported,reported,"",,false,false,false,true,,-379156000.0,-240806000.0,fiscal_year,false,-1.7979512160177658,-114667000.0,-122045000.0,0.012583550648876639,-1126709000.0,0.7952371871974653,0.3569885048652934,,0.10696870826731432,false,,-0.4212402981459756,586321000.0,27919000.0,78207000.0,-50197000.0,64470000.0,false,false,false,0.0,,true,false,false,,,1.7032575097091227,false,false,false,"",2024-07-01,2025-06-30,true,,0.04761726085199063,false,-3.8810508126080014,7378000.0,-284487000.0,12835000.0,81834000.0,172359000.0,1299068000.0,289727741.0,true,FAIL,true,FAIL,true,FAIL,true,FAIL,false,PASS,false,false,PASS,false,PASS,true,5,insufficient,false,0.9185297911424595,0.5449391530687968,,,-1.8237046402238783,,,-0.4212402981459756,,false,0,0.1333859779881669,-2.0646241143268886,2.1980100923150556,-0.07021638200789011,falling,560096000.0,63358000.0,-42552000.0,80195000.0,false,false,5750000.0,false,false,false,-128497000.0,12790000.0,54688000.0,-173328000.0,151452000.0,1118164000.0,285521142.0,2025-06-30,,,,,,0,,,,,,0,false,,,37851000.0,0.0,62718000.0,-104215000.0,0.0,96129000.0,5950000.0,0.1333859779881669,136348000.0,2026-09-21,PurchaseOfPropertyPlantAndEquipmentClassifiedAsInvestingActivities,Equity,Goodwill,IntangibleAssetsOtherThanGoodwill,ProfitLoss,CashFlowsFromUsedInOperatingActivities,ProfitLossFromOperatingActivities,AdjustmentsForSharebasedPayments,108429000.0,,,33709000.0,0.0,54836000.0,33540000.0,-29818000.0,,,,,,,,,,,,,,,ineligible:gate0_status,,,,false
IPX,1898601,IPERIONX Ltd,"",Nasdaq,1090,Miscellaneous Metal Ores,ifrs-full,20-F,USD,630,2025,2025-06-30,false,false,tax_anomaly,fail,"sbc,ni_vs_oi",goodwill,never_acquired,never_acquired,reported,"",,false,false,false,true,,78893006.0,95290241.0,latest_q,false,0.616647865867674,-39272450.0,-48840641.0,,50879543.0,-0.0,,,,false,,-0.164508710547799,,-35348675.0,,-21797685.0,16963016.0,false,false,false,0.0,511749.0,false,false,false,true,-644661.0,,false,false,false,"",2025-01-01,2025-12-31,false,504329.0,,false,,9568191.0,92443999.0,0.0,13550993.0,54814125.0,3934582.0,296887872.0,false,PASS,true,FAIL,true,FAIL,true,FAIL,,NOT_EVALUABLE,,,NOT_EVALUABLE,true,FAIL,,0,insufficient,false,,,,,-0.15929919403184678,,,-0.164508710547799,,false,0,,,,0.7926283771906949,falling,,-53879920.0,-26751633.0,27311488.0,false,false,7325858.0,false,false,false,-61893308.0,,12911649.0,108201890.0,65826830.0,4458746.0,,2025-12-31,,,,,,0,,,,,,0,false,,,,,,-24277010.0,9417.0,23641766.0,,,-35348675.0,2026-09-21,PurchaseOfPropertyPlantAndEquipmentClassifiedAsInvestingActivities,Equity,,IntangibleAssetsOtherThanGoodwill,ProfitLoss,CashFlowsFromUsedInOperatingActivities,,AdjustmentsForSharebasedPayments,0.0,,,,,,-53879920.0,0.0,,,,,,,,,,,,,,,ineligible:gate0_status,,,,false
MOB,1898643,MOBILICOM LIMITED,"",Nasdaq,3721,Aircraft,ifrs-full,20-F,USD,1231,2025,2025-12-31,false,false,"tax_anomaly,sbc",fail,ni_vs_oi,"goodwill,intangibles",never_acquired,never_acquired,never_acquired,"",,false,false,false,true,,8823498.0,4769589.0,fiscal_year,false,0.08023232925675292,-2150923.0,-8011899.0,1.742503280771616,,0.0031412147458939627,,,,false,,-0.905201232996334,3363538.0,-23724950.0,,-1903508.0,36607.0,false,true,false,0.0,210808.0,false,false,false,false,0.0,0.14702787372479717,false,false,false,"",2024-07-01,2025-06-30,true,227400.0,-7.0535697827704045,false,,5860976.0,8823498.0,0.0,0.0,19112333.0,,8850959.0,false,PASS,true,FAIL,true,FAIL,true,FAIL,true,FAIL,true,,NOT_EVALUABLE,true,FAIL,,0,insufficient,false,0.2766254953944567,0.10233376558568863,,,-0.005661859096858271,,,-0.905201232996334,,false,0,,,,0.464076757761142,falling,2826361.0,-6425229.0,-3688789.0,21033.0,false,false,,false,true,false,,,,4769589.0,6936934.0,,1555961075.0,2025-06-30,,,,,,0,,,,,,0,false,,,248980.0,,,-36607.0,,36607.0,,,-23799710.0,2026-09-21,PurchaseOfPropertyPlantAndEquipmentClassifiedAsInvestingActivities,Equity,,,ProfitLoss,CashFlowsFromUsedInOperatingActivities,,AdjustmentsForSharebasedPayments,-74760.0,,,,,,-6298307.0,126922.0,,,,,,,,,,,,,,,ineligible:gate0_status,,,,false
GRRR,1903145,Gorilla Technology Group Inc.,"",Nasdaq,7372,Services-Prepackaged Software,ifrs-full,20-F,USD,1231,2024,2024-12-31,false,false,"tax_anomaly,ni_vs_oi",fail,"",goodwill,never_acquired,never_acquired,reported,"",,false,false,false,true,,70172192.0,95505078.0,latest_q,false,0.4575994709190035,-30368194.0,-31117766.0,0.010037920813969729,17327014.0,0.019829142628676646,0.9679191929452546,,,false,,-2.9451307918399254,74674030.0,-64794616.0,-66942175.0,-29649982.0,542559.0,false,false,false,0.0,175653.0,false,false,false,true,18092706.0,0.9450255259779733,false,false,false,"",2024-07-01,2025-06-30,false,214271.0,-0.8676994666017088,false,-3.8604237672972164,749572.0,73103853.0,0.0,2931661.0,21699202.0,4372188.0,10565835.0,false,PASS,true,FAIL,true,FAIL,true,FAIL,false,PASS,false,true,FAIL,true,FAIL,,0,insufficient,false,0.2091274526630733,,,,-2.105178426334037,,,-2.9451307918399254,,false,0,-0.8964585813836484,,,-0.04694539292421176,rising,93325178.0,-74909264.0,-30909714.0,508296.0,false,false,298446.0,false,false,false,-31930727.0,,2675916.0,98180994.0,10110206.0,4159459.0,19819284.0,2025-06-30,,,,,,0,,,,,,0,false,,,574121.0,,,16636834.0,,1455872.0,,-0.8964585813836484,-66105430.0,2026-09-21,PurchaseOfPropertyPlantAndEquipmentClassifiedAsInvestingActivities,EquityAttributableToOwnersOfParent,,IntangibleAssetsOtherThanGoodwill,ProfitLoss,CashFlowsFromUsedInOperatingActivities,ProfitLossFromOperatingActivities,AdjustmentsForSharebasedPayments,-1310814.0,,,624199.0,,-77786251.0,-76041758.0,-1132494.0,,,,,,,,,,,,,,,ineligible:gate0_status,,,,false
ZTEKF,1904501,Zentek Ltd.,"",OTC,2890,Miscellaneous Chemical Products,ifrs-full,40-F,CAD,331,2025,2025-03-31,false,false,"",fail,"sbc,tax_anomaly","goodwill,intangibles",never_acquired,never_acquired,never_acquired,"",,false,false,false,true,,14749447.0,,fiscal_year,false,0.6257624512707505,-6434968.0,-7964902.0,,121481.0,,1.045208363242684,,,false,,-0.07734577121723057,,-10039658.0,-9605413.0,-6282441.0,1398.0,false,false,false,,151129.0,false,false,false,,,,false,false,true,,,,false,,,false,-205.50076178711137,1529934.0,14749447.0,0.0,0.0,121481.0,0.0,102977860.0,false,PASS,true,FAIL,true,FAIL,true,FAIL,,NOT_EVALUABLE,,false,PASS,,NOT_EVALUABLE,,0,insufficient,true,,,,,-0.18268772646583145,,,-0.07734577121723057,,false,0,,,,0.7375299863763717,falling,,,,,false,false,,false,false,false,,,,,,,,,,,,,,,,,,,,,false,,,,,,358651.0,,,,,,2026-09-21,PurchaseOfPropertyPlantAndEquipmentClassifiedAsInvestingActivities,Equity,,,ProfitLoss,CashFlowsFromUsedInOperatingActivities,ProfitLossFromOperatingActivities,AdjustmentsForSharebasedPayments,0.0,,,,,,,,,,,,,,,,,,,,,,ineligible:gate0_status,,,,false
HUBC,1905660,HUB Cyber Security Ltd.,"",Nasdaq,3576,Computer Communications Equipment,ifrs-full,20-F,USD,1231,2024,2024-12-31,false,false,tax_anomaly,fail,"","",reported,reported,reported,"",,false,false,false,true,,-86998000.0,-66073000.0,fiscal_year,false,0.43836950116574,-18211000.0,-20281000.0,0.07002232595900142,-10449000.0,-0.015223154499986334,1.4884261907485794,,-0.05655909613693255,false,,-7.666289419152228,29562000.0,-39031000.0,-26223000.0,-17110000.0,84000.0,false,true,false,1885000.0,1017000.0,false,false,false,true,-968000.0,0.03530895334174023,false,false,false,"",2023-07-01,2024-06-30,true,1193000.0,-1.3203098572491712,false,-1.608535658573657,2070000.0,-80787000.0,1874000.0,4337000.0,3085000.0,13534000.0,2645478.0,true,FAIL,true,FAIL,true,FAIL,true,FAIL,false,PASS,false,false,PASS,true,FAIL,false,2,insufficient,false,0.0003272103857654418,,,,-1.5004515546381112,,,-7.666289419152228,,false,0,-0.8870509437791759,,,0.30609394286822666,rising,33357000.0,-48513000.0,-14404000.0,102000.0,false,false,4599000.0,false,false,false,-20298000.0,2380000.0,,-59356000.0,1169000.0,,20894876.0,2024-06-30,,,,,,0,,,,,,0,false,,,2379000.0,,-1672000.0,-452000.0,600000.0,84000.0,,-0.8870509437791759,-36589000.0,2026-09-21,PurchaseOfPropertyPlantAndEquipmentClassifiedAsInvestingActivities,EquityAttributableToOwnersOfParent,Goodwill,IntangibleAssetsOtherThanGoodwill,ProfitLoss,CashFlowsFromUsedInOperatingActivities,ProfitLossFromOperatingActivities,AdjustmentsForSharebasedPayments,557000.0,,,2656000.0,,-33197000.0,-44640000.0,316000.0,,,,,,,,,,,,,,,ineligible:gate0_status,,,,false
ELBM,1907184,Electra Battery Materials Corp,"",Nasdaq,1400,Mining & Quarrying of  Nonmetallic Minerals (No Fuels),ifrs-full,20-F,CAD,1231,2025,2025-12-31,false,false,tax_anomaly,fail,"sbc,ni_vs_oi","goodwill,intangibles",never_acquired,never_acquired,never_acquired,"",,false,false,false,true,,46250000.0,,fiscal_year,false,0.11920728280822687,-20452000.0,-22159000.0,,,-0.0,,,,false,,-0.6902130044864001,,-133465000.0,,-15910000.0,4492000.0,false,false,false,0.0,50000.0,false,false,false,,,,false,false,true,,,,false,,,false,,1707000.0,46250000.0,0.0,0.0,39024000.0,,32104582.0,false,PASS,true,FAIL,true,FAIL,true,FAIL,,NOT_EVALUABLE,,,NOT_EVALUABLE,true,FAIL,,0,insufficient,false,,,,,-7.929449245239396,,,-0.6902130044864001,,false,0,,,,0.11920728280822687,,,,,,false,false,,false,false,false,,,,,,,,,,,,,,,,,,,,,false,,,,,,-4475000.0,,,,,-133465000.0,2026-09-21,PurchaseOfPropertyPlantAndEquipmentClassifiedAsInvestingActivities,Equity,,,ProfitLoss,CashFlowsFromUsedInOperatingActivities,,AdjustmentsForSharebasedPayments,0.0,,,,,,,,,,,,,,,,,,,,,,ineligible:gate0_status,,,,false
VOXR,1907909,Vox Royalty Corp.,"",Nasdaq,1040,Gold and Silver Ores,ifrs-full,40-F,USD,1231,2025,2025-12-31,false,false,sbc,unknown,"fcf,ni_vs_oi","goodwill,intangibles",never_acquired,never_acquired,never_acquired,"",,false,false,false,true,,107046000.0,,fiscal_year,false,1.8241590214067278,,,0.165434764554439,,0.1693480101608806,,,,false,,,12041000.0,5886000.0,,10737000.0,,false,false,false,0.0,,true,false,false,true,-73806000.0,,false,false,true,,,,false,,0.4888298314093514,false,,1992000.0,107046000.0,0.0,0.0,8085000.0,,55387756.0,false,PASS,false,PASS,,NOT_EVALUABLE,,NOT_EVALUABLE,true,FAIL,true,,NOT_EVALUABLE,false,PASS,,0,insufficient,false,0.12273321702090256,,,,,,,,,false,0,,,,-0.7431660926926336,,,,,,false,false,,false,false,false,,,,,,,,,,,,,,,,,,,,,false,,,6539000.0,-2707000.0,,-73806000.0,,,,,7086000.0,2026-09-21,,Equity,,,ProfitLoss,CashFlowsFromUsedInOperatingActivities,,AdjustmentsForSharebasedPayments,1200000.0,,,,,,,,,,,,,,,,,,,,,,ineligible:gate0_status,,,,false
GELS,1920092,Gelteq Limited,"",Nasdaq,2834,Pharmaceutical Preparations,ifrs-full,20-F,AUD,630,2025,2025-06-30,false,false,"",fail,"sbc,tax_anomaly",goodwill,never_acquired,never_acquired,reported,"",,true,true,false,false,,-4053487.0,-1364507.0,fiscal_year,false,0.8308864722991796,-5524734.0,,,-3872757.0,,1.209247629936128,,,false,,,165645.0,-6645453.0,-5495527.0,-5521617.0,3117.0,false,true,false,,,true,false,false,,,0.002548744639009612,false,false,true,"",2024-01-01,2024-12-31,true,,-40.11864529566241,false,-38.85313678093258,,15804486.0,0.0,19857973.0,344648.0,4217405.0,9272375.0,true,FAIL,false,PASS,true,FAIL,,NOT_EVALUABLE,,NOT_EVALUABLE,,false,PASS,,NOT_EVALUABLE,,0,insufficient,true,,,,,,,,,,false,0,-33.176534154366266,,,0.5458974552400019,rising,,-5164910.0,,,false,false,,false,false,false,,,20158270.0,18793763.0,3046602.0,3896328.0,8620569.0,2024-12-31,,,,,,0,,,,,,0,false,,,1222955.0,,,-736839.0,,,,-33.176534154366266,-6645453.0,2026-09-21,PurchaseOfPropertyPlantAndEquipmentClassifiedAsInvestingActivities,Equity,,IntangibleAssetsOtherThanGoodwill,ProfitLoss,CashFlowsFromUsedInOperatingActivities,ProfitLossFromOperatingActivities,,,,,,,-4230696.0,-5164910.0,,,,,,,,,,,,,,,,ineligible:gate0_status,,,,false
LANV,1922097,LANVIN GROUP HOLDINGS LIMITED,"",NYSE,2300,Apparel & Other Finishd Prods of  Fabrics & Similar Matl,ifrs-full,20-F,EUR,1231,2024,2024-12-31,false,false,tax_anomaly,fail,"","",reported,reported,reported,"",,false,false,false,true,,-256022000.0,-335142000.0,latest_q,false,0.31369555455770093,-112504000.0,-113055000.0,0.0016767596847326617,-165719000.0,-0.016529103143107234,1.2103570423796004,,-0.0856516843674873,true,,-0.9636464370951244,328610000.0,-189295000.0,-156396000.0,-59381000.0,13028000.0,false,false,false,0.0,40095000.0,false,false,false,,,0.2799192127540716,false,false,false,"",2024-07-01,2025-06-30,false,,-0.5760475944128298,false,-0.5335486559699938,551000.0,-4406000.0,38115000.0,213501000.0,18043000.0,183762000.0,117320000.0,true,FAIL,true,FAIL,true,FAIL,true,FAIL,false,PASS,false,false,PASS,true,FAIL,true,2,insufficient,false,0.020917969550498405,,,,-1.1581151025545524,,,-0.9636464370951244,,false,0,-0.4759319558138827,,,0.3489174580823227,falling,291029000.0,-206703000.0,-95399000.0,10353000.0,false,false,-102000.0,false,false,false,-105650000.0,38115000.0,211978000.0,-85049000.0,29723000.0,268827000.0,117314000.0,2025-06-30,,,,,,0,,,,,,0,false,,,46542000.0,,-28146000.0,-125000.0,,,,-0.4759319558138827,-186217000.0,2026-09-21,PurchaseOfPropertyPlantAndEquipmentIntangibleAssetsOtherThanGoodwillInvestmentPropertyAndOtherNoncurrentAssets,EquityAttributableToOwnersOfParent,Goodwill,IntangibleAssetsOtherThanGoodwill,ProfitLoss,CashFlowsFromUsedInOperatingActivities,ProfitLossFromOperatingActivities,AdjustmentsForSharebasedPayments,3078000.0,,,45397000.0,,-173904000.0,-203344000.0,3359000.0,,,,,,,,,,,,,,,ineligible:gate0_status,,,,false
ENLT,1922641,Enlight Renewable Energy Ltd.,"",Nasdaq,4911,Electric Services,ifrs-full,20-F,USD,1231,2025,2025-12-31,false,false,"",fail,tangible_book,"",unresolved,unresolved,reported,"",,false,false,false,true,,,,none,false,1.7588331196873717,-1529922000.0,-1540392000.0,0.021428746858345137,,0.21446692443432058,0.48378279115414025,-0.07019091437506651,,false,,-12.450894831075988,488596000.0,160702000.0,332178000.0,282648000.0,1812570000.0,false,false,false,0.0,,true,false,false,true,-447800000.0,12.090086845159483,false,false,true,,,,false,,0.32890568076693216,false,0.618466026859391,10470000.0,1688141000.0,,303971000.0,528497000.0,,123717373.0,,NOT_EVALUABLE,false,PASS,true,FAIL,true,FAIL,false,PASS,false,false,PASS,false,PASS,,0,insufficient,false,0.3648552639301679,0.4735649007276239,,,-5.901627015816471,-3.9001373168344697,,-12.450894831075988,,false,0,0.679862299322958,0.40347534269950514,0.2763869566234529,2.51720023275376,falling,,,,,false,false,,false,false,false,,,,,,,,,,,,,,,,,,,,,false,-34295000.0,,149922000.0,,,-2180883000.0,45610000.0,1778693000.0,,0.679862299322958,204577000.0,2026-09-21,PurchaseOfPropertyPlantAndEquipmentClassifiedAsInvestingActivities,EquityAttributableToOwnersOfParent,,IntangibleAssetsOtherThanGoodwill,ProfitLoss,CashFlowsFromUsedInOperatingActivities,ProfitLossFromOperatingActivities,AdjustmentsForSharebasedPayments,43875000.0,,,,,,,,,,,,,,,,,,,,,,ineligible:gate0_status,,,,false
RLNDF,1924064,RoyaLand Co Ltd.,"",OTC,7372,Services-Prepackaged Software,ifrs-full,6-K,USD,630,2025,2025-06-30,false,false,"",fail,"income_quality,fcf,sbc,ni_vs_oi,tax_anomaly","goodwill,intangibles",never_acquired,never_acquired,never_acquired,"",,true,true,false,false,,-319015.0,-602335.0,fiscal_year,false,,,,,,,,,,false,,,,,,,,false,false,false,,,true,false,false,,,,false,false,true,,,,false,,,false,,,-319015.0,0.0,0.0,,,,true,FAIL,,NOT_EVALUABLE,,NOT_EVALUABLE,,NOT_EVALUABLE,,NOT_EVALUABLE,,,NOT_EVALUABLE,,NOT_EVALUABLE,,0,insufficient,true,,,,,,,,,,false,0,,,,,,,,,,false,false,,false,false,false,,,,-602335.0,78784.0,,13875000.0,2024-12-31,,,,,,0,,,,,,0,false,,,,,,,,,,,,2026-09-21,,Equity,,,,,,,,,,,,,,,,,,,,,,,,,,,,,ineligible:gate0_status,,,,false
GCDT,1926293,Green Circle Decarbonize Technology Limited,"",NYSE,3585,Air-Cond & Warm Air Heatg Equip & Comm & Indl Refrig Equip,ifrs-full,6-K,HKD,331,2025,2025-03-31,false,false,"",fail,"income_quality,fcf,sbc,ni_vs_oi,tax_anomaly","goodwill,intangibles",never_acquired,never_acquired,never_acquired,"",,true,true,false,false,,-21003885.0,-23263544.0,latest_q,false,,,,,,,,,,false,,,,,,,,false,false,false,,,true,false,false,,,,false,false,true,,,,false,,,false,,,-21003885.0,0.0,0.0,1384211.0,,,true,FAIL,,NOT_EVALUABLE,,NOT_EVALUABLE,,NOT_EVALUABLE,,NOT_EVALUABLE,,,NOT_EVALUABLE,,NOT_EVALUABLE,,0,insufficient,true,,,,,,,,,,false,0,,,,,,,,,,false,false,,false,false,false,,,,-23263544.0,1107535.0,,10000000.0,2025-09-30,,,,,,0,,,,,,0,false,,,,,,,,,,,,2026-09-21,,Equity,,,,,,,,,,,,,,,,,,,,,,,,,,,,,ineligible:gate0_status,,,,false
CRGO,1927719,Freightos Ltd,"",Nasdaq,4731,Arrangement of  Transportation of  Freight & Cargo,ifrs-full,20-F,USD,1231,2025,2025-12-31,false,false,"tax_anomaly,ni_vs_oi",fail,"","",reported,reported,reported,"",,false,false,false,true,,21321000.0,25404000.0,fiscal_year,false,0.5062799725964832,-9707000.0,-14013000.0,0.1461642905634759,,-0.008405296488198042,0.9143871371893924,,-0.07776646300067888,true,,-0.277082084613509,29460000.0,-17516000.0,-19156000.0,-8868000.0,135000.0,false,true,false,0.0,704000.0,false,false,false,true,12116000.0,0.03914178022615251,false,false,false,"",2024-07-01,2025-06-30,true,624000.0,-0.5945689069925323,false,-3.8361027562743453,4306000.0,42922000.0,14809000.0,6792000.0,13347000.0,,50573461.0,false,PASS,true,FAIL,true,FAIL,true,FAIL,false,PASS,true,true,FAIL,true,FAIL,false,1,insufficient,false,0.1557046466319838,0.2819492829486181,,,-2.2384517927788528,-1.6497115317342002,,-0.277082084613509,,false,0,-0.6502376103190767,-1.6375602303443413,0.9873226200252646,0.486040977175701,rising,27155000.0,-21338000.0,-10127000.0,105000.0,false,false,3539000.0,false,false,false,-14395000.0,15343000.0,8018000.0,48765000.0,19981000.0,,50084401.0,2025-06-30,,,,,,0,,,,,,0,false,,,3449000.0,,-2291000.0,11629000.0,26000.0,513000.0,,-0.6502376103190767,-17370000.0,2026-09-21,PurchaseOfPropertyPlantAndEquipmentClassifiedAsInvestingActivities,Equity,Goodwill,IntangibleAssetsOtherThanGoodwill,ProfitLoss,CashFlowsFromUsedInOperatingActivities,ProfitLossFromOperatingActivities,AdjustmentsForSharebasedPayments,146000.0,,,3417000.0,,-22094000.0,-20613000.0,725000.0,,,,,,,,,,,,,,,ineligible:gate0_status,,,,false
ARBB,1930179,ARB IOT Group Limited,"",Nasdaq,7373,Services-Computer Integrated Systems Design,ifrs-full,20-F,MYR,630,2025,2025-06-30,false,false,tax_anomaly,unknown,"tangible_book,income_quality,fcf,sbc,ni_vs_oi","",unresolved,unresolved,reported,"",,true,true,false,false,,,,none,false,,,,,,0.010187357293674232,,-0.0005352675856476789,,false,,,197320000.0,-16932341.0,,785493.0,,false,false,true,54437478.0,132000.0,false,false,false,,,,false,true,false,capex,2024-01-01,2024-12-31,true,132000.0,,false,,,190206773.0,,53758340.0,32636917.0,,1765256.0,,NOT_EVALUABLE,,NOT_EVALUABLE,,NOT_EVALUABLE,,NOT_EVALUABLE,,NOT_EVALUABLE,,,NOT_EVALUABLE,true,FAIL,,0,insufficient,false,-0.23631437366420605,,,,,,,,,false,0,,,,,,109213699.0,-13619702.0,-28120319.0,,false,true,,false,false,false,,,78930985.0,235566488.0,2202998.0,,26437500.0,2024-12-31,,,,,,0,,,,,,0,false,-105619.0,,124572.0,,,1062868.0,227105.0,-25058.0,,,-72104372.0,2026-09-21,,EquityAttributableToOwnersOfParent,,IntangibleAssetsOtherThanGoodwill,ProfitLoss,CashFlowsFromUsedInOperatingActivities,,,-734553.0,,,124572.0,,,-63505270.0,-158714.0,,,,,,,,,,,,,,,ineligible:gate0_status,,,,false
VCIG,1930510,VCI Global Limited,"",Nasdaq,8744,Services-Facilities Support Management Services,ifrs-full,20-F,MYR,1231,2024,2024-12-31,false,false,tax_anomaly,unknown,"tangible_book,income_quality,ni_vs_oi","",unresolved,unresolved,reported,"",,false,false,false,true,,,,none,false,,98136138.0,89684869.0,0.06794258637849894,35398899.0,0.014107010368752457,,1.7146807856048238,,false,,623.461028849496,124388391.0,7576827.0,,99598304.0,1462166.0,false,false,true,26294621.0,,true,false,false,,,3.657993885689411,false,false,false,"",2024-07-01,2025-06-30,false,,,false,,8451269.0,385898656.0,,32583106.0,36214258.0,815359.0,143850.0,,NOT_EVALUABLE,,NOT_EVALUABLE,false,PASS,false,PASS,false,PASS,false,,NOT_EVALUABLE,true,FAIL,,0,insufficient,false,0.37859965086153613,,,,,,,623.461028849496,,false,1,,,,,,138600770.0,6852644.0,148657068.0,3277549.0,false,false,4126785.0,false,false,false,141252734.0,,50434873.0,691412127.0,5872715.0,600000.0,92488.0,2025-06-30,,,,,,0,,,,,,0,false,213286384.0,,399718.0,,,-217459835.0,4140.0,50328305.0,1678000.0,,34356110.0,2026-09-21,PurchaseOfPropertyPlantAndEquipmentClassifiedAsInvestingActivities,EquityAttributableToOwnersOfParent,,IntangibleAssetsOtherThanGoodwill,ProfitLoss,CashFlowsFromUsedInOperatingActivities,,AdjustmentsForSharebasedPayments,484662.0,,,443945.0,,,27760974.0,-419439.0,,,,,,,,,,,,,,,ineligible:gate0_status,,,,false
FMST,1935418,Foremost Clean Energy Ltd.,"",Nasdaq,1090,Miscellaneous Metal Ores,ifrs-full,6-K,CAD,331,2025,2025-03-31,false,false,ni_vs_oi,unknown,"fcf,sbc,tax_anomaly","goodwill,intangibles",never_acquired,never_acquired,never_acquired,"",,false,false,false,true,,24492262.0,12360981.0,fiscal_year,false,1.045643674584241,,,,,,0.6215679768384641,,,false,,,,-3615375.0,-5816540.0,-3780394.0,,false,false,false,,0.0,false,false,false,,,,false,false,false,"",2023-10-01,2024-09-30,true,0.0,,false,,872879.0,24492262.0,0.0,0.0,5005346.0,,7512279.0,false,PASS,false,PASS,,NOT_EVALUABLE,,NOT_EVALUABLE,,NOT_EVALUABLE,,true,FAIL,,NOT_EVALUABLE,,0,insufficient,true,,,,,,,,,,false,0,,,,-0.23144497218434842,rising,,-4549345.0,-3446281.0,,false,true,312126.0,false,false,false,,,,12360981.0,167305.0,1160366.0,5438679.0,2024-09-30,,,,,,0,,,,,,0,false,,,,,,-2673424.0,,,,,,2026-09-21,,Equity,,,ProfitLoss,CashFlowsFromUsedInOperatingActivities,ProfitLossFromOperatingActivities,AdjustmentsForSharebasedPayments,,,,,,-4484413.0,,,,,,,,,,,,,,,,,ineligible:gate0_status,,,,false
AMBIQ,1937441,AMBIPAR EMERGENCY RESPONSE,"",OTC,4955,Hazardous Waste Management,ifrs-full,20-F,BRL,1231,2024,2024-12-31,false,false,tax_anomaly,fail,"income_quality,sbc,ni_vs_oi","",reported,reported,reported,"",,true,true,false,false,,-793562000.0,,fiscal_year,false,,149827000.0,,,-1095605000.0,-0.5365314991994069,,0.0,0.10691094376935159,true,,,3248442000.0,58759000.0,485769000.0,421367000.0,109809000.0,false,false,true,136044000.0,161731000.0,false,true,false,,,0.3404803542193779,false,false,true,,,,false,,,false,0.1998693094410575,,1449570000.0,1803606000.0,439526000.0,358434000.0,1454039000.0,55429851.0,true,FAIL,,NOT_EVALUABLE,false,PASS,,NOT_EVALUABLE,,NOT_EVALUABLE,,,NOT_EVALUABLE,true,FAIL,true,4,insufficient,false,0.5808792045578968,,,,,,,,,false,0,0.14953907134558658,,,,,,,,,false,false,,false,false,false,,,,,,,,,,,,,,,,,,,,,true,0.0,,322512000.0,51707000.0,347294000.0,-134737000.0,,,,0.14953907134558658,126781000.0,2026-09-21,PurchaseOfPropertyPlantAndEquipmentIntangibleAssetsOtherThanGoodwillInvestmentPropertyAndOtherNoncurrentAssets,EquityAttributableToOwnersOfParent,Goodwill,IntangibleAssetsOtherThanGoodwill,ProfitLoss,CashFlowsFromUsedInOperatingActivities,ProfitLossFromOperatingActivities,,-68022000.0,,,,,,,,,,,,,,,,,,,,,,ineligible:gate0_status,,,,false
MLEC,1937737,MOOLEC SCIENCE SA,"",Nasdaq,2000,Food and Kindred Products,ifrs-full,6-K,USD,630,2024,2024-06-30,false,false,"sbc,ni_vs_oi",fail,"","",reported,reported,reported,"",,false,false,false,true,,-2422290.0,-6540311.0,latest_q,false,1.27570245040521,-9591671.0,-11638761.0,0.3639190887169776,,0.12524875153198645,0.8086232981169323,,0.08311141229953331,false,,,5625124.0,-7312260.0,-9042851.0,-9328268.0,158283.0,false,false,false,0.0,105120.0,false,false,false,true,-144514.0,1.0938398385670058,false,false,false,"",2024-01-01,2024-12-31,false,129639.0,-1.2999286771278287,false,,2047090.0,6815760.0,262532.0,8975518.0,5389928.0,,,true,FAIL,false,PASS,true,FAIL,true,FAIL,true,FAIL,true,true,FAIL,false,PASS,true,1,insufficient,true,,,,,,,,,,false,0,-1.6075825172920633,,,0.6124519823400775,rising,7832927.0,-8280546.0,-5697041.0,177228.0,false,false,866661.0,false,false,false,-6870569.0,281034.0,9055855.0,2796578.0,1929911.0,1646.0,,2024-12-31,,,,,,0,,,,,,0,false,,,144704.0,,467512.0,134865.0,437662.0,158283.0,,-1.6075825172920633,-8359245.0,2026-09-21,PurchaseOfPropertyPlantAndEquipmentClassifiedAsInvestingActivities,Equity,Goodwill,IntangibleAssetsOtherThanGoodwill,ProfitLoss,CashFlowsFromUsedInOperatingActivities,ProfitLossFromOperatingActivities,AdjustmentsForSharebasedPayments,-1046985.0,,,,,-9142850.0,-8623350.0,-342804.0,,,,,,,,,,,,,,,ineligible:gate0_status,,,,false
SMX,1940674,SMX (Security Matters) Public Limited Company,"",Nasdaq,3590,Misc Industrial & Commercial Machinery & Equipment,ifrs-full,20-F,USD,1231,2025,2025-12-31,false,false,"",fail,"fcf,sbc,tax_anomaly","",reported,reported,reported,"",,false,false,false,true,,-19180000.0,-35234000.0,fiscal_year,false,0.09737671115184146,,,,12195249.0,,1.1934595219052697,,,false,,,,-174590000.0,-146289000.0,-17001000.0,,false,false,false,,53000.0,false,false,false,,,,false,false,false,capex,2024-07-01,2025-06-30,true,81000.0,,false,,114205000.0,8856000.0,20120000.0,7916000.0,12201000.0,5751.0,206850.0,true,FAIL,true,FAIL,,NOT_EVALUABLE,,NOT_EVALUABLE,,NOT_EVALUABLE,,false,PASS,,NOT_EVALUABLE,,3,insufficient,false,,,,,-40971428.57142857,,,,,false,0,,-350.7692307692308,,0.3371739095822599,falling,,-49136000.0,-10923000.0,,false,true,17308000.0,false,false,false,,26144000.0,10451000.0,1361000.0,750000.0,,1297.0,2025-06-30,,,,,,0,,,,,,0,false,,,3450000.0,,-10436000.0,,,,,,-174590000.0,2026-09-21,,EquityAttributableToOwnersOfParent,Goodwill,IntangibleAssetsOtherThanGoodwill,ProfitLoss,CashFlowsFromUsedInOperatingActivities,ProfitLossFromOperatingActivities,AdjustmentsForSharebasedPayments,,,,4436000.0,,-42360000.0,-49136000.0,,,,,,,,,,,,,,,,ineligible:gate0_status,,,,false
ANL,1944552,Adlai Nortye Ltd.,"",Nasdaq,2834,Pharmaceutical Preparations,ifrs-full,20-F,USD,1231,2024,2024-12-31,false,false,ni_vs_oi,fail,"sbc,tax_anomaly",goodwill,never_acquired,never_acquired,reported,"",,false,false,false,true,,25445000.0,,fiscal_year,false,0.9990360330833445,-53009000.0,-55459000.0,,34572000.0,,0.9799916868198307,,,false,,-0.5790447506297669,,-51869000.0,-52928000.0,-51819000.0,170000.0,false,false,false,,1020000.0,false,false,false,true,27501000.0,,false,false,true,,,,false,,,false,,2450000.0,25485000.0,0.0,40000.0,60902000.0,26330000.0,95776708.0,false,PASS,false,PASS,true,FAIL,true,FAIL,,NOT_EVALUABLE,,true,FAIL,,NOT_EVALUABLE,,0,insufficient,true,,,,,,,,-0.5790447506297669,,false,0,,,,0.7509681074424176,rising,,,,,false,false,,false,false,false,,,,,,,,,,,,,,,,,,,,,false,,,,,,28065000.0,734000.0,170000.0,,,-51869000.0,2026-09-21,PurchaseOfPropertyPlantAndEquipmentClassifiedAsInvestingActivities,Equity,,IntangibleAssetsOtherThanGoodwill,ProfitLoss,CashFlowsFromUsedInOperatingActivities,ProfitLossFromOperatingActivities,AdjustmentsForSharebasedPayments,,,,,,,,,,,,,,,,,,,,,,,ineligible:gate0_status,,,,false
APLM,1944885,Apollomics Inc.,"",Nasdaq,2834,Pharmaceutical Preparations,ifrs-full,20-F,USD,1231,2024,2024-12-31,false,false,tax_anomaly,fail,"sbc,ni_vs_oi",goodwill,never_acquired,never_acquired,reported,"",,false,false,false,true,,3127000.0,16060000.0,fiscal_year,false,0.5336811615730254,-28937000.0,-39863000.0,,9766000.0,-0.004832179704845239,,,,false,,-39.081372549019605,0.0,-53858000.0,,-28743000.0,24000.0,false,false,false,0.0,170000.0,false,false,false,true,44000.0,,false,false,false,"",2023-07-01,2024-06-30,true,276000.0,,false,,10926000.0,4864000.0,0.0,1737000.0,9766000.0,0.0,1020000.0,false,PASS,true,FAIL,true,FAIL,true,FAIL,,NOT_EVALUABLE,,,NOT_EVALUABLE,true,FAIL,,0,insufficient,false,,,,,-1.8504998754758601,,,-39.081372549019605,,false,0,,,,0.320617983325326,rising,0.0,-57113000.0,-34800000.0,24000.0,false,false,15627000.0,false,false,false,-50727000.0,0.0,4747000.0,20807000.0,25929000.0,,93740000.0,2024-06-30,,,,,,0,,,,,,0,false,,,,0.0,,5983000.0,5963000.0,24000.0,,,-53599000.0,2026-09-21,PurchaseOfPropertyPlantAndEquipmentClassifiedAsInvestingActivities,Equity,,IntangibleAssetsOtherThanGoodwill,ProfitLoss,CashFlowsFromUsedInOperatingActivities,,AdjustmentsForSharebasedPayments,259000.0,,,,0.0,,-57113000.0,0.0,,,,,,,,,,,,,,,ineligible:gate0_status,,,,false
NWGL,1948294,CL Workshop Group Ltd,"",Nasdaq,2400,Lumber & Wood Products (No Furniture),ifrs-full,20-F,USD,1231,2024,2024-12-31,false,false,tax_anomaly,fail,"sbc,ni_vs_oi",goodwill,never_acquired,never_acquired,reported,"",,true,true,false,false,,-6810667.0,,fiscal_year,false,-0.2657104077903619,1564502.0,,,-7389689.0,0.008352037322240153,,,,false,,,21539347.0,-8728529.0,,2319261.0,754759.0,false,false,false,0.0,,true,false,false,true,36597.0,1.822992497983199,false,false,true,,,,false,,-0.4052364725820147,false,,,9108092.0,0.0,15918759.0,2963301.0,10352990.0,,true,FAIL,true,FAIL,false,PASS,,NOT_EVALUABLE,,NOT_EVALUABLE,,,NOT_EVALUABLE,true,FAIL,,0,insufficient,true,-0.23272172969144034,,,,,,,,,false,0,,,,0.3276324058545408,falling,,,,,false,false,,false,false,false,,,,,,,,,,,,,,,,,,,,,false,,,414022.0,,,-704801.0,13361.0,754759.0,,,-8802044.0,2026-09-21,PurchaseOfPropertyPlantAndEquipmentClassifiedAsInvestingActivities,EquityAttributableToOwnersOfParent,,IntangibleAssetsOtherThanGoodwill,ProfitLoss,CashFlowsFromUsedInOperatingActivities,,,-73515.0,,,,,,,,,,,,,,,,,,,,,,ineligible:gate0_status,,,,false
RADX,1949257,Radiopharm Theranostics Limited,"",Nasdaq,2834,Pharmaceutical Preparations,ifrs-full,20-F,USD,630,2025,2025-06-30,false,false,"tax_anomaly,sbc",fail,fcf,goodwill,never_acquired,never_acquired,reported,"",,false,false,false,true,,-3702518.0,,fiscal_year,false,0.955741490431873,,,0.5216426828482901,,-0.002701209610617805,1.004416424692653,,,false,,,3633422.0,-38342457.0,-38173865.0,-36645477.0,,false,false,false,0.0,,true,false,false,true,1770598.0,,false,false,true,,,,false,,-10.552712291608296,false,-117.96147202583126,1895348.0,42871904.0,0.0,46574422.0,29116835.0,,2081058451.0,true,FAIL,false,PASS,,NOT_EVALUABLE,,NOT_EVALUABLE,true,FAIL,true,false,PASS,true,FAIL,,0,insufficient,true,,,,,,,,,,false,0,-10.506311956056852,,,0.7017566852348663,rising,,,,,false,false,,false,false,false,,,,,,,,,,,,,,,,,,,,,false,,,2595637.0,,,1770598.0,,,,-10.506311956056852,-38239165.0,2026-09-21,,Equity,,IntangibleAssetsOtherThanGoodwill,ProfitLoss,CashFlowsFromUsedInOperatingActivities,ProfitLossFromOperatingActivities,AdjustmentsForSharebasedPayments,103292.0,,,,,,,,,,,,,,,,,,,,,,ineligible:gate0_status,,,,false
CRML,1951089,Critical Metals Corp.,"",Nasdaq,1000,Metal Mining,ifrs-full,6-K,USD,630,2025,2025-06-30,false,false,"",fail,"tangible_book,sbc,ni_vs_oi,tax_anomaly","",unresolved,unresolved,unresolved,"",,false,false,false,true,,,,none,false,0.2794802681216737,-14511794.0,-45078688.0,,6343277.0,,,,,false,,-0.48520734859951875,,-51871823.0,,-14497151.0,2076.0,false,false,false,,12567.0,false,false,false,true,-1040142.0,,false,false,false,"",2025-01-01,2025-12-31,false,12969.0,,false,,30566894.0,91922970.0,,,7297328.0,954051.0,92906029.0,,NOT_EVALUABLE,true,FAIL,true,FAIL,true,FAIL,,NOT_EVALUABLE,,,NOT_EVALUABLE,,NOT_EVALUABLE,,0,insufficient,true,,,,,,,,-0.48520734859951875,,false,0,,,,0.27479468261627354,falling,,-153310661.0,-31071169.0,1877.0,false,false,18936721.0,false,false,false,-50022736.0,,,143882582.0,80923699.0,,112693055.0,2025-12-31,,,,,,0,,,,,,0,false,5268316.0,,,,,-6695219.0,,5655077.0,,,-51871823.0,2026-09-21,PurchaseOfPropertyPlantAndEquipmentClassifiedAsInvestingActivities,Equity,,,ProfitLoss,CashFlowsFromUsedInOperatingActivities,,AdjustmentsForSharebasedPayments,,10771032.0,,,,,-153310661.0,,,,,,,,,,,,,,,,ineligible:gate0_status,,,,false
OCS,1953530,Oculis Holding AG,"",Nasdaq,2834,Pharmaceutical Preparations,ifrs-full,20-F,CHF,1231,2025,2025-12-31,false,false,tax_anomaly,fail,sbc,goodwill,never_acquired,never_acquired,reported,"",,false,false,false,true,,182778000.0,129804000.0,fiscal_year,false,0.6700283961720748,-66978000.0,-83022000.0,,,0.0018760779883602472,1.2116392398863747,,,false,,-1.5891476577768164,,-98957000.0,-81672000.0,-66304000.0,301000.0,false,false,false,0.0,373000.0,false,false,false,,,,false,false,false,"",2024-07-01,2025-06-30,true,331000.0,,false,,16044000.0,196070000.0,0.0,13292000.0,81329000.0,,52243100.0,false,PASS,true,FAIL,true,FAIL,true,FAIL,,NOT_EVALUABLE,,false,PASS,true,FAIL,,0,insufficient,false,,,,,-8.731418723410519,-4.8360364970719765,,-1.5891476577768164,,false,0,,,,0.6200349557764339,rising,,-107434000.0,-57664000.0,350000.0,false,false,12512000.0,false,false,false,-70857000.0,,13292000.0,143096000.0,64265000.0,,50297119.0,2025-06-30,,,,,,0,,,,,,0,false,,,,,,-60934000.0,,,,,-99143000.0,2026-09-21,PurchaseOfPropertyPlantAndEquipmentClassifiedAsInvestingActivities,Equity,,IntangibleAssetsOtherThanGoodwill,ProfitLoss,CashFlowsFromUsedInOperatingActivities,ProfitLossFromOperatingActivities,AdjustmentsForSharebasedPayments,-186000.0,,,,,-76134000.0,-107671000.0,-237000.0,,,,,,,,,,,,,,,ineligible:gate0_status,,,,false
CNL,1953575,Collective Mining Ltd.,"",Nasdaq,1040,Gold and Silver Ores,ifrs-full,40-F,USD,1231,2025,2025-12-31,false,false,"",fail,"sbc,tax_anomaly",goodwill,never_acquired,never_acquired,reported,"",,false,false,false,true,,145067536.0,,fiscal_year,false,0.7195809609041454,-42495136.0,-45280750.0,,,,1.186921243725012,,,false,,-0.5306984015928939,,-49858355.0,-42006456.0,-35877123.0,5887941.0,false,false,false,,730072.0,false,false,false,true,-8708334.0,7.282450084167068,false,false,true,,,,false,,,false,,2785614.0,145127536.0,0.0,60000.0,129647421.0,,85322944.0,false,PASS,true,FAIL,true,FAIL,true,FAIL,,NOT_EVALUABLE,,false,PASS,,NOT_EVALUABLE,,0,insufficient,true,,,,,,,,-0.5306984015928939,,false,0,,,,0.8141038905977416,falling,,,,,false,false,,false,false,false,,,,,,,,,,,,,,,,,,,,,false,,,808511.0,,,-14656275.0,,5947941.0,,,-51966906.0,2026-09-21,PurchaseOfPropertyPlantAndEquipmentClassifiedAsInvestingActivities,Equity,,IntangibleAssetsOtherThanGoodwill,ProfitLoss,CashFlowsFromUsedInOperatingActivities,ProfitLossFromOperatingActivities,AdjustmentsForSharebasedPayments,,,,,,,,,,,,,,,,,,,,,,,ineligible:gate0_status,,,,false
ABVX,1956827,Abivax S.A.,"",Nasdaq,2834,Pharmaceutical Preparations,ifrs-full,20-F,EUR,1231,2025,2025-12-31,false,false,tax_anomaly,fail,sbc,"",reported,reported,reported,"",,false,false,false,true,,430181000.0,486213000.0,fiscal_year,false,0.4794050615586935,-162182000.0,-197579000.0,,,-0.017707582648506907,1.3659573430438599,,,false,,-2.841746441668285,,-336102000.0,-246056000.0,-161129000.0,142000.0,false,true,false,0.0,911000.0,false,false,false,,,0.13246268656716417,false,false,false,"",2024-10-01,2025-09-30,true,837000.0,,false,,35397000.0,455205000.0,18419000.0,6605000.0,516685000.0,,69527315.0,false,PASS,true,FAIL,true,FAIL,true,FAIL,,NOT_EVALUABLE,,false,PASS,true,FAIL,,2,insufficient,false,,,,,-2.794875584799472,,,-2.841746441668285,,false,0,,,,0.670350287168167,falling,,-293520000.0,-171415000.0,148000.0,false,false,26954000.0,false,false,false,-199354000.0,18419000.0,6606000.0,511238000.0,589703000.0,,66634630.0,2025-09-30,,,,,,0,,,,,,0,false,,,1072000.0,,-1000.0,-8193000.0,,,,,-330254000.0,2026-09-21,PurchaseOfPropertyPlantAndEquipmentClassifiedAsInvestingActivities,Equity,Goodwill,IntangibleAssetsOtherThanGoodwill,ProfitLoss,CashFlowsFromUsedInOperatingActivities,ProfitLossFromOperatingActivities,AdjustmentsForSharebasedPayments,5848000.0,,,1075000.0,,-217205000.0,-293520000.0,0.0,,,,,,,,,,,,,,,ineligible:gate0_status,,,,false
OIO,1957538,OIO Group,"",Nasdaq,4953,Refuse Systems,ifrs-full,6-K,USD,1231,2024,2024-12-31,false,false,"",fail,"sbc,ni_vs_oi",goodwill,never_acquired,never_acquired,reported,"",,true,true,false,false,,11735802.0,10144177.0,latest_q,false,4.91362432630038,-3612127.0,,,-3684300.0,0.1674090766856082,,,,false,,,6099777.0,-633257.0,,-3111587.0,304755.0,false,true,false,0.0,195785.0,false,false,false,false,0.0,0.19022268328489678,false,false,false,"",2024-07-01,2025-06-30,false,202730.0,-0.10381641820676395,false,,,14713113.0,0.0,2977311.0,634882.0,4319182.0,26029785.0,false,PASS,false,PASS,true,FAIL,,NOT_EVALUABLE,,NOT_EVALUABLE,,,NOT_EVALUABLE,false,PASS,,0,insufficient,true,,,,,,,,,,false,0,,,,1.344799488199639,rising,5328267.0,-2729039.0,-2130483.0,446184.0,false,false,,true,false,false,-2576667.0,,3389962.0,13534139.0,141804.0,3929917.0,,2025-06-30,,,,,,0,,,,,,0,false,,,1602096.0,,,-2019272.0,7.0,2019279.0,,,-760586.0,2026-09-21,PurchaseOfPropertyPlantAndEquipmentClassifiedAsInvestingActivities,Equity,,IntangibleAssetsOtherThanGoodwill,ProfitLoss,CashFlowsFromUsedInOperatingActivities,,,-127329.0,,,1628458.0,,,-2903321.0,-174282.0,,,,,,,,,,,,,,,ineligible:gate0_status,,,,true
LZM,1958217,Lifezone Metals Limited,"",NYSE,1000,Metal Mining,ifrs-full,20-F,USD,1231,2025,2025-12-31,false,false,"tax_anomaly,sbc,ni_vs_oi",unknown,fcf,"",reported,reported,reported,"",,false,false,false,true,,72956529.0,83270370.0,fiscal_year,false,1.1053339596962806,,,2.006574945390112,,0.018335904603443344,0.7660312087337798,0.0,-0.013844280696244144,true,,,1057043.0,-14106837.0,-18415486.0,-15592766.0,,false,false,false,0.0,874244.0,false,false,false,true,-21990648.0,,false,false,false,"",2024-07-01,2025-06-30,true,505279.0,-13.345565885209968,false,-247.10260206546644,2121036.0,73831715.0,0.0,875186.0,20144250.0,,79862834.0,false,PASS,false,PASS,,NOT_EVALUABLE,,NOT_EVALUABLE,true,FAIL,true,true,FAIL,true,FAIL,true,0,insufficient,false,-0.28791162651488666,,,,,,,,,false,0,-17.42169996868623,,,0.5054883507186619,rising,416323.0,-33949082.0,-12132574.0,,false,true,17786450.0,false,false,false,,9020813.0,864964.0,93156147.0,12512058.0,,79160672.0,2025-06-30,,,,,,0,,,,,,0,true,0.0,,,,-14634.0,-21283241.0,707407.0,0.0,,-17.42169996868623,-14370330.0,2026-09-21,,EquityAttributableToOwnersOfParent,Goodwill,IntangibleAssetsOtherThanGoodwill,ProfitLoss,CashFlowsFromUsedInOperatingActivities,ProfitLossFromOperatingActivities,AdjustmentsForSharebasedPayments,-263493.0,,,,,-46305959.0,-33589772.0,359310.0,,,,,,,,,,,,,,,ineligible:gate0_status,,,,false
COOT,1959994,AUSTRALIAN OILSEEDS HOLDINGS LIMITED,"",Nasdaq,2070,Fats & Oils,ifrs-full,10-Q,AUD,630,2025,2025-06-30,false,false,tax_anomaly,fail,sbc,goodwill,never_acquired,never_acquired,reported,"",,true,true,false,false,,447471.0,-5289178.0,fiscal_year,true,-0.6608125200839595,-413737.0,,,719203.0,-0.03473183182928244,4528.204334365325,,,false,,,41702614.0,-1462610.0,-323.0,966511.0,1380248.0,false,false,false,0.0,,true,false,false,,,3.0843186109652407,false,true,false,"",2024-04-01,2025-03-31,true,,-0.0350723817936209,false,0.08838694986065951,,3029966.0,0.0,2582495.0,2309303.0,1590100.0,23640568.0,false,PASS,true,FAIL,true,FAIL,,NOT_EVALUABLE,,NOT_EVALUABLE,,false,PASS,true,FAIL,,0,insufficient,true,,,,,,,,,,false,0,-7.745317835471896e-6,,,-0.061339824253591656,falling,37904380.0,-25250083.0,-5387384.0,1575490.0,false,false,,true,false,false,-6962874.0,,2582495.0,-2706683.0,1435123.0,1935347.0,23224102.0,2025-03-31,,,,,,0,,,,,,0,false,,,447505.0,,,-1380248.0,,,,-7.745317835471896e-6,-1413516.0,2026-09-21,PurchaseOfPropertyPlantAndEquipmentClassifiedAsInvestingActivities,EquityAttributableToOwnersOfParent,,IntangibleAssetsOtherThanGoodwill,ProfitLoss,CashFlowsFromUsedInOperatingActivities,ProfitLossFromOperatingActivities,,49094.0,,,446108.0,,-87767.0,-24887568.0,,,,,,,,,,,,,,,,ineligible:gate0_status,,,,true
TURB,1963439,"TURBO ENERGY, S.A.","",Nasdaq,3690,"Miscellaneous Electrical Machinery, Equipment & Supplies",ifrs-full,20-F,EUR,1231,2024,2024-12-31,false,false,ni_vs_oi,fail,"",goodwill,never_acquired,never_acquired,reported,"",,false,false,false,true,,910959.0,-825273.0,latest_q,true,-0.2957593646988313,796361.0,692551.0,0.010770893416609152,,0.2554000233398734,0.840276462791138,,,false,,0.012572246517698785,9638012.0,-3337000.0,-3971312.0,986949.0,126592.0,false,false,false,0.0,63996.0,false,false,false,,,,true,true,false,"",2024-07-01,2025-06-30,false,71819.0,-0.34623322735020456,false,0.053639519060135976,103810.0,2623934.0,0.0,1712975.0,2384625.0,,55085700.0,true,FAIL,true,FAIL,false,PASS,false,PASS,false,PASS,false,true,FAIL,false,PASS,,0,insufficient,true,-0.17484517206496109,,,,,,,0.012572246517698785,,false,1,-0.41204679969271674,,,-1.9588972698822733,rising,10197037.0,-1873384.0,-2685216.0,133604.0,false,false,134581.0,false,false,false,-3025220.0,,2115174.0,1289901.0,1364060.0,207770.0,55085700.0,2025-06-30,,,,,,0,,,,,,0,false,,,,,,938455.0,,,,-0.41204679969271674,-4481601.0,2026-09-21,PurchaseOfPropertyPlantAndEquipmentClassifiedAsInvestingActivities,Equity,,IntangibleAssetsOtherThanGoodwill,ProfitLoss,CashFlowsFromUsedInOperatingActivities,ProfitLossFromOperatingActivities,AdjustmentsForSharebasedPayments,-1144601.0,,,,,-2396379.0,-3017985.0,,,,,,,,,,,,,,,,ineligible:gate0_status,,,,false
ECO,1964954,Okeanis Eco Tankers Corp.,"",NYSE,4412,Deep Sea Foreign Transportation of  Freight,ifrs-full,20-F,USD,1231,2025,2025-12-31,false,false,"",unknown,"fcf,sbc,tax_anomaly","goodwill,intangibles",never_acquired,never_acquired,never_acquired,"",,true,true,false,false,,573091238.0,428299706.0,fiscal_year,false,0.905247020771427,,,,-488463156.0,,0.7564820003350505,,,false,,,391548819.0,122951543.0,162530692.0,111301518.0,,false,false,false,,,true,false,false,true,-44574490.0,,false,false,false,"",2024-07-01,2025-06-30,true,,0.3140133159231927,false,0.48686655634251325,,573091238.0,0.0,0.0,116636741.0,605099897.0,32575740.0,false,PASS,false,PASS,,NOT_EVALUABLE,,NOT_EVALUABLE,,NOT_EVALUABLE,,false,PASS,,NOT_EVALUABLE,,0,insufficient,false,0.13054262766041425,,,,,,,,,false,0,0.4150968771023161,,,1.199672352588232,falling,344213634.0,67183824.0,86766074.0,,false,true,,false,false,false,,,,428299706.0,59753419.0,630897546.0,32194108.0,2025-06-30,,,,,,0,,,,,,0,false,,,41440551.0,70681085.0,,-42419759.0,2154731.0,,,0.4150968771023161,,2026-09-21,,Equity,,,ProfitLoss,CashFlowsFromUsedInOperatingActivities,ProfitLossFromOperatingActivities,,,,,41368313.0,,113384723.0,,,,,,,,,,,,,,,,,ineligible:gate0_status,,,,false
NVNI,1965143,Nvni Group Limited,"",Nasdaq,7372,Services-Prepackaged Software,ifrs-full,6-K,BRL,1231,2024,2024-12-31,false,false,tax_anomaly,fail,"","",reported,reported,reported,"",,false,false,false,true,,-439870000.0,-387340000.0,latest_q,false,-0.49330639696198647,35650000.0,34737000.0,0.004723668008402231,,-0.138313975489768,-4.746267750940648,,-0.112710961186246,false,,1.1474975900964983,193282000.0,-78209000.0,16478000.0,38581000.0,1829000.0,false,true,false,0.0,1102000.0,false,false,false,,,0.09214105793450882,false,false,false,"",2024-07-01,2025-06-30,false,1070000.0,-0.4046367483780176,false,-0.7683969649524268,913000.0,-120495000.0,185758000.0,133617000.0,18035000.0,,30271959.0,true,FAIL,true,FAIL,false,PASS,false,PASS,false,PASS,false,false,PASS,true,FAIL,false,2,insufficient,true,,,,,,,,1.1474975900964983,,false,1,0.0852536708022475,,,-0.20964700550746404,falling,199304000.0,-102313000.0,19232000.0,1419000.0,false,false,319000.0,false,false,false,16424000.0,170986000.0,118839000.0,-97515000.0,16399000.0,,92257843.0,2025-06-30,,,,,,0,,,,,,0,false,,,19850000.0,,-21785000.0,-16060000.0,,,,0.0852536708022475,-68706000.0,2026-09-21,PurchaseOfPropertyPlantAndEquipmentClassifiedAsInvestingActivities,EquityAttributableToOwnersOfParent,Goodwill,IntangibleAssetsOtherThanGoodwill,ProfitLoss,CashFlowsFromUsedInOperatingActivities,ProfitLossFromOperatingActivities,AdjustmentsForSharebasedPayments,9503000.0,,,20119000.0,,-29673000.0,-93516000.0,8797000.0,,,,,,,,,,,,,,,ineligible:gate0_status,,,,false
LNKS,1972074,Linkers Industries Limited,"",Nasdaq,3670,Electronic Components & Accessories,ifrs-full,20-F,MYR,630,2025,2025-06-30,false,false,tax_anomaly,fail,"income_quality,sbc,ni_vs_oi","goodwill,intangibles",never_acquired,never_acquired,never_acquired,"",,true,true,false,false,,38256019.0,43536109.0,fiscal_year,false,,-3660850.0,,,,-0.009536139377744602,,,,false,,,22421335.0,-1172344.0,-4769965.0,-2109290.0,240850.0,false,false,true,3761353.0,1310710.0,false,false,false,,,,false,false,false,"",2024-01-01,2024-12-31,true,1334207.0,,false,0.007149743319726864,,38256019.0,0.0,0.0,14816854.0,,12479014.0,false,PASS,,NOT_EVALUABLE,true,FAIL,,NOT_EVALUABLE,,NOT_EVALUABLE,,,NOT_EVALUABLE,true,FAIL,,0,insufficient,true,-0.11607927727941802,,,,,,,,,false,0,-0.21274223858659622,,,11.058216227055208,,22752162.0,145567.0,274554.0,517176.0,false,false,,true,false,false,-242622.0,,,43536109.0,28352048.0,,11538614.0,2024-12-31,,,,,,0,,,,,,0,false,,,,,,-63650.0,42106.0,57231.0,,-0.21274223858659622,-4887093.0,2026-09-21,PurchaseOfPropertyPlantAndEquipmentClassifiedAsInvestingActivities,Equity,,,ProfitLoss,CashFlowsFromUsedInOperatingActivities,ProfitLossFromOperatingActivities,,46604.0,,,807438.0,,-2161841.0,-2465856.0,-15585.0,,,,,,,,,,,,,,,ineligible:gate0_status,,,,true
AU,1973832,AngloGold Ashanti plc,"",NYSE,1040,Gold and Silver Ores,ifrs-full,20-F,USD,1231,2025,2025-12-31,false,false,"",unknown,"tangible_book,sbc,ni_vs_oi","",unresolved,unresolved,unresolved,"",,true,true,false,false,,,,none,false,1.5072463768115942,3243000000.0,,,861000000.0,0.2577174929840973,,0.0,,false,,,9893000000.0,3174000000.0,,4784000000.0,1449000000.0,false,false,false,0.0,92000000.0,false,false,false,,,1.2217537942664418,false,false,false,dep_amort,2024-07-01,2025-06-30,true,94000000.0,0.3208329121601132,false,,,8091000000.0,,,2905000000.0,2044000000.0,508360174.0,,NOT_EVALUABLE,false,PASS,false,PASS,,NOT_EVALUABLE,,NOT_EVALUABLE,,,NOT_EVALUABLE,false,PASS,,0,insufficient,false,0.30018853474202034,,,,,,,,,false,0,,,,-0.3301850157033148,rising,7649000000.0,2076000000.0,3039000000.0,1253000000.0,false,false,,true,false,false,1786000000.0,,,7416000000.0,2001000000.0,2103000000.0,507010181.0,2025-06-30,,,,,,0,,,,,,0,false,0.0,,1186000000.0,,,-1180000000.0,106000000.0,0.0,70000000.0,,4276000000.0,2026-09-21,PurchaseOfPropertyPlantAndEquipmentIntangibleAssetsOtherThanGoodwillInvestmentPropertyAndOtherNoncurrentAssets,EquityAttributableToOwnersOfParent,,,ProfitLoss,CashFlowsFromUsedInOperatingActivities,,,1102000000.0,,,,803000000.0,,2867000000.0,791000000.0,,,,,,,,,,,,,,,ineligible:gate0_status,,,,true
MNY,1974044,MoneyHero Limited,"",Nasdaq,7389,"Services-Business Services, NEC",ifrs-full,20-F,USD,1231,2024,2024-12-31,false,false,"tax_anomaly,ni_vs_oi",fail,tangible_book,intangibles,unresolved,unresolved,never_acquired,"",,false,false,false,true,,,,none,false,0.6586382809331983,-25971288.0,-29150502.0,0.03998470848204594,42511520.0,-0.002890992404111734,0.9401775097534424,,,false,,-0.7214588076513312,79510746.0,-37787339.0,-40191707.0,-24888188.0,337508.0,false,false,false,0.0,745592.0,false,false,false,true,3409.0,1.092142263124003,false,false,true,,,,false,,-0.47524820104190696,false,-0.6013748025604788,3179214.0,48226874.0,,0.0,42521520.0,10000.0,40404943.0,,NOT_EVALUABLE,true,FAIL,true,FAIL,true,FAIL,false,PASS,false,true,FAIL,true,FAIL,,0,insufficient,true,0.08714140589914687,,,,-111.21260469573994,,,-0.7214588076513312,,false,0,-0.5054877362111532,,,0.3509552807270417,rising,,,,,false,false,,false,false,false,,,,,,,,,,,,,,,,,,,,,false,,,309033.0,,,-256823.0,1474425.0,1734657.0,,-0.5054877362111532,-37678411.0,2026-09-21,PurchaseOfPropertyPlantAndEquipmentClassifiedAsInvestingActivities,Equity,,,ProfitLoss,CashFlowsFromUsedInOperatingActivities,ProfitLossFromOperatingActivities,ExpenseFromSharebasedPaymentTransactionsWithEmployees,108928.0,,,,,,,,,,,,,,,,,,,,,,ineligible:gate0_status,,,,false
SYNX,1976443,SILYNXCOM LTD.,"",NYSE,3651,Household Audio & Video Equipment,ifrs-full,20-F,USD,1231,2024,2024-12-31,false,false,tax_anomaly,fail,"","goodwill,intangibles",never_acquired,never_acquired,never_acquired,"",,false,false,false,true,,5547000.0,6604000.0,latest_q,false,0.4081806561567959,-1192000.0,-2052000.0,0.0945678469320431,,-0.00042625745950554135,1.5965986394557823,,,false,,-0.39383400280635517,9094000.0,-2347000.0,-1470000.0,-958000.0,112000.0,false,false,false,0.0,122000.0,false,false,false,true,-58000.0,,false,false,false,"",2024-07-01,2025-06-30,false,162000.0,-0.25808225203430835,false,0.06607929515418502,860000.0,5547000.0,0.0,0.0,3178000.0,,5210317.0,false,PASS,true,FAIL,true,FAIL,true,FAIL,false,PASS,false,false,PASS,true,FAIL,,0,insufficient,true,-0.017238721642542476,,,,0.44943052629548114,,,-0.39383400280635517,,false,0,-0.1616450406861667,,,-0.27265406092619554,rising,6003000.0,-3287000.0,-2488000.0,96000.0,false,false,684000.0,false,false,false,-3430000.0,,,6604000.0,3536000.0,,5980013.0,2025-06-30,,,,,,0,,,,,,0,false,,,,,,-89000.0,81000.0,112000.0,,-0.1616450406861667,-2346000.0,2026-09-21,PurchaseOfPropertyPlantAndEquipmentClassifiedAsInvestingActivities,Equity,,,ProfitLoss,CashFlowsFromUsedInOperatingActivities,ProfitLossFromOperatingActivities,AdjustmentsForSharebasedPayments,1000.0,,,,,-3346000.0,-3286000.0,,,,,,,,,,,,,,,,ineligible:gate0_status,,,,false
BIRK,1977102,Birkenstock Holding plc,"",NYSE,3140,"Footwear, (No Rubber)",ifrs-full,6-K,EUR,930,2025,2025-09-30,false,false,"",fail,sbc,"",reported,reported,reported,"",,true,true,false,false,,-366792000.0,-308186000.0,latest_q,false,1.1032736480376197,264854000.0,,,-798943000.0,0.25884718498659515,0.6338473352452215,,-0.04982099513261236,false,,,2097429000.0,348327000.0,549544000.0,384300000.0,76727000.0,false,false,false,0.0,42719000.0,false,false,false,,,0.9236204738058552,false,false,false,sbc,2025-01-01,2025-12-31,false,45020000.0,0.16607332119466262,false,0.17473428374748895,,2722726000.0,1512270000.0,1577248000.0,329067000.0,1128010000.0,186507512.0,true,FAIL,false,PASS,false,PASS,,NOT_EVALUABLE,,NOT_EVALUABLE,,false,PASS,false,PASS,false,4,insufficient,false,0.19057885220470383,,,,,,,,,false,0,0.262008392179187,,,2.707477816402076,falling,2137611000.0,378765000.0,367678000.0,99213000.0,false,false,,true,false,true,268465000.0,1509958000.0,1570199000.0,2771971000.0,229227000.0,1128819000.0,183906056.0,2025-12-31,0.19409158732883497,0.19342786611365545,0.12444976432383428,0.11108622991880437,-0.03179941740199129,0,0.5861938712875963,,,-1.4874486535828388,,0,false,,,83072000.0,,-104496000.0,-78960000.0,,,,0.262008392179187,469980000.0,2026-09-21,PurchaseOfPropertyPlantAndEquipmentClassifiedAsInvestingActivities,Equity,Goodwill,IntangibleAssetsOtherThanGoodwill,ProfitLoss,CashFlowsFromUsedInOperatingActivities,ProfitLossFromOperatingActivities,,121653000.0,,,86974000.0,,563847000.0,499912000.0,121147000.0,,,,,,,,,,,,,,,ineligible:gate0_status,,,,true
CDLR,1978867,Cadeler A/S,"",NYSE,4412,Deep Sea Foreign Transportation of  Freight,ifrs-full,20-F,EUR,1231,2025,2025-12-31,false,false,tax_anomaly,fail,"","goodwill,intangibles",never_acquired,never_acquired,never_acquired,"",,false,false,false,true,,1503676000.0,1370927000.0,fiscal_year,false,1.406932587157011,-843546000.0,-845617000.0,0.0033384164525416134,-1544321000.0,0.026679265208570713,0.881794406171025,,,false,-0.002029287490672491,-2.412546931881726,620354000.0,280184000.0,317743000.0,394200000.0,1235673000.0,false,false,false,0.0,2073000.0,false,false,false,,,11.492494419642858,false,false,false,"",2024-07-01,2025-06-30,true,2019000.0,0.45165179881164624,false,0.1329656975566644,2071000.0,1503676000.0,0.0,0.0,151679000.0,1696000000.0,350508000.0,false,PASS,false,PASS,true,FAIL,true,FAIL,false,PASS,false,false,PASS,true,FAIL,,0,insufficient,false,0.7996995287332269,,,,-1.2017595990662853,,,-2.412546931881726,,false,0,0.5121962621342008,,,2.78342024252307,falling,465055000.0,232649000.0,147291000.0,991607000.0,false,false,2073000.0,false,false,false,-848408000.0,,,1370927000.0,53030000.0,993600000.0,350957000.0,2025-06-30,,,,,,0,,,,,,0,false,,1716000.0,107520000.0,,,-1264164000.0,,,,0.5121962621342008,287864000.0,2026-09-21,PurchaseOfPropertyPlantAndEquipmentClassifiedAsInvestingActivities,EquityAttributableToOwnersOfParent,,,ProfitLossAttributableToOwnersOfParent,CashFlowsFromUsedInOperatingActivities,ProfitLossFromOperatingActivities,AdjustmentsForSharebasedPayments,7680000.0,,,78057000.0,,238761000.0,237332000.0,4683000.0,,,,,,,,,,,,,,,ineligible:gate0_status,,,,false
TBBB,1978954,BBB FOODS INC,"",NYSE,5411,Retail-Grocery Stores,ifrs-full,20-F,MXN,1231,2025,2025-12-31,false,false,tax_anomaly,fail,"",goodwill,never_acquired,never_acquired,reported,"",,false,false,false,true,,4097614000.0,,fiscal_year,false,-1.64870432892856,393868000.0,-2536354000.0,0.03749343130942619,-821703000.0,-0.18521883947875883,4.205338921552656,,,false,,-22.050866160760336,78152943000.0,-2839571000.0,-675230000.0,4681613000.0,3548943000.0,false,false,false,0.0,738802000.0,false,false,false,,,,false,false,true,,,,false,,-0.03633351337773678,false,0.018010225811206333,2930222000.0,4125433000.0,0.0,27819000.0,1427248000.0,2248951000.0,115022874.0,false,PASS,true,FAIL,false,PASS,true,FAIL,false,PASS,false,false,PASS,true,FAIL,,0,insufficient,false,0.338637504065989,,,,,,,-22.050866160760336,,false,0,-0.00863985378004255,,,-0.23238387909342148,rising,,,,,false,false,,false,false,false,,,,,,,,,,,,,,,,,,,,,false,,,,,,-3408882000.0,,,,-0.00863985378004255,-2395820000.0,2026-09-21,PurchaseOfPropertyPlantAndEquipmentClassifiedAsInvestingActivities,Equity,,IntangibleAssetsOtherThanGoodwill,ProfitLoss,CashFlowsFromUsedInOperatingActivities,ProfitLossFromOperatingActivities,AdjustmentsForSharebasedPayments,443751000.0,,,,,,,,,,,,,,,,,,,,,,ineligible:gate0_status,,,,false
MMA,1981519,MIXED MARTIAL ARTS GROUP LIMITED,"",NYSE,7380,Services-Miscellaneous Business Services,ifrs-full,20-F,USD,630,2025,2025-06-30,false,false,sbc,fail,"ni_vs_oi,tax_anomaly",goodwill,never_acquired,never_acquired,reported,"",,false,false,false,true,,-5813541.0,,fiscal_year,false,0.3192986715169374,-8310060.0,-18026076.0,7.051214111694357,,,,,,false,,-1.382239637444657,1377921.0,-26016967.0,,-8307183.0,2877.0,false,true,false,,,true,false,false,false,0.0,0.0026976014132168405,false,false,true,,,,false,,-18.881319756357584,false,,9716016.0,-1381647.0,0.0,4431894.0,2084674.0,,13041209.0,true,FAIL,true,FAIL,true,FAIL,true,FAIL,true,FAIL,true,,NOT_EVALUABLE,,NOT_EVALUABLE,,0,insufficient,true,0.13564312246634236,,,,-2.465479298245614,,,-1.382239637444657,,false,0,,,,0.4113599897684621,rising,,,,,false,false,,false,false,false,,,,,,,,,,,,,,,,,,,,,false,,,1066503.0,,,-39613.0,,39613.0,,,26016967.0,2026-09-21,PurchaseOfPropertyPlantAndEquipmentClassifiedAsInvestingActivities,Equity,,IntangibleAssetsOtherThanGoodwill,ProfitLoss,CashFlowsFromUsedInOperatingActivities,,AdjustmentsForSharebasedPayments,,,,,,,,,,,,,,,,,,,,,,,ineligible:gate0_status,,,,false
BLIV,1982448,BELIVE HOLDINGS,"",Nasdaq,7373,Services-Computer Integrated Systems Design,ifrs-full,20-F,SGD,1231,2024,2024-12-31,false,false,sbc,fail,"fcf,ni_vs_oi,tax_anomaly",goodwill,never_acquired,never_acquired,reported,"",,false,false,false,true,,-760157.0,,fiscal_year,false,0.1937515841274245,,,1.9497066518735513,,,,,,false,,,1849509.0,-5507764.0,,-1067138.0,,false,false,false,,54060.0,false,false,false,,,,false,false,true,,,,false,,-2.9779600964364055,false,,3606000.0,-135917.0,0.0,624240.0,66184.0,,8005257.0,true,FAIL,true,FAIL,,NOT_EVALUABLE,,NOT_EVALUABLE,true,FAIL,true,,NOT_EVALUABLE,,NOT_EVALUABLE,,0,insufficient,true,,,,,,,,,,false,0,,,,-0.5330685921046885,rising,,,,,false,false,,false,false,false,,,,,,,,,,,,,,,,,,,,,false,,,55754.0,,,4819.0,,,,,-5507764.0,2026-09-21,,Equity,,IntangibleAssetsOtherThanGoodwill,ProfitLoss,CashFlowsFromUsedInOperatingActivities,,AdjustmentsForSharebasedPayments,,,,,,,,,,,,,,,,,,,,,,,ineligible:gate0_status,,,,false
PBM,1985062,PSYENCE BIOMEDICAL LTD,"",Nasdaq,2834,Pharmaceutical Preparations,ifrs-full,6-K,USD,331,2025,2025-03-31,false,false,"",fail,"sbc,ni_vs_oi,tax_anomaly","goodwill,intangibles",never_acquired,never_acquired,never_acquired,"",,true,false,true,true,,6722004.0,11867077.0,latest_q,false,-3.690724359797982,-3744115.0,,,,,,,,false,,,,1011790.0,,-3734238.0,9877.0,false,false,false,,,true,false,false,true,-6353.0,2.3141986879100283,false,false,false,"",2024-10-01,2025-09-30,false,,,false,,,6722004.0,0.0,0.0,6135166.0,,193043.0,false,PASS,true,FAIL,true,FAIL,,NOT_EVALUABLE,,NOT_EVALUABLE,,,NOT_EVALUABLE,,NOT_EVALUABLE,,0,insufficient,true,,,,,,,,,,false,0,,,,-1.0455400596371256,falling,,-3941597.0,-4247508.0,3677.0,false,false,,true,false,false,-4251185.0,,,11867077.0,7149985.0,,1059410.0,2025-09-30,,,,,,0,,,,,,0,false,,,4268.0,,,-16230.0,,9877.0,,,-3658754.0,2026-09-21,PurchaseOfPropertyPlantAndEquipmentClassifiedAsInvestingActivities,Equity,,,ProfitLoss,CashFlowsFromUsedInOperatingActivities,,,,,,5113.0,,,-4145455.0,,,,,,,,,,,,,,,,ineligible:gate0_status,,,,false
YFOR,1985337,YY Group Holding Ltd.,"",Nasdaq,7363,Services-Help Supply Services,ifrs-full,20-F,USD,1231,2024,2024-12-31,false,false,tax_anomaly,fail,"","goodwill,intangibles",never_acquired,never_acquired,never_acquired,"",,false,false,false,true,,6151241.0,,fiscal_year,false,0.3100176736578279,-1872417.0,-7031407.0,0.12551252160740323,-3769176.0,-0.06039376752184047,1.1709749878479117,,,false,,-0.20805282028404387,41103389.0,-4844498.0,-4137149.0,-1501880.0,101245.0,false,false,false,0.0,269292.0,false,false,false,false,0.0,0.7538270244512613,false,false,true,,,,false,,-0.1178612790298143,false,0.06157364037280206,5158990.0,6151241.0,0.0,0.0,836907.0,4606083.0,33796259.0,false,PASS,true,FAIL,true,FAIL,true,FAIL,false,PASS,true,false,PASS,true,FAIL,,0,insufficient,true,0.3302646638638125,,,,,,,-0.20805282028404387,,false,0,-0.10065226008492877,,,0.532772912966243,falling,,,,,false,false,,false,false,false,,,,,,,,,,,,,,,,,,,,,false,,,134308.0,,,-101245.0,,101245.0,,-0.10065226008492877,-4568584.0,2026-09-21,PurchaseOfPropertyPlantAndEquipmentClassifiedAsInvestingActivities,EquityAttributableToOwnersOfParent,,,ProfitLoss,CashFlowsFromUsedInOperatingActivities,ProfitLossFromOperatingActivities,AdjustmentsForSharebasedPayments,275914.0,,,,,,,,,,,,,,,,,,,,,,ineligible:gate0_status,,,,false
KSPI,1985487,Joint Stock Company Kaspi.kz,"",Nasdaq,7389,"Services-Business Services, NEC",ifrs-full,20-F,KZT,1231,2025,2025-12-31,false,false,"",fail,ni_vs_oi,intangibles,never_acquired,reported,never_acquired,"",,false,false,false,true,,2044715000000.0,,fiscal_year,false,0.6308949927274056,491098000000.0,475622000000.0,0.0038249424009546046,,0.19836881850083865,,,,false,,2495.6338004571867,4046074000000.0,1067707000000.0,,673611000000.0,182513000000.0,false,false,false,0.0,,true,false,true,,,,false,false,true,,,,false,,0.26388716568209086,false,,15476000000.0,2491843000000.0,447128000000.0,0.0,903143000000.0,,190581647.0,false,PASS,true,FAIL,false,PASS,false,PASS,false,PASS,false,,NOT_EVALUABLE,false,PASS,,0,3y,false,0.4712141783810597,,-0.20198990576312437,,4910.839092267854,,,2495.6338004571867,,false,5,,,,0.8282357066326737,falling,,,,,false,false,,false,false,false,,,,,,,,,,,,,,,,,,,,,false,,,,0.0,,-507803000000.0,,,,,1331918000000.0,2026-09-21,PurchaseOfPropertyPlantAndEquipmentIntangibleAssetsOtherThanGoodwillInvestmentPropertyAndOtherNoncurrentAssets,EquityAttributableToOwnersOfParent,Goodwill,,ProfitLoss,CashFlowsFromUsedInOperatingActivities,,ExpenseFromSharebasedPaymentTransactionsWithEmployees,264211000000.0,,,,,,,,,,,,,,,,,,,,,,ineligible:gate0_status,,,,false
SHMD,1987240,SCHMID Group N.V.,"",Nasdaq,3590,Misc Industrial & Commercial Machinery & Equipment,ifrs-full,20-F,EUR,1231,2024,2024-12-31,false,false,"tax_anomaly,sbc",fail,"",goodwill,never_acquired,never_acquired,reported,"",,false,false,false,true,,-76053000.0,,fiscal_year,false,0.03065252544468753,-9873000.0,-81504000.0,1.1774442764152804,,0.017430721061731855,1.0285183192290759,,,false,,-2.3329946220386413,60836000.0,-84104000.0,-81772000.0,-2578000.0,5111000.0,false,false,false,0.0,2184000.0,false,false,false,,,0.645083932853717,false,false,true,,,,false,,-1.3824709053849695,false,0.1436386206316144,71631000.0,-61112000.0,0.0,14941000.0,3791000.0,,34935357.0,true,FAIL,true,FAIL,true,FAIL,true,FAIL,true,FAIL,true,false,PASS,true,FAIL,,0,insufficient,true,0.1550235405119167,,,,,,,-2.3329946220386413,,false,0,-1.344138339141298,,,0.12312942130870051,falling,,,,,false,false,,false,false,false,,,,,,,,,,,,,,,,,,,,,false,,,7923000.0,,,-4054000.0,,,,-1.344138339141298,-85596000.0,2026-09-21,PurchaseOfPropertyPlantAndEquipmentIntangibleAssetsOtherThanGoodwillInvestmentPropertyAndOtherNoncurrentAssets,EquityAttributableToOwnersOfParent,,IntangibleAssetsOtherThanGoodwill,ProfitLoss,CashFlowsFromUsedInOperatingActivities,ProfitLossFromOperatingActivities,AdjustmentsForSharebasedPayments,-1492000.0,,,,,,,,,,,,,,,,,,,,,,ineligible:gate0_status,,,,false
MRNO,1988776,Murano Global Investments Plc,"",Nasdaq,7011,Hotels & Motels,ifrs-full,20-F,MXN,1231,2024,2024-12-31,false,false,tax_anomaly,fail,"sbc,ni_vs_oi","goodwill,intangibles",never_acquired,never_acquired,never_acquired,"",,true,true,false,false,,5206582550.0,,fiscal_year,false,0.026572106688636892,-1480551074.0,,,-10203785569.0,-0.020792465990950963,,,,false,,,729953807.0,-3567965578.0,,-94808362.0,1331832547.0,false,false,false,0.0,53910165.0,false,false,false,,,,false,false,true,,,,false,,-4.887933378502128,false,,,5206582550.0,0.0,0.0,970414857.0,11174200426.0,77062978.0,false,PASS,true,FAIL,true,FAIL,,NOT_EVALUABLE,,NOT_EVALUABLE,,,NOT_EVALUABLE,true,FAIL,,0,insufficient,true,6.815498177683346,,,,,,,,,false,0,,,,0.5859205372775101,rising,,,,,false,false,,false,false,false,,,,,,,,,,,,,,,,,,,,,false,,,,,,-1079765332.0,,,,,-3495289882.0,2026-09-21,PurchaseOfPropertyPlantAndEquipmentIntangibleAssetsOtherThanGoodwillInvestmentPropertyAndOtherNoncurrentAssets,Equity,,,ProfitLoss,CashFlowsFromUsedInOperatingActivities,,,72675696.0,,,,,,,,,,,,,,,,,,,,,,ineligible:gate0_status,,,,false
FGL,1989930,Founder Group Limited,"",Nasdaq,1700,Construction - Special Trade Contractors,ifrs-full,20-F,MYR,1231,2024,2024-12-31,false,false,"",fail,"income_quality,sbc,ni_vs_oi","goodwill,intangibles",never_acquired,never_acquired,never_acquired,"",,true,true,false,false,,17121478.0,17308792.0,latest_q,false,,-7595297.0,,,-30476749.0,0.08856712094914936,,,,false,,,90344588.0,-1150711.0,,-6127677.0,1262620.0,false,false,true,3999294.0,205000.0,false,false,false,,,3.0323888389876505,false,false,false,"",2024-07-01,2025-06-30,false,286000.0,,false,,,17121478.0,0.0,0.0,4563108.0,35039857.0,17665289.0,false,PASS,,NOT_EVALUABLE,true,FAIL,,NOT_EVALUABLE,,NOT_EVALUABLE,,,NOT_EVALUABLE,false,PASS,,0,insufficient,true,,,,,,,,,,false,0,,,,-1.5226374051360336,,115370997.0,103048.0,-25714686.0,-2202922.0,true,false,,false,false,false,,,,17308792.0,,55316394.0,18450460.0,2025-06-30,,,,,,0,,,,,,0,false,,,416378.0,,,-5378735.0,22926.0,282118.0,,,-5650449.0,2026-09-21,PurchaseOfPropertyPlantAndEquipmentClassifiedAsInvestingActivities,EquityAttributableToOwnersOfParent,,,ProfitLoss,CashFlowsFromUsedInOperatingActivities,,,-500444.0,,,1413324.0,,,-5549419.0,-181638.0,,,,,,,,,,,,,,,ineligible:gate0_status,,,,false
MCRP,1993431,Micropolis Holding Company,"",NYSE,3714,Motor Vehicle Parts & Accessories,ifrs-full,20-F,AED,1231,2024,2024-12-31,false,false,ni_vs_oi,fail,"sbc,tax_anomaly",goodwill,never_acquired,never_acquired,reported,"",,true,true,false,false,,-20557313.0,7910240.0,latest_q,true,2.2112617667273935,-16163875.0,,,,,0.28763060529568524,,,false,,,130043.0,-6071463.0,-21108543.0,-13425594.0,1708901.0,false,false,false,,1029380.0,false,false,false,,,,false,false,false,"",2024-07-01,2025-06-30,false,1035057.0,-46.688118545404215,false,,,-20519728.0,0.0,37585.0,181087.0,,30000000.0,false,PASS,false,PASS,true,FAIL,,NOT_EVALUABLE,,NOT_EVALUABLE,,true,FAIL,,NOT_EVALUABLE,,0,insufficient,true,,,,,,,,,,false,0,-162.31971732426967,,,1.0738318266554012,rising,156291.0,2213921.0,-17128192.0,3623308.0,false,false,,true,false,false,-20751500.0,,71187.0,7981427.0,15565708.0,,32052243.0,2025-06-30,,,,,,0,,,,,,0,false,,,,,,-1756617.0,,478382.0,,-162.31971732426967,,2026-09-21,PurchaseOfPropertyPlantAndEquipmentClassifiedAsInvestingActivities,Equity,,IntangibleAssetsOtherThanGoodwill,ProfitLoss,CashFlowsFromUsedInOperatingActivities,ProfitLossFromOperatingActivities,,,,,,,-21507248.0,,,,,,,,,,,,,,,,,ineligible:gate0_status,,,,true
HDL,1995306,SUPER HI INTERNATIONAL HOLDING LTD.,"",Nasdaq,5812,Retail-Eating  Places,ifrs-full,20-F,USD,1231,2024,2024-12-31,false,false,"",unknown,"tangible_book,sbc,ni_vs_oi","",unresolved,unresolved,reported,"",,true,true,false,false,,,,none,false,5.5935324080564515,41418000.0,,,,0.3562855337965888,,,,false,,,778308000.0,21399000.0,,119696000.0,34742000.0,false,false,false,0.0,43536000.0,false,true,false,true,3892000.0,,false,false,true,,,,false,,0.02749425677238317,true,,,360028000.0,,278000.0,254719000.0,,576727000.0,,NOT_EVALUABLE,false,PASS,false,PASS,,NOT_EVALUABLE,,NOT_EVALUABLE,,,NOT_EVALUABLE,false,PASS,,0,insufficient,true,,,,,,,,,,false,0,,,,2.8177231420739264,rising,,,,,false,false,,false,false,false,,,,,,,,,,,,,,,,,,,,,false,,,,,,-27616000.0,236470000.0,267978000.0,,,33243000.0,2026-09-21,PurchaseOfPropertyPlantAndEquipmentClassifiedAsInvestingActivities,EquityAttributableToOwnersOfParent,,IntangibleAssetsOtherThanGoodwill,ProfitLoss,CashFlowsFromUsedInOperatingActivities,,,11844000.0,,,,,,,,,,,,,,,,,,,,,,ineligible:gate0_status,,,,false
ISOU,1997377,IsoEnergy Ltd.,"",NYSE,1090,Miscellaneous Metal Ores,ifrs-full,40-F,CAD,1231,2025,2025-12-31,false,false,ni_vs_oi,fail,"sbc,tax_anomaly","goodwill,intangibles",never_acquired,never_acquired,never_acquired,"",,false,false,false,true,,401426086.0,,fiscal_year,false,11.369933744614475,-13474749.0,-19823665.0,,,,0.2300815090615101,,,false,,-0.38865362787256674,,-1126399.0,-4895652.0,-12807082.0,494177.0,false,false,false,,173490.0,false,false,false,,,,false,false,true,,,,false,,,true,,6348916.0,401426086.0,0.0,0.0,62906168.0,,51005995.0,false,PASS,false,PASS,true,FAIL,true,FAIL,,NOT_EVALUABLE,,true,FAIL,,NOT_EVALUABLE,,0,insufficient,true,,,,,,,,-0.38865362787256674,,false,0,,,,5.806969207605386,,,,,,false,false,,false,false,false,,,,,,,,,,,,,,,,,,,,,false,,,,,,-20952517.0,,,,,,2026-09-21,PurchaseOfPropertyPlantAndEquipmentClassifiedAsInvestingActivities,Equity,,,ProfitLoss,CashFlowsFromUsedInOperatingActivities,ProfitLossFromOperatingActivities,AdjustmentsForSharebasedPayments,-3769253.0,,,,,,,,,,,,,,,,,,,,,,ineligible:gate0_status,,,,false
ZENA,1997403,"ZenaTech, Inc.","",Nasdaq,7372,Services-Prepackaged Software,ifrs-full,20-F,CAD,1231,2024,2024-12-31,false,false,"",unknown,"tangible_book,income_quality,fcf,sbc,ni_vs_oi,tax_anomaly",intangibles,unresolved,reported,never_acquired,"",,true,true,false,false,,,,none,false,,,,,,,,,,false,,,,-4481751.0,,,,false,false,false,,,true,false,false,,,,false,false,true,,,,false,,,false,,,,2468722.0,0.0,,,,,NOT_EVALUABLE,,NOT_EVALUABLE,,NOT_EVALUABLE,,NOT_EVALUABLE,,NOT_EVALUABLE,,,NOT_EVALUABLE,,NOT_EVALUABLE,,0,insufficient,true,,,,,,,,,,false,0,,,,,,,,,,false,false,,false,false,false,,,,,,,,,,,,,,,,,,,,,false,,,,,,,,,,,,2026-09-21,,,Goodwill,,ProfitLoss,,,,,,,,,,,,,,,,,,,,,,,,,,ineligible:gate0_status,,,,false
BRIA,2000230,BrilliA Inc,"",NYSE,2300,Apparel & Other Finishd Prods of  Fabrics & Similar Matl,ifrs-full,20-F,USD,331,2025,2025-03-31,false,false,"",fail,"sbc,ni_vs_oi","goodwill,intangibles",never_acquired,never_acquired,never_acquired,"",,true,true,false,false,,18074000.0,,fiscal_year,false,-1.603405462930117,-4953000.0,,,,0.22105554020447638,,,,false,,,64391000.0,2819000.0,,-4520000.0,72000.0,false,false,false,0.0,361000.0,false,false,false,false,0.0,,false,false,true,,,,false,,0.04377941016601699,false,,,18074000.0,0.0,0.0,7703000.0,,23342466.0,false,PASS,true,FAIL,true,FAIL,,NOT_EVALUABLE,,NOT_EVALUABLE,,,NOT_EVALUABLE,false,PASS,,0,insufficient,true,,,,,,,,,,false,0,,,,0.3273604973706227,falling,,,,,false,false,,false,false,false,,,,,,,,,,,,,,,,,,,,,false,,,,,,-887000.0,-815000.0,72000.0,,,3619000.0,2026-09-21,PurchaseOfPropertyPlantAndEquipmentClassifiedAsInvestingActivities,Equity,,,ProfitLoss,CashFlowsFromUsedInOperatingActivities,,,800000.0,,,,,,,,,,,,,,,,,,,,,,ineligible:gate0_status,,,,false
NXAT,2000756,K Wave Media Ltd.,"",Nasdaq,7819,Services-Allied To Motion Picture Production,ifrs-full,6-K,USD,1231,2024,2024-12-31,false,false,"",unknown,"income_quality,fcf,sbc,ni_vs_oi,tax_anomaly","goodwill,intangibles",never_acquired,never_acquired,never_acquired,"",,true,true,false,false,,37193.0,,fiscal_year,false,,,,,,,,,,false,,,,,,,,false,false,false,,,true,false,false,,,,false,false,true,,,,false,,,false,,,37193.0,0.0,0.0,,,5000000.0,false,PASS,,NOT_EVALUABLE,,NOT_EVALUABLE,,NOT_EVALUABLE,,NOT_EVALUABLE,,,NOT_EVALUABLE,,NOT_EVALUABLE,,0,insufficient,true,,,,,,,,,,false,0,,,,,,,,,,false,false,,false,false,false,,,,,,,5000000.0,,,,,,,,,,,,,,false,,,,,,,,,,,,2026-09-21,,Equity,,,,,,,,,,,,,,,,,,,,,,,,,,,,,ineligible:gate0_status,,,,false
CIGL,2001794,CONCORDE INTERNATIONAL GROUP LTD,"",Nasdaq,7381,"Services-Detective, Guard & Armored Car Services",ifrs-full,20-F,USD,1231,2024,2024-12-31,false,false,"tax_anomaly,sbc",fail,ni_vs_oi,"goodwill,intangibles",never_acquired,never_acquired,never_acquired,"",,false,false,false,true,,2108568.0,4059985.0,latest_q,false,0.006746784324431323,-1697252.0,-84852588.0,7.926600670233774,-3758353.0,-0.0013759368167399618,,,,false,,-5.15555809933221,10490668.0,-83623097.0,,-564187.0,1052484.0,false,false,false,0.0,80581.0,false,false,false,true,99494.0,14.096648897698964,false,false,false,"",2024-07-01,2025-06-30,false,242894.0,-7.971188965278474,false,,83155336.0,2108568.0,0.0,0.0,2270438.0,6028791.0,16458468.0,false,PASS,true,FAIL,true,FAIL,true,FAIL,true,FAIL,true,,NOT_EVALUABLE,true,FAIL,,0,insufficient,true,,,,,,,,-5.15555809933221,,false,0,,,,0.6534445515891615,falling,11072733.0,-3098156.0,-3181251.0,1135100.0,false,false,,false,true,false,,,,4059985.0,2361689.0,5995047.0,21327560.0,2025-06-30,,,,,,0,,,,,,0,false,,,74662.0,,,-952990.0,,1052484.0,,,-83508195.0,2026-09-21,PurchaseOfPropertyPlantAndEquipmentClassifiedAsInvestingActivities,EquityAttributableToOwnersOfParent,,,ProfitLoss,CashFlowsFromUsedInOperatingActivities,,AdjustmentsForSharebasedPayments,114902.0,,,,,,-3055393.0,42763.0,,,,,,,,,,,,,,,ineligible:gate0_status,,,,false
BMGL,2004489,Basel Medical Group Ltd,"",Nasdaq,8011,Services-Offices & Clinics of  Doctors of  Medicine,ifrs-full,20-F,SGD,630,2025,2025-06-30,false,false,tax_anomaly,fail,"tangible_book,income_quality,sbc,ni_vs_oi","",unresolved,unresolved,unresolved,"",,true,true,false,false,,,,none,false,,-5380227.0,,,1680726.0,0.03337676223503952,,0.9705114265582939,,false,,,11319944.0,-9503974.0,,-4344125.0,54760.0,false,true,true,2584130.0,981342.0,false,false,false,,,0.046362460292195255,false,false,true,,,,false,,,false,,,4864541.0,,,2979083.0,1298357.0,18785750.0,,NOT_EVALUABLE,,NOT_EVALUABLE,true,FAIL,,NOT_EVALUABLE,,NOT_EVALUABLE,,,NOT_EVALUABLE,true,FAIL,,0,insufficient,true,,,,,,,,,,false,0,,,,1.210577479737553,,,,,,false,false,,false,false,false,,,,,,,,,,,,,,,,,,,,,false,10986135.0,,1181128.0,,,-11040944.0,,8680632.0,,,-12505497.0,2026-09-21,PurchaseOfPropertyPlantAndEquipmentClassifiedAsInvestingActivities,Equity,,,ProfitLoss,CashFlowsFromUsedInOperatingActivities,,,-417393.0,,,,,,,,,,,,,,,,,,,,,,ineligible:gate0_status,,,,false
TLX,2007191,Telix Pharmaceuticals Limited,"",Nasdaq,2834,Pharmaceutical Preparations,ifrs-full,20-F,USD,1231,2025,2025-12-31,false,false,tax_anomaly,fail,"","",reported,reported,reported,"",,false,false,false,true,,-376435000.0,,fiscal_year,false,2.4270877192982456,-48222000.0,-67572000.0,0.02407333222193746,-263158000.0,-0.35301936954044816,-0.2392866738312735,0.2745255625197501,0.5814512176005295,true,,-0.1999881614774476,803794000.0,-7125000.0,29776000.0,-17293000.0,25692000.0,false,false,false,0.0,5237000.0,false,false,false,true,-8367000.0,1.2000560511934233,false,false,true,,,,false,,-0.008864211477069995,false,0.03305924115106704,19350000.0,415376000.0,198988000.0,592823000.0,141866000.0,405024000.0,337880000.0,true,FAIL,false,PASS,true,FAIL,true,FAIL,false,PASS,false,false,PASS,true,FAIL,true,1,insufficient,true,0.7123324735635419,,,,-0.2587720992518767,,,-0.1999881614774476,,false,0,0.03704431732508578,,,2.211683530252402,falling,,,,,false,false,,false,false,false,,,,,,,,,,,,,,,,,,,,,true,220662000.0,,21409000.0,,467367000.0,-285921000.0,,277554000.0,,0.03704431732508578,-5266000.0,2026-09-21,PurchaseOfPropertyPlantAndEquipmentClassifiedAsInvestingActivities,Equity,Goodwill,IntangibleAssetsOtherThanGoodwill,ProfitLoss,CashFlowsFromUsedInOperatingActivities,ProfitLossFromOperatingActivities,AdjustmentsForSharebasedPayments,1859000.0,,,,,,,,,,,,,,,,,,,,,,ineligible:gate0_status,,,,false
HKPD,2007702,"Cellyan Biotechnology Co., Ltd","",Nasdaq,5122,"Wholesale-Drugs, Proprietaries & Druggists' Sundries",ifrs-full,20-F,USD,331,2025,2025-03-31,false,false,ni_vs_oi,fail,sbc,"goodwill,intangibles",never_acquired,never_acquired,never_acquired,"",,true,true,false,false,,4989769.0,5143431.0,latest_q,false,-21.0383648728563,-503290.0,,,-1126634.0,1.749224634470536,0.01184284074101796,,,false,,,20313818.0,-27056.0,-2284587.0,569214.0,69916.0,false,false,false,0.0,1002588.0,false,true,false,true,-2299975.0,0.9227885859092468,false,true,false,"",2024-10-01,2025-09-30,false,1030359.0,-0.0013319012703569561,false,-0.14266982192006986,,4989769.0,0.0,0.0,748721.0,1875355.0,10205479.0,false,PASS,true,FAIL,true,FAIL,,NOT_EVALUABLE,,NOT_EVALUABLE,,true,FAIL,false,PASS,,0,insufficient,true,,,,,,,,,,false,0,-0.11246467798421744,,,-6.534905471409963,falling,16359769.0,-701880.0,-427922.0,64314.0,false,false,,true,false,false,-492236.0,,,5143431.0,190912.0,1690031.0,11000000.0,2025-09-30,,,,,,0,,,,,,0,false,,,75766.0,,,-2454963.0,,154988.0,,-0.11246467798421744,36112.0,2026-09-21,PurchaseOfPropertyPlantAndEquipmentClassifiedAsInvestingActivities,EquityAttributableToOwnersOfParent,,,ProfitLoss,CashFlowsFromUsedInOperatingActivities,ProfitLossFromOperatingActivities,,63168.0,,,89106.0,,-2106969.0,-770948.0,-69068.0,,,,,,,,,,,,,,,ineligible:gate0_status,,,,true
AGRZ,2009233,Agroz Inc.,"",Nasdaq,0100,Agricultural Production-Crops,ifrs-full,20-F,MYR,1231,2024,2024-12-31,false,false,"",unknown,"income_quality,sbc,ni_vs_oi","goodwill,intangibles",never_acquired,never_acquired,never_acquired,"",,true,true,false,false,,13734937.0,,fiscal_year,false,,590332.0,,,350726.0,0.4465352986273566,,,,false,,,40860882.0,785807.0,8019120.0,941271.0,97550.0,false,false,true,2726361.0,253389.0,false,true,false,,,,false,false,true,,,,false,,,false,-0.06945200793118857,,13734937.0,0.0,0.0,390500.0,39774.0,20031151.0,false,PASS,,NOT_EVALUABLE,false,PASS,,NOT_EVALUABLE,,NOT_EVALUABLE,,,NOT_EVALUABLE,false,PASS,,0,insufficient,true,,,,,,,,,,false,0,0.19625420714119682,,,4.328975556590153,,,,,,false,false,,false,false,false,,,,,,,,,,,,,,,,,,,,,false,,,,,,-6820628.0,,1450980.0,,0.19625420714119682,6345785.0,2026-09-21,PurchaseOfPropertyPlantAndEquipmentClassifiedAsInvestingActivities,Equity,,,ProfitLoss,CashFlowsFromUsedInOperatingActivities,ProfitLossFromOperatingActivities,,2833617.0,,,,,,,,,,,,,,,,,,,,,,ineligible:gate0_status,,,,false
DGNX,2010499,DIGINEX LIMITED,"",Nasdaq,7374,Services-Computer Processing & Data Preparation,ifrs-full,20-F,USD,331,2025,2025-03-31,false,false,ni_vs_oi,unknown,"fcf,sbc,tax_anomaly","goodwill,intangibles",never_acquired,never_acquired,never_acquired,"",,true,true,false,false,,4557950.0,10881844.0,latest_q,false,1.4715965975807226,,,,,,0.6277618308093824,,,false,,,2040602.0,-5212879.0,-8303912.0,-7671255.0,,false,false,false,,138962.0,false,false,false,true,-10032.0,,false,false,false,"",2024-10-01,2025-09-30,false,137620.0,-2.554578991885728,false,-4.474654669838101,,4557950.0,0.0,0.0,3111141.0,,15664305.0,false,PASS,false,PASS,,NOT_EVALUABLE,,NOT_EVALUABLE,,NOT_EVALUABLE,,true,FAIL,,NOT_EVALUABLE,,0,insufficient,true,,,,,,,,,,false,0,-4.069344242532351,,,1.1286179060010222,rising,3565215.0,-9857174.0,-8643170.0,,false,true,,false,false,false,,,,10881844.0,1850673.0,,191456817.0,2025-09-30,,,,,,0,,,,,,0,false,,,,,,-10032.0,,,,-4.069344242532351,-5212879.0,2026-09-21,,Equity,,,ProfitLoss,CashFlowsFromUsedInOperatingActivities,ProfitLossFromOperatingActivities,,,,,,,-10155077.0,-9846424.0,,,,,,,,,,,,,,,,ineligible:gate0_status,,,,false
PBK,2011053,POWERBANK CORPORATION,"",Nasdaq,1700,Construction - Special Trade Contractors,ifrs-full,40-F,CAD,630,2025,2025-06-30,false,false,ni_vs_oi,fail,fcf,intangibles,never_acquired,reported,never_acquired,"",,false,false,false,true,,16475000.0,,fiscal_year,false,0.5546985473711274,,,0.0038284654836146493,-55336000.0,0.11942494906044827,0.7962944006551336,,,false,,,41531000.0,-31116000.0,-39076000.0,-17260000.0,,false,false,false,0.0,981000.0,false,false,false,,,,false,false,true,,,,false,,-0.7492234716236065,false,,159000.0,19241000.0,2766000.0,0.0,7624000.0,62960000.0,32197331000.0,false,PASS,true,FAIL,,NOT_EVALUABLE,,NOT_EVALUABLE,false,PASS,false,true,FAIL,false,PASS,,0,insufficient,true,,,,,,,,,,false,0,-0.9408875297970191,,,-0.2503245705147841,falling,,,,,false,false,,false,false,false,,,,,,,,,,,,,,,,,,,,,false,,,100000.0,,,-4128000.0,,,,-0.9408875297970191,-35336000.0,2026-09-21,,EquityAttributableToOwnersOfParent,Goodwill,,ProfitLoss,CashFlowsFromUsedInOperatingActivities,ProfitLossFromOperatingActivities,AdjustmentsForSharebasedPayments,-4220000.0,,,,,,,,,,,,,,,,,,,,,,ineligible:gate0_status,,,,false
PMAX,2012096,Powell Max Limited,"",Nasdaq,7380,Services-Miscellaneous Business Services,ifrs-full,20-F,HKD,1231,2024,2024-12-31,false,false,ni_vs_oi,fail,"sbc,tax_anomaly","goodwill,intangibles",never_acquired,never_acquired,never_acquired,"",,true,true,false,false,,21267637.0,,fiscal_year,false,4.904282056329094,-16595556.0,,,40795264.0,,0.14489235256147365,,,false,,,36461260.0,-2326826.0,-16058998.0,-11411411.0,1490361.0,false,false,false,,3693784.0,false,false,false,,,0.4399541613862815,false,false,true,,,,false,,-0.06381639032770672,false,0.015669282418699942,,21267637.0,0.0,0.0,42222014.0,1426750.0,13178314.0,false,PASS,false,PASS,true,FAIL,,NOT_EVALUABLE,,NOT_EVALUABLE,,true,FAIL,,NOT_EVALUABLE,,0,insufficient,true,,,,,,,,,,false,0,-0.44044001770646435,,,-16.532983285705622,rising,,,,,false,false,,false,false,false,,,,,,,,,,,,,,,,,,,,,false,,,3387537.0,,,-1204040.0,,191866.0,,-0.44044001770646435,-18074094.0,2026-09-21,PurchaseOfPropertyPlantAndEquipmentClassifiedAsInvestingActivities,Equity,,,ProfitLoss,CashFlowsFromUsedInOperatingActivities,ProfitLossFromOperatingActivities,,,,,,,,,,,,,,,,,,,,,,,,ineligible:gate0_status,,,,false
TNMG,2013186,TNL Mediagene,"",Nasdaq,7310,Services-Advertising,ifrs-full,20-F,USD,1231,2024,2024-12-31,false,false,tax_anomaly,fail,"","",reported,reported,reported,"",,false,false,false,true,,-28539498.0,,fiscal_year,false,0.1201749137881528,-11302351.0,-11553303.0,0.00517491922746485,-5384439.0,0.0036026232644949933,1.1130736555475425,,-0.602325731833843,false,,-0.4707703606712138,48493897.0,-84976720.0,-76344202.0,-10212070.0,89121.0,false,true,false,0.0,1001160.0,false,false,false,true,-2596603.0,0.07821144233199472,false,false,true,,,,false,,-1.7523178225911602,false,-0.1707488767862699,250952.0,36399136.0,33960053.0,30978581.0,3646756.0,9031195.0,24541271.0,true,FAIL,true,FAIL,true,FAIL,true,FAIL,false,PASS,false,false,PASS,true,FAIL,false,2,insufficient,true,,,,,,,,-0.4707703606712138,,false,0,-1.5743053605281505,,,0.4528446038231435,rising,,,,,false,false,,false,false,false,,,,,,,,,,,,,,,,,,,,,false,,,1139488.0,,-29209122.0,922857.0,3884190.0,364730.0,,-1.5743053605281505,-85283966.0,2026-09-21,PurchaseOfPropertyPlantAndEquipmentClassifiedAsInvestingActivities,EquityAttributableToOwnersOfParent,Goodwill,IntangibleAssetsOtherThanGoodwill,ProfitLoss,CashFlowsFromUsedInOperatingActivities,ProfitLossFromOperatingActivities,AdjustmentsForSharebasedPayments,-307246.0,,,,,,,,,,,,,,,,,,,,,,ineligible:gate0_status,,,,false
HSLV,2013223,Highlander Silver Corp.,"",NYSE,1040,Gold and Silver Ores,ifrs-full,40-F,CAD,1231,2025,2025-12-31,false,false,"",unknown,"income_quality,fcf,sbc,ni_vs_oi,tax_anomaly","goodwill,intangibles",never_acquired,never_acquired,never_acquired,"",,true,false,true,true,,116755360.0,,fiscal_year,false,,,,,,,,,,false,,,,,,,,false,false,false,,,true,false,false,,,,false,false,true,,,,false,,,false,,,116755360.0,0.0,0.0,108198015.0,,,false,PASS,,NOT_EVALUABLE,,NOT_EVALUABLE,,NOT_EVALUABLE,,NOT_EVALUABLE,,,NOT_EVALUABLE,,NOT_EVALUABLE,,0,insufficient,true,,,,,,,,,,false,0,,,,0.7949115047833282,,,,,,false,false,,false,false,false,,,,,,,,,,,,,,,,,,,,,false,,,,,,,,,,,,2026-09-21,,Equity,,,,,,,,,,,,,,,,,,,,,,,,,,,,,ineligible:gate0_status,,,,false
SLSR,2019103,SOLARIS RESOURCES INC.,"",NYSE,1040,Gold and Silver Ores,ifrs-full,40-F,USD,1231,2025,2025-12-31,false,false,tax_anomaly,fail,"income_quality,fcf,sbc","goodwill,intangibles",never_acquired,never_acquired,never_acquired,"",,false,false,false,true,,-56833000.0,,fiscal_year,false,,,,,24557000.0,-0.013614247021883463,1.099100738122466,,,false,,,,-42289000.0,-38476000.0,,2281000.0,false,false,false,0.0,250000.0,false,false,false,true,-1012000.0,2.075523202911738,false,false,true,,,,false,,,false,,3903000.0,-56833000.0,0.0,0.0,25210000.0,653000.0,165125705.0,true,FAIL,,NOT_EVALUABLE,,NOT_EVALUABLE,,NOT_EVALUABLE,,NOT_EVALUABLE,,false,PASS,true,FAIL,,0,insufficient,true,,,,,,,,,,false,0,,,,,,,,,,false,false,,false,false,false,,,,,,,,,,,,,,,,,,,,,false,,,1099000.0,,,-3293000.0,,2281000.0,,,-41721000.0,2026-09-21,PurchaseOfPropertyPlantAndEquipmentClassifiedAsInvestingActivities,EquityAttributableToOwnersOfParent,,,ProfitLoss,,ProfitLossFromOperatingActivities,AdjustmentsForSharebasedPayments,568000.0,,,,,,,,,,,,,,,,,,,,,,ineligible:gate0_status,,,,false
SNNRF,2021938,Sunrise Communications AG,"",OTC,4841,Cable & Other Pay Television Services,ifrs-full,20-F,CHF,1231,2025,2025-12-31,false,false,"",fail,"","",reported,reported,reported,"",,false,false,false,true,,-2897700000.0,,fiscal_year,false,-11.2,594700000.0,545700000.0,0.01642421398404505,-4064000000.0,0.15498442367601245,-1.1278586278586278,0.0,-0.05024468726955822,true,0.0001832508704416346,,2983400000.0,-108500000.0,96200000.0,1215200000.0,499500000.0,false,false,false,0.0,121000000.0,false,false,false,,,0.5334258863733448,false,false,true,,,,false,,-0.036367902393242606,false,0.003525303110173959,49000000.0,4049500000.0,6012700000.0,934500000.0,273200000.0,4337200000.0,,true,FAIL,true,FAIL,false,PASS,false,PASS,false,PASS,false,false,PASS,false,PASS,false,3,insufficient,true,-0.005721479787516359,,,,,,,,,false,0,0.03224508949520681,,,-6.194298774405635,falling,,,,,false,false,,false,false,false,,,,,,,,,,,,,,,,,,,,,true,0.0,100000.0,936400000.0,,-149900000.0,-503800000.0,,,,0.03224508949520681,-128400000.0,2026-09-21,PurchaseOfPropertyPlantAndEquipmentClassifiedAsInvestingActivities,EquityAttributableToOwnersOfParent,Goodwill,IntangibleAssetsOtherThanGoodwill,ProfitLoss,CashFlowsFromUsedInOperatingActivities,ProfitLossFromOperatingActivities,AdjustmentsForSharebasedPayments,-19900000.0,,,,,,,,,,,,,,,,,,,,,,ineligible:gate0_status,,,,false
AAPG,2023311,ASCENTAGE PHARMA GROUP INTERNATIONAL,"",Nasdaq,2834,Pharmaceutical Preparations,ifrs-full,20-F,CNY,1231,2024,2024-12-31,false,false,tax_anomaly,fail,"income_quality,ni_vs_oi",intangibles,never_acquired,reported,never_acquired,"",,false,false,false,true,,260811000.0,,fiscal_year,false,,-144059000.0,-164983000.0,0.021336868403609852,-775397000.0,-0.026375377920582914,,,,false,,-0.5461890048941723,980650000.0,-55577000.0,,-111357000.0,24289000.0,false,false,true,350103000.0,8413000.0,false,false,false,,,2.181516076881624,false,false,true,,,,false,,,false,,20924000.0,264194000.0,3383000.0,0.0,893100000.0,1668497000.0,302062104.0,false,PASS,,NOT_EVALUABLE,true,FAIL,true,FAIL,false,PASS,false,,NOT_EVALUABLE,true,FAIL,,0,insufficient,true,,,,,,,,-0.5461890048941723,,false,0,,,,0.7624843547608489,,,,,,false,false,,false,false,false,,,,,,,,,,,,,,,,,,,,,false,,,11134000.0,,,-362035000.0,,4632000.0,,,-395255000.0,2026-09-21,PurchaseOfPropertyPlantAndEquipmentClassifiedAsInvestingActivities,EquityAttributableToOwnersOfParent,Goodwill,,ProfitLoss,CashFlowsFromUsedInOperatingActivities,,AdjustmentsForSharebasedPayments,10425000.0,,,,,,,,,,,,,,,,,,,,,,ineligible:gate0_status,,,,false
NAMM,2026514,Namib Minerals,"",Nasdaq,1040,Gold and Silver Ores,ifrs-full,20-F,USD,1231,2025,2025-12-31,false,false,"",fail,ni_vs_oi,"goodwill,intangibles",never_acquired,never_acquired,never_acquired,"",,false,false,false,true,,70465000.0,,fiscal_year,false,0.13630164064044278,2531000.0,2295000.0,0.0028573158181487983,-3296000.0,0.06752559742689412,,,,false,,0.044404457859298814,82595000.0,101180000.0,,13791000.0,11260000.0,false,false,false,0.0,,true,false,false,true,-1132000.0,1.5494702077886335,false,false,true,,,,false,,1.225013620679218,false,,236000.0,70465000.0,0.0,0.0,1887000.0,5183000.0,51684000.0,false,PASS,true,FAIL,false,PASS,false,PASS,false,PASS,false,,NOT_EVALUABLE,false,PASS,,0,insufficient,true,,,,,,,,0.044404457859298814,,false,2,,,,3.1940365502046504,falling,,,,,false,false,,false,false,false,,,,,,,,,,,,,,,,,,,,,false,,,7267000.0,,,-12392000.0,,11260000.0,,,108507000.0,2026-09-21,PurchaseOfPropertyPlantAndEquipmentClassifiedAsInvestingActivities,EquityAttributableToOwnersOfParent,,,ProfitLoss,CashFlowsFromUsedInOperatingActivities,,AdjustmentsForSharebasedPayments,7327000.0,,,,,,,,,,,,,,,,,,,,,,ineligible:gate0_status,,,,false
MB,2027265,MASTERBEEF GROUP,"",Nasdaq,5812,Retail-Eating  Places,ifrs-full,20-F,HKD,1231,2024,2024-12-31,false,false,"",fail,"income_quality,sbc,ni_vs_oi","goodwill,intangibles",never_acquired,never_acquired,never_acquired,"",,true,true,false,false,,28543464.0,,fiscal_year,false,,-709135.0,,,55150286.0,0.07619743623819644,,,,false,,,503975453.0,4235545.0,,60166184.0,11991530.0,false,false,true,28664899.0,48883789.0,false,true,false,,,0.35228946449579457,false,false,true,,,,false,,,false,,,28543464.0,0.0,0.0,117336010.0,62185724.0,12845765.0,false,PASS,,NOT_EVALUABLE,true,FAIL,,NOT_EVALUABLE,,NOT_EVALUABLE,,,NOT_EVALUABLE,false,PASS,,0,insufficient,true,,,,,,,,,,false,0,,,,0.9911987522158183,,,,,,false,false,,false,false,false,,,,,,,,,,,,,,,,,,,,,false,,,34038855.0,,,-12181442.0,,1543768.0,,,35614151.0,2026-09-21,PurchaseOfPropertyPlantAndEquipmentClassifiedAsInvestingActivities,Equity,,,ProfitLoss,CashFlowsFromUsedInOperatingActivities,,,2713707.0,,,,,,,,,,,,,,,,,,,,,,ineligible:gate0_status,,,,false
SAGT,2029138,SAGTEC GLOBAL LIMITED,"",Nasdaq,7372,Services-Prepackaged Software,ifrs-full,6-K,MYR,1231,2024,2024-12-31,false,false,"",unknown,"income_quality,ni_vs_oi","goodwill,intangibles",never_acquired,never_acquired,never_acquired,"",,false,false,false,true,,16792131.0,47634119.0,latest_q,false,,812926.0,796492.0,0.00031604223581208535,-4747352.0,0.2487717794810929,,,,false,,0.07374925925925926,51999379.0,1602879.0,,5764742.0,4894732.0,false,false,true,5562631.0,57084.0,false,false,false,,,3.013286891084184,true,false,false,"",2024-10-01,2025-09-30,false,186517.0,,false,,16434.0,16792131.0,0.0,0.0,-1484637.0,3262715.0,10800000.0,false,PASS,,NOT_EVALUABLE,false,PASS,false,PASS,false,PASS,false,,NOT_EVALUABLE,false,PASS,,0,insufficient,true,,,,,,,,0.07374925925925926,,false,1,,,,1.0797802886009993,,83404641.0,847352.0,10273751.0,27088184.0,false,false,19276.0,false,false,false,-17020226.0,,,47634119.0,1319579.0,2721168.0,12750000.0,2025-09-30,,,,,,0,,,,,,0,false,,,1624383.0,,,-4894732.0,,1094920.0,,,9538393.0,2026-09-21,PurchaseOfPropertyPlantAndEquipmentClassifiedAsInvestingActivities,EquityAttributableToOwnersOfParent,,,ProfitLoss,CashFlowsFromUsedInOperatingActivities,,ExpenseFromSharebasedPaymentTransactionsWithEmployees,2372883.0,,,2846632.0,,,17219568.0,2438965.0,,,,,,,,,,,,,,,ineligible:gate0_status,,,,false
TDIC,2041338,Dreamland Limited,"",Nasdaq,8741,Services-Management Services,ifrs-full,20-F,HKD,331,2025,2025-03-31,false,false,ni_vs_oi,fail,"fcf,sbc",goodwill,never_acquired,never_acquired,reported,"",,true,true,false,false,,5819393.0,,fiscal_year,false,-2.4889348478951083,,,,,0.14616904875707806,8.307389278474204,,,false,,,45804377.0,6425533.0,773472.0,-15992733.0,,false,false,false,0.0,261979.0,false,false,false,,,,false,false,true,,,,false,,0.14028207391621111,false,-0.09518117847262773,,8926594.0,0.0,3107201.0,17135719.0,,,false,PASS,true,FAIL,,NOT_EVALUABLE,,NOT_EVALUABLE,,NOT_EVALUABLE,,true,FAIL,false,PASS,,0,insufficient,true,,,,,,,,,,false,0,0.01688642113831174,,,-0.27463412883468213,falling,,,,,false,false,,false,false,false,,,,,,,,,,,,,,,,,,,,,false,,,449514.0,,,-14765561.0,,,,0.01688642113831174,7525533.0,2026-09-21,,Equity,,IntangibleAssetsOtherThanGoodwill,ProfitLoss,CashFlowsFromUsedInOperatingActivities,ProfitLossFromOperatingActivities,,1100000.0,,,,,,,,,,,,,,,,,,,,,,ineligible:gate0_status,,,,false
MAGH,2046117,Magnitude International Ltd,"",Nasdaq,1731,Electrical Work,ifrs-full,20-F,SGD,430,2025,2025-04-30,false,false,tax_anomaly,fail,sbc,"goodwill,intangibles",never_acquired,never_acquired,never_acquired,"",,true,true,false,false,,599545.0,,fiscal_year,false,-28.124916479377998,-982100.0,,,-1576973.0,-0.724096433872197,0.46464304361937825,,,false,,,15358387.0,32926.0,70863.0,-926041.0,19472.0,false,false,false,10054.0,36587.0,false,false,false,,,,false,false,true,,,,false,,0.0021438449232982605,false,0.036150460451320976,,599545.0,0.0,0.0,759891.0,2336864.0,33350000.0,false,PASS,true,FAIL,true,FAIL,,NOT_EVALUABLE,,NOT_EVALUABLE,,false,PASS,true,FAIL,,0,insufficient,true,,,,,,,,,,false,0,0.00461396108849191,,,-8.85004712789901,falling,,,,,false,false,,false,false,false,,,,,,,,,,,,,,,,,,,,,false,,,,1600000.0,,-452762.0,3064.0,14917.0,,0.00461396108849191,24929.0,2026-09-21,PurchaseOfPropertyPlantAndEquipmentClassifiedAsInvestingActivities,EquityAttributableToOwnersOfParent,,,ProfitLoss,CashFlowsFromUsedInOperatingActivities,ProfitLossFromOperatingActivities,,-18051.0,,,,,,,,,,,,,,,,,,,,,,ineligible:gate0_status,,,,false
PLSM,2064764,Pulsenmore Ltd.,"",Nasdaq,3841,Surgical & Medical Instruments & Apparatus,ifrs-full,20-F,ILS,1231,2025,2025-12-31,false,false,tax_anomaly,fail,"income_quality,ni_vs_oi","goodwill,intangibles",never_acquired,never_acquired,never_acquired,"",,false,false,false,true,,83090000.0,,fiscal_year,false,,-34188000.0,-34855000.0,0.01666500099940036,,-0.00006308352258390108,,,,false,,-5.409910745397385,40024000.0,-4970000.0,,-32876000.0,135000.0,false,false,true,10883000.0,1177000.0,false,false,false,,,,false,false,true,,,,false,,,false,,667000.0,83090000.0,0.0,0.0,21604000.0,,6442805.0,false,PASS,,NOT_EVALUABLE,true,FAIL,true,FAIL,false,PASS,false,,NOT_EVALUABLE,true,FAIL,,0,insufficient,true,,,,,,,,-5.409910745397385,,false,0,,,,0.9883032470342493,,,,,,false,false,,false,false,false,,,,,,,,,,,,,,,,,,,,,false,,,,,,13848000.0,1055000.0,42000.0,,,-15852000.0,2026-09-21,PurchaseOfPropertyPlantAndEquipmentClassifiedAsInvestingActivities,Equity,,,ProfitLoss,CashFlowsFromUsedInOperatingActivities,,AdjustmentsForSharebasedPayments,1000.0,,,,,,,,,,,,,,,,,,,,,,ineligible:gate0_status,,,,false
MICC,2071668,Magnum Ice Cream Co N.V.,"",NYSE,2024,Ice Cream & Frozen Desserts,ifrs-full,20-F,EUR,1231,2025,2025-12-31,false,false,"",fail,"","",reported,reported,reported,"",,false,false,false,true,,-616000000.0,,fiscal_year,false,1.5732899022801303,70000000.0,35000000.0,0.004424778761061947,,0.3131991051454139,0.5125208681135225,,-0.01731984829329962,false,,0.057161522129675,7910000000.0,307000000.0,599000000.0,483000000.0,357000000.0,false,false,false,0.0,56000000.0,false,false,false,,,,false,false,true,,,,false,,0.03881163084702908,false,0.09740089262273563,35000000.0,625000000.0,510000000.0,731000000.0,441000000.0,,612300000.0,true,FAIL,false,PASS,false,PASS,false,PASS,false,PASS,false,false,PASS,false,PASS,false,1,insufficient,true,,,,,,,,0.057161522129675,,false,1,0.07572692793931732,,,1.7465186457271067,falling,,,,,false,false,,false,false,false,,,,,,,,,,,,,,,,,,,,,false,,,,83000000.0,-137000000.0,-315000000.0,,,,0.07572692793931732,447000000.0,2026-09-21,PurchaseOfPropertyPlantAndEquipmentClassifiedAsInvestingActivities,EquityAttributableToOwnersOfParent,Goodwill,IntangibleAssetsOtherThanGoodwill,ProfitLoss,CashFlowsFromUsedInOperatingActivities,ProfitLossFromOperatingActivities,AdjustmentsForSharebasedPayments,140000000.0,,,,,,,,,,,,,,,,,,,,,,ineligible:gate0_status,,,,false
QNC,2106613,Quantum eMotion Corp,"",NYSE,7372,Services-Prepackaged Software,ifrs-full,40-F,CAD,1231,2025,2025-12-31,false,false,"",fail,"sbc,ni_vs_oi,tax_anomaly",goodwill,never_acquired,never_acquired,reported,"",,false,false,false,true,,41931907.0,,fiscal_year,false,0.3860657185379958,-4104260.0,-10937869.0,,,,,,,false,,-0.058585438973396846,,-10548287.0,,-4072332.0,31928.0,false,false,false,,,true,false,false,,,,false,false,true,,,,false,,,false,,6833609.0,42238991.0,0.0,307084.0,246653.0,,186699446.0,false,PASS,true,FAIL,true,FAIL,true,FAIL,,NOT_EVALUABLE,,,NOT_EVALUABLE,,NOT_EVALUABLE,,0,insufficient,true,,,,,,,,-0.058585438973396846,,false,0,,,,0.5487948025593792,,,,,,false,false,,false,false,false,,,,,,,,,,,,,,,,,,,,,false,,,,,,-41342267.0,,,,,,2026-09-21,PurchaseOfPropertyPlantAndEquipmentClassifiedAsInvestingActivities,Equity,,IntangibleAssetsOtherThanGoodwill,ProfitLoss,CashFlowsFromUsedInOperatingActivities,,AdjustmentsForSharebasedPayments,,,,,,,,,,,,,,,,,,,,,,,ineligible:gate0_status,,,,false
SNY,1121404,Sanofi,"",Nasdaq,2834,Pharmaceutical Preparations,ifrs-full,20-F,EUR,1231,2025,2025-12-31,true,false,ni_vs_oi,pass,"sbc,tax_anomaly","",reported,reported,reported,"",,false,false,false,true,,3815000000.0,9294000000.0,fiscal_year,false,1.369252324544644,6879000000.0,6566000000.0,,-11045000000.0,,1.2375472887767969,,,false,0.7637831251903746,5.380203212061619,,7851000000.0,6344000000.0,10750000000.0,3538000000.0,false,false,false,,333000000.0,false,false,false,,,,false,false,false,"",2024-07-01,2025-06-30,true,270000000.0,,false,,313000000.0,71376000000.0,41300000000.0,26261000000.0,7657000000.0,18702000000.0,1220400000.0,false,PASS,false,PASS,false,PASS,false,PASS,,NOT_EVALUABLE,,true,FAIL,,NOT_EVALUABLE,,1,5y,false,,,-0.05212970244413029,0.06919291639965741,6.317597252176691,3.8505105296745374,4.327546203696295,5.380203212061619,1.0526570083653235,false,7,,,,1.6242377199516973,falling,,9192000000.0,11214000000.0,2811000000.0,false,false,292000000.0,false,false,false,7841000000.0,40283000000.0,20431000000.0,70008000000.0,15359000000.0,20519000000.0,1225500000.0,2025-06-30,,,,,,0,,,,,,0,false,9394000000.0,5015000000.0,,,1548000000.0,-2447000000.0,,,,,,2026-09-21,PurchaseOfPropertyPlantAndEquipmentIntangibleAssetsOtherThanGoodwillInvestmentPropertyAndOtherNoncurrentAssets,EquityAttributableToOwnersOfParent,Goodwill,IntangibleAssetsOtherThanGoodwill,ProfitLoss,CashFlowsFromUsedInOperatingActivities,ProfitLossFromOperatingActivities,AdjustmentsForSharebasedPayments,1043000000.0,554000000.0,3988000000.0,,,8243000000.0,,1536000000.0,,,,,,,,,,,,,,,ineligible:min_revenue,,,,false
JXG,1546383,JX Luxventure group inc.,"",Nasdaq,5000,Wholesale-Durable Goods,ifrs-full,20-F,USD,1231,2024,2024-12-31,true,true,"",pass,"",goodwill,never_acquired,never_acquired,reported,"",,false,false,false,true,,4969526.0,,fiscal_year,false,2.5078432055103006,7311916.0,7164916.0,0.0029494211590430615,-459537.0,0.19492371986405563,0.8021569826356295,,,false,,4.216727627981979,49840288.0,3073807.0,3831927.0,7708626.0,396710.0,false,false,false,0.0,,true,false,false,false,0.0,,false,false,true,,,,false,,0.06167313880690256,false,-0.6933690051923432,147000.0,20902536.0,0.0,15933010.0,1184456.0,1643993.0,1699165.0,false,PASS,false,PASS,false,PASS,false,PASS,false,PASS,false,false,PASS,false,PASS,,0,insufficient,false,-0.026612283515750956,0.24796037786756786,,,-34.278011206029596,,,4.216727627981979,,false,1,0.07688412635175784,0.02462035611052936,0.05226377024122848,0.5115817351103574,,,,,,false,false,,false,false,false,,,,,,,,,,,,,,,,,,,,,false,,,,,,-12011122.0,239848.0,12250970.0,,0.07688412635175784,3818032.0,2026-09-21,PurchaseOfPropertyPlantAndEquipmentClassifiedAsInvestingActivities,EquityAttributableToOwnersOfParent,,IntangibleAssetsOtherThanGoodwill,ProfitLoss,CashFlowsFromUsedInOperatingActivities,ProfitLossFromOperatingActivities,AdjustmentsForSharebasedPayments,744225.0,,,,,,,,,,,,,,,,,,,,,,ineligible:min_revenue,,,,false
FMFC,2024656,Kandal M Venture Limited,"",Nasdaq,3100,Leather & Leather Products,ifrs-full,20-F,USD,331,2025,2025-03-31,true,true,"",pass,sbc,"goodwill,intangibles",never_acquired,never_acquired,never_acquired,"",,true,true,false,false,,378104.0,,fiscal_year,false,10.180447649435072,2043139.0,,,-1859272.0,0.08421342278361592,0.5592517810608748,,,false,,,17186677.0,209673.0,374917.0,2134565.0,16710.0,false,true,false,0.0,74716.0,false,false,false,true,-565129.0,,false,false,true,,,,false,,0.012199740531575708,true,0.0734388991372954,,378104.0,0.0,0.0,102697.0,1961969.0,16000000.0,false,PASS,false,PASS,false,PASS,,NOT_EVALUABLE,,NOT_EVALUABLE,,false,PASS,false,PASS,,0,insufficient,true,,,,,,,,,,false,0,0.02181439727993957,,,5.301656759685694,rising,,,,,false,false,,false,false,false,,,,,,,,,,,,,,,,,,,,,false,,,,,,-581839.0,,16710.0,,0.02181439727993957,228954.0,2026-09-21,PurchaseOfPropertyPlantAndEquipmentClassifiedAsInvestingActivities,Equity,,,ProfitLoss,CashFlowsFromUsedInOperatingActivities,ProfitLossFromOperatingActivities,,19281.0,,,,,,,,,,,,,,,,,,,,,,ineligible:min_revenue,,,,false
ELE,2086771,ELEMENTAL ROYALTY CORPORATION,"",Nasdaq,1040,Gold and Silver Ores,ifrs-full,40-F,USD,1231,2025,2025-12-31,true,true,"",pass,"","goodwill,intangibles",never_acquired,never_acquired,never_acquired,"",,false,false,false,true,,780415000.0,,fiscal_year,false,17.38769751693002,30807000.0,28371000.0,0.05581651123891575,53143000.0,0.7178343949044586,0.3355425108880894,,,false,,0.9464819518392111,43643000.0,1772000.0,5281000.0,30811000.0,4000.0,false,true,false,0.0,,true,false,false,,,0.00024451372333272203,false,false,true,,,,false,,0.040602158421740024,true,,2436000.0,780415000.0,0.0,0.0,53143000.0,0.0,29975215.0,false,PASS,false,PASS,false,PASS,false,PASS,false,PASS,false,false,PASS,false,PASS,,0,insufficient,true,,,,,,,,0.9464819518392111,,false,1,0.12100451389684486,,,2.078464143080396,,,,,,false,false,,false,false,false,,,,,,,,,,,,,,,,,,,,,false,,,16359000.0,,,-56325000.0,5000.0,4000.0,5231000.0,0.12100451389684486,6280000.0,2026-09-21,PurchaseOfPropertyPlantAndEquipmentClassifiedAsInvestingActivities,Equity,,,ProfitLoss,CashFlowsFromUsedInOperatingActivities,ProfitLossFromOperatingActivities,AdjustmentsForSharebasedPayments,4508000.0,,,,,,,,,,,,,,,,,,,,,,ineligible:min_revenue,,,,false
RMTHF,876779,MAGIC SOFTWARE ENTERPRISES LTD.,"",OTC,7372,Services-Prepackaged Software,ifrs-full,20-F,USD,1231,2024,2024-12-31,true,true,"",pass,ni_vs_oi,"",reported,reported,reported,"",,false,false,false,true,,231145000.0,,fiscal_year,false,1.7286040978494375,67269000.0,65662000.0,0.002908492000289582,53485000.0,0.20740035518775518,,,-0.3089082748135814,false,,1.33733053858909,552520000.0,43291000.0,,74833000.0,1535000.0,false,true,false,0.0,6029000.0,false,false,false,true,-21122000.0,0.07393314709565553,false,false,true,,,,false,,0.0783519148628104,false,,1607000.0,277190000.0,758000.0,45287000.0,112779000.0,59294000.0,49099305.0,false,PASS,false,PASS,false,PASS,false,PASS,false,PASS,false,,NOT_EVALUABLE,false,PASS,true,1,5y,false,0.04778200933695964,,0.3557856274275504,0.12593462004484568,0.5366185544317323,0.7390484275417503,0.7390484275417503,1.33733053858909,0.5982821110473396,false,6,,,,1.5250699752004904,rising,,,,,false,false,,false,false,false,,,,,,,,,,,,,,,,,,,,,false,,,20762000.0,,-170678000.0,-22612000.0,45000.0,1535000.0,,,54619000.0,2026-09-21,PurchaseOfPropertyPlantAndEquipmentClassifiedAsInvestingActivities,EquityAttributableToOwnersOfParent,Goodwill,IntangibleAssetsOtherThanGoodwill,ProfitLoss,CashFlowsFromUsedInOperatingActivities,,AdjustmentsForSharebasedPayments,11328000.0,,,,,,,,,,,,,,,,,,,,,,growth,,,,false
HIMX,1342338,"Himax Technologies, Inc.","",Nasdaq,3674,Semiconductors & Related Devices,ifrs-full,20-F,USD,1231,2025,2025-12-31,true,false,ni_vs_oi,pass,"","",reported,reported,reported,"",,false,false,false,true,,862689000.0,,fiscal_year,false,3.092810601877416,116742000.0,116012000.0,0.0008772214431374245,,0.17482275320320045,1.0260390699360922,0.0007017771545099397,0.0023180276216604,true,0.03891838775299107,0.33238022656818533,832173000.0,45275000.0,44126000.0,140027000.0,20125000.0,false,false,false,0.0,3160000.0,false,false,false,true,757000.0,0.8925007760876313,false,false,true,,,,false,,0.054405754572666984,false,0.04570628329180012,730000.0,893392000.0,28138000.0,2565000.0,257504000.0,,349034000.0,false,PASS,false,PASS,false,PASS,false,PASS,false,PASS,false,true,FAIL,false,PASS,false,0,5y,false,-0.11519137330229057,-0.01274261759301798,0.2215513237333504,0.04219808858676166,0.18234758819624092,0.27032351001423166,-0.11787853411030394,0.33238022656818533,0.45025876067848924,true,6,0.05302503205463287,0.06528476854032877,-0.012259736485695907,2.5464410643710953,rising,,,,,false,false,,false,false,false,,,,,,,,,,,,,,,,,,,,,true,584000.0,4515000.0,22549000.0,64934000.0,1929000.0,-20349000.0,0.0,21106000.0,,0.05302503205463287,54867000.0,2026-09-21,PurchaseOfPropertyPlantAndEquipmentClassifiedAsInvestingActivities,EquityAttributableToOwnersOfParent,Goodwill,IntangibleAssetsOtherThanGoodwill,ProfitLoss,CashFlowsFromUsedInOperatingActivities,ProfitLossFromOperatingActivities,AdjustmentsForSharebasedPayments,9592000.0,,,,,,,,,,,,,,,,,,,,,,growth,,,,false
B,756894,BARRICK MINING CORP,"",NYSE,1040,Gold and Silver Ores,ifrs-full,6-K,USD,1231,2025,2025-12-31,true,true,"",pass,ni_vs_oi,"",reported,reported,reported,"",,false,false,false,true,,23375000000.0,21584000000.0,fiscal_year,false,1.0747833379927314,3856000000.0,3586000000.0,0.01592356687898089,2059000000.0,0.18750709823963657,,,-0.0037154989384288748,false,,2.1007615700058584,16956000000.0,7154000000.0,,7689000000.0,3821000000.0,false,false,false,0.0,12000000.0,false,false,false,,,2.0047219307450157,false,false,false,"",2024-07-01,2025-06-30,true,24000000.0,0.42191554611936777,false,,270000000.0,26557000000.0,3034000000.0,148000000.0,6706000000.0,4647000000.0,1707000000.0,false,PASS,false,PASS,false,PASS,false,PASS,false,PASS,false,,NOT_EVALUABLE,false,PASS,false,0,5y,false,0.15470910306736108,0.061267945988718875,1.1842836572114819,0.028217596544178436,0.2015810276679842,1.827896512935883,0.5875995449374289,2.1007615700058584,1.5131620250684295,false,7,,,,1.4800096714113817,falling,13824000000.0,4004000000.0,5113000000.0,3398000000.0,false,false,116000000.0,false,false,false,1575000000.0,3097000000.0,148000000.0,24829000000.0,4802000000.0,4656000000.0,1721000000.0,2025-06-30,-0.011752506049083997,-0.009094088842252535,0.11613130956583127,0.16413662239089183,0.06528927837280113,4,9.894736842105264,-0.6272189349112426,4.396825396825397,0.16176470588235295,-2.4174872076932092,0,false,,,1906000000.0,890000000.0,-63000000.0,-1236000000.0,2718000000.0,3647000000.0,43000000.0,,8805000000.0,2026-09-21,PurchaseOfPropertyPlantAndEquipmentClassifiedAsInvestingActivities,EquityAttributableToOwnersOfParent,Goodwill,IntangibleAssetsOtherThanGoodwill,ProfitLoss,CashFlowsFromUsedInOperatingActivities,,AdjustmentsForSharebasedPayments,1651000000.0,,,1808000000.0,688000000.0,,5323000000.0,1319000000.0,,,,,,,,,,,,,,,growth,,,,false
NOK,924613,Nokia Corporation,"",NYSE,3663,Radio & Tv Broadcasting & Communications Equipment,ifrs-full,20-F,EUR,1231,2025,2025-12-31,true,true,"",pass,"","",reported,reported,reported,"",,false,false,false,true,,13572000000.0,,fiscal_year,false,3.1378787878787877,1244000000.0,907000000.0,0.016944039418774197,2049000000.0,0.30273224043715846,0.7457627118644068,0.0869827542862889,0.04308914475338126,true,-0.22712238147739802,0.16747059940072484,19889000000.0,660000000.0,885000000.0,2071000000.0,606000000.0,false,false,false,22000000.0,221000000.0,false,false,false,,,0.5415549597855228,false,false,true,,,,false,,0.03318417215546282,false,0.08198505061973696,337000000.0,20967000000.0,5996000000.0,1399000000.0,5462000000.0,3413000000.0,5415876000.0,false,PASS,false,PASS,false,PASS,false,PASS,false,PASS,false,false,PASS,false,PASS,false,0,5y,false,-0.05756932997732567,-0.01864904106398091,0.22858639268549785,-0.006281512072083273,0.09030701177838553,0.17283103289883256,-0.10750168931226062,0.16747059940072484,0.27497228871298546,true,6,0.044496958117552415,0.040499725425590334,0.003997232691962081,2.5387479359128844,rising,,,,,false,false,,false,false,false,,,,,,,,,,,,,,,,,,,,,true,1730000000.0,-206000000.0,1119000000.0,759000000.0,857000000.0,-1396000000.0,,,,0.044496958117552415,915000000.0,2026-09-21,PurchaseOfPropertyPlantAndEquipmentIntangibleAssetsOtherThanGoodwillInvestmentPropertyAndOtherNoncurrentAssets,EquityAttributableToOwnersOfParent,Goodwill,IntangibleAssetsOtherThanGoodwill,ProfitLoss,CashFlowsFromUsedInOperatingActivities,ProfitLossFromOperatingActivities,AdjustmentsForSharebasedPayments,277000000.0,,,,,,,,,,,,,,,,,,,,,,growth,,,,false
KMDA,1567529,KAMADA LTD,"",Nasdaq,2834,Pharmaceutical Preparations,ifrs-full,6-K,USD,1231,2025,2025-12-31,true,true,"",pass,"",intangibles,structured_absence_asc350,reported,structured_absence_asc350,"",,false,false,false,true,,238757000.0,99878000.0,fiscal_year,false,1.262006139221705,14672000.0,13827000.0,0.004682478111492852,,0.13930199855115694,0.7699462509053482,,,false,,0.239858851210543,180460000.0,20198000.0,26233000.0,25490000.0,9846000.0,false,false,false,0.0,972000.0,false,false,false,true,-9846000.0,0.660008043973723,false,false,false,"",2024-10-01,2025-09-30,true,1194000.0,0.11192508035021612,false,0.07061514605070202,845000.0,269070000.0,30313000.0,0.0,75469000.0,,57646403.0,false,PASS,false,PASS,false,PASS,false,PASS,false,PASS,false,false,PASS,false,PASS,true,0,5y,false,0.11742182974309312,0.0625401619097663,-0.2188425432215776,-0.03481687991532589,0.5031992682490567,0.2863565749678455,0.5979034985539009,0.239858851210543,-0.3580446473433579,false,2,0.1453673944364402,0.14437206370172462,0.0009953307347155826,1.6912864024878056,rising,174787000.0,20444000.0,28322000.0,9995000.0,false,false,561000.0,false,false,false,16572000.0,30313000.0,135041000.0,265232000.0,71997000.0,10741000.0,,2025-09-30,0.10033215584963358,0.16647233411066356,0.05372951591636843,0.12625778629611883,-0.003496592685483936,1,25.862623762376238,-0.19193742478941034,-0.45156578106454853,-0.6601622778635073,-7.982798647699438,0,false,,,14918000.0,11534000.0,,-9838000.0,8000.0,,,0.1453673944364402,23467000.0,2026-09-21,PurchaseOfPropertyPlantAndEquipmentIntangibleAssetsOtherThanGoodwillInvestmentPropertyAndOtherNoncurrentAssets,Equity,Goodwill,,ProfitLoss,CashFlowsFromUsedInOperatingActivities,ProfitLossFromOperatingActivities,AdjustmentsForSharebasedPayments,3269000.0,,,15217000.0,,27760000.0,21192000.0,748000.0,,,,,,,,,,,,,,,growth,,,,false
NVO,353278,NOVO NORDISK A/S,"",NYSE,2834,Pharmaceutical Preparations,ifrs-full,20-F,DKK,1231,2025,2025-12-31,true,true,"",pass,"","",reported,reported,reported,"",,false,false,false,true,,63994000000.0,,fiscal_year,false,1.162719409571041,58962000000.0,57527000000.0,0.0046430512774053275,-104494000000.0,0.21530565343955876,0.8024095630512776,0.0,0.06222659384464059,true,0.024127800858727205,12.947783029484583,309064000000.0,102434000000.0,127658000000.0,119102000000.0,60140000000.0,false,false,false,0.0,,true,false,false,,,,false,false,true,,,,false,,0.3314329718116636,false,0.44163247381178933,1435000000.0,194047000000.0,19845000000.0,110208000000.0,26464000000.0,130958000000.0,4443000000.0,false,PASS,false,PASS,false,PASS,false,PASS,false,PASS,false,false,PASS,false,PASS,true,0,5y,false,0.2042851902310494,0.19477432144485918,-0.034623464125661085,-0.07778933792553433,14.391471328300888,19.410857363211793,15.788653497873057,12.947783029484583,-2.8408704683884736,false,7,0.4130471358682991,0.4263702676728688,-0.013323131804569677,1.2206666253711054,falling,,,,,false,false,,false,false,false,,,,,,,,,,,,,,,,,,,,,true,0.0,1388000000.0,,51763000000.0,19232000000.0,-79158000000.0,,,,0.4130471358682991,130540000000.0,2026-09-21,PurchaseOfPropertyPlantAndEquipmentClassifiedAsInvestingActivities,Equity,Goodwill,IntangibleAssetsOtherThanGoodwill,ProfitLoss,CashFlowsFromUsedInOperatingActivities,ProfitLossFromOperatingActivities,AdjustmentsForSharebasedPayments,28106000000.0,,,,,,,,,,,,,,,,,,,,,,growth,,,,false
TIMB,1826168,TIM S.A.,"",NYSE,4813,Telephone Communications (No Radiotelephone),ifrs-full,20-F,BRL,1231,2025,2025-12-31,true,true,"",pass,"","goodwill,intangibles",never_acquired,never_acquired,never_acquired,"",,false,false,false,true,,23977391000.0,,fiscal_year,false,3.1169106842697003,7335181000.0,7318183000.0,0.0006384292252301912,831601000.0,0.05439175475673195,0.6796914013044071,,,false,,3.0321001802724514,26624721000.0,4311984000.0,6344032000.0,13440069000.0,4541495000.0,false,false,false,0.0,1563393000.0,false,false,false,,,0.6416637243212366,false,false,true,,,,false,,0.16195414780121076,false,0.19792393966021413,16998000.0,23977391000.0,0.0,0.0,3610324000.0,2778723000.0,2413569000.0,false,PASS,false,PASS,false,PASS,false,PASS,false,PASS,false,false,PASS,false,PASS,,0,5y,false,0.07335065630428295,0.09045952604971452,0.36918401278409574,-0.7263121779811608,1.181294243998147,1974.5411028732603,1325.2733650873524,3.0321001802724514,-1322.24126490708,false,7,0.23827599921140957,0.1623266456688317,0.07594935354257787,3.801437651655155,falling,,,,,false,false,,false,false,false,,,,,,,,,,,,,,,,,,,,,false,,,7077687000.0,5360083000.0,,-3560621000.0,,,,0.23827599921140957,4560011000.0,2026-09-21,PurchaseOfPropertyPlantAndEquipmentClassifiedAsInvestingActivities,Equity,,,ProfitLoss,CashFlowsFromUsedInOperatingActivities,ProfitLossFromOperatingActivities,AdjustmentsForSharebasedPayments,248027000.0,,,,,,,,,,,,,,,,,,,,,,growth,,,,false
MTLS,1091223,MATERIALISE NV,"",Nasdaq,7372,Services-Prepackaged Software,ifrs-full,20-F,EUR,1231,2024,2024-12-31,true,false,ni_vs_oi,pass,"","",reported,reported,reported,"",,false,false,false,true,,175214000.0,,fiscal_year,false,2.346412054304043,3685000.0,3400000.0,0.0010683560437088823,61020000.0,0.05184242167055662,1.421331636980492,0.010008809251588476,-0.004715761063107979,true,,0.057561751908849275,266765000.0,13406000.0,9432000.0,31456000.0,24649000.0,false,false,false,0.0,3122000.0,false,false,false,,,7.72453776245691,false,false,true,,,,false,,0.05025396884898694,false,-0.012378083207268246,285000.0,248578000.0,43391000.0,29973000.0,102304000.0,41284000.0,59067000.0,false,PASS,false,PASS,false,PASS,false,PASS,false,PASS,false,true,FAIL,false,PASS,true,0,5y,false,0.09095683549201095,0.06285537085257431,-0.40087178369979326,-0.7992633372975324,0.2676545823410073,176.6039875271662,176.6039875271662,0.057561751908849275,-176.54642577525735,false,2,0.03535696212021817,0.03526558503958226,0.00009137708063590433,-1.664966844955001,rising,,,,,false,false,,false,false,false,,,,,,,,,,,,,,,,,,,,,true,2670000.0,,3191000.0,,-1258000.0,-28588000.0,,,,0.03535696212021817,14139000.0,2026-09-21,PurchaseOfPropertyPlantAndEquipmentClassifiedAsInvestingActivities,EquityAttributableToOwnersOfParent,Goodwill,IntangibleAssetsOtherThanGoodwill,ProfitLoss,CashFlowsFromUsedInOperatingActivities,ProfitLossFromOperatingActivities,AdjustmentsForSharebasedPayments,733000.0,,,,,,,,,,,,,,,,,,,,,,growth,,,,false
ASAIY,1834048,Sendas Distributor S.A.,"",OTC,5411,Retail-Grocery Stores,ifrs-full,20-F,BRL,1231,2024,2024-12-31,true,true,"",pass,"","goodwill,intangibles",never_acquired,never_acquired,never_acquired,"",,false,false,false,true,,5255000000.0,3595000000.0,fiscal_year,false,6.413524057217165,2996000000.0,3060000000.0,-0.0008669854644468226,-10547000000.0,0.17754010695187167,0.20005202913631634,,,false,,2.2649888971132492,73819000000.0,769000000.0,3844000000.0,4932000000.0,1647000000.0,false,false,false,0.0,289000000.0,false,false,false,,,1.0042682926829267,false,false,true,"capex,dep_amort,dividends,lease_payments,net_income,ocf,operating_income,pretax_income,revenue,sbc,tax_expense",,,false,,0.010417372221243852,true,0.05227439471753485,-64000000.0,5255000000.0,0.0,0.0,5628000000.0,16175000000.0,1351000000.0,false,PASS,false,PASS,false,PASS,false,PASS,false,PASS,false,false,PASS,false,PASS,,0,5y,false,0.20779053462072694,0.21324364327513146,0.6923956516713801,-0.9479730070028607,0.46726190476190477,5941860.465116279,5941860.465116279,2.2649888971132492,-5941858.200127382,false,6,0.05207331445833729,0.06060821878783562,-0.008534904329498334,6.3428363497119635,rising,,,,,false,false,,false,false,false,,,,3595000000.0,4210000000.0,12013000000.0,1347.0,2022-09-30,,,,,,0,,,,,,0,false,,,1640000000.0,129000000.0,,-1670000000.0,,,,0.05207331445833729,935000000.0,2026-09-21,PurchaseOfPropertyPlantAndEquipmentClassifiedAsInvestingActivities,Equity,,,ProfitLoss,CashFlowsFromUsedInOperatingActivities,ProfitLossFromOperatingActivities,AdjustmentsForSharebasedPayments,166000000.0,,,,,,,,,,,,,,,,,,,,,,growth,,,,false
PHI,78150,PLDT Inc.,"",NYSE,4813,Telephone Communications (No Radiotelephone),ifrs-full,20-F,PHP,1231,2024,2024-12-31,true,true,"",pass,sbc,"",reported,reported,reported,"",,true,true,false,false,,50955000000.0,,fiscal_year,false,2.510551374596836,3984000000.0,,,-271575000000.0,0.23746281591830043,0.6448194584744588,,0.0005949278938169006,false,,,216833000000.0,32555000000.0,50487000000.0,81731000000.0,65668000000.0,false,false,false,0.0,12079000000.0,false,false,false,,,1.1728941916124884,false,false,true,,,,false,,0.15013858591635038,false,-0.024784451121049902,,115419000000.0,62941000000.0,1523000000.0,10011000000.0,281586000000.0,216056000.0,false,PASS,false,PASS,false,PASS,,NOT_EVALUABLE,,NOT_EVALUABLE,,false,PASS,false,PASS,false,0,insufficient,true,0.04104110296609487,,,,,,,,,false,0,0.23283817500103768,,,4.268717110761588,falling,,,,,false,false,,false,false,false,,,,,,,,,,,,,,,,,,,,,false,,,55988000000.0,20750000000.0,129000000.0,-65704000000.0,,,,0.23283817500103768,42693000000.0,2026-09-21,PurchaseOfPropertyPlantAndEquipmentClassifiedAsInvestingActivities,EquityAttributableToOwnersOfParent,Goodwill,IntangibleAssetsOtherThanGoodwill,ProfitLoss,CashFlowsFromUsedInOperatingActivities,ProfitLossFromOperatingActivities,,10138000000.0,,,,,,,,,,,,,,,,,,,,,,growth,,,,false
BP,313807,BP PLC,"",NYSE,2911,Petroleum Refining,ifrs-full,6-K,USD,1231,2025,2025-12-31,true,true,"",pass,"","",reported,reported,reported,"",,false,false,false,true,,34555000000.0,34789000000.0,fiscal_year,false,18.913513513513514,8181000000.0,7104000000.0,0.005593381424987925,-21402000000.0,0.8328169377743352,0.10243632336655592,0.004855906808137149,-0.031353058182592486,true,,,192549000000.0,1295000000.0,12642000000.0,24493000000.0,13221000000.0,false,false,false,0.0,3091000000.0,false,false,false,true,-12189000000.0,0.741835933116373,false,false,false,"",2024-07-01,2025-06-30,true,2971000000.0,0.0067255607663503835,true,0.1283750798002178,1077000000.0,53052000000.0,10300000000.0,8197000000.0,36556000000.0,57958000000.0,,false,PASS,false,PASS,false,PASS,false,PASS,false,PASS,false,false,PASS,false,PASS,false,0,insufficient,false,-0.08199715962515464,0.12036832049469393,,,,,,,,false,0,0.06565601483258807,-0.19930691798529493,0.26496293281788297,14.38060774080551,rising,191975000000.0,1661000000.0,23293000000.0,14703000000.0,false,false,1122000000.0,false,false,false,4497000000.0,15180000000.0,9271000000.0,59240000000.0,35067000000.0,60346000000.0,,2025-06-30,0.8486621628810043,-0.2881333985555204,-0.02483882050971119,-0.011875647668393783,-0.2318318853602385,2,1.7543682795698925,-0.6535317799194827,0.6327464788732394,-0.34548199266767304,-0.5013272557919974,0,true,935000000.0,,17822000000.0,5611000000.0,-6037000000.0,-11504000000.0,1887000000.0,1202000000.0,,0.06565601483258807,7746000000.0,2026-09-21,PurchaseOfPropertyPlantAndEquipmentIntangibleAssetsOtherThanGoodwillInvestmentPropertyAndOtherNoncurrentAssets,EquityAttributableToOwnersOfParent,Goodwill,IntangibleAssetsOtherThanGoodwill,ProfitLoss,CashFlowsFromUsedInOperatingActivities,ProfitLossFromOperatingActivities,AdjustmentsForSharebasedPayments,6451000000.0,-34000000.0,,,5510000000.0,11655000000.0,6908000000.0,5247000000.0,,,,,,,,,,,,,,,growth,,,,false
SSL,314590,Sasol Limited,"",NYSE,1311,Crude Petroleum & Natural Gas,ifrs-full,20-F,ZAR,630,2025,2025-06-30,true,true,"",pass,"","goodwill,intangibles",never_acquired,never_acquired,never_acquired,"",,false,false,false,true,,152427000000.0,155553000000.0,fiscal_year,false,4.958322547243076,9886000000.0,8972000000.0,0.003669268073353245,-62269000000.0,0.370949356782283,0.410542536797917,,,false,,14.058288937637105,249096000000.0,7726000000.0,18819000000.0,38308000000.0,25345000000.0,false,false,false,0.0,3077000000.0,false,false,false,,,1.81009855734895,false,false,true,"capex,lease_payments,net_income,ocf,operating_income,pretax_income,revenue,tax_expense",,,false,,0.031016154414362333,false,0.07428476748039324,914000000.0,152427000000.0,0.0,0.0,41050000000.0,103319000000.0,638200000.0,false,PASS,false,PASS,false,PASS,false,PASS,false,PASS,false,false,PASS,false,PASS,,0,3y,false,-0.02978171651122208,0.05524916591400153,-0.14849042317574657,,22.770043206913105,-15.24842207476938,-41.9104768083036,14.058288937637105,55.9687657459407,true,1,0.0755491858560555,-0.5879485415014157,0.6634977273574713,2.6937524730077,rising,,,,,false,false,,false,false,false,,,,155553000000.0,27758000000.0,126341000000.0,616200000.0,2020-12-31,,,,,,0,,,,,,0,false,,,14002000000.0,233000000.0,,-25886000000.0,,,,0.0755491858560555,12282000000.0,2026-09-21,PurchaseOfPropertyPlantAndEquipmentClassifiedAsInvestingActivities,EquityAttributableToOwnersOfParent,,,ProfitLoss,CashFlowsFromUsedInOperatingActivities,ProfitLossFromOperatingActivities,AdjustmentsForSharebasedPayments,4556000000.0,,,,,,,,,,,,,,,,,,,,,,growth,,,,false
ERIC,717826,ERICSSON LM TELEPHONE CO,"",Nasdaq,3663,Radio & Tv Broadcasting & Communications Equipment,ifrs-full,20-F,SEK,1231,2025,2025-12-31,true,true,"",pass,sbc,"",reported,reported,reported,"",,true,false,true,true,,57022000000.0,,fiscal_year,false,1.147663160827471,28209000000.0,,,11223000000.0,0.25032635371521067,0.7432313506238029,0.004643380752996649,-0.04866465833759364,true,,,236681000000.0,28714000000.0,38634000000.0,32954000000.0,2630000000.0,false,false,false,0.0,2115000000.0,false,false,false,,,,false,false,true,,,,false,,0.1213194130496322,false,-0.0771821637282562,,109535000000.0,46882000000.0,5631000000.0,43926000000.0,32703000000.0,3333000000.0,false,PASS,false,PASS,false,PASS,,NOT_EVALUABLE,,NOT_EVALUABLE,,false,PASS,false,PASS,false,0,insufficient,false,-0.044772840786438506,0.003665952851988008,,,,,2.573805202661827,,,false,0,0.16323236761717247,0.11966091484143035,0.04357145277574212,41.521745941033274,rising,,,,,false,false,,false,false,false,,,,,,,,,,,,,,,,,,,,,true,1099000000.0,,,9545000000.0,-11518000000.0,-11437000000.0,,,,0.16323236761717247,38302000000.0,2026-09-21,PurchaseOfPropertyPlantAndEquipmentClassifiedAsInvestingActivities,EquityAttributableToOwnersOfParent,Goodwill,IntangibleAssetsOtherThanGoodwill,ProfitLoss,CashFlowsFromUsedInOperatingActivities,ProfitLossFromOperatingActivities,,9588000000.0,,,,,,,,,,,,,,,,,,,,,,growth,,,,false
CMCL,766011,Caledonia Mining Corp Plc,"",NYSE,1040,Gold and Silver Ores,ifrs-full,20-F,USD,1231,2024,2024-12-31,true,true,"",pass,sbc,"goodwill,intangibles",never_acquired,never_acquired,never_acquired,"",,true,true,false,false,,201993000.0,211265000.0,fiscal_year,false,1.8198577253405048,14296000.0,,,1831000.0,0.4313691636040747,0.5278655492970646,,,false,,,183018000.0,23054000.0,43674000.0,41955000.0,27477000.0,false,false,false,0.0,182000.0,false,false,false,false,0.0,1.7150614818051308,false,false,false,"",2023-10-01,2024-09-30,true,190000.0,0.12596575200253526,false,0.21246885601272505,,201993000.0,0.0,0.0,1831000.0,0.0,19201007.0,false,PASS,false,PASS,false,PASS,,NOT_EVALUABLE,,NOT_EVALUABLE,,false,PASS,false,PASS,,0,insufficient,false,0.1468582128671696,0.1927107448197105,,,,,,,,false,0,0.2386322656787857,0.4854271621871126,-0.24679489650832692,0.5247087020917212,falling,174164000.0,9919000.0,31940000.0,25770000.0,false,false,,true,false,false,6170000.0,,,211265000.0,7204000.0,9137000.0,,2024-09-30,0.14249146757679182,0.06354244461040577,0.13116624729358067,,,0,,,,,,0,false,,,16021000.0,12302000.0,,-32055000.0,-3835000.0,28220000.0,,0.2386322656787857,40543000.0,2026-09-21,PurchaseOfPropertyPlantAndEquipmentClassifiedAsInvestingActivities,EquityAttributableToOwnersOfParent,,,ProfitLoss,CashFlowsFromUsedInOperatingActivities,ProfitLossFromOperatingActivities,,17489000.0,,,16543000.0,12043000.0,29455000.0,26458000.0,16539000.0,,,,,,,,,,,,,,,growth,,,,true
RIO,863064,RIO TINTO PLC,"",NYSE,1000,Metal Mining,ifrs-full,20-F,USD,1231,2025,2025-12-31,true,true,"",pass,sbc,"",reported,reported,reported,"",,true,true,false,false,,54027000000.0,50482000000.0,fiscal_year,false,1.6423065664942922,3975000000.0,,,-13059000000.0,0.2964717188358045,0.686194429566149,0.10447968354210764,0.08058919462854366,true,,,57638000000.0,10249000000.0,14936000000.0,16832000000.0,12335000000.0,false,false,false,0.0,522000000.0,false,false,false,true,-12954000000.0,1.87547514064163,false,false,false,"",2024-07-01,2025-06-30,true,478000000.0,0.17781671813733996,false,0.2742917414555615,,62203000000.0,2949000000.0,5227000000.0,8872000000.0,21931000000.0,1624000000.0,false,PASS,false,PASS,false,PASS,,NOT_EVALUABLE,,NOT_EVALUABLE,,false,PASS,false,PASS,true,0,insufficient,false,0.012351170642700415,0.0525758193880046,,,,,,,,false,0,0.25913459870224503,0.3772387976059716,-0.11810419890372659,1.5044092129171525,rising,53729000000.0,10220000000.0,15467000000.0,10337000000.0,false,false,,true,false,false,5130000000.0,2556000000.0,5165000000.0,58203000000.0,9015000000.0,22031000000.0,1635600000.0,2025-06-30,,,,,,0,,,,,,0,true,6022000000.0,,6577000000.0,6410000000.0,4645000000.0,-19335000000.0,26000000.0,6407000000.0,,0.25913459870224503,14568000000.0,2026-09-21,PurchaseOfPropertyPlantAndEquipmentIntangibleAssetsOtherThanGoodwillInvestmentPropertyAndOtherNoncurrentAssets,EquityAttributableToOwnersOfParent,Goodwill,IntangibleAssetsOtherThanGoodwill,ProfitLoss,CashFlowsFromUsedInOperatingActivities,ProfitLossFromOperatingActivities,,4319000000.0,6368000000.0,,6055000000.0,7078000000.0,14365000000.0,14237000000.0,4017000000.0,,,,,,,,,,,,,,,growth,,,,true
KEP,887225,KOREA ELECTRIC POWER CORPORATION,"",NYSE,4911,Electric Services,ifrs-full,20-F,KRW,1231,2024,2024-12-31,true,true,"",pass,sbc,"",reported,reported,reported,"",,true,true,false,false,,38769139000000.0,,fiscal_year,false,4.383284446466672,1047251000000.0,,,-130150421000000.0,0.3109582387921764,0.4280648508614556,,0.00013995725670598816,false,,,92578265000000.0,3621968000000.0,8461260000000.0,15876116000000.0,14216037000000.0,false,false,false,0.0,612828000000.0,false,false,true,,,1.0279528548611863,false,false,true,,,,false,,0.03912330826247392,false,-0.4570141472466258,,39915236000000.0,99179000000.0,1046918000000.0,2382979000000.0,132533400000000.0,641964077.0,false,PASS,false,PASS,false,PASS,,NOT_EVALUABLE,,NOT_EVALUABLE,,false,PASS,false,PASS,false,0,insufficient,false,0.15546308302969858,0.09589666956878284,,,,,,,,false,0,0.09139575039562471,-0.0291545657923372,0.12055031618796191,1.6738583215161107,rising,,,,,false,false,,false,false,false,,,,,,,,,,,,,,,,,,,,,false,,,13829464000000.0,126903000000.0,12957000000.0,-14093107000000.0,,,,0.09139575039562471,5256529000000.0,2026-09-21,PurchaseOfPropertyPlantAndEquipmentClassifiedAsInvestingActivities,EquityAttributableToOwnersOfParent,Goodwill,IntangibleAssetsOtherThanGoodwill,ProfitLoss,CashFlowsFromUsedInOperatingActivities,ProfitLossFromOperatingActivities,,1634561000000.0,,,,,,,,,,,,,,,,,,,,,,growth,,,,false
CCU,888746,UNITED BREWERIES CO INC,"",NYSE,2082,Malt Beverages,ifrs-full,20-F,CLP,1231,2024,2024-12-31,true,false,tax_anomaly,pass,sbc,"",reported,reported,reported,"",,true,true,false,false,,1118967231000.0,,fiscal_year,false,1.6285766099354375,118324958000.0,,,,-0.06654438731828241,0.6722776947950803,0.00018990269588784557,0.043208063229941855,true,,,2904566454000.0,176544797000.0,262606953000.0,287516727000.0,152916896000.0,false,false,false,0.0,16274873000.0,false,false,false,,,1.1362198892552469,false,false,true,,,,false,,0.06078180678457977,false,0.08068112279859867,,1525183185000.0,161583233000.0,244632721000.0,707122815000.0,,,false,PASS,false,PASS,false,PASS,,NOT_EVALUABLE,,NOT_EVALUABLE,,false,PASS,true,FAIL,false,0,insufficient,false,0.053420430367105975,0.09769280225885013,,,,,,,,false,0,0.09041175581930755,0.12837301871234977,-0.03796126289304222,1.4836774131058303,rising,,,,,false,false,,false,false,false,,,,,,,,,,,,,,,,,,,,,true,551585000.0,,134583893000.0,81797392000.0,125500691000.0,-118294251000.0,,,,0.09041175581930755,165529723000.0,2026-09-21,PurchaseOfPropertyPlantAndEquipmentClassifiedAsInvestingActivities,EquityAttributableToOwnersOfParent,Goodwill,IntangibleAssetsOtherThanGoodwill,ProfitLoss,CashFlowsFromUsedInOperatingActivities,ProfitLossFromOperatingActivities,,-11015074000.0,,,,,,,,,,,,,,,,,,,,,,growth,,,,false
SQM,909037,CHEMICAL & MINING CO OF CHILE INC,"",NYSE,1400,Mining & Quarrying of  Nonmetallic Minerals (No Fuels),ifrs-full,20-F,USD,1231,2024,2024-12-31,true,true,"",pass,sbc,"",reported,reported,reported,"",,true,true,false,false,,4991903000.0,,fiscal_year,false,1.8424435672358244,280598000.0,,,-4726009000.0,0.28999275461969964,0.6490686726122011,,0.002668279469815254,false,,,4528761000.0,691841000.0,1065898000.0,1274678000.0,971792000.0,false,false,false,0.0,22288000.0,false,false,false,true,-131218000.0,,false,false,true,,,,false,,0.15276606559719094,false,0.5164380484414567,,5160819000.0,948000.0,167968000.0,1377851000.0,6103860000.0,285637916.0,false,PASS,false,PASS,false,PASS,,NOT_EVALUABLE,,NOT_EVALUABLE,,false,PASS,false,PASS,false,0,insufficient,false,0.16525415038221758,0.18432812918126418,,,,,,,,false,0,0.23536194557407644,0.2231131553696515,0.01224879020442493,0.8909287583801483,rising,,,,,false,false,,false,false,false,,,,,,,,,,,,,,,,,,,,,false,,,,67219000.0,12084000.0,-1213992000.0,-93535000.0,989239000.0,,0.23536194557407644,974414000.0,2026-09-21,PurchaseOfPropertyPlantAndEquipmentClassifiedAsInvestingActivities,EquityAttributableToOwnersOfParent,Goodwill,IntangibleAssetsOtherThanGoodwill,ProfitLoss,CashFlowsFromUsedInOperatingActivities,ProfitLossFromOperatingActivities,,282573000.0,,,,,,,,,,,,,,,,,,,,,,growth,,,,false
AKO-A,925261,Andina Bottling Co Inc,"",NYSE,2086,Bottled & Canned Soft Drinks & Carbonated Waters,ifrs-full,20-F,CLP,1231,2025,2025-12-31,true,true,"",pass,"sbc,ni_vs_oi","",reported,reported,reported,"",,true,true,false,false,,300780759000.0,,fiscal_year,false,1.7048647185570005,168858777000.0,,,,0.2894035425736756,,,0.005546755902671051,false,,,3344835851000.0,270477415000.0,,461127402000.0,277822215000.0,false,false,false,0.0,14446410000.0,false,false,false,,,,false,false,true,,,,false,,0.08086418199539921,false,,,1157398797000.0,137128318000.0,719489720000.0,296539709000.0,,946570604.0,false,PASS,false,PASS,false,PASS,,NOT_EVALUABLE,,NOT_EVALUABLE,,,NOT_EVALUABLE,false,PASS,false,0,insufficient,false,0.0797777581768675,0.14517811444346895,,,,,,,,false,0,,,,1.7764630947229414,falling,,,,,false,false,,false,false,false,,,,,,,,,,,,,,,,,,,,,false,,,,195890117000.0,18552988000.0,-248575357000.0,,,,,380634342000.0,2026-09-21,PurchaseOfPropertyPlantAndEquipmentClassifiedAsInvestingActivities,EquityAttributableToOwnersOfParent,Goodwill,IntangibleAssetsOtherThanGoodwill,ProfitLoss,CashFlowsFromUsedInOperatingActivities,,,110156927000.0,,,,,,,,,,,,,,,,,,,,,,growth,,,,false
TGS,931427,GAS TRANSPORTER OF THE SOUTH INC.,"",NYSE,4922,Natural Gas Transmission,ifrs-full,20-F,ARS,1231,2024,2024-12-31,true,true,"",pass,sbc,"goodwill,intangibles",never_acquired,never_acquired,never_acquired,"",,true,true,false,false,,2233510395000.0,,fiscal_year,false,1.3079796726478636,193594761000.0,,,-520135947000.0,0.36409276101722854,0.6606533570692128,,,false,,,1219766287000.0,370163706000.0,560299440000.0,484166603000.0,289810806000.0,false,false,false,211000.0,761036000.0,false,false,false,,,2.235056026323135,false,false,true,,,,false,,0.30347100911471575,false,0.31878902457388403,,2233510395000.0,0.0,0.0,59973684000.0,580109631000.0,752761058.0,false,PASS,false,PASS,false,PASS,,NOT_EVALUABLE,,NOT_EVALUABLE,,false,PASS,false,PASS,,0,insufficient,false,0.31229973686861,0.6498238771041436,,,,,,,,false,0,0.45934983280940606,0.4068780834257921,0.05247174938361393,3.4882226186209153,rising,,,,,false,false,,false,false,false,,,,,,,,,,,,,,,,,,,,,false,,,129666014000.0,,,-384897866000.0,,,,0.45934983280940606,582102974000.0,2026-09-21,PurchaseOfPropertyPlantAndEquipmentClassifiedAsInvestingActivities,EquityAttributableToOwnersOfParent,,,ProfitLossAttributableToOwnersOfParent,CashFlowsFromUsedInOperatingActivities,ProfitLossFromOperatingActivities,,211939479000.0,,,,,,,,,,,,,,,,,,,,,,growth,,,,false
SKM,1015650,"SK Telecom Co., Ltd.","",NYSE,4812,Radiotelephone Communications,ifrs-full,20-F,KRW,1231,2024,2024-12-31,true,true,"",pass,"","",reported,reported,reported,"",,false,false,false,true,,7431263000000.0,,fiscal_year,false,3.6675822492331096,2218578000000.0,2211882000000.0,0.0003732314772592168,2023416000000.0,0.21266741023916358,0.8203478462464707,,-0.03727755284115495,false,,,17940609000000.0,1387095000000.0,1690862000000.0,5087285000000.0,2487360000000.0,false,false,false,0.0,381347000000.0,false,false,false,,,0.6722794461456962,false,false,true,,,,false,,0.07731593726835026,false,0.09213235987135028,6696000000.0,11698627000000.0,2072493000000.0,2194871000000.0,2023721000000.0,305000000.0,,false,PASS,false,PASS,false,PASS,false,PASS,false,PASS,false,false,PASS,false,PASS,false,0,insufficient,false,0.023182302750985206,0.030791117608985008,,,,2966.6619713136456,2966.6619713136456,,,false,0,0.0942477482230397,0.06402610305848351,0.030221645164556193,4.4760134253528845,falling,,,,,false,false,,false,false,false,,,,,,,,,,,,,,,,,,,,,false,,,3699890000000.0,804317000000.0,-668782000000.0,-2711827000000.0,,,,0.0942477482230397,1761765000000.0,2026-09-21,PurchaseOfPropertyPlantAndEquipmentClassifiedAsInvestingActivities,EquityAttributableToOwnersOfParent,Goodwill,IntangibleAssetsOtherThanGoodwill,ProfitLoss,CashFlowsFromUsedInOperatingActivities,ProfitLossFromOperatingActivities,AdjustmentsForSharebasedPayments,374670000000.0,,,,,,,,,,,,,,,,,,,,,,growth,,,,false
APWC,1026980,ASIA PACIFIC WIRE & CABLE CORPORATION LIMITED,"",Nasdaq,3357,Drawing & Insulating of  Nonferrous Wire,ifrs-full,20-F,USD,1231,2024,2024-12-31,true,true,"",pass,sbc,goodwill,never_acquired,never_acquired,reported,"",,true,true,false,false,,154848000.0,,fiscal_year,false,3.699756394640682,20083000.0,,,5065000.0,0.2995627599445452,0.6562749800159872,,,false,,,472672000.0,6568000.0,10008000.0,24300000.0,4217000.0,false,false,false,0.0,,true,false,false,false,0.0,,false,false,true,,,,false,,0.013895470855053821,false,0.018592141380478596,,154958000.0,0.0,110000.0,34035000.0,28970000.0,20616227.0,false,PASS,false,PASS,false,PASS,,NOT_EVALUABLE,,NOT_EVALUABLE,,false,PASS,false,PASS,,0,insufficient,false,-0.0027959668776122992,0.06927035977779195,,,,,,,,false,0,0.021173244871708078,-0.0019192098414951503,0.023092454713203227,-5.028508276375253,rising,,,,,false,false,,false,false,false,,,,,,,,,,,,,,,,,,,,,false,,,,1000.0,,-3373000.0,1150000.0,4523000.0,,0.021173244871708078,9377000.0,2026-09-21,PurchaseOfPropertyPlantAndEquipmentClassifiedAsInvestingActivities,EquityAttributableToOwnersOfParent,,IntangibleAssetsOtherThanGoodwill,ProfitLoss,CashFlowsFromUsedInOperatingActivities,ProfitLossFromOperatingActivities,,2809000.0,,,,,,,,,,,,,,,,,,,,,,growth,,,,false
LTM,1047716,LATAM Airlines Group S.A.,"",NYSE,4512,"Air Transportation, Scheduled",ifrs-full,20-F,USD,1231,2025,2025-12-31,true,true,"",pass,sbc,goodwill,structured_absence_asc350,structured_absence_asc350,reported,"",,true,true,false,false,,215633000.0,,fiscal_year,false,2.55342688142141,1961278000.0,,,-5938413000.0,0.09579591972905281,0.6266483354156516,,,false,,,14265056000.0,1463561000.0,2335538000.0,3737096000.0,1775818000.0,false,false,false,0.0,,true,false,false,true,-104483000.0,1.0796079697338337,false,false,true,,,,false,,0.10259763438713455,false,0.09262155427312184,,1345594000.0,0.0,1129961000.0,2150113000.0,8088526000.0,589302090735.0,false,PASS,false,PASS,false,PASS,,NOT_EVALUABLE,,NOT_EVALUABLE,,false,PASS,false,PASS,,0,insufficient,false,0.1506949982926029,0.29454236542864076,,,,,,,,false,0,0.1637244186072596,-1.1545541453951114,1.3182785640023709,3.2079118119587218,falling,,,,,false,false,,false,false,false,,,,,,,,,,,,,,,,,,,,,false,,,1644873000.0,605181000.0,,-1579823000.0,300478000.0,1775818000.0,,0.1637244186072596,1618618000.0,2026-09-21,PurchaseOfPropertyPlantAndEquipmentClassifiedAsInvestingActivities,EquityAttributableToOwnersOfParent,,IntangibleAssetsOtherThanGoodwill,ProfitLoss,CashFlowsFromUsedInOperatingActivities,ProfitLossFromOperatingActivities,,155057000.0,,,,,,,,,,,,,,,,,,,,,,growth,,,,false
GGB,1073404,GERDAU S.A.,"",NYSE,3310,"Steel Works, Blast Furnaces & Rolling & Finishing Mills",ifrs-full,20-F,BRL,1231,2025,2025-12-31,true,true,"",pass,"","",reported,reported,reported,"",,false,false,false,true,,40898301000.0,,fiscal_year,false,5.63116188370588,818050000.0,668840000.0,0.002135887997188375,,0.43811931880526706,0.37935603203793034,0.010007625124444355,-0.02242516347180041,true,,,69858532000.0,1418438000.0,3739068000.0,7987454000.0,6681620000.0,false,false,false,0.0,487784000.0,false,false,false,,,1.8138905441302426,false,false,true,,,,false,,0.020304434682366358,true,0.1516724592607045,149210000.0,53585393000.0,11995727000.0,691365000.0,5929170000.0,,,false,PASS,false,PASS,false,PASS,false,PASS,false,PASS,false,false,PASS,false,PASS,false,0,insufficient,false,-0.0535973125019793,0.09779184395431573,,,,,,,,false,0,0.053523426458488996,0.11855358187068936,-0.06503015541220036,3.194574534873959,rising,,,,,false,false,,false,false,false,,,,,,,,,,,,,,,,,,,,,true,699118000.0,,3683585000.0,1285673000.0,-1566589000.0,-7573666000.0,,,,0.053523426458488996,2524447000.0,2026-09-21,PurchaseOfPropertyPlantAndEquipmentClassifiedAsInvestingActivities,EquityAttributableToOwnersOfParent,Goodwill,IntangibleAssetsOtherThanGoodwill,ProfitLoss,CashFlowsFromUsedInOperatingActivities,ProfitLossFromOperatingActivities,AdjustmentsForSharebasedPayments,1106009000.0,,,,,,,,,,,,,,,,,,,,,,growth,,,,false
CX,1076378,CEMEX SAB DE CV,"",NYSE,3241,"Cement, Hydraulic",ifrs-full,20-F,USD,1231,2024,2024-12-31,true,true,"",pass,sbc,"",reported,reported,reported,"",,true,false,true,true,,2815000000.0,,fiscal_year,false,1.9729166666666667,894000000.0,,,-4665000000.0,0.06836734693877551,0.5271828665568369,,-0.010432098765432099,false,,,16200000000.0,960000000.0,1821000000.0,1894000000.0,1000000000.0,false,false,false,47000000.0,,true,false,false,true,968000000.0,0.8,false,false,true,,,,false,,0.05925925925925926,false,0.05936352509179926,,12176000000.0,7441000000.0,1920000000.0,864000000.0,5529000000.0,43405354000.0,false,PASS,false,PASS,false,PASS,,NOT_EVALUABLE,,NOT_EVALUABLE,,false,PASS,false,PASS,true,1,insufficient,false,0.040547979545522805,0.04565568975122036,,,0.022436945045394473,0.014803848348496337,0.014803848348496337,,,false,0,0.11240740740740741,0.07446562234740335,0.03794178506000406,1.9729166666666667,,,,,,false,false,,false,false,false,,,,,,,,,,,,,,,,,,,,,false,,,1250000000.0,90000000.0,-169000000.0,-328000000.0,,1296000000.0,,0.11240740740740741,980000000.0,2026-09-21,PurchaseOfPropertyPlantAndEquipmentClassifiedAsInvestingActivities,EquityAttributableToOwnersOfParent,Goodwill,IntangibleAssetsOtherThanGoodwill,ProfitLoss,CashFlowsFromUsedInOperatingActivities,ProfitLossFromOperatingActivities,,67000000.0,,,,,,,,,,,,,,,,,,,,,,growth,,,,false
PBR,1119639,PETROBRAS - PETROLEO BRASILEIRO SA,"",NYSE,1311,Crude Petroleum & Natural Gas,ifrs-full,20-F,USD,1231,2024,2024-12-31,true,true,"",pass,sbc,"goodwill,intangibles",never_acquired,never_acquired,never_acquired,"",,true,true,false,false,,59106000000.0,,fiscal_year,false,4.994608809993426,15445000000.0,,,-19891000000.0,0.3174474959612278,0.28296621521059684,,,false,,,91416000000.0,7605000000.0,26876000000.0,37984000000.0,14644000000.0,false,false,false,0.0,7895000000.0,false,false,false,true,-32424000000.0,1.1734914656623128,false,false,true,,,,false,,0.08319112627986348,false,0.45884281054678083,,59106000000.0,0.0,0.0,3271000000.0,23162000000.0,,false,PASS,false,PASS,false,PASS,,NOT_EVALUABLE,,NOT_EVALUABLE,,false,PASS,false,PASS,,0,insufficient,false,0.028741476435768076,0.03602721304326595,,,,,,,,false,0,0.29399667454274964,0.2691509224562274,0.024845752086522233,2.692031359085004,rising,,,,,false,false,,false,false,false,,,,,,,,,,,,,,,,,,,,,false,,,12479000000.0,11656000000.0,,-13369000000.0,19055000000.0,,,0.29399667454274964,11142000000.0,2026-09-21,PurchaseOfPropertyPlantAndEquipmentIntangibleAssetsOtherThanGoodwillInvestmentPropertyAndOtherNoncurrentAssets,EquityAttributableToOwnersOfParent,,,ProfitLoss,CashFlowsFromUsedInOperatingActivities,ProfitLossFromOperatingActivities,,3537000000.0,,,,,,,,,,,,,,,,,,,,,,growth,,,,false
TRX,1173643,TRX GOLD Corporation,"",NYSE,1040,Gold and Silver Ores,ifrs-full,6-K,USD,831,2025,2025-08-31,true,true,"",pass,"sbc,ni_vs_oi","goodwill,intangibles",never_acquired,never_acquired,never_acquired,"",,true,false,true,true,,57273000.0,53810000.0,latest_q,false,2.4794395370088336,3491000.0,,,,0.5458255516358858,,,,false,,,57613000.0,6566000.0,,16280000.0,12789000.0,false,false,false,0.0,,true,false,false,true,-913000.0,3.3244086301013778,false,false,false,"",2024-12-01,2025-11-30,false,,0.11396733376147744,false,,,57273000.0,0.0,0.0,7770000.0,,,false,PASS,false,PASS,false,PASS,,NOT_EVALUABLE,,NOT_EVALUABLE,,,NOT_EVALUABLE,false,PASS,,0,insufficient,false,0.5628071212906003,,,,,-0.04367287143142058,,,,false,0,,,,3.1008157017892386,rising,70202000.0,3933000.0,17919000.0,13102000.0,false,false,,true,false,false,4817000.0,,,53810000.0,9162000.0,997000.0,,2025-11-30,0.08919179993560158,0.3321990642279881,0.22920772566022862,1.0048690932311621,0.2644040541318922,1,,-1.5315934065934067,,1.7131782945736433,,0,false,,,3847000.0,,,-14359000.0,,13446000.0,,,14457000.0,2026-09-21,PurchaseOfPropertyPlantAndEquipmentClassifiedAsInvestingActivities,EquityAttributableToOwnersOfParent,,,ProfitLoss,CashFlowsFromUsedInOperatingActivities,,,7891000.0,,,4049000.0,,,15159000.0,11226000.0,,,,,,,,,,,,,,,growth,,,,false
CPAC,1221029,CEMENTOS PACASMAYO SAA,"",NYSE,3241,"Cement, Hydraulic",ifrs-full,20-F,PEN,1231,2024,2024-12-31,true,true,"",pass,sbc,intangibles,never_acquired,reported,never_acquired,"",,true,true,false,false,,1208639000.0,,fiscal_year,false,1.6147881835323696,251397000.0,,,,0.3285491935837832,0.5085887891814758,,,false,,,1978071000.0,198875000.0,391033000.0,321141000.0,64318000.0,false,false,false,0.0,5426000.0,false,false,false,,,0.4064431328438002,false,false,true,,,,false,,0.10053986939801453,false,0.1679398188629448,,1213098000.0,4459000.0,0.0,72723000.0,,428107.0,false,PASS,false,PASS,false,PASS,,NOT_EVALUABLE,,NOT_EVALUABLE,,false,PASS,false,PASS,,0,insufficient,false,,0.0726963372049485,,,,,,,,false,0,0.19768400628693308,0.19424485226908,0.00343915401785308,1.5627913401614677,rising,,,,,false,false,,false,false,false,,,,,,,,,,,,,,,,,,,,,false,,121258000.0,158246000.0,175046000.0,,-76609000.0,,,,0.19768400628693308,296187000.0,2026-09-21,PurchaseOfPropertyPlantAndEquipmentClassifiedAsInvestingActivities,Equity,Goodwill,,ProfitLoss,CashFlowsFromUsedInOperatingActivities,ProfitLossFromOperatingActivities,,97312000.0,,,,,,,,,,,,,,,,,,,,,,growth,,,,false
GRVY,1313310,"GRAVITY CO., LTD.","",Nasdaq,7374,Services-Computer Processing & Data Preparation,ifrs-full,20-F,KRW,1231,2024,2024-12-31,true,true,"",pass,sbc,goodwill,never_acquired,never_acquired,reported,"",,true,true,false,false,,560615000000.0,,fiscal_year,false,0.9252432215966644,73416000000.0,,,,0.20165119843531082,0.9943549142696524,,,false,,,500845000000.0,84902000000.0,85384000000.0,78555000000.0,614000000.0,false,true,false,0.0,4525000000.0,false,false,true,,,0.10194255354474514,false,false,true,,,,false,,0.16951751539897572,false,0.2258497297343934,,567672000000.0,0.0,7057000000.0,228898000000.0,,6948900.0,false,PASS,false,PASS,false,PASS,,NOT_EVALUABLE,,NOT_EVALUABLE,,false,PASS,false,PASS,,0,insufficient,false,0.06558806726874211,0.06769490058225003,,,,,,,,false,0,0.17047988898761093,0.13481287763147323,0.0356670113561377,1.0372943556023753,falling,,,,,false,false,,false,false,false,,,,,,,,,,,,,,,,,,,,,false,,100000000.0,6023000000.0,,,-47034000000.0,,,,0.17047988898761093,106347000000.0,2026-09-21,PurchaseOfPropertyPlantAndEquipmentClassifiedAsInvestingActivities,EquityAttributableToOwnersOfParent,,IntangibleAssetsOtherThanGoodwill,ProfitLoss,CashFlowsFromUsedInOperatingActivities,ProfitLossFromOperatingActivities,,21445000000.0,,,,,,,,,,,,,,,,,,,,,,growth,,,,false
HBM,1322422,Hudbay Minerals Inc.,"",NYSE,1000,Metal Mining,ifrs-full,40-F,USD,1231,2025,2025-12-31,true,true,"",pass,"","",reported,reported,reported,"",,false,false,false,true,,3151300000.0,,fiscal_year,false,1.253411306042885,203700000.0,142400000.0,0.02772501130710086,-439700000.0,0.38125,0.6157119476268412,,0.002261420171867933,false,,0.3600306302126585,2211000000.0,564300000.0,916500000.0,707300000.0,466700000.0,false,false,false,0.0,36900000.0,false,false,false,,,1.0577969174977335,false,false,true,,,,false,,0.25522388059701495,false,0.17579881656804733,61300000.0,3231000000.0,72600000.0,7100000.0,568900000.0,1008600000.0,395521903.0,false,PASS,false,PASS,false,PASS,false,PASS,false,PASS,false,false,PASS,false,PASS,false,0,3y,false,0.14798421785170168,0.15143646486619433,-0.12558060532484938,,0.538493053716856,-0.6609697946720697,0.061192897669373116,0.3600306302126585,0.2988377325432854,false,4,0.41451831750339213,-0.03404099895827421,0.44855931646166636,5.980413503901635,falling,,,,,false,false,,false,false,false,,,,,,,,,,,,,,,,,,,,,false,,,441200000.0,5600000.0,5000000.0,-468400000.0,24700000.0,469500000.0,-61800000.0,0.41451831750339213,912000000.0,2026-09-21,PurchaseOfPropertyPlantAndEquipmentClassifiedAsInvestingActivities,EquityAttributableToOwnersOfParent,Goodwill,IntangibleAssetsOtherThanGoodwill,ProfitLoss,CashFlowsFromUsedInOperatingActivities,ProfitLossFromOperatingActivities,AdjustmentsForSharebasedPayments,347700000.0,,,,,,,,,,,,,,,,,,,,,,growth,,,,false
CPA,1345105,"COPA HOLDINGS, S.A.","",NYSE,4512,"Air Transportation, Scheduled",ifrs-full,20-F,USD,1231,2025,2025-12-31,true,true,"",pass,"","goodwill,intangibles",never_acquired,never_acquired,never_acquired,"",,false,false,false,true,,2775423000.0,,fiscal_year,false,1.7128555433798656,275621000.0,269927000.0,0.0015738751104946568,-1597887000.0,0.13403901445314012,0.8201230829344535,,,false,0.03224946003919578,6.54241601628775,3617822000.0,671648000.0,818960000.0,1150436000.0,815726000.0,false,false,false,0.0,59089000.0,false,false,false,,,2.23403334647912,false,false,true,,,,false,,0.18564981914533107,false,0.2335050812784712,5694000.0,2775423000.0,0.0,0.0,382554000.0,1980441000.0,41258000.0,false,PASS,false,PASS,false,PASS,false,PASS,false,PASS,false,false,PASS,false,PASS,,0,3y,false,0.06857716192895946,0.3519561650334424,-0.14164019206451495,,10.344989034277125,-3229.133339606662,14435.60953793282,6.54241601628775,-14429.067121916532,false,5,0.22636824033907693,-0.5754410407951032,0.8018092811341802,1.7947921753032325,falling,,,,,false,false,,false,false,false,,,,,,,,,,,,,,,,,,,,,false,,8705000.0,365136000.0,265852000.0,,-1318476000.0,,30921000.0,695161000.0,0.22636824033907693,775610000.0,2026-09-21,PurchaseOfPropertyPlantAndEquipmentIntangibleAssetsOtherThanGoodwillInvestmentPropertyAndOtherNoncurrentAssets,Equity,,,ProfitLoss,CashFlowsFromUsedInOperatingActivities,ProfitLossFromOperatingActivities,AdjustmentsForSharebasedPayments,103962000.0,,,,,,,,,,,,,,,,,,,,,,growth,,,,false
EC,1444406,ECOPETROL S.A.,"",NYSE,1311,Crude Petroleum & Natural Gas,ifrs-full,20-F,COP,1231,2024,2024-12-31,true,true,"",pass,sbc,"",reported,reported,reported,"",,true,true,false,false,,58295533000000.0,49607961000000.0,fiscal_year,false,2.4394735355528376,35606475000000.0,,,-105910556000000.0,0.39757628572773057,0.48095251131886574,0.0011828132735012297,0.014982281463913099,true,,,133330428000000.0,18498875000000.0,38462997000000.0,45127516000000.0,9521041000000.0,false,false,false,0.0,,true,false,false,,,0.6264962625227154,false,false,false,acquisitions,2023-07-01,2024-06-30,true,,0.13874458574452336,false,0.3773532122876834,,79854603000000.0,5145785000000.0,16413285000000.0,14054475000000.0,119965031000000.0,,false,PASS,false,PASS,false,PASS,,NOT_EVALUABLE,,NOT_EVALUABLE,,false,PASS,false,PASS,false,0,insufficient,false,0.13214190399013948,0.13276182142134663,,,,,,,,false,0,0.28847876345225565,0.2941333846758483,-0.005654621223592671,1.4163163800889442,rising,133896824000000.0,19629258000000.0,37675441000000.0,9539220000000.0,false,false,,true,false,false,28136221000000.0,5012754000000.0,15648114000000.0,70268829000000.0,13236875000000.0,115019566000000.0,,2024-06-30,,,,,,0,,,,,,0,true,157705000000.0,,15197283000000.0,15565064000000.0,1997594000000.0,-22033982000000.0,,,,0.28847876345225565,30707415000000.0,2026-09-21,PurchaseOfPropertyPlantAndEquipmentClassifiedAsInvestingActivities,EquityAttributableToOwnersOfParent,Goodwill,IntangibleAssetsOtherThanGoodwill,ProfitLoss,CashFlowsFromUsedInOperatingActivities,ProfitLossFromOperatingActivities,,12208540000000.0,,,14574588000000.0,15202600000000.0,36808785000000.0,31295235000000.0,11665977000000.0,,,,,,,,,,,,,,,growth,,,,true
FNV,1456346,FRANCO NEVADA Corp,"",NYSE,1040,Gold and Silver Ores,ifrs-full,6-K,USD,1231,2025,2025-12-31,true,true,"",pass,"","goodwill,intangibles",never_acquired,never_acquired,never_acquired,"",,false,false,false,true,,7635300000.0,6602000000.0,fiscal_year,false,1.3431346101969248,1491300000.0,1485000000.0,0.0034562211981566822,,0.2146186440677966,0.8212228622064688,,,false,,7.706279190451479,1822800000.0,1112100000.0,1354200000.0,1493700000.0,2400000.0,false,true,false,0.0,,true,false,false,,,,false,false,false,"",2024-07-01,2025-06-30,true,,0.6101053324555629,false,-0.35110746513535684,6300000.0,7635300000.0,0.0,0.0,670900000.0,,192700000.0,false,PASS,false,PASS,false,PASS,false,PASS,false,PASS,false,false,PASS,false,PASS,,0,insufficient,false,0.11479252608663693,0.1230801210738166,,,,,,7.706279190451479,,false,2,0.7429229756418696,0.32983728680650853,0.41308568883536106,0.24012180372162675,rising,1334500000.0,785000000.0,1175800000.0,2200000.0,false,false,5600000.0,false,false,false,1168000000.0,,,6602000000.0,160300000.0,435000000.0,192600000.0,2025-06-30,0.0149812734082397,-0.06358217428328129,-0.21157926644437708,0.4202229911572472,0.10677280610859267,1,,,,,,0,false,,,,275100000.0,,-2033000000.0,,2400000.0,109900000.0,0.7429229756418696,1416000000.0,2026-09-21,PurchaseOfPropertyPlantAndEquipmentClassifiedAsInvestingActivities,Equity,,,ProfitLoss,CashFlowsFromUsedInOperatingActivities,ProfitLossFromOperatingActivities,AdjustmentsForSharebasedPayments,303900000.0,,,,260400000.0,958700000.0,1002400000.0,217400000.0,,,,,,,,,,,,,,,growth,,,,false
SPOT,1639920,Spotify Technology S.A.,"",NYSE,4832,Radio Broadcasting Stations,ifrs-full,20-F,EUR,1231,2025,2025-12-31,true,false,"tax_anomaly,ni_vs_oi",pass,"","",reported,reported,reported,"",,false,false,false,true,,7205000000.0,,fiscal_year,false,1.3259493670886076,2799000000.0,2552000000.0,0.014372163388804841,5258000000.0,0.00539568345323741,1.0063694267515924,0.000523682066798557,-0.007273362038868847,true,0.1720219435736677,12.423754138072823,17186000000.0,2212000000.0,2198000000.0,2933000000.0,61000000.0,false,true,false,0.0,73000000.0,false,false,false,,,,false,false,true,,,,false,,0.1287094146398231,false,-0.03366800030195516,247000000.0,8329000000.0,1083000000.0,41000000.0,5258000000.0,0.0,205412951.0,false,PASS,false,PASS,false,PASS,false,PASS,false,PASS,false,true,FAIL,true,FAIL,false,0,insufficient,false,0.13587173864705626,0.16877178264493797,,,-2.0887878728728664,-0.10128833052292867,1.6522935638927194,12.423754138072823,10.771460574180104,false,3,0.1278947980914698,-0.03718274111675127,0.16507753920822107,0.6899074146401353,rising,,,,,false,false,,false,false,false,,,,,,,,,,,,,,,,,,,,,true,9000000.0,439000000.0,,,-125000000.0,-1785000000.0,,,,0.1278947980914698,2224000000.0,2026-09-21,PurchaseOfPropertyPlantAndEquipmentClassifiedAsInvestingActivities,EquityAttributableToOwnersOfParent,Goodwill,IntangibleAssetsOtherThanGoodwill,ProfitLoss,CashFlowsFromUsedInOperatingActivities,ProfitLossFromOperatingActivities,AdjustmentsForSharebasedPayments,12000000.0,,,,,,,,,,,,,,,,,,,,,,growth,,,,false
RACE,1648416,Ferrari N.V.,"",NYSE,3711,Motor Vehicles & Passenger Car Bodies,ifrs-full,20-F,EUR,1231,2025,2025-12-31,true,true,"",pass,sbc,"",reported,reported,reported,"",,true,false,true,true,,1483254000.0,,fiscal_year,false,1.4687605500663952,1840271000.0,,,-1416509000.0,0.22490362879094414,0.7581665020315531,,0.012985728056102578,false,,,7145768000.0,1599516000.0,2109716000.0,2349306000.0,485210000.0,false,false,false,0.0,23825000.0,false,false,false,,,0.7330153775963574,false,false,true,,,,false,,0.22384102030740433,false,0.27090945514565307,,3906893000.0,785182000.0,1638457000.0,1467711000.0,2884220000.0,178125000.0,false,PASS,false,PASS,false,PASS,,NOT_EVALUABLE,,NOT_EVALUABLE,,false,PASS,false,PASS,false,0,insufficient,false,0.11933742456699536,0.15611180182438322,,,5.594866437681857,2.4012045063471965,4.993189374996653,,,false,0,0.2952399238262423,0.2069856841022143,0.08825423972402802,1.3655170609406095,rising,,,,,false,false,,false,false,false,,,,,,,,,,,,,,,,,,,,,false,,785329000.0,661937000.0,532158000.0,92793000.0,-944138000.0,,,,0.2952399238262423,2063635000.0,2026-09-21,PurchaseOfPropertyPlantAndEquipmentClassifiedAsInvestingActivities,EquityAttributableToOwnersOfParent,Goodwill,IntangibleAssetsOtherThanGoodwill,ProfitLoss,CashFlowsFromUsedInOperatingActivities,ProfitLossFromOperatingActivities,,464119000.0,,,,,,,,,,,,,,,,,,,,,,growth,,,,false
ENIC,1659939,ENEL CHILE S.A.,"",NYSE,4911,Electric Services,ifrs-full,20-F,CLP,1231,2024,2024-12-31,true,true,"",pass,sbc,"",reported,reported,reported,"",,true,true,false,false,,3776207053000.0,,fiscal_year,false,8.013411160780157,846901898000.0,,,,0.1545706365184447,0.5120981658689543,,0.02640826220510054,true,,,3904732890000.0,191042971000.0,373059276000.0,1530905876000.0,684003978000.0,false,false,false,0.0,,true,false,true,,,2.5031567972141344,false,false,true,,,,false,,0.048926002464665386,true,0.20834830286564346,,4958798421000.0,889242912000.0,293348456000.0,383399319000.0,,69166557.0,false,PASS,false,PASS,false,PASS,,NOT_EVALUABLE,,NOT_EVALUABLE,,false,PASS,false,PASS,false,0,insufficient,false,0.11331453423505433,0.08269573199953628,,,,,,,,false,0,0.095540280605468,0.20043419213608443,-0.10489391153061643,3.2067013796219825,rising,,,,,false,false,,false,false,false,,,,,,,,,,,,,,,,,,,,,false,,,273256545000.0,345072557000.0,103117210000.0,-696099404000.0,,,,0.095540280605468,225971535000.0,2026-09-21,PurchaseOfPropertyPlantAndEquipmentClassifiedAsInvestingActivities,EquityAttributableToOwnersOfParent,Goodwill,IntangibleAssetsOtherThanGoodwill,ProfitLoss,CashFlowsFromUsedInOperatingActivities,ProfitLossFromOperatingActivities,,34928564000.0,,,,,,,,,,,,,,,,,,,,,,growth,,,,false
LOMA,1711375,LOMA NEGRA COMPANIA INDUSTRIALARGENTINA SOCIEDAD ANONIMA,"",NYSE,3241,"Cement, Hydraulic",ifrs-full,20-F,ARS,1231,2024,2024-12-31,true,true,"",pass,ni_vs_oi,"",reported,reported,reported,"",,false,false,false,true,,789754536000.0,,fiscal_year,false,0.8118265261696525,49934267000.0,49251311000.0,0.0009767975106724006,-162347842000.0,0.3843902822853979,,,-0.0007944278209876666,false,,84.40945120749433,699178686000.0,153626515000.0,,124718080000.0,73047859000.0,false,false,false,0.0,1735954000.0,false,false,false,,,1.1664049962749792,false,false,true,,,,false,,0.21972425372245974,false,,682956000.0,793343878000.0,692222000.0,2897120000.0,8553363000.0,170901205000.0,583481000.0,false,PASS,false,PASS,false,PASS,false,PASS,false,PASS,false,,NOT_EVALUABLE,false,PASS,false,0,3y,false,0.16091869864667796,0.5752719190276676,0.0207893639421326,,79.35652972910889,,,84.40945120749433,,false,5,,0.023371594066945216,,8.984164559952898,falling,,,,,false,false,,false,false,false,,,,,,,,,,,,,,,,,,,,,false,,,62626497000.0,,-555447000.0,-72893912000.0,,,,,249551803000.0,2026-09-21,PurchaseOfPropertyPlantAndEquipmentClassifiedAsInvestingActivities,EquityAttributableToOwnersOfParent,Goodwill,IntangibleAssetsOtherThanGoodwill,ProfitLoss,CashFlowsFromUsedInOperatingActivities,,AdjustmentsForSharebasedPayments,95925288000.0,,,,,,,,,,,,,,,,,,,,,,growth,,,,false
CEPU,1717161,Central Puerto S.A.,"",NYSE,4911,Electric Services,ifrs-full,20-F,ARS,1231,2024,2024-12-31,true,true,"",pass,sbc,"goodwill,intangibles",never_acquired,never_acquired,never_acquired,"",,true,false,true,true,,1800050674000.0,,fiscal_year,false,4.215605592567966,115719887000.0,,,,0.5707855874899554,0.31061363085294535,,,false,,,738169736000.0,61254079000.0,197203448000.0,258223038000.0,142503151000.0,false,false,false,0.0,,true,false,false,,,,false,false,true,,,,false,,0.08298102186080411,false,0.610403524638096,,1800050674000.0,0.0,0.0,3842404000.0,,1502618381.0,false,PASS,false,PASS,false,PASS,,NOT_EVALUABLE,,NOT_EVALUABLE,,false,PASS,false,PASS,,0,insufficient,false,0.2870381679782823,0.5845504936533643,,,83.27794337024994,-7.617081719826105,-7.617081719826105,,,false,0,0.26715190068426214,0.7799805951085969,-0.5128286944243348,2.6641894859025266,rising,,,,,false,false,,false,false,false,,,,,,,,,,,,,,,,,,,,,false,,,,16651622000.0,,-164908031000.0,,,,0.26715190068426214,142712074000.0,2026-09-21,PurchaseOfPropertyPlantAndEquipmentClassifiedAsInvestingActivities,EquityAttributableToOwnersOfParent,,,ProfitLoss,CashFlowsFromUsedInOperatingActivities,ProfitLossFromOperatingActivities,,81457995000.0,,,,,,,,,,,,,,,,,,,,,,growth,,,,false
JBS,1791942,JBS N.V.,"",NYSE,2011,Meat Packing Plants,ifrs-full,20-F,USD,1231,2025,2025-12-31,true,true,"",pass,"","",reported,reported,reported,"",,false,false,false,true,,1025413000.0,970227000.0,fiscal_year,false,1.3148997754050602,400168000.0,371317000.0,0.0003347598054594287,4374138000.0,0.14903114073284796,0.5360493134442891,,0.005312274124734397,false,,0.3475095134843695,86184182000.0,2229792000.0,4159677000.0,2931953000.0,2099269000.0,false,false,false,0.0,432516000.0,false,false,false,true,-53932000.0,0.9093570772616222,false,false,false,"",2024-10-01,2025-09-30,true,428740000.0,0.02587240428875916,false,0.014867908763915933,28851000.0,8703580000.0,5852575000.0,1825592000.0,4565136000.0,190998000.0,1068508877.0,false,PASS,false,PASS,false,PASS,false,PASS,false,PASS,false,false,PASS,false,PASS,false,1,insufficient,true,,,,,,,,0.3475095134843695,,false,3,0.04826497047915359,,,-4.864259881356844,rising,83094813000.0,2253146000.0,2536210000.0,1790752000.0,false,false,25549000.0,false,false,false,291169000.0,5898192000.0,1848912000.0,8717331000.0,3558215000.0,212989000.0,1109058185000.0,2025-09-30,,,,,,0,,,,,,0,false,,,2308520000.0,1573855000.0,457834000.0,-2311364000.0,34637000.0,2292069000.0,,0.04826497047915359,2620298000.0,2026-09-21,PurchaseOfPropertyPlantAndEquipmentClassifiedAsInvestingActivities,EquityAttributableToOwnersOfParent,Goodwill,IntangibleAssetsOtherThanGoodwill,ProfitLoss,CashFlowsFromUsedInOperatingActivities,ProfitLossFromOperatingActivities,AdjustmentsForSharebasedPayments,390506000.0,,,2240784000.0,2330075000.0,4173433000.0,2855209000.0,602063000.0,,,,,,,,,,,,,,,growth,,,,false
VTEX,1793663,VTEX,"",NYSE,7372,Services-Prepackaged Software,ifrs-full,20-F,USD,1231,2025,2025-12-31,true,false,ni_vs_oi,pass,"","",reported,reported,reported,"",,false,false,false,true,,199223000.0,,fiscal_year,false,1.6675162418790606,32328000.0,15103000.0,0.07161655932844664,,0.10911436324006939,1.105036447978794,0.015354424011608327,0.02196518333423417,true,3.9136595378401644,81.58976602974464,240517000.0,20010000.0,18108000.0,33367000.0,1039000.0,false,true,false,18000.0,,true,false,false,,,0.31832107843137253,false,false,true,,,,false,,0.08319578241870637,false,-0.06993372603108056,17225000.0,233496000.0,26324000.0,7949000.0,15744000.0,,185109.0,false,PASS,false,PASS,false,PASS,false,PASS,false,PASS,false,true,FAIL,false,PASS,false,0,insufficient,false,0.15127255490872904,0.1950521247481738,,,-0.2256325546028999,,,81.58976602974464,,false,2,0.07528781749315017,0.06606469658275568,0.009223120910394483,0.9892318701891337,rising,,,,,false,false,,false,false,false,,,,,,,,,,,,,,,,,,,,,true,3693000.0,59108000.0,3264000.0,,5283000.0,24802000.0,,4732000.0,437405000.0,0.07528781749315017,22481000.0,2026-09-21,PaymentsToAcquirePropertyPlantAndEquipment,StockholdersEquity,Goodwill,FiniteLivedIntangibleAssetsNet,NetIncomeLoss,NetCashProvidedByUsedInOperatingActivities,OperatingIncomeLoss,ShareBasedCompensation,2453000.0,,,,,,,,,,,,,,,,,,,,,,growth,,,,false
KARO,1828102,KAROOOOO LTD.,"",Nasdaq,7372,Services-Prepackaged Software,ifrs-full,20-F,ZAR,228,2025,2025-02-28,true,true,"",pass,sbc,"",reported,reported,reported,"",,true,true,false,false,,2944458000.0,2811478000.0,fiscal_year,false,2.0630395577893736,833291000.0,,,727929000.0,0.2484608086639009,0.7140794295350342,,-0.01149282347143127,true,,,4567459000.0,937110000.0,1312333000.0,1933295000.0,1022371000.0,false,false,false,0.0,77633000.0,false,false,false,,,,false,false,true,,,,false,,0.2051709714307233,false,0.25146796454131043,,3202468000.0,174957000.0,83053000.0,1042882000.0,314953000.0,30894805.0,false,PASS,false,PASS,false,PASS,,NOT_EVALUABLE,,NOT_EVALUABLE,,false,PASS,false,PASS,false,0,insufficient,false,0.18481373820778613,0.1865604603083515,,,,,,,,false,0,0.287322338306704,0.32490049657730885,-0.037578158270604844,1.7266732393047182,rising,,,,,false,false,,false,false,false,,221616000.0,,3116147000.0,996054000.0,39809000.0,,2024-05-31,,,,,,0,,,,,,0,false,,3461000.0,,612422000.0,-52493000.0,-1077335000.0,,,,0.287322338306704,1246921000.0,2026-09-21,PurchaseOfPropertyPlantAndEquipmentClassifiedAsInvestingActivities,EquityAttributableToOwnersOfParent,Goodwill,IntangibleAssetsOtherThanGoodwill,ProfitLoss,CashFlowsFromUsedInOperatingActivities,ProfitLossFromOperatingActivities,,309811000.0,,,,,,,,,,,,,,,,,,,,,,growth,,,,false
STVN,1849853,Stevanato Group S.p.A.,"",NYSE,3841,Surgical & Medical Instruments & Apparatus,ifrs-full,20-F,EUR,1231,2025,2025-12-31,true,true,"",pass,sbc,"",reported,reported,reported,"",,true,false,true,true,,1399634000.0,,fiscal_year,false,2.045876808433037,16042000.0,,,-324543000.0,0.26056814696519415,0.7033717134219647,,0.002761569340173753,false,,,1186282000.0,139831000.0,198801000.0,286077000.0,263756000.0,false,false,false,0.0,6279000.0,false,false,false,,,,false,false,true,,,,false,,0.11787332185770331,false,0.18493505344799946,,1486483000.0,49983000.0,36866000.0,130603000.0,455146000.0,272952877.0,false,PASS,false,PASS,false,PASS,,NOT_EVALUABLE,,NOT_EVALUABLE,,false,PASS,false,PASS,false,0,insufficient,false,0.0644159320761375,0.12372782766301138,,,,,,,,false,0,0.16758325592059897,0.15574507165007395,0.01183818427052502,1.3635950898187297,rising,,,,,false,false,,false,false,false,,,,,,,,,,,,,,,,,,,,,false,,,,14737000.0,3276000.0,-272921000.0,,,,0.16758325592059897,189106000.0,2026-09-21,PurchaseOfPropertyPlantAndEquipmentClassifiedAsInvestingActivities,EquityAttributableToOwnersOfParent,Goodwill,IntangibleAssetsOtherThanGoodwill,ProfitLoss,CashFlowsFromUsedInOperatingActivities,ProfitLossFromOperatingActivities,,49275000.0,,,,,,,,,,,,,,,,,,,,,,growth,,,,false
EFXT,1904856,Enerflex Ltd,"",NYSE,3560,General Industrial Machinery & Equipment,ifrs-full,40-F,USD,1231,2025,2025-12-31,true,true,"",pass,"","",reported,reported,reported,"",,false,false,false,true,,634000000.0,,fiscal_year,false,5.390625,303000000.0,277000000.0,0.010112796577207312,-501000000.0,0.6073619631901841,0.20915032679738563,,0.0,false,0.08303249097472924,2.2544879326213807,2571000000.0,64000000.0,306000000.0,345000000.0,19000000.0,false,true,false,0.0,23000000.0,false,false,false,true,-81000000.0,0.11801242236024845,false,false,true,,,,false,,0.024893037728510307,true,0.051643192488262914,26000000.0,1093000000.0,430000000.0,29000000.0,81000000.0,582000000.0,122866038.0,false,PASS,false,PASS,false,PASS,false,PASS,false,PASS,false,false,PASS,false,PASS,false,0,insufficient,false,0.1308540414441668,,,,-0.20809736900110903,,,2.2544879326213807,,false,3,0.11901983663943991,,,4.344565763052208,rising,,,,,false,false,,false,false,false,,,,,,,,,,,,,,,,,,,,,false,,23000000.0,161000000.0,17000000.0,0.0,-103000000.0,1000000.0,23000000.0,,0.11901983663943991,163000000.0,2026-09-21,PurchaseOfPropertyPlantAndEquipmentClassifiedAsInvestingActivities,EquityAttributableToOwnersOfParent,Goodwill,IntangibleAssetsOtherThanGoodwill,ProfitLoss,CashFlowsFromUsedInOperatingActivities,ProfitLossFromOperatingActivities,AdjustmentsForSharebasedPayments,99000000.0,,,,,,,,,,,,,,,,,,,,,,growth,,,,false
ARIS,1964504,Aris Mining Corp,"",NYSE,1040,Gold and Silver Ores,ifrs-full,40-F,USD,1231,2025,2025-12-31,true,true,"",pass,"","goodwill,intangibles",never_acquired,never_acquired,never_acquired,"",,false,false,false,true,,1446060000.0,,fiscal_year,false,4.699417886752514,126293000.0,84213000.0,0.045361251487607585,-127588000.0,0.6167578504135863,0.2208494380396642,,,false,,0.44655258966856654,927664000.0,79366000.0,359367000.0,372974000.0,243906000.0,false,false,false,0.0,2775000.0,false,false,false,true,-1429000.0,,false,false,true,,,,false,,0.08555468359233516,false,0.24309430523103867,42080000.0,1446060000.0,0.0,0.0,391874000.0,519462000.0,188584731.0,false,PASS,false,PASS,false,PASS,false,PASS,false,PASS,false,false,PASS,false,PASS,,0,insufficient,true,0.3237022142058186,,,,-0.39349276627328483,,,0.44655258966856654,,false,1,0.38738918401490197,,,6.644091811667901,falling,,,,,false,false,,false,false,false,,,,,,,,,,,,,,,,,,,,,false,,,,,,-257226000.0,13065000.0,268862000.0,,0.38738918401490197,207091000.0,2026-09-21,PurchaseOfPropertyPlantAndEquipmentClassifiedAsInvestingActivities,EquityAttributableToOwnersOfParent,,,ProfitLoss,CashFlowsFromUsedInOperatingActivities,ProfitLossFromOperatingActivities,AdjustmentsForSharebasedPayments,127725000.0,,,,,,,,,,,,,,,,,,,,,,growth,,,,false
GFR,1966287,Greenfire Resources Ltd.,"",NYSE,1311,Crude Petroleum & Natural Gas,ifrs-full,40-F,CAD,1231,2025,2025-12-31,true,true,"",pass,ni_vs_oi,"goodwill,intangibles",never_acquired,never_acquired,never_acquired,"",,false,false,false,true,,1166857000.0,,fiscal_year,false,2.8726212529471202,20396000.0,17473000.0,0.005001753950666929,,0.14133362254396906,,,,false,,241.3631152183222,584395000.0,47504000.0,,136461000.0,111766000.0,false,false,false,0.0,4299000.0,false,false,false,,,,false,false,true,,,,false,,0.08128748534809503,false,,2923000.0,1166857000.0,0.0,0.0,41974000.0,,72393.0,false,PASS,false,PASS,false,PASS,false,PASS,false,PASS,false,,NOT_EVALUABLE,false,PASS,,0,3y,true,-0.14916327517711414,,3.567080121055062,,2.5336989463270903,,,241.3631152183222,,false,4,,,,1.1417516742551543,rising,,,,,false,false,,false,false,false,,,,,,,,,,,,,,,,,,,,,false,,,,,,-100223000.0,,,,,55323000.0,2026-09-21,PurchaseOfPropertyPlantAndEquipmentClassifiedAsInvestingActivities,Equity,,,ProfitLoss,CashFlowsFromUsedInOperatingActivities,,AdjustmentsForSharebasedPayments,7819000.0,,,,,,,,,,,,,,,,,,,,,,growth,,,,false
AS,1988894,"Amer Sports, Inc.","",NYSE,2300,Apparel & Other Finishd Prods of  Fabrics & Similar Matl,ifrs-full,6-K,USD,1231,2025,2025-12-31,true,true,"",pass,"","",reported,reported,reported,"",,false,false,false,true,,681700000.0,578100000.0,fiscal_year,false,1.6571298819255222,334600000.0,297400000.0,0.005665377234930401,-282800000.0,0.29479583666933545,0.627529210601311,0.006914196948006457,0.0612987725015991,true,,0.5352706902216919,6566200000.0,440400000.0,701800000.0,729800000.0,216500000.0,false,false,false,0.0,178700000.0,false,false,false,true,-9000000.0,0.5635085892764186,false,false,false,"",2024-10-01,2025-09-30,true,,0.06707075629740185,false,0.06874375056813017,37200000.0,5802000000.0,2338300000.0,2782000000.0,652300000.0,935100000.0,555606734.0,false,PASS,false,PASS,false,PASS,false,PASS,false,PASS,false,false,PASS,false,PASS,true,2,insufficient,false,0.22508619109443506,,,,-0.6320511794816609,,,0.5352706902216919,,false,2,0.10688069202887515,,,2.0403855281868664,rising,6100600000.0,324000000.0,511200000.0,213900000.0,false,false,29800000.0,false,false,false,267500000.0,2315100000.0,2753500000.0,5646700000.0,353300000.0,1145300000.0,555203601.0,2025-09-30,,,0.23457159976033554,0.297311271975181,,1,,,,,,0,true,45400000.0,,384200000.0,,402500000.0,-338100000.0,0.0,329100000.0,,0.10688069202887515,624500000.0,2026-09-21,PurchaseOfPropertyPlantAndEquipmentClassifiedAsInvestingActivities,EquityAttributableToOwnersOfParent,Goodwill,IntangibleAssetsOtherThanGoodwill,ProfitLoss,CashFlowsFromUsedInOperatingActivities,ProfitLossFromOperatingActivities,AdjustmentsForSharebasedPayments,184100000.0,40600000.0,,355200000.0,,667400000.0,488000000.0,164000000.0,,,,,,,,,,,,,,,growth,,,,false
AAUC,1993344,ALLIED GOLD CORPORATION,"",NYSE,1040,Gold and Silver Ores,ifrs-full,40-F,USD,1231,2025,2025-12-31,true,true,"",pass,ni_vs_oi,"goodwill,intangibles",never_acquired,never_acquired,never_acquired,"",,false,false,false,true,,407609000.0,,fiscal_year,false,155.4215300876928,105843000.0,45605000.0,0.04522970002042312,325465000.0,0.9860671657826107,,,,false,,0.3949492430683658,1331824000.0,3307000.0,,513979000.0,408136000.0,false,false,false,0.0,,true,false,false,true,-9387000.0,5.639262718655871,false,false,true,,,,false,,0.0024830608248537344,true,,60238000.0,407609000.0,0.0,0.0,479777000.0,154312000.0,115470534.0,false,PASS,false,PASS,false,PASS,false,PASS,false,PASS,false,,NOT_EVALUABLE,false,PASS,,0,insufficient,true,,,,,,,,0.3949492430683658,,false,1,,,,77.24730593434501,,,,,,false,false,,false,false,false,,,,,,,,,,,,,,,,,,,,,false,,,72374000.0,2408000.0,,-432067000.0,-14544000.0,408136000.0,,,237353000.0,2026-09-21,PurchaseOfPropertyPlantAndEquipmentClassifiedAsInvestingActivities,EquityAttributableToOwnersOfParent,,,ProfitLoss,CashFlowsFromUsedInOperatingActivities,,AdjustmentsForSharebasedPayments,234046000.0,,,,,,,,,,,,,,,,,,,,,,growth,,,,false
OMSE,2012219,OMS Energy Technologies Inc.,"",Nasdaq,3533,Oil & Gas Field Machinery & Equipment,ifrs-full,20-F,USD,331,2025,2025-03-31,true,true,"",pass,sbc,"goodwill,intangibles",never_acquired,never_acquired,never_acquired,"",,true,true,false,false,,128889000.0,,fiscal_year,false,0.8621665921621219,36337000.0,,,,0.21921018515440616,0.7847156101227762,,,false,,,203607000.0,46977000.0,59865000.0,40502000.0,2863000.0,false,false,false,0.0,1302000.0,false,false,false,false,1000.0,0.7895752895752896,false,false,true,,,,false,,0.23072389456158188,false,0.2041718823746691,,128889000.0,0.0,0.0,72950000.0,,37822500.0,false,PASS,false,PASS,false,PASS,,NOT_EVALUABLE,,NOT_EVALUABLE,,false,PASS,false,PASS,,0,insufficient,true,,,,,,,,,,false,0,0.29402230768097365,,,1.5995746823312622,falling,,,,,false,false,,false,false,false,,,,,,,36900000.0,,,,,,,,,,,,,,false,,,3626000.0,,,-2862000.0,0.0,2863000.0,,0.29402230768097365,60166000.0,2026-09-21,PurchaseOfPropertyPlantAndEquipmentClassifiedAsInvestingActivities,EquityAttributableToOwnersOfParent,,,ProfitLoss,CashFlowsFromUsedInOperatingActivities,ProfitLossFromOperatingActivities,,13189000.0,,,,,,,,,,,,,,,,,,,,,,growth,,,,false
TTAM,2035304,TITAN AMERICA SA,"",NYSE,1400,Mining & Quarrying of  Nonmetallic Minerals (No Fuels),ifrs-full,20-F,USD,1231,2025,2025-12-31,true,true,"",pass,sbc,"",reported,reported,reported,"",,true,true,false,false,,783484000.0,,fiscal_year,false,1.5930521627057954,124796000.0,,,-178688000.0,0.2426176881417404,0.6916501001450892,,-0.0006892250154429668,false,,,1664188000.0,185439000.0,268111000.0,295414000.0,160545000.0,false,false,false,0.0,10073000.0,false,false,false,true,5368000.0,1.4767375547297545,false,false,true,,,,false,,0.11142911738337255,false,0.14176668649994564,,1034066000.0,221562000.0,29020000.0,211750000.0,390438000.0,183351506.0,false,PASS,false,PASS,false,PASS,,NOT_EVALUABLE,,NOT_EVALUABLE,,false,PASS,false,PASS,false,0,insufficient,true,0.06851472319050544,,,,0.23727996752326674,,,,,false,0,0.16110619713638122,,,1.516534890281772,rising,,,,,false,false,,false,false,false,,,,,,,,,,,,,,,,,,,,,false,,,108716000.0,0.0,-1147000.0,-152176000.0,6838000.0,164382000.0,,0.16110619713638122,244842000.0,2026-09-21,PurchaseOfPropertyPlantAndEquipmentClassifiedAsInvestingActivities,Equity,Goodwill,IntangibleAssetsOtherThanGoodwill,ProfitLoss,CashFlowsFromUsedInOperatingActivities,ProfitLossFromOperatingActivities,,59403000.0,,,,,,,,,,,,,,,,,,,,,,growth,,,,false
KYIV,2062440,Kyivstar Group Ltd.,"",Nasdaq,4812,Radiotelephone Communications,ifrs-full,20-F,USD,1231,2025,2025-12-31,true,true,"",pass,sbc,"",reported,reported,reported,"",,true,true,false,false,,808000000.0,761000000.0,fiscal_year,false,4.5,274000000.0,,,,0.37373737373737376,0.45255474452554745,0.13569576490924806,0.1676750216076059,true,,,1157000000.0,124000000.0,274000000.0,558000000.0,247000000.0,false,false,false,0.0,37000000.0,false,false,false,true,-24000000.0,1.7642857142857142,false,false,false,"",2024-10-01,2025-09-30,true,,0.10717372515125324,false,0.39672131147540984,,1299000000.0,128000000.0,363000000.0,455000000.0,,216117656.0,false,PASS,false,PASS,false,PASS,,NOT_EVALUABLE,,NOT_EVALUABLE,,false,PASS,false,PASS,true,0,insufficient,true,,,,,,,,,,false,0,0.23681936041486604,,,2.4963951728849936,rising,1086000000.0,127000000.0,512000000.0,209000000.0,false,false,,true,false,false,303000000.0,124000000.0,351000000.0,1236000000.0,472000000.0,275000000.0,211075863.0,2025-09-30,,,,,,0,,,,,,0,false,157000000.0,,140000000.0,,194000000.0,-150000000.0,364000000.0,490000000.0,,0.23681936041486604,198000000.0,2026-09-21,PurchaseOfPropertyPlantAndEquipmentClassifiedAsInvestingActivities,EquityAttributableToOwnersOfParent,Goodwill,IntangibleAssetsOtherThanGoodwill,ProfitLoss,CashFlowsFromUsedInOperatingActivities,ProfitLossFromOperatingActivities,,74000000.0,151000000.0,,147000000.0,,260000000.0,198000000.0,71000000.0,,,,,,,,,,,,,,,growth,,,,true
BGSI,2091467,Boyd Group Services Inc.,"",NYSE,7500,"Services-Automotive Repair, Services & Parking",ifrs-full,40-F,USD,1231,2025,2025-12-31,true,true,"",pass,ni_vs_oi,"",reported,reported,reported,"",,false,false,false,true,,660754000.0,,fiscal_year,false,19.163355048859934,298683000.0,294364000.0,0.00137425488275719,721331000.0,0.3587244116418326,,,0.024818680448034456,false,,13.105374038569416,3142794000.0,18420000.0,,352989000.0,54306000.0,false,false,false,0.0,,true,false,false,true,-164480000.0,,false,false,true,,,,false,,0.0058610268442665986,true,,4319000.0,1719561000.0,702460000.0,356347000.0,1228614000.0,507283000.0,22461320.0,false,PASS,false,PASS,false,PASS,false,PASS,false,PASS,false,,NOT_EVALUABLE,false,PASS,false,1,insufficient,true,,,,,,,,13.105374038569416,,false,2,,,,15.964602068106629,,,,,,false,false,,false,false,false,,,,,,,,,,,,,,,,,,,,,false,,,,9366000.0,78000000.0,-227019000.0,,62539000.0,,,28724000.0,2026-09-21,PurchaseOfPropertyPlantAndEquipmentClassifiedAsInvestingActivities,Equity,Goodwill,IntangibleAssetsOtherThanGoodwill,ProfitLoss,CashFlowsFromUsedInOperatingActivities,,AdjustmentsForSharebasedPayments,10304000.0,,,,,,,,,,,,,,,,,,,,,,growth,,,,false
GLOB,1557860,Globant S.A.,"",NYSE,7374,Services-Computer Processing & Data Preparation,ifrs-full,20-F,USD,1231,2025,2025-12-31,true,true,"",pass,"","",reported,reported,reported,"",,false,false,false,true,,146127000.0,,fiscal_year,false,2.89714879372042,253364000.0,177685000.0,0.03082802111877703,-122964000.0,0.2528944626109454,0.6053385507651456,0.01341452137927888,0.035035156547558184,true,,4.017477615989871,2454877000.0,103956000.0,171732000.0,301176000.0,19223000.0,false,false,false,0.0,28589000.0,false,false,false,,,,false,false,true,,,,false,,0.04234672449984256,false,0.0949273809972523,75679000.0,2093601000.0,1601523000.0,345951000.0,243742000.0,366706000.0,44228000.0,false,PASS,false,PASS,false,PASS,false,PASS,false,PASS,false,false,PASS,false,PASS,true,0,5y,false,0.11305549164471351,0.24699937414477446,0.4134991404511148,0.44083429563154475,1.4225476400581936,0.6469687134882514,0.7829497622041218,4.017477615989871,3.234527853785749,false,7,0.06995543972264191,0.10310524369917176,-0.03314980397652985,2.1261312600530045,rising,,,,,false,false,,false,false,false,,,,,,,,,,,,,,,,,,,,,true,32931000.0,,,,86007000.0,-134510000.0,247104000.0,383187000.0,0.0,0.06995543972264191,139145000.0,2026-09-21,PurchaseOfPropertyPlantAndEquipmentClassifiedAsInvestingActivities,EquityAttributableToOwnersOfParent,Goodwill,IntangibleAssetsOtherThanGoodwill,ProfitLoss,CashFlowsFromUsedInOperatingActivities,ProfitLossFromOperatingActivities,AdjustmentsForSharebasedPayments,35189000.0,,,,,,,,,,,,,,,,,,,,,,margin_expansion,,,,false
DLO,1846832,DLocal Limited,"",Nasdaq,7389,"Services-Business Services, NEC",ifrs-full,20-F,USD,1231,2025,2025-12-31,true,true,"",pass,"",goodwill,never_acquired,never_acquired,reported,"",,false,false,false,true,,495296000.0,432777000.0,fiscal_year,false,2.109968410681456,412574000.0,388438000.0,0.02207048913346629,633184000.0,0.13886483507832795,0.8953550235318191,,,false,,1.3349796884530272,1093587000.0,196902000.0,219915000.0,415457000.0,2282000.0,false,true,false,0.0,601000.0,false,false,false,true,15844000.0,,false,false,false,"",2024-10-01,2025-09-30,true,1623000.0,0.18005151853487653,false,0.27624621166108765,24136000.0,569261000.0,0.0,73965000.0,719897000.0,86713000.0,290969221.0,false,PASS,false,PASS,false,PASS,false,PASS,false,PASS,false,false,PASS,false,PASS,,0,5y,false,0.37691042101675043,0.6004593609916231,0.39815371381994336,0.3492671379676784,0.48843850822218576,0.2985279116002353,0.09523754430221007,1.3349796884530272,1.2397421441508172,false,1,0.20109511177437187,0.297139510096694,-0.09604439832232212,1.268726379649574,rising,960191000.0,170966000.0,173913000.0,2107000.0,false,false,24110000.0,false,false,false,146073000.0,,71754000.0,504531000.0,604467000.0,63079000.0,289680047.0,2025-09-30,,,,,,0,,,,,,0,false,,,,149982000.0,,5312000.0,26253000.0,36785000.0,,0.20109511177437187,228654000.0,2026-09-21,PurchaseOfPropertyPlantAndEquipmentClassifiedAsInvestingActivities,EquityAttributableToOwnersOfParent,,IntangibleAssetsOtherThanGoodwill,ProfitLoss,CashFlowsFromUsedInOperatingActivities,ProfitLossFromOperatingActivities,AdjustmentsForSharebasedPayments,31752000.0,,,,,199467000.0,204894000.0,33928000.0,,,,,,,,,,,,,,,margin_expansion,,,,false
PERF,1899830,Perfect Corp.,"",NYSE,7372,Services-Prepackaged Software,ifrs-full,20-F,USD,1231,2025,2025-12-31,true,false,ni_vs_oi,pass,"","",reported,reported,reported,"",,false,false,false,true,,145900000.0,147795000.0,fiscal_year,false,2.8656041352573767,12318000.0,10908000.0,0.020389276108395755,,0.19069199930277148,-2.6869212962962963,0.0864881279463227,,false,,0.10709972606505709,69154000.0,4643000.0,-1728000.0,13305000.0,425000.0,false,false,false,0.0,562000.0,false,false,false,true,-39000.0,,false,false,false,"",2024-07-01,2025-06-30,true,589000.0,0.06714000636261098,false,-0.10578450612092327,1410000.0,153095000.0,2774000.0,4421000.0,125976000.0,,101849000.0,false,PASS,false,PASS,false,PASS,false,PASS,false,PASS,false,true,FAIL,false,PASS,,0,5y,false,0.13497262920110908,0.18279013414472023,,0.347364396546632,-0.08929276965626234,0.02411920697057709,,0.10709972606505709,,false,3,-0.024987708592416925,-0.09510260101094634,0.07011489241852942,2.6541145153758623,rising,64369000.0,6127000.0,15472000.0,298000.0,false,false,2237000.0,false,false,false,12348000.0,,57000.0,150626000.0,125337000.0,,101849000.0,2025-06-30,,,,,,0,,,,,,0,false,5981000.0,,,,,-14063000.0,81243000.0,95267000.0,,-0.024987708592416925,5737000.0,2026-09-21,PurchaseOfPropertyPlantAndEquipmentClassifiedAsInvestingActivities,Equity,Goodwill,IntangibleAssetsOtherThanGoodwill,ProfitLoss,CashFlowsFromUsedInOperatingActivities,ProfitLossFromOperatingActivities,AdjustmentsForSharebasedPayments,1094000.0,5981000.0,,,,-2182000.0,6348000.0,221000.0,,,,,,,,,,,,,,,margin_expansion,,,,false
ERO,1853860,ERO COPPER CORP,"",NYSE,1000,Metal Mining,ifrs-full,40-F,USD,1231,2025,2025-12-31,true,true,"",pass,"","goodwill,intangibles",never_acquired,never_acquired,never_acquired,"",,false,false,false,true,,935533000.0,,fiscal_year,false,1.4804313128966753,114410000.0,89830000.0,0.03127847257216445,-445961000.0,0.19353025779861976,0.9863561445391319,,,false,,0.8663885363033579,785844000.0,266906000.0,270598000.0,395136000.0,262753000.0,false,false,false,0.0,17973000.0,false,false,false,true,-15836000.0,2.2708479175849345,false,false,true,,,,false,,0.3396424735698179,false,0.22269579863385422,24580000.0,935533000.0,0.0,0.0,105442000.0,551403000.0,103683274.0,false,PASS,false,PASS,false,PASS,false,PASS,false,PASS,false,false,PASS,false,PASS,,0,5y,false,0.2260525867020804,0.19381737218448958,,0.1864489360556063,-1.704440222855124,0.36852541264014727,,0.8663885363033579,,false,1,0.34434060704160113,0.46639059973586444,-0.12204999269426331,0.3549314573113378,falling,,,,,false,false,,false,false,false,,,,,,,,,,,,,,,,,,,,,false,,,115707000.0,,,-278589000.0,,262753000.0,,0.34434060704160113,330956000.0,2026-09-21,PurchaseOfPropertyPlantAndEquipmentClassifiedAsInvestingActivities,EquityAttributableToOwnersOfParent,,,ProfitLoss,CashFlowsFromUsedInOperatingActivities,ProfitLossFromOperatingActivities,AdjustmentsForSharebasedPayments,64050000.0,,,,,,,,,,,,,,,,,,,,,,margin_expansion,,,,false
ZIM,1654126,ZIM INTEGRATED SHIPPING SERVICES LTD.,"",NYSE,4412,Deep Sea Foreign Transportation of  Freight,ifrs-full,20-F,USD,1231,2025,2025-12-31,true,true,"",pass,"","goodwill,intangibles",never_acquired,never_acquired,never_acquired,"",,false,false,false,true,,4020900000.0,,fiscal_year,false,4.775700934579439,2081800000.0,2081600000.0,0.000028967874627038616,961600000.0,0.26879271070615035,0.47391732283464566,,,false,,17.281333003126157,6904200000.0,481500000.0,1016000000.0,2299500000.0,217700000.0,false,true,false,0.0,,true,false,false,true,-133300000.0,0.16927144078998524,false,false,true,,,,false,,0.06974015816459546,false,-0.48642051838363487,200000.0,4020900000.0,0.0,0.0,1051700000.0,90100000.0,120453671.0,false,PASS,false,PASS,false,PASS,false,PASS,false,PASS,false,false,PASS,false,PASS,,0,5y,false,-0.18086377095318473,0.11581217000863853,-0.2886979474778749,0.1558676633699645,48.019214685152264,8.376,3.53773,17.281333003126157,13.743603003126157,false,7,0.14715680310535617,0.18087531628128367,-0.0337185131759275,2.046194955900271,rising,,,,,false,false,,false,false,false,,,,,,,,,,,,,,,,,,,,,false,,,1286100000.0,515600000.0,,-133300000.0,,,,0.14715680310535617,658500000.0,2026-09-21,PurchaseOfPropertyPlantAndEquipmentIntangibleAssetsOtherThanGoodwillInvestmentPropertyAndOtherNoncurrentAssets,EquityAttributableToOwnersOfParent,,,ProfitLoss,CashFlowsFromUsedInOperatingActivities,ProfitLossFromOperatingActivities,AdjustmentsForSharebasedPayments,177000000.0,,,,,,,,,,,,,,,,,,,,,,margin_expansion,,,,false
TRI,1075124,THOMSON REUTERS CORPORATION,"",Nasdaq,2741,Miscellaneous Publishing,ifrs-full,6-K,USD,1231,2025,2025-12-31,true,true,"",pass,tax_anomaly,"",reported,reported,reported,"",,false,false,false,true,,903000000.0,1679000000.0,fiscal_year,false,1.7649800266311584,1953000000.0,1842000000.0,0.014847512038523275,-1612000000.0,,0.7045028142589118,0.11276083467094702,0.08226324237560192,true,,4.10379586970769,7476000000.0,1502000000.0,2132000000.0,2651000000.0,634000000.0,false,false,false,,64000000.0,false,false,false,,,5.711711711711712,false,false,false,"",2024-07-01,2025-06-30,true,65000000.0,0.2009095773140717,false,0.34324403885781574,111000000.0,11914000000.0,7909000000.0,3102000000.0,511000000.0,2123000000.0,448852735.0,false,PASS,false,PASS,false,PASS,false,PASS,false,PASS,false,false,PASS,,NOT_EVALUABLE,true,0,5y,false,0.04100010673329524,0.045527695554845815,0.1926296753631409,0.1307259193832011,2.419184080131151,2.2202353466391194,0.17985770629509545,4.10379586970769,3.9239381634125943,false,7,0.28517924023542,0.3223596256684492,-0.037180385433029206,1.2489672022985578,rising,7318000000.0,1635000000.0,2511000000.0,624000000.0,false,false,102000000.0,false,false,false,1720000000.0,7835000000.0,,12616000000.0,664000000.0,1869000000.0,450349667.0,2025-06-30,0.05352480417754569,0.020446096654275093,0.056466302367941715,0.02586206896551724,-0.004696799992241872,0,-0.1518624641833811,0.918918918918919,-0.02640845070422535,0.054249547920433995,-0.032699133331169916,1,true,843000000.0,,111000000.0,,615000000.0,-1284000000.0,255000000.0,1539000000.0,0.0,0.28517924023542,,2026-09-21,PurchaseOfPropertyPlantAndEquipmentClassifiedAsInvestingActivities,Equity,Goodwill,IntangibleAssetsOtherThanGoodwill,ProfitLoss,CashFlowsFromUsedInOperatingActivities,ProfitLossFromOperatingActivities,ExpenseFromSharebasedPaymentTransactionsWithEmployees,423000000.0,785000000.0,,111000000.0,,2136000000.0,,356000000.0,,,,,,,,,,,,,,,margin_expansion,,,,false
ABEV,1565025,AMBEV S.A.,"",NYSE,2080,Beverages,ifrs-full,20-F,BRL,1231,2025,2025-12-31,true,true,"",pass,tax_anomaly,"",reported,reported,reported,"",,false,false,false,true,,35333000000.0,,fiscal_year,false,1.5292587125666108,19859900000.0,19405700000.0,0.005147179646995495,15251300000.0,,0.6856765461430587,0.0010380485593676516,-0.048642094228971304,true,,1.2425612293901072,88242500000.0,15988400000.0,23317700000.0,24450400000.0,4590500000.0,false,false,false,,,true,false,false,,,0.7789221841381885,false,false,true,,,,false,,0.18118706972263932,false,0.23616418496329805,454200000.0,87914100000.0,41538400000.0,11042700000.0,18638200000.0,3386900000.0,15617500000.0,false,PASS,false,PASS,false,PASS,false,PASS,false,PASS,false,false,PASS,,NOT_EVALUABLE,true,0,5y,false,0.03448415778904379,0.08613605449630923,0.1523973165671919,0.07756597599012438,0.811915969482718,0.855260565304994,0.799173422349388,1.2425612293901072,0.4433878070407191,false,7,0.26424568660226083,0.27359495709073467,-0.009349270488473838,1.646302669499276,falling,,,,,false,false,,false,false,false,,,,,,,,,,,,,,,,,,,,,true,91600000.0,,5893400000.0,,-4292300000.0,-4950100000.0,,,,0.26424568660226083,19421700000.0,2026-09-21,PurchaseOfPropertyPlantAndEquipmentClassifiedAsInvestingActivities,EquityAttributableToOwnersOfParent,Goodwill,IntangibleAssetsOtherThanGoodwill,ProfitLoss,CashFlowsFromUsedInOperatingActivities,ProfitLossFromOperatingActivities,AdjustmentsForSharebasedPayments,,,,,,,,,,,,,,,,,,,,,,,margin_expansion,,,,false
FRO,913290,Frontline plc,"",NYSE,4412,Deep Sea Foreign Transportation of  Freight,ifrs-full,6-K,USD,1231,2025,2025-12-31,true,false,tax_anomaly,pass,"",intangibles,never_acquired,reported,never_acquired,"",,false,false,false,true,,2398898000.0,2254240000.0,fiscal_year,false,1.800301254876926,669517000.0,663957000.0,0.0028206555183132075,-2816398000.0,0.0156348188272198,0.6331185532574422,,,false,,2.9824276916580947,1971173000.0,379081000.0,598752000.0,682460000.0,12531000.0,false,true,false,0.0,412000.0,false,false,false,false,0.0,0.03815076417219753,false,false,false,"",2024-07-01,2025-06-30,true,745000.0,0.1923123947010232,false,0.4088488849366795,5560000.0,2511350000.0,112452000.0,0.0,251347000.0,3067745000.0,222623000.0,false,PASS,false,PASS,false,PASS,false,PASS,false,PASS,false,false,PASS,true,FAIL,,0,3y,false,0.1107858046184036,0.356966023210318,1.463503439051268,,0.1994850731971721,,,2.9824276916580947,,false,1,0.30375416059371757,1.1852461312233038,-0.8814919706295863,1.5301943161555063,rising,1841889000.0,238020000.0,623876000.0,9157000.0,false,false,,false,true,false,,112452000.0,,2366692000.0,476717000.0,3586935000.0,222623000.0,2025-06-30,,,,,,0,,,,,,0,false,,,328460000.0,207039000.0,,24979000.0,37510000.0,12531000.0,,0.30375416059371757,385102000.0,2026-09-21,PurchaseOfPropertyPlantAndEquipmentClassifiedAsInvestingActivities,EquityAttributableToOwnersOfParent,Goodwill,,ProfitLoss,CashFlowsFromUsedInOperatingActivities,ProfitLossFromOperatingActivities,AdjustmentsForSharebasedPayments,6021000.0,,,330735000.0,298316000.0,499572000.0,246125000.0,8105000.0,,,,,,,,,,,,,,,margin_expansion,,,,false
GOOS,1690511,CANADA GOOSE HOLDINGS INC.,"",NYSE,2300,Apparel & Other Finishd Prods of  Fabrics & Similar Matl,ifrs-full,20-F,CAD,331,2025,2025-03-30,true,true,"",pass,"","",reported,reported,reported,"",,false,false,false,true,,337300000.0,,fiscal_year,false,2.8223938223938223,189000000.0,173800000.0,0.011272619400771285,,0.1912568306010929,0.6313223644119439,,-0.0014832393948383269,false,,1.796543830066883,1348400000.0,103600000.0,164100000.0,292400000.0,17700000.0,false,true,false,0.0,85700000.0,false,true,false,,,0.135424636572303,false,false,true,,,,false,,0.07683180065262533,false,0.12128184059161873,15200000.0,541200000.0,72000000.0,131900000.0,334400000.0,,96741308.0,false,PASS,false,PASS,false,PASS,false,PASS,false,PASS,false,false,PASS,false,PASS,false,0,3y,false,0.07074504471113863,0.07073396866606396,0.5127681696359465,,0.5189442251489569,-0.24569570472312047,0.3591580655011826,1.796543830066883,1.4373857645657004,false,2,0.12169979234648472,0.1952823296106878,-0.0735825372642031,2.4477979499575317,rising,,,,,false,false,,false,false,false,,,,,,,,,,,,,,,,,,,,,false,,,130700000.0,,-2000000.0,-18400000.0,,,,0.12169979234648472,128100000.0,2026-09-21,PurchaseOfPropertyPlantAndEquipmentClassifiedAsInvestingActivities,EquityAttributableToOwnersOfParent,Goodwill,IntangibleAssetsOtherThanGoodwill,ProfitLoss,CashFlowsFromUsedInOperatingActivities,ProfitLossFromOperatingActivities,AdjustmentsForSharebasedPayments,24500000.0,,,,,,,,,,,,,,,,,,,,,,margin_expansion,,,,false
SGHC,1878057,Super Group (SGHC) Limited,"",NYSE,7990,Services-Miscellaneous Amusement & Recreation,ifrs-full,20-F,EUR,1231,2024,2024-12-31,true,true,"",pass,ni_vs_oi,"",reported,reported,reported,"",,false,false,false,true,,309000000.0,418000000.0,latest_q,false,2.497538420890396,263465000.0,263465000.0,0.0,355964000.0,0.39859002743673133,,0.0,-0.009611905325973832,true,,0.525036409984188,1696854000.0,113545000.0,,283583000.0,12167000.0,false,false,false,0.0,7951000.0,false,false,false,,,,false,false,false,"",2024-07-01,2025-06-30,false,,0.06691500859826478,false,0.16754939212666672,0.0,581000000.0,95000000.0,177000000.0,356000000.0,36000.0,501803294.0,false,PASS,false,PASS,false,PASS,false,PASS,false,PASS,false,,NOT_EVALUABLE,false,PASS,false,1,3y,false,0.08713806744610375,0.2894372315934868,0.06837134908458342,,0.4305491370415964,,,0.525036409984188,,false,5,,-0.1163158558104361,,-4.007973807741931,rising,1934854000.0,125745000.0,311583000.0,19167000.0,false,false,2000000.0,false,false,false,290416000.0,85000000.0,162000000.0,665000000.0,393000000.0,,504911305.0,2025-06-30,,,,,,0,,,,,,0,true,0.0,,,118201000.0,-16310000.0,-105786000.0,,,,,188798000.0,2026-09-21,PurchaseOfPropertyPlantAndEquipmentClassifiedAsInvestingActivities,EquityAttributableToOwnersOfParent,Goodwill,IntangibleAssetsOtherThanGoodwill,ProfitLoss,CashFlowsFromUsedInOperatingActivities,,ExpenseFromSharebasedPaymentTransactionsWithEmployees,75253000.0,,,,108201000.0,,241798000.0,116253000.0,,,,,,,,,,,,,,,margin_expansion,,,,false
MNSO,1815846,MINISO Group Holding Limited,"",NYSE,5331,Retail-Variety Stores,ifrs-full,20-F,CNY,1231,2024,2024-12-31,true,true,"",pass,"","",reported,reported,reported,"",,false,false,false,true,,10284754000.0,6729576000.0,fiscal_year,false,0.8227635131750896,680721000.0,595537000.0,0.0050125853057177445,5756856000.0,0.212725076265141,0.7948117325921523,,-0.0009489217533809678,true,0.5544928358775357,0.48050650045650567,16994025000.0,2635428000.0,3315789000.0,2168334000.0,762538000.0,false,false,false,0.0,725075000.0,false,true,false,,,0.9429252597397779,false,false,true,acquisitions,,,false,,0.15507968241779096,false,0.08745366807827637,85184000.0,10314974000.0,21418000.0,8802000.0,6328121000.0,571265000.0,1239394263.0,false,PASS,false,PASS,false,PASS,false,PASS,false,PASS,false,false,PASS,false,PASS,false,1,3y,false,0.23273533661878631,0.12585047789494253,0.30465719232276167,,0.21637646879642558,,,0.48050650045650567,,false,4,0.19511498894464377,0.1082162460080782,0.08689874293656556,1.3186472498409854,falling,,,,,false,false,,false,false,false,,18890000.0,47958000.0,6796424000.0,5269882000.0,6336000.0,1244926865.0,2022-03-31,,,,,,0,,,,,,0,false,,330221000.0,808694000.0,1244251000.0,-16126000.0,-533254000.0,,,,0.19511498894464377,3347532000.0,2026-09-21,PurchaseOfPropertyPlantAndEquipmentIntangibleAssetsOtherThanGoodwillInvestmentPropertyAndOtherNoncurrentAssets,EquityAttributableToOwnersOfParent,Goodwill,IntangibleAssetsOtherThanGoodwill,ProfitLoss,CashFlowsFromUsedInOperatingActivities,ProfitLossFromOperatingActivities,AdjustmentsForSharebasedPayments,712104000.0,,,,,,,,,,,,,,,,,,,,,,quality,,,,false
